method,smiles,experimental_pKD,predicted_affinity,n_structures_with_reference,n_structures_with_prediction,fragalysis_codes
aev_plig,C#C[C@H](NCCc1cocn1)c1nn(C)c2ccccc12 |&1:2|,4.716801953096995,5.7367907,1,1,A71EV2A-x4426a
aev_plig,"C#C[C@H]1CCCC[C@@H]1OC(=O)N1CCC[C@H](C(N)=O)C1 |o1:2,7|",4.011869615687259,5.6162424,1,1,A71EV2A-x5747a
aev_plig,C#Cc1ccc(C)c(OC(=O)N2CCC[C@H](C(N)=O)C2)c1 |a:15|,3.8964015060220634,6.1770124,1,1,A71EV2A-x5466a
aev_plig,C=C(C)c1cccc(SC)c1CC(=O)N1CCC[C@H](C(N)=O)C1 |a:18|,5.435913722030655,5.924678,1,1,A71EV2A-x6027a
aev_plig,C=CS(=O)(=O)N1CCC[C@H](C(N)=O)C1 |&1:9|,5.1938200260161125,5.3052654,1,1,A71EV2A-x3408a
aev_plig,C=Cc1cccc(CC(=O)N2CCC[C@H](C(N)=O)C2)n1 |a:14|,5.099072631333438,5.809548,2,2,A71EV2A-x5015a; A71EV2A-x5015b
aev_plig,C=Cc1ccccc1CS(=O)(=O)N1CCC[C@H](C(N)=O)C1 |a:16|,4.5951662833800615,6.002391,1,1,A71EV2A-x5359a
aev_plig,CC(=O)Nc1cccc(NC(N)=O)c1,4.943095148663527,4.7610545,1,1,A71EV2A-x2454a
aev_plig,CC(=O)Nc1ccccc1CC(=O)N1CCC[C@H](C(N)=O)C1 |a:17|,4.265200170411153,5.7423506,1,1,A71EV2A-x4322a
aev_plig,CC(C)(C)c1ccccc1NC(=O)N1CCC[C@H](C(N)=O)C1 |a:17|,4.916961547867879,6.0043707,1,1,A71EV2A-x4311a
aev_plig,CC(C)Oc1ccccc1NC(=O)N1CCC[C@H](C(N)=O)C1 |a:17|,4.877787213913532,5.705748,1,1,A71EV2A-x4305a
aev_plig,"CC(C)[C@H](c1cc(Cl)cc(Br)c1)N1C[C@H](C(N)=O)CCC1=O |&1:3,&2:14|",4.564352412519983,6.094613,1,1,A71EV2A-x5868a
aev_plig,CCC(=O)N[C@H](C(=O)N1CC[C@H](C(N)=O)C1)c1ccccc1SC |&1:5|,4.556507378095548,5.834754,1,1,A71EV2A-x6853a
aev_plig,CCC1(CC)CCN(c2ncnc(SC)c2CC(=O)N2CCC[C@H](C(N)=O)C2)C1 |a:23|,6.266038858073333,5.7781563,1,1,A71EV2A-x6738a
aev_plig,CCC1(CC)CN(c2ncnc(SC)c2CC(=O)N2CCC[C@H](C(N)=O)C2)CCS1(=O)=O |a:22|,6.0703717346625785,5.781706,1,1,A71EV2A-x7169a
aev_plig,CCCSc1cccc(OC)c1NC(=O)N1CCC[C@H](C(N)=O)C1 |a:19|,3.79526753551538,5.7429928,2,2,A71EV2A-x5288a; A71EV2A-x5288b
aev_plig,CCN(CC1CC1)C(=O)c1cccc(CC(=O)N2CCC[C@H](C(N)=O)C2)c1 |a:21|,4.908336601699183,6.0130854,1,1,A71EV2A-x3944a
aev_plig,CCN(c1ncnc(SC)c1CC(=O)N1CCC[C@H](C(N)=O)C1)C(C)C |a:18|,5.941351132986486,5.7585983,1,1,A71EV2A-x7432a
aev_plig,CCOC(=O)N[C@H](C(=O)N1CC[C@H](C(N)=O)C1)c1ccccc1SC |o1:6|,4.606251898190906,5.8781786,1,1,A71EV2A-x6844a
aev_plig,"CCS(=O)(=O)N1CCN(c2ncnc(SC)c2CC(=O)N2CCC[C@H](C(N)=O)C2)[C@H](C)C1 |a:24,29|",5.887521899626527,5.8148518,1,1,A71EV2A-x7446a
aev_plig,CCS(=O)(=O)c1ccc(OC)c(NC(=O)N2CCC[C@H](C(N)=O)C2)c1 |a:19|,4.09366495819491,5.91311,2,2,A71EV2A-x4309a; A71EV2A-x4309b
aev_plig,"CC[C@@H]1CCCN1c1ncnc(SC)c1CC(=O)N1CCC[C@H](C(N)=O)C1 |a:2,22|",5.359471394334077,5.8753703,2,2,A71EV2A-x7510a; A71EV2A-x7510b
aev_plig,"CC[C@@H]1CS[C@H](C(N)=O)CN1C(=O)Oc1cc(Br)ccc1SC |o1:2,5|",4.170150986564742,5.989497,1,1,A71EV2A-x7321a
aev_plig,"CC[C@H](c1cc(F)cc(Br)c1)N1C[C@H](C(N)=O)CCC1=O |&1:2,&2:13|",4.7121982700697735,6.118306,1,1,A71EV2A-x5699a
aev_plig,"CC[C@H](c1ccc(Cl)c(Cl)c1)N1C[C@H](C(N)=O)CCC1=O |&1:2,&2:13|",4.012372581165862,6.0639553,1,1,A71EV2A-x5676a
aev_plig,"CC[C@H]1CCCN1c1ncnc(SC)c1CC(=O)N1CCC[C@H](C(N)=O)C1 |a:2,22|",7.302627133357621,5.8702,1,1,A71EV2A-x7011a
aev_plig,"CC[C@H]1CS[C@H](C(N)=O)CN1C(=O)Oc1cc(Br)ccc1SC |o1:2,5|",7.112683897314732,5.847582,1,1,A71EV2A-x7613a
aev_plig,CCc1ccsc1CN1C[C@H](C(N)=O)CCC1=O |&1:10|,4.668737062060432,5.3192167,1,1,A71EV2A-x4954a
aev_plig,CCn1nccc1C(=O)N[C@H](C(=O)N1CC[C@H](C(N)=O)C1)c1ccccc1SC |&1:10|,4.197688573451602,6.036426,1,1,A71EV2A-x6945a
aev_plig,CN(C)C(=O)[C@@H](c1ccccc1)N1C[C@H](C(N)=O)CC1=O |o1:14|,4.003097753980533,5.6839247,1,1,A71EV2A-x5497a
aev_plig,CN(C)S(=O)(=O)c1cccnc1,5.10745472442027,4.50233085,2,2,A71EV2A-x2448a; A71EV2A-x2448b
aev_plig,CN1c2ccccc2C[C@H]1C(=O)N1CCC[C@H](C(N)=O)C1 |&1:9|,4.598941671349912,5.9534144,2,2,A71EV2A-x4583a; A71EV2A-x4583b
aev_plig,"CNC(=O)[C@@H](c1cccc(C)c1)N1C[C@H](C(N)=O)CC1=O |&1:4,14|",4.596879478824183,5.77158,1,1,A71EV2A-x5317a
aev_plig,"CNC(=O)[C@@H]1CCN1c1ncnc(SC)c1CC(=O)N1CCC[C@H](C(N)=O)C1 |a:4,23|",5.553061207453266,5.8911495,1,1,A71EV2A-x7297a
aev_plig,CNC(=O)c1cn(C)c2ccccc12,4.822826736702125,5.2781816,1,1,A71EV2A-x3066a
aev_plig,CNC(=O)c1nn(C)c2ccccc12,5.376184576266073,5.1678133,1,1,A71EV2A-x2290a
aev_plig,CNC(=O)c1oc2ccccc2c1CN1C[C@H](C(N)=O)CCC1=O |&1:16|,4.027340564735919,5.8309774,1,1,A71EV2A-x5226a
aev_plig,CNS(=O)(=O)c1ccccc1Cl,6.034867358576641,5.142989,1,1,A71EV2A-x2458a
aev_plig,CNc1ncnc(SC)c1CC(=O)N1CCC[C@H](C(N)=O)C1 |a:17|,5.471985787685622,5.62685,1,1,A71EV2A-x6021a
aev_plig,COC(=O)N1CCCN(c2ncnc(SC)c2CC(=O)N2CCC[C@H](C(N)=O)C2)CC1 |a:24|,5.745487997043694,5.9180655,1,1,A71EV2A-x7018a
aev_plig,"COC(=O)N[C@H]1CCN(c2ncnc(SC)c2CC(=O)N2CCC[C@H](C(N)=O)C2)C1 |a:5,24|",7.272545074821092,5.81619,1,1,A71EV2A-x7589a
aev_plig,COCC(=O)Nc1c(Cl)cc(C)cc1OCc1ncccn1,4.858392228943246,5.5022012,2,2,A71EV2A-x3522a; A71EV2A-x3522b
aev_plig,COCC(=O)Nc1c(Cl)cc(C)cc1Oc1cccc(C(N)=O)c1,4.822657723022635,6.0219946,1,1,A71EV2A-x3488a
aev_plig,"COC[C@@H]1CCCN1c1ncnc(SC)c1CC(=O)N1CCC[C@H](C(N)=O)C1 |a:3,23|",5.028984985837811,5.880908,1,1,A71EV2A-x7161a
aev_plig,"COC[C@@H]1CCN1c1ncnc(SC)c1CC(=O)N1CCC[C@H](C(N)=O)C1 |a:3,22|",5.357972475219064,5.8109851500000005,2,2,A71EV2A-x7353a; A71EV2A-x7353b
aev_plig,"COC[C@@]1(C)C[C@H](C(N)=O)CN1C(=O)Cc1cc(Br)ccc1SC |&1:3,6|",5.510062512868513,5.951005,1,1,A71EV2A-x5398a
aev_plig,COC[C@H](C)NC(=O)c1nn(C)c2ccccc12 |&1:3|,4.747146969020107,5.3440166,1,1,A71EV2A-x3176a
aev_plig,"COC[C@H]1CCCN1c1ncnc(SC)c1CC(=O)N1CCC[C@H](C(N)=O)C1 |a:3,23|",7.197280846039433,5.8284445,1,1,A71EV2A-x7175a
aev_plig,"COC[C@H]1CC[C@H](C(N)=O)CN1C(=O)Cc1ccccc1SC |o1:3,6|",4.011460574435142,5.7428184,1,1,A71EV2A-x5488a
aev_plig,"COC[C@]1(C(=O)N2CCC[C@H](C(N)=O)C2)CCCCO1 |&1:3,&2:10|",6.0,5.273837,1,1,A71EV2A-x3936a
aev_plig,COC[C@]12C[C@@](C(N)=O)(CN1C(=O)Cc1ccccc1OC)C2 |o1:3|,4.028724151261895,5.508274,2,2,A71EV2A-x4963a; A71EV2A-x4963b
aev_plig,COCc1ccccc1CC(=O)N1CCC[C@H](C(N)=O)C1 |a:16|,4.576757218249551,5.568342,1,1,A71EV2A-x4368a
aev_plig,COCc1ccccc1NC(=O)N1CCC[C@H](C(N)=O)C1 |a:16|,4.816470464384151,5.557148,1,1,A71EV2A-x3483a
aev_plig,"CO[C@@H]1CCCN(c2ncnc(SC)c2CC(=O)N2CCC[C@H](C(N)=O)C2)C1 |a:2,22|",6.170052776781682,5.84589,1,1,A71EV2A-x7238a
aev_plig,CO[C@H](C(=O)N1CCC[C@H](C(N)=O)C1)c1ccccc1C |&1:2|,4.928117992693875,5.8229647,1,1,A71EV2A-x3939a
aev_plig,"CO[C@H](C(=O)N1CCC[C@H](C(N)=O)C1)c1cccnc1 |&1:2,&2:9|",4.227015096629662,5.6076403,1,1,A71EV2A-x3937a
aev_plig,COc1c(NC(=O)N2CCC[C@H](C(N)=O)C2)cccc1C(F)(F)F |a:11|,5.032452023781138,5.98295485,2,2,A71EV2A-x4310a; A71EV2A-x4310b
aev_plig,COc1cc(Br)c(CC(=O)N2CCC[C@H](C(N)=O)C2)cc1OC |a:14|,3.720229830921272,5.949588,1,1,A71EV2A-x4845a
aev_plig,COc1cc(Cl)ccc1CC(=O)N1CCC[C@H](C(N)=O)C1 |a:16|,4.018634490921456,5.8037395,1,1,A71EV2A-x4203a
aev_plig,COc1cc(NC(=O)C[C@H](C)C(F)(F)F)n(C)n1 |&1:9|,4.632048101200719,4.87308075,2,2,A71EV2A-x1445a; A71EV2A-x1445b
aev_plig,COc1ccc(C(F)(F)F)cc1CC(=O)N1CCC[C@H](C(N)=O)C1 |a:19|,4.449959375475284,5.738482,1,1,A71EV2A-x4028a
aev_plig,COc1ccc(C(F)(F)F)cc1CC(=O)N1CCS[C@H](C(N)=O)C1 |o1:19|,4.828494707777949,5.6939354,1,1,A71EV2A-x4778a
aev_plig,COc1ccc(C(F)(F)F)cc1N(C)C(=O)N1CCC[C@H](C(N)=O)C1 |a:20|,4.561127532480804,5.9124775,1,1,A71EV2A-x4843a
aev_plig,COc1ccc(C(F)(F)F)cc1NC(=O)N1CCC[C@H](C(N)=O)C1 |a:19|,4.069229199277436,5.8392224,1,1,A71EV2A-x4429a
aev_plig,COc1ccc(CC(=O)N2CCC[C@H](C(N)=O)C2)c(OC)c1 |a:13|,4.635207042042172,5.51872235,2,2,A71EV2A-x3557a; A71EV2A-x3557b
aev_plig,COc1ccc(Cl)c2c1C(=O)C(=O)N2,4.628932137728264,5.7708945,1,1,A71EV2A-x2513a
aev_plig,COc1ccc(Cl)cc1CC(=O)N1CCC[C@H](C(N)=O)C1 |a:16|,4.727236212379233,5.738478,1,1,A71EV2A-x3940a
aev_plig,COc1ccc(Cl)cc1NS(=O)(=O)N1CCC[C@H](C(N)=O)C1 |a:17|,3.989247537499024,5.9015574,1,1,A71EV2A-x5278a
aev_plig,COc1ccc(Cl)cc1OC(=O)N1CCC[C@H](C(N)=O)C1 |a:16|,5.262803072736122,5.760642975,4,4,A71EV2A-x4829a; A71EV2A-x4829b; A71EV2A-x4903a; A71EV2A-x4903b
aev_plig,COc1ccc(F)cc1CC(=O)N1CCC[C@H](C(N)=O)C1 |a:16|,4.2094239507757765,5.8712826,1,1,A71EV2A-x3546a
aev_plig,COc1ccc2c(n1)[C@H](C(=O)N1CCC[C@H](C(N)=O)C1)CC2 |&1:8|,4.452380443994761,5.675128,1,1,A71EV2A-x3954a
aev_plig,COc1cccc(CN2C[C@H](C(N)=O)CCC2=O)c1 |&1:10|,4.608183969818477,5.3863520000000005,2,2,A71EV2A-x5036a; A71EV2A-x5036b
aev_plig,COc1cccc(Cl)c1CC(=O)N1CCC[C@@H](C(N)=O)C1 |a:16|,4.620456050805198,5.637618,2,2,A71EV2A-x3858a; A71EV2A-x3858b
aev_plig,COc1cccc(Cl)c1CC(=O)N1CCC[C@H](C(N)=O)C1 |a:16|,4.78560502978966,5.6664844,1,1,A71EV2A-x3942a
aev_plig,COc1cccc(Cl)c1CC(=O)N1CCC[C@H](C(N)=O)C1 |o1:16|,4.37828501116997,5.645875,1,1,A71EV2A-x4209a
aev_plig,"COc1cccc(Cl)c1CC(=O)N1C[C@H](C(N)=O)C[C@H](C(=O)NC2CC2)C1 |o1:14,19|",4.899323290233971,5.7409737,2,2,A71EV2A-x3993a; A71EV2A-x3993b
aev_plig,"COc1cccc(Cl)c1CC(=O)N1C[C@H](C(N)=O)[C@H]2CCC[C@H]21 |&1:14,&2:18,22|",4.819608655063361,5.8939676,1,1,A71EV2A-x4239a
aev_plig,COc1cccc(Cl)c1NC(=O)N1CCC[C@H](C(N)=O)C1 |a:16|,4.465918205168407,5.7868224999999995,2,2,A71EV2A-x4035a; A71EV2A-x4035b
aev_plig,COc1cccc(Cl)c1NC(=O)N1CC[C@H](C(N)=O)C1 |a:15|,4.612119831707907,5.60968565,2,2,A71EV2A-x3992a; A71EV2A-x3992b
aev_plig,COc1cccc(NC(=O)N2CCC[C@H](C(N)=O)C2)c1 |a:14|,4.956109291095229,5.6174607,1,1,A71EV2A-x3485a
aev_plig,COc1cccc(NC(=O)N2CCC[C@H](C(N)=O)C2)c1Cl |a:14|,4.612661045864782,5.7763383333333325,3,3,A71EV2A-x4524a; A71EV2A-x4873a; A71EV2A-x4873b
aev_plig,COc1cccc(NC(=O)N2CCC[C@H](C(N)=O)C2)n1 |a:14|,5.072431269429168,5.415234,1,1,A71EV2A-x4298a
aev_plig,COc1cccc(SC(C)C)c1NC(=O)N1CCC[C@H](C(N)=O)C1 |a:19|,5.313218576201494,5.75760675,2,2,A71EV2A-x5289a; A71EV2A-x5289b
aev_plig,COc1cccc(SC)c1NC(=O)N1CCC[C@H](C(N)=O)C1 |a:17|,5.161195917717353,5.7448034,1,1,A71EV2A-x4554a
aev_plig,"COc1cccc2c1CC[C@H]2N1C[C@H](C(N)=O)CCC1=O |&1:10,&2:13|",4.789637072991269,5.424522,1,1,A71EV2A-x4316a
aev_plig,COc1cccc2c1N(C(=O)N1CCC[C@H](C(N)=O)C1)CCS2 |a:15|,4.29598340377612,5.72486,1,1,A71EV2A-x5389a
aev_plig,COc1ccccc1CC(=O)N(C)CCC(N)=O,4.935542010773082,5.1118584,1,1,A71EV2A-x3977a
aev_plig,COc1ccccc1CC(=O)N1CCCC[C@H](C(N)=O)C1 |&1:16|,4.952204384072568,5.6763105,2,2,A71EV2A-x3571a; A71EV2A-x3571b
aev_plig,COc1ccccc1CC(=O)N1CCC[C@H](C(N)=O)C1 |&1:15|,4.128427064454121,5.6974573,1,1,A71EV2A-x3186a
aev_plig,COc1ccccc1CC(=O)N1CCC[C@H](C(N)=O)CC1 |&1:15|,4.952188702489189,5.61568975,2,2,A71EV2A-x4018a; A71EV2A-x4018b
aev_plig,COc1ccccc1CC(=O)N1CCN[C@H](C(N)=O)C1 |&1:15|,5.622664040174432,5.493055,1,1,A71EV2A-x3901a
aev_plig,COc1ccccc1CC(=O)N1CCO[C@@H](C(N)=O)C1 |a:15|,4.615695746966642,5.3165083,1,1,A71EV2A-x3663a
aev_plig,COc1ccccc1CC(=O)N1CC[C@@H](O)C1 |a:14|,4.951406063714552,5.054278,1,1,A71EV2A-x3621a
aev_plig,COc1ccccc1CC(=O)N1CC[C@H](CC(N)=O)C1 |&1:14|,5.055150304924533,5.581126125,4,4,A71EV2A-x3694a; A71EV2A-x3694b; A71EV2A-x4032a; A71EV2A-x4032b
aev_plig,COc1ccccc1CC(=O)N1CC[C@H](NC(N)=O)C1 |&1:14|,5.056011124926228,5.575099,1,1,A71EV2A-x3685a
aev_plig,COc1ccccc1CC(=O)N1C[C@H](C(N)=O)CC(F)(F)C1 |&1:13|,5.41096889227547,5.412421,1,1,A71EV2A-x3665a
aev_plig,"COc1ccccc1CC(=O)N1C[C@H](C(N)=O)CC[C@@H]1C |&1:13,19|",4.411260481653311,5.601009,1,1,A71EV2A-x3550a
aev_plig,"COc1ccccc1CC(=O)N1C[C@H](C(N)=O)[C@@H](C(F)(F)F)C1 |&1:13,17|",5.110698297493689,5.3994045,1,1,A71EV2A-x3990a
aev_plig,"COc1ccccc1CC(=O)N1C[C@H](C)[C@@H](C(N)=O)C1 |&1:13,15|",5.303920706565589,5.557002,1,1,A71EV2A-x3634a
aev_plig,"COc1ccccc1CC(=O)N1C[C@]2(C(N)=O)CC[C@H]1C2 |a:13,19|",4.621697158125564,5.7172837,1,1,A71EV2A-x4476a
aev_plig,COc1ccccc1CCN1C[C@H](C(N)=O)CC1=O |&1:12|,5.044970753420985,5.3432918,1,1,A71EV2A-x3956a
aev_plig,COc1ccccc1CN1C[C@H](C(N)=O)CC1=O |&1:11|,4.62709189585908,5.289752,1,1,A71EV2A-x3895a
aev_plig,COc1ccccc1CN1C[C@H](C(N)=O)CCC1=O |&1:11|,4.956855685489159,5.320333,2,2,A71EV2A-x3579a; A71EV2A-x4029a
aev_plig,COc1ccccc1NC(=O)Nc1cccnc1,4.740875707793589,5.0447226,1,1,A71EV2A-x2629a
aev_plig,COc1ccccc1S(=O)(=O)N1CCC[C@H](C(N)=O)C1 |a:15|,5.161780778092374,5.6355188,2,2,A71EV2A-x4214a; A71EV2A-x4214b
aev_plig,COc1ccccc1[C@H](C)C(=O)N1CCC[C@H](C(N)=O)C1 |o1:8|,5.415903931859735,5.77905825,2,2,A71EV2A-x4445a; A71EV2A-x4445b
aev_plig,"COc1ccccc1[C@H](C)CN1C[C@H](C(N)=O)CC1=O |&1:8,&2:13|",4.917407524166997,5.45182,1,1,A71EV2A-x4313a
aev_plig,"COc1ccccc1[C@H](C)N1C[C@H](C(N)=O)CCC1=O |&1:8,&2:12|",5.565980102355844,5.5075336,1,1,A71EV2A-x4661a
aev_plig,COc1ccccc1[C@H](N)C(=O)N1CCC[C@H](C(N)=O)C1 |o1:8|,5.349983835684398,5.5528936,1,1,A71EV2A-x3890a
aev_plig,COc1ccccc1[C@H](NC(=O)OC(C)(C)C)C(=O)N1CCC[C@H](C(N)=O)C1 |o1:8|,4.930769702637148,5.8609679,2,2,A71EV2A-x3884a; A71EV2A-x3884b
aev_plig,COc1ccccc1[C@H](NC(C)=O)C(=O)N1CCC[C@H](C(N)=O)C1 |o1:8|,5.238439218136987,5.764492049999999,4,4,A71EV2A-x4207a; A71EV2A-x4207b; A71EV2A-x4449a; A71EV2A-x4449b
aev_plig,"COc1ccccc1[C@H](O)CN1C[C@H](C(N)=O)CC1=O |&1:8,&2:13|",5.276902343492681,5.278905,1,1,A71EV2A-x4295a
aev_plig,"COc1ccccc1[C@H](O)CN1C[C@H](C(N)=O)CCC1=O |&1:8,&2:13|",5.212129340035951,5.258158,1,1,A71EV2A-x4406a
aev_plig,COc1ccccc1[C@H](OC)C(=O)N1CCC[C@H](C(N)=O)C1 |o1:8|,5.523700643055132,5.66748725,2,2,A71EV2A-x3862a; A71EV2A-x3883a
aev_plig,COc1cccnc1CC(=O)N1CCC[C@H](C(N)=O)C1 |a:15|,4.648165195719463,5.49654475,2,2,A71EV2A-x4283a; A71EV2A-x4283b
aev_plig,COc1cccnc1CN1CCC[C@H](C(N)=O)C1 |a:13|,5.576653344896242,5.40558315,2,2,A71EV2A-x4274a; A71EV2A-x4274b
aev_plig,COc1ccncc1CC(=O)N1CCC[C@H](C(N)=O)C1 |&1:15|,4.443671499997475,5.448313,1,1,A71EV2A-x3229a
aev_plig,COc1ccncc1CC(=O)N1CCC[C@H](C(N)=O)C1 |a:15|,4.7516996536545095,5.457452,1,1,A71EV2A-x3548a
aev_plig,COc1ncc(-c2ccc(SC)c(CC(=O)N3CCC[C@H](C(N)=O)C3)c2)cc1C#N |a:20|,5.612933991649193,6.440689,1,1,A71EV2A-x5877a
aev_plig,COc1ncc(Br)cc1CC(=O)N1CCC[C@H](C(N)=O)C1 |a:16|,4.832067775571805,5.7230873,1,1,A71EV2A-x4388a
aev_plig,COc1ncccc1-c1ccc(SC)c(CC(=O)N2CCC[C@H](C(N)=O)C2)c1 |a:22|,5.926316446103106,6.1551976,1,1,A71EV2A-x6736a
aev_plig,COc1ncccc1CC(=O)N1CCC[C@H](C(N)=O)C1 |&1:15|,4.324153048333832,5.576078,1,1,A71EV2A-x3201a
aev_plig,COc1ncccc1CC(=O)N1CCC[C@H](C(N)=O)C1 |a:15|,4.286509456906058,5.4510884,1,1,A71EV2A-x4347a
aev_plig,COc1ncccc1CC(=O)N1CCC[C@H](C(N)=O)C1 |o1:15|,4.939681121858298,5.396842,2,2,A71EV2A-x3849a; A71EV2A-x3869a
aev_plig,COc1ncccc1NC(=O)N1CCC[C@H](C(N)=O)C1 |a:15|,4.487273331768478,5.4975265,2,2,A71EV2A-x4031a; A71EV2A-x4031b
aev_plig,COc1ncccc1NC(=O)N1CC[C@H](C(N)=O)C1 |a:14|,4.618016608302379,5.323577,1,1,A71EV2A-x4418a
aev_plig,COc1ncccc1NS(=O)(=O)N1CCC[C@H](C(N)=O)C1 |a:16|,4.601213898998983,5.667289,2,2,A71EV2A-x4899a; A71EV2A-x4899b
aev_plig,CS(=O)(=O)c1ccccc1CC(=O)N1CCC[C@H](C(N)=O)C1 |a:17|,4.018181392829336,6.010816,1,1,A71EV2A-x4675a
aev_plig,CSCC1(CC(=O)N2CCC[C@H](C(N)=O)C2)CC1 |a:11|,4.0270354434741735,5.346124,1,1,A71EV2A-x4701a
aev_plig,"CSC[C@H]1C[C@H]1C(=O)N1CCC[C@H](C(N)=O)C1 |&1:3,5|",4.808721339045607,5.2148485,1,1,A71EV2A-x4736a
aev_plig,"CS[C@@H]1CCCC[C@H]1OC(=O)N1CCC[C@H](C(N)=O)C1 |o1:2,7|",3.5961527992975952,5.2899237,1,1,A71EV2A-x5231a
aev_plig,CSc1c(Br)cccc1CC(=O)N1CCC[C@H](C(N)=O)C1 |a:16|,4.472492797097293,6.0087423,1,1,A71EV2A-x4290a
aev_plig,CSc1c(F)cccc1NC(=O)N1CCC[C@H](C(N)=O)C1 |a:16|,4.319967775442991,5.9848166,1,1,A71EV2A-x4851a
aev_plig,CSc1c(NC(=O)N2CCC[C@H](C(N)=O)C2)c(C)nn1C |a:11|,4.6073172842698655,5.5117664,1,1,A71EV2A-x4727a
aev_plig,CSc1ccc(-c2cc(C#N)ncc2F)cc1CC(=O)N1CCC[C@H](C(N)=O)C1 |a:24|,5.682717212000788,6.671859,1,1,A71EV2A-x6769a
aev_plig,CSc1ccc(-c2cc(C)c(=O)n(C)c2)cc1CC(=O)N1CCC[C@H](C(N)=O)C1 |a:24|,6.031014087429405,6.23013425,2,2,A71EV2A-x5879a; A71EV2A-x5879b
aev_plig,CSc1ccc(-c2cc(C)nn2C)cc1OC(=O)N1CCC[C@H](C(N)=O)C1 |a:22|,5.436862866226505,6.0265846,1,1,A71EV2A-x7260a
aev_plig,CSc1ccc(-c2cc[nH]n2)cc1CC(=O)N1CCC[C@H](C(N)=O)C1 |a:20|,5.955905430140241,6.021753,2,2,A71EV2A-x5525a; A71EV2A-x5525b
aev_plig,"CSc1ccc(-c2cc[nH]n2)cc1CC(=O)N1C[C@H](C(N)=O)C[C@H]2C[C@H]21 |&1:18,23,25|",6.340503680200894,6.1451335,2,2,A71EV2A-x7576a; A71EV2A-x7576b
aev_plig,CSc1ccc(-c2cc[nH]n2)cc1OC(=O)N1CCC[C@H](C(N)=O)C1 |a:20|,6.343392058545723,5.96812,1,1,A71EV2A-x7597a
aev_plig,CSc1ccc(-c2ccc(N3CCN(C)CC3)nc2)cc1OC(=O)N1CCC[C@H](C(N)=O)C1 |a:28|,6.646304383229654,6.4706154,1,1,A71EV2A-x7261a
aev_plig,CSc1ccc(-c2cccc3cnn(C)c23)cc1CC(=O)N1CCC[C@H](C(N)=O)C1 |a:25|,4.852511447271943,6.3125105,1,1,A71EV2A-x6025a
aev_plig,CSc1ccc(-c2ccccc2)cc1CC(=O)N1CCC[C@H](C(N)=O)C1 |a:21|,5.7575850142068425,6.2625723,1,1,A71EV2A-x5526a
aev_plig,CSc1ccc(-c2ccccn2)cc1OC(=O)N1CCC[C@H](C(N)=O)C1 |a:21|,6.363385275343752,6.0490746,1,1,A71EV2A-x7442a
aev_plig,"CSc1ccc(-c2ccccn2)cc1OC(=O)N1C[C@H](C(N)=O)C[C@H]2C[C@H]21 |&1:19,24,26|",6.770247859071493,6.27896825,2,2,A71EV2A-x7350a; A71EV2A-x7350b
aev_plig,"CSc1ccc(-c2cccnc2)cc1OC(=O)N1C[C@H](C(N)=O)C[C@@H]2C[C@@H]21 |&1:19,24,26|",6.025403843721281,6.241845,1,1,A71EV2A-x7032a
aev_plig,"CSc1ccc(-c2cccnc2)cc1OC(=O)N1C[C@H](C(N)=O)C[C@H]2C[C@H]21 |&1:19,24,26|",6.615017621163278,6.2885056,1,1,A71EV2A-x7070a
aev_plig,CSc1ccc(-c2cccnc2C(C)C)cc1CC(=O)N1CCC[C@H](C(N)=O)C1 |a:24|,5.633026106559719,6.321542,1,1,A71EV2A-x6778a
aev_plig,CSc1ccc(-c2cccnc2N)cc1OC(=O)N1CCC[C@H](C(N)=O)C1 |a:22|,6.467825319983038,6.127211300000001,2,2,A71EV2A-x7301a; A71EV2A-x7301b
aev_plig,CSc1ccc(-c2ccnc(N(C)C)c2)cc1CC(=O)N1CCC[C@H](C(N)=O)C1 |a:24|,6.212710086334884,6.2764945,1,1,A71EV2A-x6791a
aev_plig,CSc1ccc(-c2ccncc2)cc1CC(=O)N1CCC[C@H](C(N)=O)C1 |a:21|,5.983523026568097,6.173017,1,1,A71EV2A-x5509a
aev_plig,"CSc1ccc(-c2ccncc2)cc1CC(=O)N1C[C@H](C(N)=O)C[C@H]2C[C@H]21 |&1:19,24,26|",6.743785006270056,6.3172646,1,1,A71EV2A-x7256a
aev_plig,"CSc1ccc(-c2ccncc2)cc1CC(=O)N1C[C@H](C(N)=O)C[C@H]2C[C@H]21 |o1:19,24,26|",4.917388969413124,6.251017,1,1,A71EV2A-x7445a
aev_plig,"CSc1ccc(-c2ccncc2)cc1NC(=O)N1C[C@H](C(N)=O)C[C@H]2C[C@H]21 |&1:19,24,26|",5.742028204896328,6.3666506,1,1,A71EV2A-x6746a
aev_plig,"CSc1ccc(-c2ccncc2)cc1OC(=O)N1C[C@H](C(N)=O)C[C@H]2C[C@H]21 |&1:19,24,26|",6.058389757043434,6.2797937,1,1,A71EV2A-x7184a
aev_plig,CSc1ccc(-c2ccnn2C(C)(C)C)cc1OC(=O)N1CCC[C@H](C(N)=O)C1 |a:24|,4.912085112444354,6.1555348500000004,2,2,A71EV2A-x7167a; A71EV2A-x7167b
aev_plig,"CSc1ccc(-c2ccnn2C2CCC2)cc1OC(=O)N1C[C@H](C(N)=O)C[C@H]2C[C@H]21 |&1:22,27,29|",6.6437811411974925,6.2737865,1,1,A71EV2A-x7044a
aev_plig,"CSc1ccc(-c2cn[nH]c2)cc1CC(=O)N1C[C@H](C(N)=O)C[C@H]2C[C@H]21 |&1:18,23,25|",6.438312682607372,6.233849,1,1,A71EV2A-x5836a
aev_plig,"CSc1ccc(-c2cn[nH]c2)cc1OC(=O)N1C[C@H](C(N)=O)C[C@@H]2C[C@@H]21 |&1:18,23,25|",5.626220997937759,6.1199393,1,1,A71EV2A-x7379a
aev_plig,"CSc1ccc(-c2cn[nH]c2)cc1OC(=O)N1C[C@H](C(N)=O)C[C@H]2C[C@H]21 |&1:18,23,25|",6.775141043530828,6.1500764,1,1,A71EV2A-x7323a
aev_plig,CSc1ccc(-c2cncc(C)c2C)cc1CC(=O)N1CCC[C@H](C(N)=O)C1 |a:23|,5.401951923140469,6.23305,1,1,A71EV2A-x6032a
aev_plig,CSc1ccc(-c2cncc(S(C)(=O)=O)c2)cc1CC(=O)N1CCC[C@H](C(N)=O)C1 |a:25|,5.687762124194347,6.1244487,2,2,A71EV2A-x6948a; A71EV2A-x6948b
aev_plig,CSc1ccc(-c2cncc3ccccc23)cc1CC(=O)N1CCC[C@H](C(N)=O)C1 |a:25|,5.484126156288321,6.416156,1,1,A71EV2A-x6035a
aev_plig,"CSc1ccc(-c2cnco2)cc1OC(=O)N1C[C@H](C(N)=O)C[C@H]2C[C@H]21 |&1:18,23,25|",6.622961397710664,6.051437,1,1,A71EV2A-x7002a
aev_plig,"CSc1ccc(-c2cnn[nH]2)cc1OC(=O)N1C[C@H](C(N)=O)C[C@H]2C[C@H]21 |&1:18,23,25|",6.821074156272469,6.0508943,1,1,A71EV2A-x7410a
aev_plig,CSc1ccc(-c2cnnn2C)cc1CC(=O)N1CCC[C@H](C(N)=O)C1 |a:21|,5.437915347454481,5.8282995,1,1,A71EV2A-x6925a
aev_plig,CSc1ccc(-c2csc(C(F)F)c2)cc1CC(=O)N1CCC[C@H](C(N)=O)C1 |a:23|,6.104588372500485,6.1842113,1,1,A71EV2A-x5864a
aev_plig,"CSc1ccc(-c2ocnc2C)cc1OC(=O)N1C[C@H](C(N)=O)C[C@H]2C[C@H]21 |&1:19,24,26|",5.964275769895213,6.123519,1,1,A71EV2A-x7287a
aev_plig,CSc1ccc(-n2cccn2)cc1CC(=O)N1CCC[C@H](C(N)=O)C1 |a:20|,6.017614181634599,5.8918138,1,1,A71EV2A-x5604a
aev_plig,CSc1ccc(-n2ccnc2)cc1CC(=O)N1CCC[C@H](C(N)=O)C1 |a:20|,5.816743356703912,5.897029,1,1,A71EV2A-x5833a
aev_plig,CSc1ccc(Br)cc1CC(=O)N1CCC[C@H](C(N)=O)C1 |a:16|,6.504803930407411,5.868125,1,1,A71EV2A-x4431a
aev_plig,CSc1ccc(Br)cc1CC(=O)N1CCC[C@H](C(N)=O)CC1 |&1:16|,4.084730020129478,5.8949205,2,2,A71EV2A-x5203a; A71EV2A-x5203b
aev_plig,"CSc1ccc(Br)cc1CC(=O)N1CCC[C@H](C(N)=O)[C@@H]1C |o1:16,20|",4.01122507362837,5.8299913,1,1,A71EV2A-x5494a
aev_plig,CSc1ccc(Br)cc1CC(=O)N1CC[C@H](C(N)=O)C1 |a:15|,4.166573738364501,5.810614,1,1,A71EV2A-x4856a
aev_plig,"CSc1ccc(Br)cc1CC(=O)N1C[C@H](C(N)=O)CC[C@@H]1C |o1:14,20|",5.370420577541523,5.9662512,2,2,A71EV2A-x5247a; A71EV2A-x5247b
aev_plig,"CSc1ccc(Br)cc1CC(=O)N1C[C@H](C(N)=O)CC[C@H]1C |o1:14,20|",5.163175522827518,5.894896625,4,4,A71EV2A-x5339a; A71EV2A-x5339b; A71EV2A-x5366a; A71EV2A-x5366b
aev_plig,"CSc1ccc(Br)cc1CC(=O)N1C[C@H](C(N)=O)[C@H]2C[C@H]21 |o1:14,18,20|",4.590066876668706,5.9871926,1,1,A71EV2A-x7359a
aev_plig,"CSc1ccc(Br)cc1CC(=O)N1[C@H]2CC[C@H](C(N)=O)[C@@H]1CC2 |o1:13,16,20|",4.022734028686543,5.985522,2,2,A71EV2A-x5758a; A71EV2A-x5758b
aev_plig,"CSc1ccc(Br)cc1OC(=O)N1C[C@H](C(N)=O)CC[C@@H]1C |o1:14,20|",4.757850080326607,5.86602815,2,2,A71EV2A-x5819a; A71EV2A-x5819b
aev_plig,"CSc1ccc(Br)cc1OC(=O)N1C[C@H](C(N)=O)CC[C@@H]1CO |&1:14,20|",5.994964027913848,5.9201293,1,1,A71EV2A-x7558a
aev_plig,"CSc1ccc(Br)cc1OC(=O)N1C[C@H](C(N)=O)C[C@@H]2C[C@@H]21 |&1:14,19,21|",6.134970625328986,6.0298905,1,1,A71EV2A-x5830a
aev_plig,"CSc1ccc(Br)cc1OC(=O)N1C[C@H](C(N)=O)C[C@H]2C[C@H]21 |&1:14,19,21|",6.442779415416162,6.050428,1,1,A71EV2A-x6932a
aev_plig,CSc1ccc(Br)cc1[C@H](NC(=O)OC(C)(C)C)C(=O)N1CC[C@H](C(N)=O)C1 |&1:9|,4.616253373468555,6.1506805,1,1,A71EV2A-x5891a
aev_plig,CSc1ccc(C(=O)N(C)C2CCC(C)(C)CC2)cc1CC(=O)N1CCC[C@H](C(N)=O)C1 |a:27|,4.8542464945359285,6.0901527,1,1,A71EV2A-x7307a
aev_plig,CSc1ccc(C(=O)N2CC=CCC23CCC3)cc1CC(=O)N1CCC[C@H](C(N)=O)C1 |a:26|,5.727326160448949,6.065018,1,1,A71EV2A-x7318a
aev_plig,CSc1ccc(C(=O)N2Cc3nccc(C)c3C2)cc1CC(=O)N1CCC[C@H](C(N)=O)C1 |a:27|,5.732131922180389,6.2466154,1,1,A71EV2A-x6739a
aev_plig,CSc1ccc(C(=O)Nc2ccncc2)cc1CC(=O)N1CCC[C@H](C(N)=O)C1 |a:24|,6.058292496038209,6.0311273,2,2,A71EV2A-x5512a; A71EV2A-x5512b
aev_plig,"CSc1ccc(C2=CCN(C)CC2)cc1CC(=O)N1C[C@H](C(N)=O)C[C@H]2C[C@H]21 |o1:20,25,27|",6.217987758487747,6.1574731,2,2,A71EV2A-x7369a; A71EV2A-x7369b
aev_plig,"CSc1ccc(C2=CCN(C)CC2)cc1OC(=O)N1C[C@H](C(N)=O)C[C@@H]2C[C@@H]21 |&1:20,25,27|",6.4554495427646055,6.157602,1,1,A71EV2A-x7046a
aev_plig,"CSc1ccc(C2=CCN(C)CC2)cc1OC(=O)N1C[C@H](C(N)=O)C[C@H]2C[C@H]21 |&1:20,25,27|",6.616789569053188,6.2277813,1,1,A71EV2A-x7368a
aev_plig,CSc1ccc(C2=CCNCC2)cc1CC(=O)N1CCC[C@H](C(N)=O)C1 |a:21|,6.359785941635829,5.999912,1,1,A71EV2A-x6827a
aev_plig,"CSc1ccc(C2=CCOCC2)cc1OC(=O)N1C[C@H](C(N)=O)C[C@H]2C[C@H]21 |&1:19,24,26|",6.278226151900541,6.092061,1,1,A71EV2A-x7021a
aev_plig,CSc1ccc(C2CC2)cc1CC(=O)N1CCC[C@H](C(N)=O)C1 |a:18|,5.527677465814104,5.946096,1,1,A71EV2A-x5276a
aev_plig,CSc1ccc(N2CCCC2=O)cc1NC(=O)N1CCC[C@H](C(N)=O)C1 |a:21|,5.06227649451538,5.9281976499999995,2,2,A71EV2A-x4986a; A71EV2A-x4986b
aev_plig,CSc1ccc(N2CCOCC2)cc1NC(=O)N1CCC[C@H](C(N)=O)C1 |a:21|,4.924868863339022,5.8683955,2,2,A71EV2A-x5598a; A71EV2A-x5598b
aev_plig,CSc1ccc(OC2CC2)cc1NC(=O)N1CCC[C@H](C(N)=O)C1 |a:19|,4.674438823846753,5.9156456,1,1,A71EV2A-x5533a
aev_plig,CSc1ccc(S(C)(=O)=O)cc1CC(=O)N1CCC[C@H](C(N)=O)C1 |a:19|,5.609697925694327,5.80142675,2,2,A71EV2A-x5449a; A71EV2A-x5449b
aev_plig,CSc1ccc(SC(C)(C)C)cc1CC(=O)N1CCC[C@H](C(N)=O)C1 |a:20|,5.111221489644668,5.805944,1,1,A71EV2A-x5403a
aev_plig,CSc1ccc2c(c1)[C@H](C(=O)N1CCC[C@H](C(N)=O)C1)CCO2 |o1:8|,4.060454118763697,5.73699,2,2,A71EV2A-x5475a; A71EV2A-x5475b
aev_plig,CSc1ccc2cnccc2c1NC(=O)N1CCC[C@H](C(N)=O)C1 |a:19|,5.772572568212773,6.1183705,1,1,A71EV2A-x5261a
aev_plig,CSc1ccc2ncccc2c1NC(=O)N1CCC[C@H](C(N)=O)C1 |a:19|,6.128863936621021,6.157064,2,2,A71EV2A-x4977a; A71EV2A-x4977b
aev_plig,"CSc1ccc2ncccc2c1NC(=O)N1C[C@H](C(N)=O)C[C@@H]2C[C@@H]21 |o1:17,22,24|",5.669481598088156,6.23319575,2,2,A71EV2A-x6877a; A71EV2A-x6980a
aev_plig,"CSc1ccc2ncccc2c1NC(=O)N1C[C@H](C(N)=O)C[C@H]2C[C@H]21 |&1:17,22,24|",6.155618588158782,6.204409,1,1,A71EV2A-x5854a
aev_plig,"CSc1ccc2ncccc2c1OC(=O)N1C[C@H](C(N)=O)C[C@@H]2C[C@@H]21 |o1:17,22,24|",6.223231835566202,6.149157199999999,2,2,A71EV2A-x7459a; A71EV2A-x7461a
aev_plig,"CSc1ccc2ncccc2c1OC(=O)N1C[C@H](C(N)=O)C[C@H]2C[C@H]21 |o1:17,22,24|",6.55419279444554,6.140654566666666,3,3,A71EV2A-x7465a; A71EV2A-x7465b; A71EV2A-x7515a
aev_plig,CSc1ccc2scnc2c1NC(=O)N1CCC[C@H](C(N)=O)C1 |a:18|,5.775683273773221,5.8604097,2,2,A71EV2A-x5283a; A71EV2A-x5283b
aev_plig,CSc1cccc(-c2cc(C(F)(F)F)nn2C)c1CC(=O)N1CCC[C@H](C(N)=O)C1 |a:25|,5.150667872559956,6.16539375,2,2,A71EV2A-x6955a; A71EV2A-x6955b
aev_plig,CSc1cccc(-c2ccc(C(F)(F)F)cc2C#N)c1CC(=O)N1CCC[C@H](C(N)=O)C1 |a:27|,5.656918950334414,6.5780563,1,1,A71EV2A-x5884a
aev_plig,CSc1cccc(-c2ccc(C(F)(F)F)o2)c1CC(=O)N1CCC[C@H](C(N)=O)C1 |a:24|,5.785803993839482,6.0882387,1,1,A71EV2A-x5857a
aev_plig,CSc1cccc(-c2cn(C)c(=O)c3ccccc23)c1CC(=O)N1CCC[C@H](C(N)=O)C1 |a:27|,6.086272291520818,6.356345,1,1,A71EV2A-x6028a
aev_plig,CSc1cccc(-c2sccc2C2CC2)c1CC(=O)N1CCC[C@H](C(N)=O)C1 |a:23|,5.508648103412354,6.181115,1,1,A71EV2A-x6794a
aev_plig,CSc1cccc(-n2ccnc2)c1CC(=O)N1CCC[C@H](C(N)=O)C1 |a:20|,5.508866053332301,5.874999,1,1,A71EV2A-x5788a
aev_plig,CSc1cccc(Br)c1CC(=O)N1CCC[C@H](C(N)=O)C1 |a:16|,5.23959580735841,5.974502,1,1,A71EV2A-x4670a
aev_plig,CSc1cccc(C2=CCCCC2)c1CC(=O)N1CCC[C@H](C(N)=O)C1 |a:21|,5.358458624958955,6.0443377,1,1,A71EV2A-x6938a
aev_plig,CSc1cccc(CC(=O)N2CCC[C@H](C(N)=O)C2)c1 |a:14|,4.165030350472351,5.7406310000000005,2,2,A71EV2A-x4334a; A71EV2A-x4334b
aev_plig,CSc1cccc(CN2C[C@H](C(N)=O)CCC2=O)c1 |o1:10|,4.610891805164698,5.4797907,1,1,A71EV2A-x4710a
aev_plig,CSc1cccc2c1N(C(=O)N1CCC[C@H](C(N)=O)C1)CCCO2 |a:15|,3.9795272089559,5.7583866,1,1,A71EV2A-x5249a
aev_plig,"CSc1cccc2c1[C@@H](C(=O)N1C[C@H](C(N)=O)C[C@H]3C[C@H]31)CC2 |&1:8,13,18,20|",6.317002294422829,5.959082,1,1,A71EV2A-x7448a
aev_plig,CSc1cccc2c1[C@H](C(=O)N1CCC[C@H](C(N)=O)C1)CC2 |o1:8|,6.105065909655473,5.893838,1,1,A71EV2A-x5687a
aev_plig,CSc1cccc2c1[C@H](C(=O)N1CCC[C@H](C(N)=O)C1)CCC2 |o1:8|,4.913179132164633,5.873863933333333,3,3,A71EV2A-x5850a; A71EV2A-x5995a; A71EV2A-x5995b
aev_plig,CSc1ccccc1CC(=O)N1CCC(F)(F)[C@H](C(N)=O)C1 |&1:17|,4.92096962924201,5.742732,1,1,A71EV2A-x4724a
aev_plig,CSc1ccccc1CC(=O)N1CCC[C@H](C(F)F)C1 |&1:15|,3.883316455303125,5.5573587,1,1,A71EV2A-x4746a
aev_plig,CSc1ccccc1CC(=O)N1CCC[C@H](C(N)=O)C1 |a:15|,5.393063563669464,5.7304945,1,1,A71EV2A-x4386a
aev_plig,CSc1ccccc1CC(=O)N1CCC[C@H](CCO)C1 |&1:15|,3.7794804346789226,5.5856676,1,1,A71EV2A-x4809a
aev_plig,CSc1ccccc1CC(=O)N1CCC[C@H](CF)C1 |&1:15|,4.015189894778023,5.6518908,1,1,A71EV2A-x4751a
aev_plig,CSc1ccccc1CC(=O)N1CCC[C@H](O)C1 |&1:15|,4.025488307262672,5.45095,1,1,A71EV2A-x4794a
aev_plig,CSc1ccccc1CC(=O)N1CCC[C@H](S(N)(=O)=O)C1 |&1:15|,4.603800652904264,5.578425,1,1,A71EV2A-x4745a
aev_plig,CSc1ccccc1CC(=O)N1CCC[C@H]1c1cnc[nH]1 |&1:15|,4.853871964321762,5.828196,1,1,A71EV2A-x4735a
aev_plig,"CSc1ccccc1CC(=O)N1CCC[C@H]2C(=O)NC[C@H]21 |&1:15,20|",4.035167674220528,5.559306,1,1,A71EV2A-x4791a
aev_plig,CSc1ccccc1CC(=O)N1CCC[C@](F)(C(N)=O)C1 |&1:15|,3.839782551369189,5.7747226,1,1,A71EV2A-x4753a
aev_plig,CSc1ccccc1CC(=O)N1CCC[C@](O)(C(N)=O)C1 |&1:15|,3.955966436496336,5.692704,2,2,A71EV2A-x4894a; A71EV2A-x4940a
aev_plig,CSc1ccccc1CC(=O)N1CCNC(=O)C1,4.006123085058789,5.3874903,1,1,A71EV2A-x4721a
aev_plig,"CSc1ccccc1CC(=O)N1CC[C@H]2[C@H](C1)[C@H]2C(N)=O |&1:14,&2:15,&3:17|",4.558200508454535,5.771543,1,1,A71EV2A-x4739a
aev_plig,"CSc1ccccc1CC(=O)N1C[C@H](C(N)=O)CC[C@H]1CO |o1:13,19|",4.599655204790009,5.726365550000001,2,2,A71EV2A-x5992a; A71EV2A-x5992b
aev_plig,"CSc1ccccc1CC(=O)N1C[C@H](C(N)=O)C[C@H](C(N)=O)C1 |a:13,18|",5.207231875935455,5.5416425,2,2,A71EV2A-x5171a; A71EV2A-x5171b
aev_plig,"CSc1ccccc1CC(=O)N1C[C@H](C(N)=O)C[C@H]2C[C@H]21 |o1:13,18,20|",5.676463453677816,5.90343045,2,2,A71EV2A-x5177a; A71EV2A-x7631a
aev_plig,"CSc1ccccc1CC(=O)N1C[C@H](C)C[C@@H](C(N)=O)C1 |o1:13,16|",4.494060495927921,5.742734,1,1,A71EV2A-x5200a
aev_plig,"CSc1ccccc1CC(=O)N1C[C@H](C)C[C@H](C(N)=O)C1 |&1:13,&2:16|",4.1315895194873935,5.7951932,2,2,A71EV2A-x4885a; A71EV2A-x4885b
aev_plig,"CSc1ccccc1CC(=O)N1C[C@H](C)C[C@H](C(N)=O)C1 |o1:13,16|",4.006585256974127,5.817757,1,1,A71EV2A-x5268a
aev_plig,"CSc1ccccc1CC(=O)N1C[C@H](O)C[C@@H](C(N)=O)C1 |&1:13,16|",3.66094239119996,5.6487955,2,2,A71EV2A-x5387a; A71EV2A-x5387b
aev_plig,CSc1ccccc1CC(=O)N1C[C@H]2C[C@@]1(CC(N)=O)C2 |&1:15|,4.051345937463026,5.92123795,2,2,A71EV2A-x5262a; A71EV2A-x5262b
aev_plig,CSc1ccccc1CN1C[C@H](C(N)=O)CCC1=O |o1:11|,4.6439741428068775,5.5773783,1,1,A71EV2A-x4694a
aev_plig,CSc1ccccc1N(C)C(=O)N1CCC[C@H](C(N)=O)C1 |a:16|,4.601955140820748,5.840277,1,1,A71EV2A-x4712a
aev_plig,CSc1ccccc1N(C)C(=O)N1CC[C@H](C(N)=O)C1 |a:15|,4.640164517660112,5.7013073,1,1,A71EV2A-x4684a
aev_plig,CSc1ccccc1N1C[C@H](C(N)=O)CCC1=O |o1:10|,4.6020599913279625,5.4484515,1,1,A71EV2A-x4922a
aev_plig,CSc1ccccc1OC(=O)N1CCC[C@H](C(N)=O)C1 |a:15|,5.826838634714068,5.6527135,2,2,A71EV2A-x4824a; A71EV2A-x4824b
aev_plig,CSc1ccccc1[C@H](C(=O)N1CC[C@H](C(N)=O)C1)N1CCCC1=O |o1:8|,7.194299872872455,5.912982,1,1,A71EV2A-x7038a
aev_plig,CSc1ccccc1[C@H](NC(=O)C(C)C)C(=O)N1CC[C@H](C(N)=O)C1 |&1:8|,4.616633749466019,5.907201,1,1,A71EV2A-x7035a
aev_plig,CSc1ccccc1[C@H](NC(=O)C1(C)CCC1)C(=O)N1CC[C@H](C(N)=O)C1 |&1:8|,4.6108664765966765,6.0859766,1,1,A71EV2A-x6991a
aev_plig,CSc1ccccc1[C@H](NC(=O)C1CC1)C(=O)N1CC[C@H](C(N)=O)C1 |&1:8|,4.612020519224207,5.96368,1,1,A71EV2A-x6934a
aev_plig,CSc1ccccc1[C@H](NC(=O)CC(F)(F)F)C(=O)N1CC[C@H](C(N)=O)C1 |&1:8|,4.15694990903351,5.9999685,1,1,A71EV2A-x6818a
aev_plig,CSc1ccccc1[C@H](NC(=O)CC1CC1)C(=O)N1CC[C@H](C(N)=O)C1 |&1:8|,4.287343084176254,5.949595,1,1,A71EV2A-x6726a
aev_plig,CSc1ccccc1[C@H](NC(=O)CNC(C)=O)C(=O)N1CC[C@H](C(N)=O)C1 |&1:8|,5.199617314652804,5.874626,1,1,A71EV2A-x6821a
aev_plig,CSc1ccccc1[C@H](NC(=O)Cc1ccccc1)C(=O)N1CC[C@H](C(N)=O)C1 |&1:8|,4.505347154054938,6.1086836,1,1,A71EV2A-x6819a
aev_plig,CSc1ccccc1[C@H](NC(=O)Cc1cccnc1)C(=O)N1CC[C@H](C(N)=O)C1 |&1:8|,4.6077519100900055,6.1127143,1,1,A71EV2A-x6856a
aev_plig,CSc1ccccc1[C@H](NC(=O)Cn1cccn1)C(=O)N1CC[C@H](C(N)=O)C1 |&1:8|,4.730497044785864,5.98338215,2,2,A71EV2A-x6816a; A71EV2A-x6816b
aev_plig,CSc1ccccc1[C@H](NC(=O)OC(C)(C)C)C(=O)N1CC[C@H](C(N)=O)C1 |o1:8|,4.621638788259481,5.98310125,2,2,A71EV2A-x6847a; A71EV2A-x6851a
aev_plig,CSc1ccccc1[C@H](NC(C)=O)C(=O)N1CC[C@H](C(N)=O)C1 |&1:8|,5.186061162833519,5.786195,1,1,A71EV2A-x5383a
aev_plig,CSc1cccnc1CC(=O)N1CCC[C@H](C(N)=O)C1 |a:15|,5.097431091411007,5.660996,1,1,A71EV2A-x4914a
aev_plig,CSc1ccncc1CC(=O)N1CCC[C@H](C(N)=O)C1 |a:15|,5.534026193176526,5.57488345,2,2,A71EV2A-x4827a; A71EV2A-x4827b
aev_plig,CSc1ccncc1NC(=O)N1CCC[C@H](C(N)=O)C1 |a:15|,5.452530294347775,5.59234235,2,2,A71EV2A-x4826a; A71EV2A-x4826b
aev_plig,CSc1ccncc1NS(=O)(=O)N1CCC[C@H](C(N)=O)C1 |a:16|,4.881756561812204,5.7092996,1,1,A71EV2A-x5182a
aev_plig,CSc1cn(C)nc1NC(=O)N1CCC[C@H](C(N)=O)C1 |a:15|,3.761033004441306,5.552025,1,1,A71EV2A-x4703a
aev_plig,CSc1cnccc1CC(=O)N1CCC[C@H](C(N)=O)C1 |a:15|,4.407893372233542,5.647757,1,1,A71EV2A-x4689a
aev_plig,CSc1cncnc1CC(=O)N1CCC[C@H](C(N)=O)C1 |a:15|,4.176969771296364,5.617331,1,1,A71EV2A-x4812a
aev_plig,CSc1cscc1CC(=O)N1CCC[C@H](C(N)=O)C1 |a:14|,5.073475651835252,5.5116715,1,1,A71EV2A-x4935a
aev_plig,CSc1nc2c(cc1NC(=O)N1CCC[C@H](C(N)=O)C1)CCCC2 |a:15|,4.217527375833714,5.891692300000001,2,2,A71EV2A-x5022a; A71EV2A-x5022b
aev_plig,CSc1ncccc1CC(=O)N1CCC[C@H](C(N)=O)C1 |a:15|,5.072700933344527,5.596357,1,1,A71EV2A-x4918a
aev_plig,CSc1ncccc1NC(=O)N1CCC[C@H](C(N)=O)C1 |a:15|,4.2209855861319525,5.57538585,2,2,A71EV2A-x4883a; A71EV2A-x4883b
aev_plig,CSc1nccnc1CC(=O)N1CCC[C@H](C(N)=O)C1 |a:15|,4.781195179900988,5.5478373,1,1,A71EV2A-x4774a
aev_plig,CSc1ncnc(-c2cn[nH]c2)c1CC(=O)N1CCC[C@H](C(N)=O)C1 |a:20|,5.579850424620521,5.7728662,1,1,A71EV2A-x5544a
aev_plig,CSc1ncnc(N(C)C)c1CC(=O)N1CCC[C@H](C(N)=O)C1 |a:18|,6.393012805332465,5.73943855,2,2,A71EV2A-x7545a; A71EV2A-x7545b
aev_plig,"CSc1ncnc(N(C)C)c1CC(=O)N1C[C@H](C(N)=O)C[C@@H]2C[C@@H]21 |&1:16,21,23|",6.073633599517659,5.8244875,2,2,A71EV2A-x7580a; A71EV2A-x7580b
aev_plig,CSc1ncnc(N(C)C2CCC2)c1CC(=O)N1CCC[C@H](C(N)=O)C1 |a:21|,6.323397411601913,5.8520684,1,1,A71EV2A-x7172a
aev_plig,CSc1ncnc(N(C)C2CCOCC2)c1CC(=O)N1CCC[C@H](C(N)=O)C1 |a:23|,5.7864475040867696,5.824446,1,1,A71EV2A-x7424a
aev_plig,CSc1ncnc(N(C)CC(C)(C)O)c1CC(=O)N1CCC[C@H](C(N)=O)C1 |a:22|,6.134728951225614,5.7951097,1,1,A71EV2A-x7251a
aev_plig,CSc1ncnc(N(C)CC(C)(F)F)c1CC(=O)N1CCC[C@H](C(N)=O)C1 |a:22|,6.994328024624508,5.8351464,1,1,A71EV2A-x7333a
aev_plig,"CSc1ncnc(N(C)CC(F)(F)F)c1CC(=O)N1C[C@H](C(N)=O)C[C@H]2C[C@H]21 |&1:20,25,27|",6.794695728715816,5.936589,1,1,A71EV2A-x7608a
aev_plig,CSc1ncnc(N(C)CC2CCCC2)c1CC(=O)N1CCC[C@H](C(N)=O)C1 |a:23|,6.3046606911348375,5.8623576,1,1,A71EV2A-x7254a
aev_plig,CSc1ncnc(N(C)CCC(F)(F)F)c1CC(=O)N1CCC[C@H](C(N)=O)C1 |a:23|,5.748786440007784,5.8320475,1,1,A71EV2A-x7338a
aev_plig,CSc1ncnc(N(C)Cc2cc(F)c(F)c(F)c2)c1CC(=O)N1CCC[C@H](C(N)=O)C1 |a:27|,6.244997927316081,6.4629607,1,1,A71EV2A-x7176a
aev_plig,CSc1ncnc(N(C)Cc2nn(C)cc2Cl)c1CC(=O)N1CCC[C@H](C(N)=O)C1 |a:25|,7.150528408418002,5.976198,1,1,A71EV2A-x6914a
aev_plig,"CSc1ncnc(N(C)[C@@H](C)c2ccccc2)c1CC(=O)N1CCC[C@H](C(N)=O)C1 |a:9,25|",6.580678113068668,6.17218825,2,2,A71EV2A-x7436a; A71EV2A-x7436b
aev_plig,CSc1ncnc(N2CC(C)(c3ccccc3F)C2)c1CC(=O)N1CCC[C@H](C(N)=O)C1 |a:27|,6.439151337818832,6.3397713,1,1,A71EV2A-x7263a
aev_plig,CSc1ncnc(N2CC(C)C2)c1CC(=O)N1CCC[C@H](C(N)=O)C1 |a:20|,6.526908295764941,5.817344,1,1,A71EV2A-x6920a
aev_plig,CSc1ncnc(N2CC(CC3CCC3)C2)c1CC(=O)N1CCC[C@H](C(N)=O)C1 |a:24|,5.692662147010851,5.8754106,1,1,A71EV2A-x6895a
aev_plig,CSc1ncnc(N2CC(O)C2)c1CC(=O)N1CCC[C@H](C(N)=O)C1 |a:20|,6.426194047786621,5.801812066666667,3,3,A71EV2A-x7334a; A71EV2A-x7334b; A71EV2A-x7389a
aev_plig,CSc1ncnc(N2CC(Oc3ccccc3Cl)C2)c1CC(=O)N1CCC[C@H](C(N)=O)C1 |a:27|,6.078663358532402,6.1727486,1,1,A71EV2A-x7095a
aev_plig,CSc1ncnc(N2CC(c3nncn3C)C2)c1CC(=O)N1CCC[C@H](C(N)=O)C1 |a:25|,6.326170396191348,5.8229174,2,2,A71EV2A-x5808a; A71EV2A-x5808b
aev_plig,CSc1ncnc(N2CCC(C#N)(CC(C)C)CC2)c1CC(=O)N1CCC[C@H](C(N)=O)C1 |a:27|,6.265062352283818,6.007689,1,1,A71EV2A-x7170a
aev_plig,CSc1ncnc(N2CCC(C(=O)N(C(C)C)C(C)C)CC2)c1CC(=O)N1CCC[C@H](C(N)=O)C1 |a:30|,6.225268032740376,5.896302,1,1,A71EV2A-x7096a
aev_plig,CSc1ncnc(N2CCC(N(C)S(C)(=O)=O)CC2)c1CC(=O)N1CCC[C@H](C(N)=O)C1 |a:27|,6.512183700381108,5.8352976,1,1,A71EV2A-x7008a
aev_plig,CSc1ncnc(N2CCC(N3CCOC3=O)CC2)c1CC(=O)N1CCC[C@H](C(N)=O)C1 |a:27|,5.923489528000301,5.845881,1,1,A71EV2A-x7154a
aev_plig,CSc1ncnc(N2CCC3(CCC3)C2)c1CC(=O)N1CCC[C@H](C(N)=O)C1 |a:23|,6.131209779277596,5.8312893,1,1,A71EV2A-x7056a
aev_plig,CSc1ncnc(N2CCC3(CCCC3)C2)c1CC(=O)N1CCC[C@H](C(N)=O)C1 |a:24|,6.462158164196289,5.852574,1,1,A71EV2A-x7024a
aev_plig,CSc1ncnc(N2CCC3(CCCCC3)C2)c1CC(=O)N1CCC[C@H](C(N)=O)C1 |a:25|,6.388555177157266,5.862193,1,1,A71EV2A-x7101a
aev_plig,CSc1ncnc(N2CCC3(CCCO3)CC2)c1CC(=O)N1CCC[C@H](C(N)=O)C1 |a:25|,6.466683163263606,5.786616,1,1,A71EV2A-x7284a
aev_plig,"CSc1ncnc(N2CCCC2)c1CC(=O)N1C[C@H](C(N)=O)C[C@H]2C[C@H]21 |&1:18,23,25|",6.5697284843589205,5.8776197,1,1,A71EV2A-x6838a
aev_plig,"CSc1ncnc(N2CCCC2)c1NC(=O)N1C[C@H](C(N)=O)C[C@H]2C[C@H]21 |&1:18,23,25|",5.928304705589599,5.8823977,1,1,A71EV2A-x7622a
aev_plig,CSc1ncnc(N2CCCCCC2)c1CC(=O)N1CCC[C@H](C(N)=O)C1 |a:22|,7.1865084765696,5.87089385,2,2,A71EV2A-x7560a; A71EV2A-x7560b
aev_plig,"CSc1ncnc(N2CCCC[C@@H]2C(C)C)c1CC(=O)N1CCC[C@H](C(N)=O)C1 |a:12,24|",6.372178760973441,5.907775,1,1,A71EV2A-x7420a
aev_plig,"CSc1ncnc(N2CCCC[C@H]2CO)c1CC(=O)N1CCC[C@H](C(N)=O)C1 |a:12,23|",5.867264623808438,5.8960238,1,1,A71EV2A-x7430a
aev_plig,"CSc1ncnc(N2CCC[C@@H]2C(=O)N(C)C)c1CC(=O)N1CCC[C@H](C(N)=O)C1 |a:11,25|",6.66771737227654,5.910285,1,1,A71EV2A-x7309a
aev_plig,"CSc1ncnc(N2CCC[C@@H]2C(C)C)c1CC(=O)N1CCC[C@H](C(N)=O)C1 |a:11,23|",7.76022176714164,5.876033,1,1,A71EV2A-x7135a
aev_plig,"CSc1ncnc(N2CCC[C@@H]2C)c1CC(=O)N1CCC[C@H](C(N)=O)C1 |a:11,21|",6.616555737163779,5.8361628,2,2,A71EV2A-x7533a; A71EV2A-x7533b
aev_plig,"CSc1ncnc(N2CCC[C@@H]2C2CC2)c1CC(=O)N1CCC[C@H](C(N)=O)C1 |a:11,23|",7.937951041727581,5.871886,1,1,A71EV2A-x7259a
aev_plig,"CSc1ncnc(N2CCC[C@@H]2CC(C)C)c1CC(=O)N1CCC[C@H](C(N)=O)C1 |a:11,24|",7.199879115817523,5.865087,1,1,A71EV2A-x7147a
aev_plig,"CSc1ncnc(N2CCC[C@@H]2Cc2ccccc2)c1CC(=O)N1CCC[C@H](C(N)=O)C1 |a:11,27|",5.138183874676179,6.232826,1,1,A71EV2A-x7433a
aev_plig,"CSc1ncnc(N2CCC[C@@H]2Cc2ccnn2C)c1CC(=O)N1CCC[C@H](C(N)=O)C1 |a:11,27|",7.359361237098654,5.9651628,1,1,A71EV2A-x7132a
aev_plig,"CSc1ncnc(N2CCC[C@@H]2Cn2cccn2)c1CC(=O)N1CCC[C@H](C(N)=O)C1 |a:11,26|",6.189334160880994,5.984315,1,1,A71EV2A-x7127a
aev_plig,"CSc1ncnc(N2CCC[C@@H]2c2ccccc2)c1CC(=O)N1CCC[C@H](C(N)=O)C1 |a:11,26|",7.13169634555566,6.1411424,1,1,A71EV2A-x7570a
aev_plig,"CSc1ncnc(N2CCC[C@H](C(F)(F)F)C2)c1CC(=O)N1CCC[C@H](C(N)=O)C1 |a:11,25|",6.211100724659235,5.7689905,1,1,A71EV2A-x7246a
aev_plig,"CSc1ncnc(N2CCC[C@H](C)C2)c1CC(=O)N1CCC[C@H](C(N)=O)C1 |a:11,22|",6.173854131618843,5.797923,1,1,A71EV2A-x7250a
aev_plig,"CSc1ncnc(N2CCC[C@H]2C(C)C)c1CC(=O)N1CCC[C@H](C(N)=O)C1 |a:11,23|",5.331449457260316,5.86928915,2,2,A71EV2A-x7491a; A71EV2A-x7491b
aev_plig,CSc1ncnc(N2CCC[C@H]2C(N)=O)c1CC(=O)N1CCC[C@H](C(N)=O)C1 |&1:11|,7.714442690992226,5.8451552,1,1,A71EV2A-x6832a
aev_plig,"CSc1ncnc(N2CCC[C@H]2C)c1CC(=O)N1CCC[C@H](C(N)=O)C1 |a:11,21|",5.244486511545811,5.8223205,2,2,A71EV2A-x7501a; A71EV2A-x7501b
aev_plig,"CSc1ncnc(N2CCC[C@H]2C2CC2)c1CC(=O)N1CCC[C@H](C(N)=O)C1 |a:11,23|",5.262032975642954,5.899081000000001,2,2,A71EV2A-x7475a; A71EV2A-x7475b
aev_plig,"CSc1ncnc(N2CCC[C@H]2CC(C)C)c1CC(=O)N1CCC[C@H](C(N)=O)C1 |a:11,24|",5.823789680118151,5.92117,1,1,A71EV2A-x7257a
aev_plig,"CSc1ncnc(N2CCC[C@H]2Cc2ccnn2C)c1CC(=O)N1CCC[C@H](C(N)=O)C1 |a:11,27|",5.214011302839139,5.9353895,1,1,A71EV2A-x7247a
aev_plig,CSc1ncnc(N2CCN(c3ccccn3)CC2)c1CC(=O)N1CCC[C@H](C(N)=O)C1 |a:27|,6.486226948852135,5.994347,1,1,A71EV2A-x6802a
aev_plig,"CSc1ncnc(N2CC[C@@H](OC(F)F)C2)c1CC(=O)N1CCC[C@H](C(N)=O)C1 |a:10,24|",6.048106607275539,5.788115,1,1,A71EV2A-x7025a
aev_plig,"CSc1ncnc(N2CC[C@@H](OC3CC3)C2)c1CC(=O)N1CCC[C@H](C(N)=O)C1 |a:10,24|",7.159468716081884,5.80163,1,1,A71EV2A-x7316a
aev_plig,"CSc1ncnc(N2CC[C@H](C(=O)N(C)C)C2)c1CC(=O)N1CCC[C@H](C(N)=O)C1 |a:10,25|",5.974361680056222,5.8458357,1,1,A71EV2A-x7427a
aev_plig,"CSc1ncnc(N2CC[C@H](C(=O)N3CCC(C)CC3)C2)c1CC(=O)N1CCC[C@H](C(N)=O)C1 |a:10,29|",6.08170819903569,5.889777,1,1,A71EV2A-x7190a
aev_plig,"CSc1ncnc(N2CC[C@H](C)C2)c1CC(=O)N1CCC[C@H](C(N)=O)C1 |a:10,21|",6.293489458676176,5.7998655,2,2,A71EV2A-x7026a; A71EV2A-x7026b
aev_plig,"CSc1ncnc(N2CC[C@H](OC(F)F)C2)c1CC(=O)N1CCC[C@H](C(N)=O)C1 |a:10,24|",6.925751444530095,5.8257537,1,1,A71EV2A-x7031a
aev_plig,"CSc1ncnc(N2CC[C@H](SC)C2)c1CC(=O)N1CCC[C@H](C(N)=O)C1 |a:10,22|",6.9071041930964325,5.706362,1,1,A71EV2A-x7093a
aev_plig,"CSc1ncnc(N2CC[C@H]2C)c1CC(=O)N1CCC[C@H](C(N)=O)C1 |a:10,20|",6.695497686202032,5.761888,1,1,A71EV2A-x7339a
aev_plig,CSc1ncnc(N2CCc3ccccc3CC2)c1CC(=O)N1CCC[C@H](C(N)=O)C1 |a:26|,6.483018872150272,5.9870687,1,1,A71EV2A-x7015a
aev_plig,CSc1ncnc(N2CCc3ccsc3C2)c1CC(=O)N1CCC[C@H](C(N)=O)C1 |a:24|,5.794648268341138,5.900093,1,1,A71EV2A-x5666a
aev_plig,CSc1ncnc(N2CCc3cnc(C(C)C)nc3C2)c1CC(=O)N1CCC[C@H](C(N)=O)C1 |a:28|,5.912659591908459,6.0467644,1,1,A71EV2A-x7151a
aev_plig,CSc1ncnc(N2CCn3nc4c(c3C2)CCC4)c1CC(=O)N1CCC[C@H](C(N)=O)C1 |a:27|,5.601864484742403,5.908569849999999,2,2,A71EV2A-x7043a; A71EV2A-x7043b
aev_plig,CSc1ncnc(N2CCn3ncc(C#N)c3C2)c1CC(=O)N1CCC[C@H](C(N)=O)C1 |a:26|,6.13113891891355,5.9768443,1,1,A71EV2A-x7130a
aev_plig,"CSc1ncnc(N2C[C@H]3C[C@H]3C2)c1CC(=O)N1CCC[C@H](C(N)=O)C1 |&1:9,&2:11|",6.558486174447746,5.791795533333333,3,3,A71EV2A-x7317a; A71EV2A-x7317b; A71EV2A-x7372a
aev_plig,CSc1ncnc(N2Cc3ccccc3C2)c1CC(=O)N1CCC[C@H](C(N)=O)C1 |a:24|,6.006913143117045,6.0501494,1,1,A71EV2A-x6808a
aev_plig,CSc1ncnc(SC)c1CC(=O)N1CCC[C@H](C(N)=O)C1 |a:17|,5.699017277769941,5.63979,1,1,A71EV2A-x5581a
aev_plig,CSc1ncncc1CC(=O)N1CCC[C@H](C(N)=O)C1 |a:15|,5.186217598084144,5.4902407,2,2,A71EV2A-x5039a; A71EV2A-x5039b
aev_plig,C[C@H](C(=O)N1CCC[C@H](C(N)=O)C1)c1cn(C)nc1C(F)(F)F |&1:1|,4.462842099070634,5.71804275,2,2,A71EV2A-x4510a; A71EV2A-x4571a
aev_plig,C[C@H](C(=O)N1CCC[C@H](C(N)=O)C1)c1nc(F)ccc1Cl |&1:1|,4.277445359017488,6.04302075,2,2,A71EV2A-x4895a; A71EV2A-x4895b
aev_plig,C[C@H](Cc1cocn1)NC(=O)c1nn(C)c2ccccc12 |&1:1|,4.9657785438458255,5.4783723,2,2,A71EV2A-x3379a; A71EV2A-x3593a
aev_plig,"C[C@H](c1ccc(Cl)c(Br)c1)N1C[C@H](C(N)=O)CCC1=O |&1:1,&2:12|",4.041436116778033,6.097412,1,1,A71EV2A-x5556a
aev_plig,"C[C@H](c1ccc2[nH]ncc2c1)N1C[C@H](C(N)=O)CCC1=O |&1:1,&2:13|",4.180071698767357,5.7619934,1,1,A71EV2A-x5744a
aev_plig,"C[C@H](c1cccc(Cl)c1F)N1C[C@H](C(N)=O)CCC1=O |&1:1,&2:12|",4.632644078973981,6.048337,1,1,A71EV2A-x5673a
aev_plig,"C[C@H]1CC(=O)N(Cc2ccc3cnn(C)c3c2)C[C@@H]1C(N)=O |o1:1,18|",4.76433957251824,5.862591500000001,2,2,A71EV2A-x5777a; A71EV2A-x5777b
aev_plig,"C[C@H]1CC(=O)N(Cc2ccc3cnn(C)c3c2)C[C@H]1C(N)=O |o1:1,18|",4.207870191519494,5.759489,1,1,A71EV2A-x5766a
aev_plig,Cc1cc(C)c(CC(=O)N2CCC[C@H](C(N)=O)C2)c(=O)[nH]1 |a:13|,4.306273051076353,5.985977,1,1,A71EV2A-x4291a
aev_plig,Cc1cc(C)c(Nc2ccn(C)n2)c(C)c1,5.3072486987698415,4.8878098,1,1,A71EV2A-x3279a
aev_plig,Cc1cc(C)c(Nc2ccn(C3COC3)n2)c(C)c1,5.016824927962187,5.48459,1,1,A71EV2A-x3234a
aev_plig,Cc1cc(CNC(=O)c2cn(C)c3ccccc23)on1,4.953569528330592,5.3281274,1,1,A71EV2A-x3175a
aev_plig,Cc1cc2sccc2c(Cl)c1OC(=O)N1CCC[C@H](C(N)=O)C1 |a:18|,4.215114698485657,6.2187967,1,1,A71EV2A-x5482a
aev_plig,Cc1ccc(CC(=O)N2CCC[C@H](C(N)=O)C2)s1 |&1:12|,4.633044431676764,5.54311375,2,2,A71EV2A-x5424a; A71EV2A-x5424b
aev_plig,Cc1ccc2c(C(=O)NCCc3cocn3)c[nH]c2c1,5.10808214227103,5.536565,1,1,A71EV2A-x3568a
aev_plig,Cc1ccc2c(c1OC(=O)N1CCC[C@H](C(N)=O)C1)CCC2 |a:14|,4.479326279665005,5.993474600000001,2,2,A71EV2A-x5599a; A71EV2A-x5599b
aev_plig,Cc1ccc2c(cnn2C)c1Nc1ccn([C@H]2CCNC2=O)n1 |&1:16|,4.937001727490601,5.737685,1,1,A71EV2A-x3305a
aev_plig,Cc1ccc2ccccc2c1N1C[C@H](C(N)=O)CCC1=O |&1:13|,3.942576835487996,6.114904,1,1,A71EV2A-x5572a
aev_plig,Cc1ccc2cccnc2c1OC(=O)N1CCC[C@H](C(N)=O)C1 |a:18|,4.597502408486665,6.0353746,1,1,A71EV2A-x5479a
aev_plig,Cc1cccc(CC(=O)N2CCC[C@H](C(N)=O)C2)c1 |&1:13|,4.290127690297292,5.9354036,2,2,A71EV2A-x4020a; A71EV2A-x4020b
aev_plig,Cc1cccc(CNC(=O)N2CCC[C@H](C(N)=O)C2)c1 |a:14|,4.967584368389079,5.8081701500000005,2,2,A71EV2A-x3706a; A71EV2A-x3706b
aev_plig,Cc1cccc(N(CC(=O)N2CCCCC2)C(=O)N2CCC[C@H](C(N)=O)C2)c1 |a:22|,4.627087997029894,6.052797,1,1,A71EV2A-x3908a
aev_plig,Cc1cccc(N2CCCN(CCC(N)=O)C2=O)c1,4.911546516921495,5.9879704,1,1,A71EV2A-x4402a
aev_plig,Cc1cccc(NC(=O)N2CCC[C@H](C(N)=O)C2)c1 |a:13|,4.246416941107094,5.8319187,1,1,A71EV2A-x3054a
aev_plig,Cc1ccccc1CNC(=O)N1CCC[C@H](C(N)=O)C1 |a:15|,4.978810700930062,5.7452657,2,2,A71EV2A-x3616a; A71EV2A-x3616b
aev_plig,Cc1ccccc1NC(=O)N1CCC[C@H](C(N)=O)C1 |a:14|,4.386163320168128,5.754264,1,1,A71EV2A-x3510a
aev_plig,Cc1ccccc1NC(=O)c1ccc(C)c(C(N)=O)c1,4.804100347590766,5.8936033,1,1,A71EV2A-x3867a
aev_plig,Cc1ccccc1NC(=O)c1cncc(C(N)=O)c1,4.632644078973981,5.577642,1,1,A71EV2A-x3564a
aev_plig,Cc1cnc(CNS(=O)(=O)C[C@H](C)c2ccccc2)o1 |&1:11|,4.8184062698439085,5.2721853,1,1,A71EV2A-x3623a
aev_plig,Cc1nc(C)c(CC(=O)N2CCC[C@H](C(N)=O)C2)[nH]1 |a:13|,5.409458546594426,5.496578,1,1,A71EV2A-x3221a
aev_plig,Cc1nc2ccccc2n1CC(=O)N1CCC[C@H](C(N)=O)C1 |&1:17|,4.137777547252243,5.898091,1,1,A71EV2A-x3225a
aev_plig,Cc1nc2n(c1CC(=O)N1CCC[C@H](C(N)=O)C1)CCCC2 |&1:13|,5.221581099702723,5.656035,1,1,A71EV2A-x3489a
aev_plig,Cc1ncnc(C)c1CC(=O)N1CCC[C@H](C(N)=O)C1 |a:15|,3.654064344980796,5.5861077,1,1,A71EV2A-x4464a
aev_plig,Cc1nn(C)c(C)c1CC(=O)N[C@H](CNC(=O)CCl)c1ccc2ccccc2c1 |&1:12|,4.660785023463071,5.7489557,1,1,A71EV2A-x1346a
aev_plig,Cc1nn(C)c2cc(C(=O)NCCc3cocn3)ccc12,4.945173530861923,5.5136476,1,1,A71EV2A-x3410a
aev_plig,Cc1ocnc1CCNC(=O)c1nn(C)c2ccccc12,5.09799710864927,5.4575324,1,1,A71EV2A-x3286a
aev_plig,"Cc1sc([C@H](C)N2C[C@H](C(N)=O)CCC2=O)nc1-c1ccco1 |&1:4,&2:8|",4.604279969816917,5.673269,1,1,A71EV2A-x6730a
aev_plig,"Cn1cc(CC(=O)N2C[C@H](C(N)=O)C[C@@H]3C[C@@H]32)cn1 |&1:9,14,16|",4.608000737058194,5.4373407,1,1,A71EV2A-x4992a
aev_plig,Cn1cc(NS(=O)(=O)N2CCC[C@H](C(N)=O)C2)cn1 |a:12|,5.738140147629213,5.37982885,2,2,A71EV2A-x5090a; A71EV2A-x5150a
aev_plig,Cn1cc2c(CC(=O)N3CCC[C@H](C(N)=O)C3)cccc2n1 |o1:12|,4.405607449624573,5.8720455,1,1,A71EV2A-x3914a
aev_plig,Cn1cc2c(CC(=O)N3CC[C@H](C(N)=O)C3)cccc2n1 |&1:11|,4.410050398674293,5.811685,1,1,A71EV2A-x3556a
aev_plig,Cn1cc2c(n1)CCC[C@H]2C(=O)N1CCC[C@H](C(N)=O)C1 |&1:9|,3.749590923528832,5.489318,1,1,A71EV2A-x4608a
aev_plig,Cn1cc2cccc(NC(=O)Cc3cocn3)c2n1,4.662403924407542,5.254665,1,1,A71EV2A-x3403a
aev_plig,"Cn1ccnc1[C@H](c1ccccc1)N1C[C@H](C(N)=O)CC1=O |&1:6,&2:15|",4.649751981665837,5.823343,1,1,A71EV2A-x5106a
aev_plig,Cn1cnc(CCNC(=O)c2nn(C)c3ccccc23)c1,5.2372107018718905,5.280883,1,1,A71EV2A-x3371a
aev_plig,Cn1cnc2c(NC(=O)N3CCC[C@H](C(N)=O)C3)cccc21 |a:13|,5.398637148380375,5.7709195,2,2,A71EV2A-x4447a; A71EV2A-x4447b
aev_plig,Cn1nc(C(=O)N2Cc3ccccc3C[C@H]2CN)c2ccccc21 |&1:15|,5.041436116778033,5.988718,1,1,A71EV2A-x2293a
aev_plig,Cn1nc(C(=O)NC2CC2)c2cc(F)ccc21,4.887413111043684,5.794737,1,1,A71EV2A-x2339a
aev_plig,Cn1nc(C(=O)NCC(F)(F)c2ccccn2)c2ccccc21,5.168134464700943,5.506627,1,1,A71EV2A-x3280a
aev_plig,Cn1nc(C(=O)NCCc2ccc(S(C)(=O)=O)cc2)c2ccccc21,4.84887783952492,5.8410234,1,1,A71EV2A-x3324a
aev_plig,Cn1nc(C(=O)NCCc2cocn2)c2ccccc2c1=O,5.170374765613669,5.78366,1,1,A71EV2A-x3419a
aev_plig,Cn1nc(C(=O)NCCc2cocn2)c2cccnc21,4.981705511622298,5.2647295,1,1,A71EV2A-x3264a
aev_plig,Cn1nc(C(=O)NCCc2cscn2)c2ccccc21,5.337951414156192,5.347885,1,1,A71EV2A-x3306a
aev_plig,Cn1nc(C(=O)NCCn2cncn2)c2ccccc21,4.939565029910406,5.25593765,2,2,A71EV2A-x3181a; A71EV2A-x3181b
aev_plig,Cn1nc(C(=O)N[C@H]2CCOC2)c2ccccc21 |&1:7|,5.062339877849264,5.7048388,1,1,A71EV2A-x3178a
aev_plig,"Cn1nc(C(=O)N[C@H]2C[C@H]2CO)c2ccccc21 |&1:7,9|",4.895875462550428,5.4878287,1,1,A71EV2A-x3177a
aev_plig,Cn1nc(C(=O)Nc2cn[nH]c2)c2ccccc21,4.7783685062706525,5.3371134,1,1,A71EV2A-x2304a
aev_plig,Cn1nc(C(N)=O)c2cc(F)ccc21,5.050703769890054,4.9266195,1,1,A71EV2A-x2351a
aev_plig,Cn1nc(CC(=O)N2CC(C(N)=O)C2)c2ccccc21,4.610833915635467,5.5884786,1,1,A71EV2A-x4994a
aev_plig,Cn1nc(CN2C[C@H](C(N)=O)CCC2=O)c2ccccc21 |&1:7|,5.116903441948165,5.684347,1,1,A71EV2A-x4547a
aev_plig,Cn1ncc(-c2cc(Cl)cc(Cl)c2)c1CC(=O)N1CCC[C@H](C(N)=O)C1 |&1:21|,4.958377726777354,6.128665,1,1,A71EV2A-x3606a
aev_plig,Cn1ncc(C(=O)NCCc2cocn2)n1,5.545714601514328,4.6540403,1,1,A71EV2A-x3436a
aev_plig,Cn1ncc2ccc(CN3C[C@H](C(N)=O)CC(C)(C)C3=O)cc21 |&1:11|,4.005682847330363,5.9517737,2,2,A71EV2A-x5721a; A71EV2A-x5721b
aev_plig,Cn1ncc2ccc(CN3C[C@H](C(N)=O)CCC3=O)cc21 |o1:11|,4.026655009457717,5.685528,1,1,A71EV2A-x4974a
aev_plig,N#CC1CC(NC(=O)C2(c3ccc(Cl)cc3Cl)CCOCC2)C1,4.726469830785563,6.0706444,1,1,A71EV2A-x3521a
aev_plig,N#CCc1cccc(NC(=O)N2CCC[C@H](C(N)=O)C2)c1 |a:15|,5.356959172517914,5.9202166,1,1,A71EV2A-x3480a
aev_plig,N#CCc1ccccc1CC(=O)N1CCC[C@H](C(N)=O)C1 |a:16|,5.101757238648579,6.065007,2,2,A71EV2A-x4321a; A71EV2A-x4321b
aev_plig,N#Cc1ccc(Br)cc1OC(=O)N1CCC[C@H](C(N)=O)C1 |a:16|,4.421371068072836,6.373966,1,1,A71EV2A-x5559a
aev_plig,N#Cc1cccc(CC(=O)N2CCC[C@H](C(N)=O)C2)n1 |a:14|,4.625197671079573,6.16503215,2,2,A71EV2A-x5082a; A71EV2A-x5082b
aev_plig,N#Cc1cccc(NC(=O)N2CCC[C@H](C(N)=O)C2)c1 |a:14|,5.189128446912704,5.958565699999999,2,2,A71EV2A-x3509a; A71EV2A-x3509b
aev_plig,N#Cc1ccncc1OC(=O)N1CCC[C@H](C(N)=O)C1 |a:15|,4.504331180271011,5.907345,2,2,A71EV2A-x5594a; A71EV2A-x5594b
aev_plig,N#Cc1nccc(CC(=O)N2CCC[C@H](C(N)=O)C2)n1 |a:14|,4.006352818021342,6.3495684,1,1,A71EV2A-x5448a
aev_plig,N#Cc1ncncc1CC(=O)N1CCC[C@H](C(N)=O)C1 |a:15|,4.424812155072339,5.976924,1,1,A71EV2A-x5212a
aev_plig,N#Cc1sccc1CC(=O)N1CCC[C@H](C(N)=O)C1 |a:14|,5.008444067750377,5.750689,1,1,A71EV2A-x3450a
aev_plig,NC(=O)CC1CCN(C(=O)c2cccc(F)c2)CC1,4.597746280949512,5.991928700000001,2,2,A71EV2A-x5409a; A71EV2A-x5409b
aev_plig,NC(=O)C[C@H]1CCCN(c2ncnc3ccccc23)C1 |&1:4|,4.959254335737151,5.8976736,1,1,A71EV2A-x4351a
aev_plig,NC(=O)[C@H]1CC(=O)N(Cc2cccc3c2OCC3)C1 |&1:3|,5.0762380391713,5.565316,1,1,A71EV2A-x4312a
aev_plig,"NC(=O)[C@H]1CCC(=O)N(C[C@H]2CCOc3ccccc32)C1 |&1:3,&2:10|",4.620443689892642,5.677219,1,1,A71EV2A-x4409a
aev_plig,NC(=O)[C@H]1CCC(=O)N(Cc2cc(F)cnc2C(F)(F)F)C1 |&1:3|,4.315546325758652,5.787266,2,2,A71EV2A-x5635a; A71EV2A-x5635b
aev_plig,NC(=O)[C@H]1CCC(=O)N(Cc2ccc3cc[nH]c3c2)C1 |&1:3|,4.611743840379951,5.875237,2,2,A71EV2A-x4596a; A71EV2A-x4596b
aev_plig,NC(=O)[C@H]1CCC(=O)N(Cc2cccc(F)c2)C1 |&1:3|,4.255233465290414,5.785387,1,1,A71EV2A-x4924a
aev_plig,NC(=O)[C@H]1CCC(=O)N(Cc2ccsc2)C1 |&1:3|,3.774068781319247,5.165841500000001,2,2,A71EV2A-x5608a; A71EV2A-x5608b
aev_plig,NC(=O)[C@H]1CCC(=O)N([C@@H]2CCCc3ccccc32)C1 |o1:3|,4.5934598195660445,5.7606745,1,1,A71EV2A-x5052a
aev_plig,"NC(=O)[C@H]1CCC(=O)N([C@H](CC(F)(F)F)c2cc(Cl)cc(Cl)c2)C1 |&1:3,&2:9|",4.327996747928408,5.962387,1,1,A71EV2A-x5665a
aev_plig,NC(=O)[C@H]1CCC(=O)N([C@H]2CCCc3ccccc32)C1 |o1:3|,4.631937259138866,5.8416984,2,2,A71EV2A-x5210a; A71EV2A-x5210b
aev_plig,NC(=O)[C@H]1CCC(=O)N(c2cc3cnccc3c(F)c2F)C1 |&1:3|,4.801706220928761,6.1925106,1,1,A71EV2A-x6714a
aev_plig,NC(=O)[C@H]1CCCN(C(=O)C(c2ccccc2)c2ccccc2)C1 |a:3|,5.179858685151659,6.1833053,1,1,A71EV2A-x3982a
aev_plig,NC(=O)[C@H]1CCCN(C(=O)C2(O)CCSCC2)C1 |a:3|,4.388276691992658,5.356105,1,1,A71EV2A-x4708a
aev_plig,NC(=O)[C@H]1CCCN(C(=O)C2(c3ccoc3)CCC2)C1 |a:3|,4.618930913825583,5.58155565,2,2,A71EV2A-x4514a; A71EV2A-x4575a
aev_plig,NC(=O)[C@H]1CCCN(C(=O)C2CCSCC2)C1 |a:3|,4.603800652904264,5.4010024,1,1,A71EV2A-x4706a
aev_plig,NC(=O)[C@H]1CCCN(C(=O)CC2CSC2)C1 |a:3|,4.607306606035202,5.269311,1,1,A71EV2A-x4707a
aev_plig,NC(=O)[C@H]1CCCN(C(=O)Cc2cc(C(F)(F)F)ccc2C(F)(F)F)C1 |a:3|,3.806800765395556,6.0267954,1,1,A71EV2A-x4381a
aev_plig,NC(=O)[C@H]1CCCN(C(=O)Cc2cc(C(F)(F)F)ccc2Cl)C1 |&1:3|,4.906948150425689,6.2067804,1,1,A71EV2A-x3208a
aev_plig,NC(=O)[C@H]1CCCN(C(=O)Cc2cc3c(cc2Cl)OCCO3)C1 |a:3|,4.037176387439713,5.9693185,2,2,A71EV2A-x4669a; A71EV2A-x4669b
aev_plig,NC(=O)[C@H]1CCCN(C(=O)Cc2ccc3c(c2)CCC(=O)N3)C1 |a:3|,4.349692476868063,5.8251,1,1,A71EV2A-x4320a
aev_plig,NC(=O)[C@H]1CCCN(C(=O)Cc2cccc(Cl)c2Cl)C1 |a:3|,4.065026720650614,6.18114,1,1,A71EV2A-x4336a
aev_plig,NC(=O)[C@H]1CCCN(C(=O)Cc2cccc3c2CCC3)C1 |a:3|,3.9502403164313615,5.9252176,1,1,A71EV2A-x4344a
aev_plig,NC(=O)[C@H]1CCCN(C(=O)Cc2cccc3c2SCC3)C1 |a:3|,3.551812748385584,6.04648,1,1,A71EV2A-x5151a
aev_plig,NC(=O)[C@H]1CCCN(C(=O)Cc2cccc3cn[nH]c23)C1 |&1:3|,5.011185771310347,5.974326,1,1,A71EV2A-x3210a
aev_plig,NC(=O)[C@H]1CCCN(C(=O)Cc2cccc3ncsc23)C1 |a:3|,3.9648133085158968,5.827042,1,1,A71EV2A-x5221a
aev_plig,NC(=O)[C@H]1CCCN(C(=O)Cc2cccc3nsnc23)C1 |a:3|,4.492392502728005,5.537549,1,1,A71EV2A-x4463a
aev_plig,NC(=O)[C@H]1CCCN(C(=O)Cc2cccc3occc23)C1 |&1:3|,3.960269771303526,5.9417825,1,1,A71EV2A-x3191a
aev_plig,NC(=O)[C@H]1CCCN(C(=O)Cc2cccc3sccc23)C1 |a:3|,3.9387751065420735,6.115357,1,1,A71EV2A-x4341a
aev_plig,NC(=O)[C@H]1CCCN(C(=O)Cc2ccccc2CO)C1 |a:3|,4.345773777137761,5.61331275,2,2,A71EV2A-x4374a; A71EV2A-x4374b
aev_plig,NC(=O)[C@H]1CCCN(C(=O)Cc2ccccc2CS(N)(=O)=O)C1 |a:3|,4.135380979941972,5.861755,1,1,A71EV2A-x4403a
aev_plig,NC(=O)[C@H]1CCCN(C(=O)Cc2ccccc2OC(F)F)C1 |a:3|,4.229666366474778,5.9698944,1,1,A71EV2A-x4319a
aev_plig,NC(=O)[C@H]1CCCN(C(=O)Cc2cccnc2Cl)C1 |a:3|,3.43690985073048,5.6631363,2,2,A71EV2A-x5079a; A71EV2A-x5079b
aev_plig,NC(=O)[C@H]1CCCN(C(=O)Cc2cccnc2O)C1 |a:3|,5.153756287657022,5.592622,1,1,A71EV2A-x4372a
aev_plig,NC(=O)[C@H]1CCCN(C(=O)Cc2ccnc(Cl)c2Br)C1 |&1:3|,4.162204305054052,5.9685593,1,1,A71EV2A-x3193a
aev_plig,NC(=O)[C@H]1CCCN(C(=O)Cc2ccnc(Cl)n2)C1 |a:3|,4.653647025549361,5.44143135,2,2,A71EV2A-x5213a; A71EV2A-x5213b
aev_plig,NC(=O)[C@H]1CCCN(C(=O)Cc2ccncc2Cl)C1 |a:3|,5.18523404082538,5.6627703,1,1,A71EV2A-x4461a
aev_plig,NC(=O)[C@H]1CCCN(C(=O)Cc2ccsc2)C1 |&1:3|,4.589713631215067,5.5005515,2,2,A71EV2A-x5425a; A71EV2A-x5425b
aev_plig,NC(=O)[C@H]1CCCN(C(=O)Cc2cncnc2Cl)C1 |a:3|,4.037630664329979,5.5711773,2,2,A71EV2A-x5081a; A71EV2A-x5081b
aev_plig,NC(=O)[C@H]1CCCN(C(=O)Cc2ncc3ccc(Br)cn23)C1 |a:3|,4.424218724311264,5.9219372,4,4,A71EV2A-x4519a; A71EV2A-x4519b; A71EV2A-x4580a; A71EV2A-x4580b
aev_plig,NC(=O)[C@H]1CCCN(C(=O)Cc2ncncc2Cl)C1 |a:3|,4.03673794170959,5.578053349999999,2,2,A71EV2A-x4979a; A71EV2A-x4979b
aev_plig,NC(=O)[C@H]1CCCN(C(=O)Cn2cc(Br)cc(Cl)c2=O)C1 |a:3|,3.7253509633996433,6.0047927,1,1,A71EV2A-x4540a
aev_plig,NC(=O)[C@H]1CCCN(C(=O)NCC2CC2)C1 |a:3|,5.064884396650843,5.068282,1,1,A71EV2A-x3417a
aev_plig,NC(=O)[C@H]1CCCN(C(=O)Nc2cc3c(cc2Cl)OCO3)C1 |a:3|,4.6271423700874985,5.8603544,1,1,A71EV2A-x4308a
aev_plig,NC(=O)[C@H]1CCCN(C(=O)Nc2cccc3c2S(=O)(=O)CCC3)C1 |a:3|,4.616184634019569,5.9929347,1,1,A71EV2A-x4654a
aev_plig,NC(=O)[C@H]1CCCN(C(=O)Nc2cccc3c2SCCC3)C1 |a:3|,4.5141394746468695,5.929426233333333,3,3,A71EV2A-x4674a; A71EV2A-x4674b; A71EV2A-x4674c
aev_plig,NC(=O)[C@H]1CCCN(C(=O)Nc2ccccc2F)C1 |a:3|,4.851286884122841,5.858229,1,1,A71EV2A-x3612a
aev_plig,NC(=O)[C@H]1CCCN(C(=O)Nc2ccccc2OCC(F)(F)F)C1 |a:3|,5.15661038833037,5.8727126,1,1,A71EV2A-x4306a
aev_plig,NC(=O)[C@H]1CCCN(C(=O)Nc2ccccc2SC(F)F)C1 |a:3|,4.325140144305149,5.9689813,1,1,A71EV2A-x4656a
aev_plig,NC(=O)[C@H]1CCCN(C(=O)OC2CCCCC2)C1 |a:3|,4.042264201974706,5.2376857,1,1,A71EV2A-x5351a
aev_plig,NC(=O)[C@H]1CCCN(C(=O)[C@H](CN2CCCC2)c2ccccc2)C1 |&1:10|,5.024630533433036,5.8915577,1,1,A71EV2A-x3975a
aev_plig,NC(=O)[C@H]1CCCN(C(=O)[C@H](Cc2ccc(F)cc2)c2ccccc2)C1 |&1:10|,5.478592246479633,6.44987185,4,4,A71EV2A-x4237a; A71EV2A-x4237b; A71EV2A-x4237c; A71EV2A-x4237d
aev_plig,NC(=O)[C@H]1CCCN(C(=O)[C@H](OCC2CCCC2)c2ccccc2)C1 |&1:10|,5.567003508658591,5.9378843,1,1,A71EV2A-x3968a
aev_plig,NC(=O)[C@H]1CCCN(C(=O)[C@H](Sc2ccccc2)c2ccccc2)C1 |&1:10|,5.135488918941608,6.0188229,2,2,A71EV2A-x3986a; A71EV2A-x3986b
aev_plig,NC(=O)[C@H]1CCCN(C(=O)[C@H](c2ccccc2)n2cccn2)C1 |&1:10|,4.869666231504994,5.9294431,2,2,A71EV2A-x4451a; A71EV2A-x4451b
aev_plig,"NC(=O)[C@H]1CCCN(C(=O)[C@H]2CCNc3[nH]ncc32)C1 |&1:3,&2:10|",5.556193958463214,5.470653,1,1,A71EV2A-x3218a
aev_plig,NC(=O)[C@H]1CCCN(C(=O)[C@H]2CCOc3ccc(Cl)cc32)C1 |&1:10|,5.28547334915742,6.0508904,1,1,A71EV2A-x4260a
aev_plig,NC(=O)[C@H]1CCCN(C(=O)[C@H]2CCSc3ccccc32)C1 |o1:10|,4.826813731587726,5.9436328,2,2,A71EV2A-x4943a; A71EV2A-x4943b
aev_plig,"NC(=O)[C@H]1CCCN(C(=O)[C@H]2CC[C@H]2c2ccc(Cl)cc2)C1 |&1:10,&2:13|",4.000869458712629,6.063452,1,1,A71EV2A-x5550a
aev_plig,NC(=O)[C@H]1CCCN(C(=O)[C@H]2CCc3cccc(Br)c32)C1 |&1:10|,4.479401524821051,6.1715505,2,2,A71EV2A-x4202a; A71EV2A-x4202b
aev_plig,NC(=O)[C@H]1CCCN(C(=O)[C@H]2CCc3cccc(O)c32)C1 |&1:10|,5.148337017678052,5.9063082,2,2,A71EV2A-x4456a; A71EV2A-x4456b
aev_plig,NC(=O)[C@H]1CCCN(C(=O)[C@H]2CCc3snnc32)C1 |&1:10|,4.667561540084395,5.1247754,1,1,A71EV2A-x4472a
aev_plig,NC(=O)[C@H]1CCCN(C(=O)[C@H]2SCc3cccnc32)C1 |&1:10|,4.60382166833978,5.748628,2,2,A71EV2A-x4606a; A71EV2A-x4606b
aev_plig,"NC(=O)[C@H]1CCCN(C(=O)[C@]2(Cc3ccc(F)cc3)CCCCO2)C1 |&1:3,&2:10|",4.609064892896621,6.3162513,1,1,A71EV2A-x4416a
aev_plig,NC(=O)[C@H]1CCCN(C(=O)c2ccnc3[nH]ncc23)C1 |&1:3|,4.787812395596042,5.572975,1,1,A71EV2A-x3223a
aev_plig,NC(=O)[C@H]1CCN(C(=O)Cc2c(Cl)cccc2Cl)C1 |&1:3|,4.7544873321858505,5.955139,1,1,A71EV2A-x5427a
aev_plig,NC(=O)[C@H]1CCN(C(=O)Cc2cc(C(F)(F)F)ccc2Cl)C1 |&1:3|,5.04901488179868,5.9389143,1,1,A71EV2A-x3989a
aev_plig,NC(=O)[C@H]1CCN(C(=O)Cn2c(=O)sc3ccc(Cl)cc32)C1 |a:3|,4.001740661576301,5.845468800000001,2,2,A71EV2A-x5824a; A71EV2A-x5824b
aev_plig,NC(=O)[C@H]1CCN(C(=O)Cn2cc(Br)cc(Cl)c2=O)C1 |a:3|,4.024899837282849,5.959157,1,1,A71EV2A-x5779a
aev_plig,NC(=O)[C@H]1CCN(C(=O)[C@H]2CCCN2C(=O)c2cccs2)C1 |&1:9|,5.012334272309165,5.66548035,2,2,A71EV2A-x5705a; A71EV2A-x5705b
aev_plig,NC(=O)[C@H]1CCN(C(=O)[C@H]2CCOc3ccc(Cl)cc32)C1 |&1:9|,4.437172628708407,5.87967,1,1,A71EV2A-x5728a
aev_plig,NC(=O)[C@H]1CCN(C(=O)[C@H]2CSc3ccccc32)C1 |&1:9|,4.129009644321656,5.7457724,1,1,A71EV2A-x5570a
aev_plig,"NC(=O)[C@H]1CCN(C(=O)[C@H]2SCCc3sccc32)C1 |&1:3,&2:9|",4.430090742898188,5.646328,1,1,A71EV2A-x5431a
aev_plig,"NC(=O)[C@H]1C[C@@H]2C[C@@H]2N(C(=O)Cc2ccccc2Cl)C1 |&1:3,5,7|",4.5796822958876815,6.04158785,2,2,A71EV2A-x5802a; A71EV2A-x5802b
aev_plig,"NC(=O)[C@H]1C[C@H]2C[C@H]2N(C(=O)Cc2ccccc2Cl)C1 |&1:3,5,7|",4.476253533188435,5.98860955,2,2,A71EV2A-x5798a; A71EV2A-x5798b
aev_plig,NC(=O)[C@]12CN(C(=O)Cc3ccccc3Cl)C[C@@H](C1)C2 |&1:3|,4.0045909104114665,5.926839,1,1,A71EV2A-x5277a
aev_plig,NC(=O)c1ccccc1CC(=O)N1CCC[C@H](C(N)=O)C1 |a:16|,3.660111973943557,5.870723,1,1,A71EV2A-x4840a
aev_plig,O=C(NCCc1cocn1)N1CCc2ccccc21,5.162973800773931,5.483764,1,1,A71EV2A-x3392a
aev_plig,O=C(NCCc1cocn1)c1ccccc1,5.093196163745395,4.9709854,1,1,A71EV2A-x3435a
aqaffinity,C#C[C@H](NCCc1cocn1)c1nn(C)c2ccccc12 |&1:2|,4.716801953096995,3.0639538764953613,1,1,A71EV2A-x4426a
aqaffinity,"C#C[C@H]1CCCC[C@@H]1OC(=O)N1CCC[C@H](C(N)=O)C1 |o1:2,7|",4.011869615687259,3.0339430570602417,1,1,A71EV2A-x5747a
aqaffinity,C#Cc1ccc(C)c(OC(=O)N2CCC[C@H](C(N)=O)C2)c1 |a:15|,3.8964015060220634,3.037904500961304,1,1,A71EV2A-x5466a
aqaffinity,C=C(C)c1cccc(SC)c1CC(=O)N1CCC[C@H](C(N)=O)C1 |a:18|,5.435913722030655,5.809538260102272,1,1,A71EV2A-x6027a
aqaffinity,C=CS(=O)(=O)N1CCC[C@H](C(N)=O)C1 |&1:9|,5.1938200260161125,2.968655586242676,1,1,A71EV2A-x3408a
aqaffinity,C=Cc1cccc(CC(=O)N2CCC[C@H](C(N)=O)C2)n1 |a:14|,5.099072631333438,3.060809731483459,2,2,A71EV2A-x5015a; A71EV2A-x5015b
aqaffinity,C=Cc1ccccc1CS(=O)(=O)N1CCC[C@H](C(N)=O)C1 |a:16|,4.5951662833800615,3.002226233482361,1,1,A71EV2A-x5359a
aqaffinity,CC(=O)Nc1cccc(NC(N)=O)c1,4.943095148663527,2.992505192756653,1,1,A71EV2A-x2454a
aqaffinity,CC(=O)Nc1ccccc1CC(=O)N1CCC[C@H](C(N)=O)C1 |a:17|,4.265200170411153,3.015493869781494,1,1,A71EV2A-x4322a
aqaffinity,CC(C)(C)c1ccccc1NC(=O)N1CCC[C@H](C(N)=O)C1 |a:17|,4.916961547867879,4.589737415313721,1,1,A71EV2A-x4311a
aqaffinity,CC(C)Oc1ccccc1NC(=O)N1CCC[C@H](C(N)=O)C1 |a:17|,4.877787213913532,3.0208548307418823,1,1,A71EV2A-x4305a
aqaffinity,"CC(C)[C@H](c1cc(Cl)cc(Br)c1)N1C[C@H](C(N)=O)CCC1=O |&1:3,&2:14|",4.564352412519983,5.827024236321449,1,1,A71EV2A-x5868a
aqaffinity,CCC(=O)N[C@H](C(=O)N1CC[C@H](C(N)=O)C1)c1ccccc1SC |&1:5|,4.556507378095548,3.236556887626648,1,1,A71EV2A-x6853a
aqaffinity,CCC1(CC)CCN(c2ncnc(SC)c2CC(=O)N2CCC[C@H](C(N)=O)C2)C1 |a:23|,6.266038858073333,3.028228759765625,1,1,A71EV2A-x6738a
aqaffinity,CCC1(CC)CN(c2ncnc(SC)c2CC(=O)N2CCC[C@H](C(N)=O)C2)CCS1(=O)=O |a:22|,6.0703717346625785,2.9990307092666626,1,1,A71EV2A-x7169a
aqaffinity,CCCSc1cccc(OC)c1NC(=O)N1CCC[C@H](C(N)=O)C1 |a:19|,3.79526753551538,4.3229975650707875,2,2,A71EV2A-x5288a; A71EV2A-x5288b
aqaffinity,CCN(CC1CC1)C(=O)c1cccc(CC(=O)N2CCC[C@H](C(N)=O)C2)c1 |a:21|,4.908336601699183,2.996595859527588,1,1,A71EV2A-x3944a
aqaffinity,CCN(c1ncnc(SC)c1CC(=O)N1CCC[C@H](C(N)=O)C1)C(C)C |a:18|,5.941351132986486,3.352956056594848,1,1,A71EV2A-x7432a
aqaffinity,CCOC(=O)N[C@H](C(=O)N1CC[C@H](C(N)=O)C1)c1ccccc1SC |o1:6|,4.606251898190906,3.9775562286376953,1,1,A71EV2A-x6844a
aqaffinity,"CCS(=O)(=O)N1CCN(c2ncnc(SC)c2CC(=O)N2CCC[C@H](C(N)=O)C2)[C@H](C)C1 |a:24,29|",5.887521899626527,5.622397616505623,1,1,A71EV2A-x7446a
aqaffinity,CCS(=O)(=O)c1ccc(OC)c(NC(=O)N2CCC[C@H](C(N)=O)C2)c1 |a:19|,4.09366495819491,5.360992908477783,2,2,A71EV2A-x4309a; A71EV2A-x4309b
aqaffinity,"CC[C@@H]1CCCN1c1ncnc(SC)c1CC(=O)N1CCC[C@H](C(N)=O)C1 |a:2,22|",5.359471394334077,4.484882891178131,2,2,A71EV2A-x7510a; A71EV2A-x7510b
aqaffinity,"CC[C@@H]1CS[C@H](C(N)=O)CN1C(=O)Oc1cc(Br)ccc1SC |o1:2,5|",4.170150986564742,4.804533243179321,1,1,A71EV2A-x7321a
aqaffinity,"CC[C@H](c1cc(F)cc(Br)c1)N1C[C@H](C(N)=O)CCC1=O |&1:2,&2:13|",4.7121982700697735,6.4144419729709625,1,1,A71EV2A-x5699a
aqaffinity,"CC[C@H](c1ccc(Cl)c(Cl)c1)N1C[C@H](C(N)=O)CCC1=O |&1:2,&2:13|",4.012372581165862,5.655493468046188,1,1,A71EV2A-x5676a
aqaffinity,"CC[C@H]1CCCN1c1ncnc(SC)c1CC(=O)N1CCC[C@H](C(N)=O)C1 |a:2,22|",7.302627133357621,5.089495956897736,1,1,A71EV2A-x7011a
aqaffinity,"CC[C@H]1CS[C@H](C(N)=O)CN1C(=O)Oc1cc(Br)ccc1SC |o1:2,5|",7.112683897314732,3.6300437450408936,1,1,A71EV2A-x7613a
aqaffinity,CCc1ccsc1CN1C[C@H](C(N)=O)CCC1=O |&1:10|,4.668737062060432,5.002122342586517,1,1,A71EV2A-x4954a
aqaffinity,CCn1nccc1C(=O)N[C@H](C(=O)N1CC[C@H](C(N)=O)C1)c1ccccc1SC |&1:10|,4.197688573451602,5.031301856040955,1,1,A71EV2A-x6945a
aqaffinity,CN(C)C(=O)[C@@H](c1ccccc1)N1C[C@H](C(N)=O)CC1=O |o1:14|,4.003097753980533,4.882676362991333,1,1,A71EV2A-x5497a
aqaffinity,CN(C)S(=O)(=O)c1cccnc1,5.10745472442027,2.9913134574890137,2,1,A71EV2A-x2448a; A71EV2A-x2448b
aqaffinity,CN1c2ccccc2C[C@H]1C(=O)N1CCC[C@H](C(N)=O)C1 |&1:9|,4.598941671349912,3.3697283267974854,2,2,A71EV2A-x4583a; A71EV2A-x4583b
aqaffinity,"CNC(=O)[C@@H](c1cccc(C)c1)N1C[C@H](C(N)=O)CC1=O |&1:4,14|",4.596879478824183,5.081721901893616,1,1,A71EV2A-x5317a
aqaffinity,"CNC(=O)[C@@H]1CCN1c1ncnc(SC)c1CC(=O)N1CCC[C@H](C(N)=O)C1 |a:4,23|",5.553061207453266,4.808502078056336,1,1,A71EV2A-x7297a
aqaffinity,CNC(=O)c1cn(C)c2ccccc12,4.822826736702125,4.250119566917419,1,1,A71EV2A-x3066a
aqaffinity,CNC(=O)c1nn(C)c2ccccc12,5.376184576266073,3.142671585083008,1,1,A71EV2A-x2290a
aqaffinity,CNC(=O)c1oc2ccccc2c1CN1C[C@H](C(N)=O)CCC1=O |&1:16|,4.027340564735919,3.070390939712524,1,1,A71EV2A-x5226a
aqaffinity,CNS(=O)(=O)c1ccccc1Cl,6.034867358576641,3.025628566741944,1,1,A71EV2A-x2458a
aqaffinity,CNc1ncnc(SC)c1CC(=O)N1CCC[C@H](C(N)=O)C1 |a:17|,5.471985787685622,4.177809357643127,1,1,A71EV2A-x6021a
aqaffinity,COC(=O)N1CCCN(c2ncnc(SC)c2CC(=O)N2CCC[C@H](C(N)=O)C2)CC1 |a:24|,5.745487997043694,5.472746431827545,1,1,A71EV2A-x7018a
aqaffinity,"COC(=O)N[C@H]1CCN(c2ncnc(SC)c2CC(=O)N2CCC[C@H](C(N)=O)C2)C1 |a:5,24|",7.272545074821092,4.801145553588867,1,1,A71EV2A-x7589a
aqaffinity,COCC(=O)Nc1c(Cl)cc(C)cc1OCc1ncccn1,4.858392228943246,3.001669764518738,2,2,A71EV2A-x3522a; A71EV2A-x3522b
aqaffinity,COCC(=O)Nc1c(Cl)cc(C)cc1Oc1cccc(C(N)=O)c1,4.822657723022635,3.928169250488281,1,1,A71EV2A-x3488a
aqaffinity,"COC[C@@H]1CCCN1c1ncnc(SC)c1CC(=O)N1CCC[C@H](C(N)=O)C1 |a:3,23|",5.028984985837811,3.027912855148315,1,1,A71EV2A-x7161a
aqaffinity,"COC[C@@H]1CCN1c1ncnc(SC)c1CC(=O)N1CCC[C@H](C(N)=O)C1 |a:3,22|",5.357972475219064,3.194608747959137,2,2,A71EV2A-x7353a; A71EV2A-x7353b
aqaffinity,"COC[C@@]1(C)C[C@H](C(N)=O)CN1C(=O)Cc1cc(Br)ccc1SC |&1:3,6|",5.510062512868513,5.379633903503418,1,1,A71EV2A-x5398a
aqaffinity,COC[C@H](C)NC(=O)c1nn(C)c2ccccc12 |&1:3|,4.747146969020107,2.9925496578216557,1,1,A71EV2A-x3176a
aqaffinity,"COC[C@H]1CCCN1c1ncnc(SC)c1CC(=O)N1CCC[C@H](C(N)=O)C1 |a:3,23|",7.197280846039433,3.032892942428589,1,1,A71EV2A-x7175a
aqaffinity,"COC[C@H]1CC[C@H](C(N)=O)CN1C(=O)Cc1ccccc1SC |o1:3,6|",4.011460574435142,4.908288598060608,1,1,A71EV2A-x5488a
aqaffinity,"COC[C@]1(C(=O)N2CCC[C@H](C(N)=O)C2)CCCCO1 |&1:3,&2:10|",6.0,2.98763370513916,1,1,A71EV2A-x3936a
aqaffinity,COC[C@]12C[C@@](C(N)=O)(CN1C(=O)Cc1ccccc1OC)C2 |o1:3|,4.028724151261895,4.878924146294594,2,2,A71EV2A-x4963a; A71EV2A-x4963b
aqaffinity,COCc1ccccc1CC(=O)N1CCC[C@H](C(N)=O)C1 |a:16|,4.576757218249551,3.0325493812561035,1,1,A71EV2A-x4368a
aqaffinity,COCc1ccccc1NC(=O)N1CCC[C@H](C(N)=O)C1 |a:16|,4.816470464384151,3.036208391189575,1,1,A71EV2A-x3483a
aqaffinity,"CO[C@@H]1CCCN(c2ncnc(SC)c2CC(=O)N2CCC[C@H](C(N)=O)C2)C1 |a:2,22|",6.170052776781682,3.028741359710694,1,1,A71EV2A-x7238a
aqaffinity,CO[C@H](C(=O)N1CCC[C@H](C(N)=O)C1)c1ccccc1C |&1:2|,4.928117992693875,4.3160072565078735,1,1,A71EV2A-x3939a
aqaffinity,"CO[C@H](C(=O)N1CCC[C@H](C(N)=O)C1)c1cccnc1 |&1:2,&2:9|",4.227015096629662,3.115902304649353,1,1,A71EV2A-x3937a
aqaffinity,COc1c(NC(=O)N2CCC[C@H](C(N)=O)C2)cccc1C(F)(F)F |a:11|,5.032452023781138,5.428821578621864,2,2,A71EV2A-x4310a; A71EV2A-x4310b
aqaffinity,COc1cc(Br)c(CC(=O)N2CCC[C@H](C(N)=O)C2)cc1OC |a:14|,3.720229830921272,4.134365439414978,1,1,A71EV2A-x4845a
aqaffinity,COc1cc(Cl)ccc1CC(=O)N1CCC[C@H](C(N)=O)C1 |a:16|,4.018634490921456,3.069400787353516,1,1,A71EV2A-x4203a
aqaffinity,COc1cc(NC(=O)C[C@H](C)C(F)(F)F)n(C)n1 |&1:9|,4.632048101200719,5.23770809173584,2,2,A71EV2A-x1445a; A71EV2A-x1445b
aqaffinity,COc1ccc(C(F)(F)F)cc1CC(=O)N1CCC[C@H](C(N)=O)C1 |a:19|,4.449959375475284,3.001917839050293,1,1,A71EV2A-x4028a
aqaffinity,COc1ccc(C(F)(F)F)cc1CC(=O)N1CCS[C@H](C(N)=O)C1 |o1:19|,4.828494707777949,3.02648389339447,1,1,A71EV2A-x4778a
aqaffinity,COc1ccc(C(F)(F)F)cc1N(C)C(=O)N1CCC[C@H](C(N)=O)C1 |a:20|,4.561127532480804,3.0420000553131104,1,1,A71EV2A-x4843a
aqaffinity,COc1ccc(C(F)(F)F)cc1NC(=O)N1CCC[C@H](C(N)=O)C1 |a:19|,4.069229199277436,3.0299558639526367,1,1,A71EV2A-x4429a
aqaffinity,COc1ccc(CC(=O)N2CCC[C@H](C(N)=O)C2)c(OC)c1 |a:13|,4.635207042042172,3.011446475982666,2,2,A71EV2A-x3557a; A71EV2A-x3557b
aqaffinity,COc1ccc(Cl)c2c1C(=O)C(=O)N2,4.628932137728264,3.0032808780670166,1,1,A71EV2A-x2513a
aqaffinity,COc1ccc(Cl)cc1CC(=O)N1CCC[C@H](C(N)=O)C1 |a:16|,4.727236212379233,3.000782012939453,1,1,A71EV2A-x3940a
aqaffinity,COc1ccc(Cl)cc1NS(=O)(=O)N1CCC[C@H](C(N)=O)C1 |a:17|,3.989247537499024,4.439175963401794,1,1,A71EV2A-x5278a
aqaffinity,COc1ccc(Cl)cc1OC(=O)N1CCC[C@H](C(N)=O)C1 |a:16|,5.262803072736122,3.2321847081184387,4,4,A71EV2A-x4829a; A71EV2A-x4829b; A71EV2A-x4903a; A71EV2A-x4903b
aqaffinity,COc1ccc(F)cc1CC(=O)N1CCC[C@H](C(N)=O)C1 |a:16|,4.2094239507757765,3.011699914932251,1,1,A71EV2A-x3546a
aqaffinity,COc1ccc2c(n1)[C@H](C(=O)N1CCC[C@H](C(N)=O)C1)CC2 |&1:8|,4.452380443994761,3.379971027374268,1,1,A71EV2A-x3954a
aqaffinity,COc1cccc(CN2C[C@H](C(N)=O)CCC2=O)c1 |&1:10|,4.608183969818477,4.988928854465485,2,2,A71EV2A-x5036a; A71EV2A-x5036b
aqaffinity,COc1cccc(Cl)c1CC(=O)N1CCC[C@@H](C(N)=O)C1 |a:16|,4.620456050805198,3.0743282437324524,2,2,A71EV2A-x3858a; A71EV2A-x3858b
aqaffinity,COc1cccc(Cl)c1CC(=O)N1CCC[C@H](C(N)=O)C1 |a:16|,4.78560502978966,3.014561653137207,1,1,A71EV2A-x3942a
aqaffinity,COc1cccc(Cl)c1CC(=O)N1CCC[C@H](C(N)=O)C1 |o1:16|,4.37828501116997,3.016381740570068,1,1,A71EV2A-x4209a
aqaffinity,"COc1cccc(Cl)c1CC(=O)N1C[C@H](C(N)=O)C[C@H](C(=O)NC2CC2)C1 |o1:14,19|",4.899323290233971,3.7183539867401123,2,2,A71EV2A-x3993a; A71EV2A-x3993b
aqaffinity,"COc1cccc(Cl)c1CC(=O)N1C[C@H](C(N)=O)[C@H]2CCC[C@H]21 |&1:14,&2:18,22|",4.819608655063361,3.0182735919952397,1,1,A71EV2A-x4239a
aqaffinity,COc1cccc(Cl)c1NC(=O)N1CCC[C@H](C(N)=O)C1 |a:16|,4.465918205168407,3.6027801632881165,2,2,A71EV2A-x4035a; A71EV2A-x4035b
aqaffinity,COc1cccc(Cl)c1NC(=O)N1CC[C@H](C(N)=O)C1 |a:15|,4.612119831707907,3.053011655807495,2,2,A71EV2A-x3992a; A71EV2A-x3992b
aqaffinity,COc1cccc(NC(=O)N2CCC[C@H](C(N)=O)C2)c1 |a:14|,4.956109291095229,3.030633687973023,1,1,A71EV2A-x3485a
aqaffinity,COc1cccc(NC(=O)N2CCC[C@H](C(N)=O)C2)c1Cl |a:14|,4.612661045864782,5.730444903175036,3,3,A71EV2A-x4524a; A71EV2A-x4873a; A71EV2A-x4873b
aqaffinity,COc1cccc(NC(=O)N2CCC[C@H](C(N)=O)C2)n1 |a:14|,5.072431269429168,3.0129945278167725,1,1,A71EV2A-x4298a
aqaffinity,COc1cccc(SC(C)C)c1NC(=O)N1CCC[C@H](C(N)=O)C1 |a:19|,5.313218576201494,3.0190443992614746,2,2,A71EV2A-x5289a; A71EV2A-x5289b
aqaffinity,COc1cccc(SC)c1NC(=O)N1CCC[C@H](C(N)=O)C1 |a:17|,5.161195917717353,3.021214246749878,1,1,A71EV2A-x4554a
aqaffinity,"COc1cccc2c1CC[C@H]2N1C[C@H](C(N)=O)CCC1=O |&1:10,&2:13|",4.789637072991269,4.417614579200745,1,1,A71EV2A-x4316a
aqaffinity,COc1cccc2c1N(C(=O)N1CCC[C@H](C(N)=O)C1)CCS2 |a:15|,4.29598340377612,3.0249674320220947,1,1,A71EV2A-x5389a
aqaffinity,COc1ccccc1CC(=O)N(C)CCC(N)=O,4.935542010773082,3.015827178955078,1,1,A71EV2A-x3977a
aqaffinity,COc1ccccc1CC(=O)N1CCCC[C@H](C(N)=O)C1 |&1:16|,4.952204384072568,3.4533084630966187,2,2,A71EV2A-x3571a; A71EV2A-x3571b
aqaffinity,COc1ccccc1CC(=O)N1CCC[C@H](C(N)=O)C1 |&1:15|,4.128427064454121,3.01726508140564,1,1,A71EV2A-x3186a
aqaffinity,COc1ccccc1CC(=O)N1CCC[C@H](C(N)=O)CC1 |&1:15|,4.952188702489189,3.0226612091064453,2,2,A71EV2A-x4018a; A71EV2A-x4018b
aqaffinity,COc1ccccc1CC(=O)N1CCN[C@H](C(N)=O)C1 |&1:15|,5.622664040174432,3.028469681739807,1,1,A71EV2A-x3901a
aqaffinity,COc1ccccc1CC(=O)N1CCO[C@@H](C(N)=O)C1 |a:15|,4.615695746966642,3.0154407024383545,1,1,A71EV2A-x3663a
aqaffinity,COc1ccccc1CC(=O)N1CC[C@@H](O)C1 |a:14|,4.951406063714552,2.993369102478028,1,1,A71EV2A-x3621a
aqaffinity,COc1ccccc1CC(=O)N1CC[C@H](CC(N)=O)C1 |&1:14|,5.055150304924533,3.0133347511291504,4,4,A71EV2A-x3694a; A71EV2A-x3694b; A71EV2A-x4032a; A71EV2A-x4032b
aqaffinity,COc1ccccc1CC(=O)N1CC[C@H](NC(N)=O)C1 |&1:14|,5.056011124926228,3.026257276535034,1,1,A71EV2A-x3685a
aqaffinity,COc1ccccc1CC(=O)N1C[C@H](C(N)=O)CC(F)(F)C1 |&1:13|,5.41096889227547,3.014717698097229,1,1,A71EV2A-x3665a
aqaffinity,"COc1ccccc1CC(=O)N1C[C@H](C(N)=O)CC[C@@H]1C |&1:13,19|",4.411260481653311,5.124996364116669,1,1,A71EV2A-x3550a
aqaffinity,"COc1ccccc1CC(=O)N1C[C@H](C(N)=O)[C@@H](C(F)(F)F)C1 |&1:13,17|",5.110698297493689,2.988233804702759,1,1,A71EV2A-x3990a
aqaffinity,"COc1ccccc1CC(=O)N1C[C@H](C)[C@@H](C(N)=O)C1 |&1:13,15|",5.303920706565589,3.0367352962493896,1,1,A71EV2A-x3634a
aqaffinity,"COc1ccccc1CC(=O)N1C[C@]2(C(N)=O)CC[C@H]1C2 |a:13,19|",4.621697158125564,3.0215768814086914,1,1,A71EV2A-x4476a
aqaffinity,COc1ccccc1CCN1C[C@H](C(N)=O)CC1=O |&1:12|,5.044970753420985,4.359595715999603,1,1,A71EV2A-x3956a
aqaffinity,COc1ccccc1CN1C[C@H](C(N)=O)CC1=O |&1:11|,4.62709189585908,4.260923147201538,1,1,A71EV2A-x3895a
aqaffinity,COc1ccccc1CN1C[C@H](C(N)=O)CCC1=O |&1:11|,4.956855685489159,4.801557257771492,2,2,A71EV2A-x3579a; A71EV2A-x4029a
aqaffinity,COc1ccccc1NC(=O)Nc1cccnc1,4.740875707793589,3.03945541381836,1,1,A71EV2A-x2629a
aqaffinity,COc1ccccc1S(=O)(=O)N1CCC[C@H](C(N)=O)C1 |a:15|,5.161780778092374,3.0076169967651367,2,2,A71EV2A-x4214a; A71EV2A-x4214b
aqaffinity,COc1ccccc1[C@H](C)C(=O)N1CCC[C@H](C(N)=O)C1 |o1:8|,5.415903931859735,3.0244166254997253,2,2,A71EV2A-x4445a; A71EV2A-x4445b
aqaffinity,"COc1ccccc1[C@H](C)CN1C[C@H](C(N)=O)CC1=O |&1:8,&2:13|",4.917407524166997,4.097967942555745,1,1,A71EV2A-x4313a
aqaffinity,"COc1ccccc1[C@H](C)N1C[C@H](C(N)=O)CCC1=O |&1:8,&2:12|",5.565980102355844,3.016352653503418,1,1,A71EV2A-x4661a
aqaffinity,COc1ccccc1[C@H](N)C(=O)N1CCC[C@H](C(N)=O)C1 |o1:8|,5.349983835684398,3.8587489128112793,1,1,A71EV2A-x3890a
aqaffinity,COc1ccccc1[C@H](NC(=O)OC(C)(C)C)C(=O)N1CCC[C@H](C(N)=O)C1 |o1:8|,4.930769702637148,3.5750666856765747,2,2,A71EV2A-x3884a; A71EV2A-x3884b
aqaffinity,COc1ccccc1[C@H](NC(C)=O)C(=O)N1CCC[C@H](C(N)=O)C1 |o1:8|,5.238439218136987,3.843021661043167,4,4,A71EV2A-x4207a; A71EV2A-x4207b; A71EV2A-x4449a; A71EV2A-x4449b
aqaffinity,"COc1ccccc1[C@H](O)CN1C[C@H](C(N)=O)CC1=O |&1:8,&2:13|",5.276902343492681,4.467898845672607,1,1,A71EV2A-x4295a
aqaffinity,"COc1ccccc1[C@H](O)CN1C[C@H](C(N)=O)CCC1=O |&1:8,&2:13|",5.212129340035951,3.0998871326446533,1,1,A71EV2A-x4406a
aqaffinity,COc1ccccc1[C@H](OC)C(=O)N1CCC[C@H](C(N)=O)C1 |o1:8|,5.523700643055132,3.00225567817688,2,2,A71EV2A-x3862a; A71EV2A-x3883a
aqaffinity,COc1cccnc1CC(=O)N1CCC[C@H](C(N)=O)C1 |a:15|,4.648165195719463,3.0074300765991215,2,2,A71EV2A-x4283a; A71EV2A-x4283b
aqaffinity,COc1cccnc1CN1CCC[C@H](C(N)=O)C1 |a:13|,5.576653344896242,3.0495729446411133,2,2,A71EV2A-x4274a; A71EV2A-x4274b
aqaffinity,COc1ccncc1CC(=O)N1CCC[C@H](C(N)=O)C1 |&1:15|,4.443671499997475,3.360705256462097,1,1,A71EV2A-x3229a
aqaffinity,COc1ccncc1CC(=O)N1CCC[C@H](C(N)=O)C1 |a:15|,4.7516996536545095,3.375241279602051,1,1,A71EV2A-x3548a
aqaffinity,COc1ncc(-c2ccc(SC)c(CC(=O)N3CCC[C@H](C(N)=O)C3)c2)cc1C#N |a:20|,5.612933991649193,5.363202929496765,1,1,A71EV2A-x5877a
aqaffinity,COc1ncc(Br)cc1CC(=O)N1CCC[C@H](C(N)=O)C1 |a:16|,4.832067775571805,4.430060982704163,1,1,A71EV2A-x4388a
aqaffinity,COc1ncccc1-c1ccc(SC)c(CC(=O)N2CCC[C@H](C(N)=O)C2)c1 |a:22|,5.926316446103106,5.245498344302177,1,1,A71EV2A-x6736a
aqaffinity,COc1ncccc1CC(=O)N1CCC[C@H](C(N)=O)C1 |&1:15|,4.324153048333832,3.023717880249023,1,1,A71EV2A-x3201a
aqaffinity,COc1ncccc1CC(=O)N1CCC[C@H](C(N)=O)C1 |a:15|,4.286509456906058,3.024855613708496,1,1,A71EV2A-x4347a
aqaffinity,COc1ncccc1CC(=O)N1CCC[C@H](C(N)=O)C1 |o1:15|,4.939681121858298,3.007353663444519,2,2,A71EV2A-x3849a; A71EV2A-x3869a
aqaffinity,COc1ncccc1NC(=O)N1CCC[C@H](C(N)=O)C1 |a:15|,4.487273331768478,3.0115256309509277,2,2,A71EV2A-x4031a; A71EV2A-x4031b
aqaffinity,COc1ncccc1NC(=O)N1CC[C@H](C(N)=O)C1 |a:14|,4.618016608302379,3.009450435638428,1,1,A71EV2A-x4418a
aqaffinity,COc1ncccc1NS(=O)(=O)N1CCC[C@H](C(N)=O)C1 |a:16|,4.601213898998983,3.613492727279663,2,2,A71EV2A-x4899a; A71EV2A-x4899b
aqaffinity,CS(=O)(=O)c1ccccc1CC(=O)N1CCC[C@H](C(N)=O)C1 |a:17|,4.018181392829336,3.005075216293335,1,1,A71EV2A-x4675a
aqaffinity,CSCC1(CC(=O)N2CCC[C@H](C(N)=O)C2)CC1 |a:11|,4.0270354434741735,3.110355854034424,1,1,A71EV2A-x4701a
aqaffinity,"CSC[C@H]1C[C@H]1C(=O)N1CCC[C@H](C(N)=O)C1 |&1:3,5|",4.808721339045607,4.631414532661438,1,1,A71EV2A-x4736a
aqaffinity,"CS[C@@H]1CCCC[C@H]1OC(=O)N1CCC[C@H](C(N)=O)C1 |o1:2,7|",3.5961527992975952,3.0063347816467285,1,1,A71EV2A-x5231a
aqaffinity,CSc1c(Br)cccc1CC(=O)N1CCC[C@H](C(N)=O)C1 |a:16|,4.472492797097293,4.357734262943268,1,1,A71EV2A-x4290a
aqaffinity,CSc1c(F)cccc1NC(=O)N1CCC[C@H](C(N)=O)C1 |a:16|,4.319967775442991,4.058422088623047,1,1,A71EV2A-x4851a
aqaffinity,CSc1c(NC(=O)N2CCC[C@H](C(N)=O)C2)c(C)nn1C |a:11|,4.6073172842698655,3.0204617977142334,1,1,A71EV2A-x4727a
aqaffinity,CSc1ccc(-c2cc(C#N)ncc2F)cc1CC(=O)N1CCC[C@H](C(N)=O)C1 |a:24|,5.682717212000788,5.670237727463245,1,1,A71EV2A-x6769a
aqaffinity,CSc1ccc(-c2cc(C)c(=O)n(C)c2)cc1CC(=O)N1CCC[C@H](C(N)=O)C1 |a:24|,6.031014087429405,5.674080789089203,2,2,A71EV2A-x5879a; A71EV2A-x5879b
aqaffinity,CSc1ccc(-c2cc(C)nn2C)cc1OC(=O)N1CCC[C@H](C(N)=O)C1 |a:22|,5.436862866226505,4.810021676123142,1,1,A71EV2A-x7260a
aqaffinity,CSc1ccc(-c2cc[nH]n2)cc1CC(=O)N1CCC[C@H](C(N)=O)C1 |a:20|,5.955905430140241,4.655039727687836,2,2,A71EV2A-x5525a; A71EV2A-x5525b
aqaffinity,"CSc1ccc(-c2cc[nH]n2)cc1CC(=O)N1C[C@H](C(N)=O)C[C@H]2C[C@H]21 |&1:18,23,25|",6.340503680200894,3.7451213598251343,2,2,A71EV2A-x7576a; A71EV2A-x7576b
aqaffinity,CSc1ccc(-c2cc[nH]n2)cc1OC(=O)N1CCC[C@H](C(N)=O)C1 |a:20|,6.343392058545723,5.149229645729065,1,1,A71EV2A-x7597a
aqaffinity,CSc1ccc(-c2ccc(N3CCN(C)CC3)nc2)cc1OC(=O)N1CCC[C@H](C(N)=O)C1 |a:28|,6.646304383229654,5.426367521286011,1,1,A71EV2A-x7261a
aqaffinity,CSc1ccc(-c2cccc3cnn(C)c23)cc1CC(=O)N1CCC[C@H](C(N)=O)C1 |a:25|,4.852511447271943,4.995429873466492,1,1,A71EV2A-x6025a
aqaffinity,CSc1ccc(-c2ccccc2)cc1CC(=O)N1CCC[C@H](C(N)=O)C1 |a:21|,5.7575850142068425,4.710646748542786,1,1,A71EV2A-x5526a
aqaffinity,CSc1ccc(-c2ccccn2)cc1OC(=O)N1CCC[C@H](C(N)=O)C1 |a:21|,6.363385275343752,3.024940252304077,1,1,A71EV2A-x7442a
aqaffinity,"CSc1ccc(-c2ccccn2)cc1OC(=O)N1C[C@H](C(N)=O)C[C@H]2C[C@H]21 |&1:19,24,26|",6.770247859071493,4.649556040763855,2,2,A71EV2A-x7350a; A71EV2A-x7350b
aqaffinity,"CSc1ccc(-c2cccnc2)cc1OC(=O)N1C[C@H](C(N)=O)C[C@@H]2C[C@@H]21 |&1:19,24,26|",6.025403843721281,4.379501461982727,1,1,A71EV2A-x7032a
aqaffinity,"CSc1ccc(-c2cccnc2)cc1OC(=O)N1C[C@H](C(N)=O)C[C@H]2C[C@H]21 |&1:19,24,26|",6.615017621163278,4.051375389099121,1,1,A71EV2A-x7070a
aqaffinity,CSc1ccc(-c2cccnc2C(C)C)cc1CC(=O)N1CCC[C@H](C(N)=O)C1 |a:24|,5.633026106559719,5.136001855134964,1,1,A71EV2A-x6778a
aqaffinity,CSc1ccc(-c2cccnc2N)cc1OC(=O)N1CCC[C@H](C(N)=O)C1 |a:22|,6.467825319983038,5.811837473884225,2,2,A71EV2A-x7301a; A71EV2A-x7301b
aqaffinity,CSc1ccc(-c2ccnc(N(C)C)c2)cc1CC(=O)N1CCC[C@H](C(N)=O)C1 |a:24|,6.212710086334884,5.385462880134583,1,1,A71EV2A-x6791a
aqaffinity,CSc1ccc(-c2ccncc2)cc1CC(=O)N1CCC[C@H](C(N)=O)C1 |a:21|,5.983523026568097,5.076887249946594,1,1,A71EV2A-x5509a
aqaffinity,"CSc1ccc(-c2ccncc2)cc1CC(=O)N1C[C@H](C(N)=O)C[C@H]2C[C@H]21 |&1:19,24,26|",6.743785006270056,5.008781135082245,1,1,A71EV2A-x7256a
aqaffinity,"CSc1ccc(-c2ccncc2)cc1CC(=O)N1C[C@H](C(N)=O)C[C@H]2C[C@H]21 |o1:19,24,26|",4.917388969413124,5.079030871391296,1,1,A71EV2A-x7445a
aqaffinity,"CSc1ccc(-c2ccncc2)cc1NC(=O)N1C[C@H](C(N)=O)C[C@H]2C[C@H]21 |&1:19,24,26|",5.742028204896328,5.066433310508728,1,1,A71EV2A-x6746a
aqaffinity,"CSc1ccc(-c2ccncc2)cc1OC(=O)N1C[C@H](C(N)=O)C[C@H]2C[C@H]21 |&1:19,24,26|",6.058389757043434,5.00821316242218,1,1,A71EV2A-x7184a
aqaffinity,CSc1ccc(-c2ccnn2C(C)(C)C)cc1OC(=O)N1CCC[C@H](C(N)=O)C1 |a:24|,4.912085112444354,6.699877887964249,2,2,A71EV2A-x7167a; A71EV2A-x7167b
aqaffinity,"CSc1ccc(-c2ccnn2C2CCC2)cc1OC(=O)N1C[C@H](C(N)=O)C[C@H]2C[C@H]21 |&1:22,27,29|",6.6437811411974925,6.921516180038452,1,1,A71EV2A-x7044a
aqaffinity,"CSc1ccc(-c2cn[nH]c2)cc1CC(=O)N1C[C@H](C(N)=O)C[C@H]2C[C@H]21 |&1:18,23,25|",6.438312682607372,5.054712414741516,1,1,A71EV2A-x5836a
aqaffinity,"CSc1ccc(-c2cn[nH]c2)cc1OC(=O)N1C[C@H](C(N)=O)C[C@@H]2C[C@@H]21 |&1:18,23,25|",5.626220997937759,5.281029164791107,1,1,A71EV2A-x7379a
aqaffinity,"CSc1ccc(-c2cn[nH]c2)cc1OC(=O)N1C[C@H](C(N)=O)C[C@H]2C[C@H]21 |&1:18,23,25|",6.775141043530828,5.329683780670166,1,1,A71EV2A-x7323a
aqaffinity,CSc1ccc(-c2cncc(C)c2C)cc1CC(=O)N1CCC[C@H](C(N)=O)C1 |a:23|,5.401951923140469,5.675865560770035,1,1,A71EV2A-x6032a
aqaffinity,CSc1ccc(-c2cncc(S(C)(=O)=O)c2)cc1CC(=O)N1CCC[C@H](C(N)=O)C1 |a:25|,5.687762124194347,3.68721204996109,2,2,A71EV2A-x6948a; A71EV2A-x6948b
aqaffinity,CSc1ccc(-c2cncc3ccccc23)cc1CC(=O)N1CCC[C@H](C(N)=O)C1 |a:25|,5.484126156288321,4.4070857763290405,1,1,A71EV2A-x6035a
aqaffinity,"CSc1ccc(-c2cnco2)cc1OC(=O)N1C[C@H](C(N)=O)C[C@H]2C[C@H]21 |&1:18,23,25|",6.622961397710664,3.1190643310546875,1,1,A71EV2A-x7002a
aqaffinity,"CSc1ccc(-c2cnn[nH]2)cc1OC(=O)N1C[C@H](C(N)=O)C[C@H]2C[C@H]21 |&1:18,23,25|",6.821074156272469,4.346534729003906,1,1,A71EV2A-x7410a
aqaffinity,CSc1ccc(-c2cnnn2C)cc1CC(=O)N1CCC[C@H](C(N)=O)C1 |a:21|,5.437915347454481,5.251156240701675,1,1,A71EV2A-x6925a
aqaffinity,CSc1ccc(-c2csc(C(F)F)c2)cc1CC(=O)N1CCC[C@H](C(N)=O)C1 |a:23|,6.104588372500485,3.772267818450928,1,1,A71EV2A-x5864a
aqaffinity,"CSc1ccc(-c2ocnc2C)cc1OC(=O)N1C[C@H](C(N)=O)C[C@H]2C[C@H]21 |&1:19,24,26|",5.964275769895213,3.0103156566619877,1,1,A71EV2A-x7287a
aqaffinity,CSc1ccc(-n2cccn2)cc1CC(=O)N1CCC[C@H](C(N)=O)C1 |a:20|,6.017614181634599,4.963366389274597,1,1,A71EV2A-x5604a
aqaffinity,CSc1ccc(-n2ccnc2)cc1CC(=O)N1CCC[C@H](C(N)=O)C1 |a:20|,5.816743356703912,5.530442386865616,1,1,A71EV2A-x5833a
aqaffinity,CSc1ccc(Br)cc1CC(=O)N1CCC[C@H](C(N)=O)C1 |a:16|,6.504803930407411,5.2255247831344604,1,1,A71EV2A-x4431a
aqaffinity,CSc1ccc(Br)cc1CC(=O)N1CCC[C@H](C(N)=O)CC1 |&1:16|,4.084730020129478,3.0974841117858887,2,2,A71EV2A-x5203a; A71EV2A-x5203b
aqaffinity,"CSc1ccc(Br)cc1CC(=O)N1CCC[C@H](C(N)=O)[C@@H]1C |o1:16,20|",4.01122507362837,3.015243530273437,1,1,A71EV2A-x5494a
aqaffinity,CSc1ccc(Br)cc1CC(=O)N1CC[C@H](C(N)=O)C1 |a:15|,4.166573738364501,5.33898389339447,1,1,A71EV2A-x4856a
aqaffinity,"CSc1ccc(Br)cc1CC(=O)N1C[C@H](C(N)=O)CC[C@@H]1C |o1:14,20|",5.370420577541523,5.039613351225853,2,2,A71EV2A-x5247a; A71EV2A-x5247b
aqaffinity,"CSc1ccc(Br)cc1CC(=O)N1C[C@H](C(N)=O)CC[C@H]1C |o1:14,20|",5.163175522827518,4.972472831606865,4,4,A71EV2A-x5339a; A71EV2A-x5339b; A71EV2A-x5366a; A71EV2A-x5366b
aqaffinity,"CSc1ccc(Br)cc1CC(=O)N1C[C@H](C(N)=O)[C@H]2C[C@H]21 |o1:14,18,20|",4.590066876668706,4.761608242988586,1,1,A71EV2A-x7359a
aqaffinity,"CSc1ccc(Br)cc1CC(=O)N1[C@H]2CC[C@H](C(N)=O)[C@@H]1CC2 |o1:13,16,20|",4.022734028686543,4.470548748970032,2,2,A71EV2A-x5758a; A71EV2A-x5758b
aqaffinity,"CSc1ccc(Br)cc1OC(=O)N1C[C@H](C(N)=O)CC[C@@H]1C |o1:14,20|",4.757850080326607,6.1276073306798935,2,2,A71EV2A-x5819a; A71EV2A-x5819b
aqaffinity,"CSc1ccc(Br)cc1OC(=O)N1C[C@H](C(N)=O)CC[C@@H]1CO |&1:14,20|",5.994964027913848,6.4057676792144775,1,1,A71EV2A-x7558a
aqaffinity,"CSc1ccc(Br)cc1OC(=O)N1C[C@H](C(N)=O)C[C@@H]2C[C@@H]21 |&1:14,19,21|",6.134970625328986,5.225974202156067,1,1,A71EV2A-x5830a
aqaffinity,"CSc1ccc(Br)cc1OC(=O)N1C[C@H](C(N)=O)C[C@H]2C[C@H]21 |&1:14,19,21|",6.442779415416162,4.688924491405487,1,1,A71EV2A-x6932a
aqaffinity,CSc1ccc(Br)cc1[C@H](NC(=O)OC(C)(C)C)C(=O)N1CC[C@H](C(N)=O)C1 |&1:9|,4.616253373468555,4.984001666307449,1,1,A71EV2A-x5891a
aqaffinity,CSc1ccc(C(=O)N(C)C2CCC(C)(C)CC2)cc1CC(=O)N1CCC[C@H](C(N)=O)C1 |a:27|,4.8542464945359285,5.519162148237228,1,1,A71EV2A-x7307a
aqaffinity,CSc1ccc(C(=O)N2CC=CCC23CCC3)cc1CC(=O)N1CCC[C@H](C(N)=O)C1 |a:26|,5.727326160448949,3.0179431438446045,1,1,A71EV2A-x7318a
aqaffinity,CSc1ccc(C(=O)N2Cc3nccc(C)c3C2)cc1CC(=O)N1CCC[C@H](C(N)=O)C1 |a:27|,5.732131922180389,5.08092987537384,1,1,A71EV2A-x6739a
aqaffinity,CSc1ccc(C(=O)Nc2ccncc2)cc1CC(=O)N1CCC[C@H](C(N)=O)C1 |a:24|,6.058292496038209,5.507572278380394,2,2,A71EV2A-x5512a; A71EV2A-x5512b
aqaffinity,"CSc1ccc(C2=CCN(C)CC2)cc1CC(=O)N1C[C@H](C(N)=O)C[C@H]2C[C@H]21 |o1:20,25,27|",6.217987758487747,5.718280240893364,2,2,A71EV2A-x7369a; A71EV2A-x7369b
aqaffinity,"CSc1ccc(C2=CCN(C)CC2)cc1OC(=O)N1C[C@H](C(N)=O)C[C@@H]2C[C@@H]21 |&1:20,25,27|",6.4554495427646055,4.116515785455704,1,1,A71EV2A-x7046a
aqaffinity,"CSc1ccc(C2=CCN(C)CC2)cc1OC(=O)N1C[C@H](C(N)=O)C[C@H]2C[C@H]21 |&1:20,25,27|",6.616789569053188,5.540366142988205,1,1,A71EV2A-x7368a
aqaffinity,CSc1ccc(C2=CCNCC2)cc1CC(=O)N1CCC[C@H](C(N)=O)C1 |a:21|,6.359785941635829,5.074559211730957,1,1,A71EV2A-x6827a
aqaffinity,"CSc1ccc(C2=CCOCC2)cc1OC(=O)N1C[C@H](C(N)=O)C[C@H]2C[C@H]21 |&1:19,24,26|",6.278226151900541,3.5046372413635254,1,1,A71EV2A-x7021a
aqaffinity,CSc1ccc(C2CC2)cc1CC(=O)N1CCC[C@H](C(N)=O)C1 |a:18|,5.527677465814104,3.079734563827514,1,1,A71EV2A-x5276a
aqaffinity,CSc1ccc(N2CCCC2=O)cc1NC(=O)N1CCC[C@H](C(N)=O)C1 |a:21|,5.06227649451538,3.9018062353134155,2,2,A71EV2A-x4986a; A71EV2A-x4986b
aqaffinity,CSc1ccc(N2CCOCC2)cc1NC(=O)N1CCC[C@H](C(N)=O)C1 |a:21|,4.924868863339022,3.2801575660705566,2,2,A71EV2A-x5598a; A71EV2A-x5598b
aqaffinity,CSc1ccc(OC2CC2)cc1NC(=O)N1CCC[C@H](C(N)=O)C1 |a:19|,4.674438823846753,3.040474653244019,1,1,A71EV2A-x5533a
aqaffinity,CSc1ccc(S(C)(=O)=O)cc1CC(=O)N1CCC[C@H](C(N)=O)C1 |a:19|,5.609697925694327,4.567814230918884,2,2,A71EV2A-x5449a; A71EV2A-x5449b
aqaffinity,CSc1ccc(SC(C)(C)C)cc1CC(=O)N1CCC[C@H](C(N)=O)C1 |a:20|,5.111221489644668,4.4069923758506775,1,1,A71EV2A-x5403a
aqaffinity,CSc1ccc2c(c1)[C@H](C(=O)N1CCC[C@H](C(N)=O)C1)CCO2 |o1:8|,4.060454118763697,3.199708878993988,2,2,A71EV2A-x5475a; A71EV2A-x5475b
aqaffinity,CSc1ccc2cnccc2c1NC(=O)N1CCC[C@H](C(N)=O)C1 |a:19|,5.772572568212773,5.198110580444336,1,1,A71EV2A-x5261a
aqaffinity,CSc1ccc2ncccc2c1NC(=O)N1CCC[C@H](C(N)=O)C1 |a:19|,6.128863936621021,4.718479633331299,2,2,A71EV2A-x4977a; A71EV2A-x4977b
aqaffinity,"CSc1ccc2ncccc2c1NC(=O)N1C[C@H](C(N)=O)C[C@@H]2C[C@@H]21 |o1:17,22,24|",5.669481598088156,4.859905958175659,2,2,A71EV2A-x6877a; A71EV2A-x6980a
aqaffinity,"CSc1ccc2ncccc2c1NC(=O)N1C[C@H](C(N)=O)C[C@H]2C[C@H]21 |&1:17,22,24|",6.155618588158782,4.8846341371536255,1,1,A71EV2A-x5854a
aqaffinity,"CSc1ccc2ncccc2c1OC(=O)N1C[C@H](C(N)=O)C[C@@H]2C[C@@H]21 |o1:17,22,24|",6.223231835566202,5.054155349731445,2,2,A71EV2A-x7459a; A71EV2A-x7461a
aqaffinity,"CSc1ccc2ncccc2c1OC(=O)N1C[C@H](C(N)=O)C[C@H]2C[C@H]21 |o1:17,22,24|",6.55419279444554,4.765544235706329,3,3,A71EV2A-x7465a; A71EV2A-x7465b; A71EV2A-x7515a
aqaffinity,CSc1ccc2scnc2c1NC(=O)N1CCC[C@H](C(N)=O)C1 |a:18|,5.775683273773221,5.45710732229054,2,2,A71EV2A-x5283a; A71EV2A-x5283b
aqaffinity,CSc1cccc(-c2cc(C(F)(F)F)nn2C)c1CC(=O)N1CCC[C@H](C(N)=O)C1 |a:25|,5.150667872559956,5.803726937621832,2,2,A71EV2A-x6955a; A71EV2A-x6955b
aqaffinity,CSc1cccc(-c2ccc(C(F)(F)F)cc2C#N)c1CC(=O)N1CCC[C@H](C(N)=O)C1 |a:27|,5.656918950334414,5.380743578076363,1,1,A71EV2A-x5884a
aqaffinity,CSc1cccc(-c2ccc(C(F)(F)F)o2)c1CC(=O)N1CCC[C@H](C(N)=O)C1 |a:24|,5.785803993839482,5.222429037094116,1,1,A71EV2A-x5857a
aqaffinity,CSc1cccc(-c2cn(C)c(=O)c3ccccc23)c1CC(=O)N1CCC[C@H](C(N)=O)C1 |a:27|,6.086272291520818,4.685734272003174,1,1,A71EV2A-x6028a
aqaffinity,CSc1cccc(-c2sccc2C2CC2)c1CC(=O)N1CCC[C@H](C(N)=O)C1 |a:23|,5.508648103412354,4.797385811805725,1,1,A71EV2A-x6794a
aqaffinity,CSc1cccc(-n2ccnc2)c1CC(=O)N1CCC[C@H](C(N)=O)C1 |a:20|,5.508866053332301,4.472339510917664,1,1,A71EV2A-x5788a
aqaffinity,CSc1cccc(Br)c1CC(=O)N1CCC[C@H](C(N)=O)C1 |a:16|,5.23959580735841,3.0410854816436768,1,1,A71EV2A-x4670a
aqaffinity,CSc1cccc(C2=CCCCC2)c1CC(=O)N1CCC[C@H](C(N)=O)C1 |a:21|,5.358458624958955,3.970315456390381,1,1,A71EV2A-x6938a
aqaffinity,CSc1cccc(CC(=O)N2CCC[C@H](C(N)=O)C2)c1 |a:14|,4.165030350472351,3.0725467205047607,2,2,A71EV2A-x4334a; A71EV2A-x4334b
aqaffinity,CSc1cccc(CN2C[C@H](C(N)=O)CCC2=O)c1 |o1:10|,4.610891805164698,5.170924484729767,1,1,A71EV2A-x4710a
aqaffinity,CSc1cccc2c1N(C(=O)N1CCC[C@H](C(N)=O)C1)CCCO2 |a:15|,3.9795272089559,3.019930601119995,1,1,A71EV2A-x5249a
aqaffinity,"CSc1cccc2c1[C@@H](C(=O)N1C[C@H](C(N)=O)C[C@H]3C[C@H]31)CC2 |&1:8,13,18,20|",6.317002294422829,4.238461405038834,1,1,A71EV2A-x7448a
aqaffinity,CSc1cccc2c1[C@H](C(=O)N1CCC[C@H](C(N)=O)C1)CC2 |o1:8|,6.105065909655473,3.031522274017334,1,1,A71EV2A-x5687a
aqaffinity,CSc1cccc2c1[C@H](C(=O)N1CCC[C@H](C(N)=O)C1)CCC2 |o1:8|,4.913179132164633,3.0640317598978677,3,3,A71EV2A-x5850a; A71EV2A-x5995a; A71EV2A-x5995b
aqaffinity,CSc1ccccc1CC(=O)N1CCC(F)(F)[C@H](C(N)=O)C1 |&1:17|,4.92096962924201,3.1509194374084477,1,1,A71EV2A-x4724a
aqaffinity,CSc1ccccc1CC(=O)N1CCC[C@H](C(F)F)C1 |&1:15|,3.883316455303125,3.0365610122680664,1,1,A71EV2A-x4746a
aqaffinity,CSc1ccccc1CC(=O)N1CCC[C@H](C(N)=O)C1 |a:15|,5.393063563669464,3.0259268283843994,1,1,A71EV2A-x4386a
aqaffinity,CSc1ccccc1CC(=O)N1CCC[C@H](CCO)C1 |&1:15|,3.7794804346789226,4.597963929176331,1,1,A71EV2A-x4809a
aqaffinity,CSc1ccccc1CC(=O)N1CCC[C@H](CF)C1 |&1:15|,4.015189894778023,3.027061700820923,1,1,A71EV2A-x4751a
aqaffinity,CSc1ccccc1CC(=O)N1CCC[C@H](O)C1 |&1:15|,4.025488307262672,6.336479276418686,1,1,A71EV2A-x4794a
aqaffinity,CSc1ccccc1CC(=O)N1CCC[C@H](S(N)(=O)=O)C1 |&1:15|,4.603800652904264,3.0096211433410645,1,1,A71EV2A-x4745a
aqaffinity,CSc1ccccc1CC(=O)N1CCC[C@H]1c1cnc[nH]1 |&1:15|,4.853871964321762,5.696323305368424,1,1,A71EV2A-x4735a
aqaffinity,"CSc1ccccc1CC(=O)N1CCC[C@H]2C(=O)NC[C@H]21 |&1:15,20|",4.035167674220528,5.697860360145569,1,1,A71EV2A-x4791a
aqaffinity,CSc1ccccc1CC(=O)N1CCC[C@](F)(C(N)=O)C1 |&1:15|,3.839782551369189,4.080289959907532,1,1,A71EV2A-x4753a
aqaffinity,CSc1ccccc1CC(=O)N1CCC[C@](O)(C(N)=O)C1 |&1:15|,3.955966436496336,3.304688811302185,2,2,A71EV2A-x4894a; A71EV2A-x4940a
aqaffinity,CSc1ccccc1CC(=O)N1CCNC(=O)C1,4.006123085058789,3.304759025573731,1,1,A71EV2A-x4721a
aqaffinity,"CSc1ccccc1CC(=O)N1CC[C@H]2[C@H](C1)[C@H]2C(N)=O |&1:14,&2:15,&3:17|",4.558200508454535,6.108026877045631,1,1,A71EV2A-x4739a
aqaffinity,"CSc1ccccc1CC(=O)N1C[C@H](C(N)=O)CC[C@H]1CO |o1:13,19|",4.599655204790009,3.0367672443389893,2,2,A71EV2A-x5992a; A71EV2A-x5992b
aqaffinity,"CSc1ccccc1CC(=O)N1C[C@H](C(N)=O)C[C@H](C(N)=O)C1 |a:13,18|",5.207231875935455,4.4003318548202515,2,2,A71EV2A-x5171a; A71EV2A-x5171b
aqaffinity,"CSc1ccccc1CC(=O)N1C[C@H](C(N)=O)C[C@H]2C[C@H]21 |o1:13,18,20|",5.676463453677816,4.82079304754734,2,2,A71EV2A-x5177a; A71EV2A-x7631a
aqaffinity,"CSc1ccccc1CC(=O)N1C[C@H](C)C[C@@H](C(N)=O)C1 |o1:13,16|",4.494060495927921,4.098385751247406,1,1,A71EV2A-x5200a
aqaffinity,"CSc1ccccc1CC(=O)N1C[C@H](C)C[C@H](C(N)=O)C1 |&1:13,&2:16|",4.1315895194873935,4.078603520989418,2,2,A71EV2A-x4885a; A71EV2A-x4885b
aqaffinity,"CSc1ccccc1CC(=O)N1C[C@H](C)C[C@H](C(N)=O)C1 |o1:13,16|",4.006585256974127,4.098396301269531,1,1,A71EV2A-x5268a
aqaffinity,"CSc1ccccc1CC(=O)N1C[C@H](O)C[C@@H](C(N)=O)C1 |&1:13,16|",3.66094239119996,6.067180782556534,2,2,A71EV2A-x5387a; A71EV2A-x5387b
aqaffinity,CSc1ccccc1CC(=O)N1C[C@H]2C[C@@]1(CC(N)=O)C2 |&1:15|,4.051345937463026,5.2840878665447235,2,2,A71EV2A-x5262a; A71EV2A-x5262b
aqaffinity,CSc1ccccc1CN1C[C@H](C(N)=O)CCC1=O |o1:11|,4.6439741428068775,4.237266838550568,1,1,A71EV2A-x4694a
aqaffinity,CSc1ccccc1N(C)C(=O)N1CCC[C@H](C(N)=O)C1 |a:16|,4.601955140820748,3.045894742012024,1,1,A71EV2A-x4712a
aqaffinity,CSc1ccccc1N(C)C(=O)N1CC[C@H](C(N)=O)C1 |a:15|,4.640164517660112,3.857256412506104,1,1,A71EV2A-x4684a
aqaffinity,CSc1ccccc1N1C[C@H](C(N)=O)CCC1=O |o1:10|,4.6020599913279625,4.936233997344971,1,1,A71EV2A-x4922a
aqaffinity,CSc1ccccc1OC(=O)N1CCC[C@H](C(N)=O)C1 |a:15|,5.826838634714068,6.370507448911667,2,2,A71EV2A-x4824a; A71EV2A-x4824b
aqaffinity,CSc1ccccc1[C@H](C(=O)N1CC[C@H](C(N)=O)C1)N1CCCC1=O |o1:8|,7.194299872872455,4.67586612701416,1,1,A71EV2A-x7038a
aqaffinity,CSc1ccccc1[C@H](NC(=O)C(C)C)C(=O)N1CC[C@H](C(N)=O)C1 |&1:8|,4.616633749466019,4.568480610847473,1,1,A71EV2A-x7035a
aqaffinity,CSc1ccccc1[C@H](NC(=O)C1(C)CCC1)C(=O)N1CC[C@H](C(N)=O)C1 |&1:8|,4.6108664765966765,3.406548023223877,1,1,A71EV2A-x6991a
aqaffinity,CSc1ccccc1[C@H](NC(=O)C1CC1)C(=O)N1CC[C@H](C(N)=O)C1 |&1:8|,4.612020519224207,5.351890027523041,1,1,A71EV2A-x6934a
aqaffinity,CSc1ccccc1[C@H](NC(=O)CC(F)(F)F)C(=O)N1CC[C@H](C(N)=O)C1 |&1:8|,4.15694990903351,4.570058137178421,1,1,A71EV2A-x6818a
aqaffinity,CSc1ccccc1[C@H](NC(=O)CC1CC1)C(=O)N1CC[C@H](C(N)=O)C1 |&1:8|,4.287343084176254,4.568507432937622,1,1,A71EV2A-x6726a
aqaffinity,CSc1ccccc1[C@H](NC(=O)CNC(C)=O)C(=O)N1CC[C@H](C(N)=O)C1 |&1:8|,5.199617314652804,3.714422225952148,1,1,A71EV2A-x6821a
aqaffinity,CSc1ccccc1[C@H](NC(=O)Cc1ccccc1)C(=O)N1CC[C@H](C(N)=O)C1 |&1:8|,4.505347154054938,4.723311245441437,1,1,A71EV2A-x6819a
aqaffinity,CSc1ccccc1[C@H](NC(=O)Cc1cccnc1)C(=O)N1CC[C@H](C(N)=O)C1 |&1:8|,4.6077519100900055,5.050726354122162,1,1,A71EV2A-x6856a
aqaffinity,CSc1ccccc1[C@H](NC(=O)Cn1cccn1)C(=O)N1CC[C@H](C(N)=O)C1 |&1:8|,4.730497044785864,4.904206871986389,2,2,A71EV2A-x6816a; A71EV2A-x6816b
aqaffinity,CSc1ccccc1[C@H](NC(=O)OC(C)(C)C)C(=O)N1CC[C@H](C(N)=O)C1 |o1:8|,4.621638788259481,4.874930500984192,2,2,A71EV2A-x6847a; A71EV2A-x6851a
aqaffinity,CSc1ccccc1[C@H](NC(C)=O)C(=O)N1CC[C@H](C(N)=O)C1 |&1:8|,5.186061162833519,4.439460694789887,1,1,A71EV2A-x5383a
aqaffinity,CSc1cccnc1CC(=O)N1CCC[C@H](C(N)=O)C1 |a:15|,5.097431091411007,3.272207736968994,1,1,A71EV2A-x4914a
aqaffinity,CSc1ccncc1CC(=O)N1CCC[C@H](C(N)=O)C1 |a:15|,5.534026193176526,3.0320271253585815,2,2,A71EV2A-x4827a; A71EV2A-x4827b
aqaffinity,CSc1ccncc1NC(=O)N1CCC[C@H](C(N)=O)C1 |a:15|,5.452530294347775,4.623524308204651,2,2,A71EV2A-x4826a; A71EV2A-x4826b
aqaffinity,CSc1ccncc1NS(=O)(=O)N1CCC[C@H](C(N)=O)C1 |a:16|,4.881756561812204,5.393236339092255,1,1,A71EV2A-x5182a
aqaffinity,CSc1cn(C)nc1NC(=O)N1CCC[C@H](C(N)=O)C1 |a:15|,3.761033004441306,3.028766632080078,1,1,A71EV2A-x4703a
aqaffinity,CSc1cnccc1CC(=O)N1CCC[C@H](C(N)=O)C1 |a:15|,4.407893372233542,3.032946348190308,1,1,A71EV2A-x4689a
aqaffinity,CSc1cncnc1CC(=O)N1CCC[C@H](C(N)=O)C1 |a:15|,4.176969771296364,3.032940030097961,1,1,A71EV2A-x4812a
aqaffinity,CSc1cscc1CC(=O)N1CCC[C@H](C(N)=O)C1 |a:14|,5.073475651835252,5.219326019287109,1,1,A71EV2A-x4935a
aqaffinity,CSc1nc2c(cc1NC(=O)N1CCC[C@H](C(N)=O)C1)CCCC2 |a:15|,4.217527375833714,5.245783507823944,2,2,A71EV2A-x5022a; A71EV2A-x5022b
aqaffinity,CSc1ncccc1CC(=O)N1CCC[C@H](C(N)=O)C1 |a:15|,5.072700933344527,3.0289299488067627,1,1,A71EV2A-x4918a
aqaffinity,CSc1ncccc1NC(=O)N1CCC[C@H](C(N)=O)C1 |a:15|,4.2209855861319525,3.089525818824768,2,2,A71EV2A-x4883a; A71EV2A-x4883b
aqaffinity,CSc1nccnc1CC(=O)N1CCC[C@H](C(N)=O)C1 |a:15|,4.781195179900988,3.0508337020874023,1,1,A71EV2A-x4774a
aqaffinity,CSc1ncnc(-c2cn[nH]c2)c1CC(=O)N1CCC[C@H](C(N)=O)C1 |a:20|,5.579850424620521,4.969838619232178,1,1,A71EV2A-x5544a
aqaffinity,CSc1ncnc(N(C)C)c1CC(=O)N1CCC[C@H](C(N)=O)C1 |a:18|,6.393012805332465,3.0276378393173218,2,2,A71EV2A-x7545a; A71EV2A-x7545b
aqaffinity,"CSc1ncnc(N(C)C)c1CC(=O)N1C[C@H](C(N)=O)C[C@@H]2C[C@@H]21 |&1:16,21,23|",6.073633599517659,3.397034168243408,2,2,A71EV2A-x7580a; A71EV2A-x7580b
aqaffinity,CSc1ncnc(N(C)C2CCC2)c1CC(=O)N1CCC[C@H](C(N)=O)C1 |a:21|,6.323397411601913,3.840906143188477,1,1,A71EV2A-x7172a
aqaffinity,CSc1ncnc(N(C)C2CCOCC2)c1CC(=O)N1CCC[C@H](C(N)=O)C1 |a:23|,5.7864475040867696,3.029521942138672,1,1,A71EV2A-x7424a
aqaffinity,CSc1ncnc(N(C)CC(C)(C)O)c1CC(=O)N1CCC[C@H](C(N)=O)C1 |a:22|,6.134728951225614,3.030500411987304,1,1,A71EV2A-x7251a
aqaffinity,CSc1ncnc(N(C)CC(C)(F)F)c1CC(=O)N1CCC[C@H](C(N)=O)C1 |a:22|,6.994328024624508,3.3143389225006104,1,1,A71EV2A-x7333a
aqaffinity,"CSc1ncnc(N(C)CC(F)(F)F)c1CC(=O)N1C[C@H](C(N)=O)C[C@H]2C[C@H]21 |&1:20,25,27|",6.794695728715816,3.037574291229248,1,1,A71EV2A-x7608a
aqaffinity,CSc1ncnc(N(C)CC2CCCC2)c1CC(=O)N1CCC[C@H](C(N)=O)C1 |a:23|,6.3046606911348375,3.0204386711120605,1,1,A71EV2A-x7254a
aqaffinity,CSc1ncnc(N(C)CCC(F)(F)F)c1CC(=O)N1CCC[C@H](C(N)=O)C1 |a:23|,5.748786440007784,3.055006980895996,1,1,A71EV2A-x7338a
aqaffinity,CSc1ncnc(N(C)Cc2cc(F)c(F)c(F)c2)c1CC(=O)N1CCC[C@H](C(N)=O)C1 |a:27|,6.244997927316081,5.762150779366493,1,1,A71EV2A-x7176a
aqaffinity,CSc1ncnc(N(C)Cc2nn(C)cc2Cl)c1CC(=O)N1CCC[C@H](C(N)=O)C1 |a:25|,7.150528408418002,5.102968871593475,1,1,A71EV2A-x6914a
aqaffinity,"CSc1ncnc(N(C)[C@@H](C)c2ccccc2)c1CC(=O)N1CCC[C@H](C(N)=O)C1 |a:9,25|",6.580678113068668,3.5652976036071777,2,2,A71EV2A-x7436a; A71EV2A-x7436b
aqaffinity,CSc1ncnc(N2CC(C)(c3ccccc3F)C2)c1CC(=O)N1CCC[C@H](C(N)=O)C1 |a:27|,6.439151337818832,3.025554418563843,1,1,A71EV2A-x7263a
aqaffinity,CSc1ncnc(N2CC(C)C2)c1CC(=O)N1CCC[C@H](C(N)=O)C1 |a:20|,6.526908295764941,3.0305943489074707,1,1,A71EV2A-x6920a
aqaffinity,CSc1ncnc(N2CC(CC3CCC3)C2)c1CC(=O)N1CCC[C@H](C(N)=O)C1 |a:24|,5.692662147010851,3.85862398147583,1,1,A71EV2A-x6895a
aqaffinity,CSc1ncnc(N2CC(O)C2)c1CC(=O)N1CCC[C@H](C(N)=O)C1 |a:20|,6.426194047786621,3.5673089822133384,3,3,A71EV2A-x7334a; A71EV2A-x7334b; A71EV2A-x7389a
aqaffinity,CSc1ncnc(N2CC(Oc3ccccc3Cl)C2)c1CC(=O)N1CCC[C@H](C(N)=O)C1 |a:27|,6.078663358532402,3.9890851974487305,1,1,A71EV2A-x7095a
aqaffinity,CSc1ncnc(N2CC(c3nncn3C)C2)c1CC(=O)N1CCC[C@H](C(N)=O)C1 |a:25|,6.326170396191348,4.403421401977539,2,2,A71EV2A-x5808a; A71EV2A-x5808b
aqaffinity,CSc1ncnc(N2CCC(C#N)(CC(C)C)CC2)c1CC(=O)N1CCC[C@H](C(N)=O)C1 |a:27|,6.265062352283818,4.262289881706238,1,1,A71EV2A-x7170a
aqaffinity,CSc1ncnc(N2CCC(C(=O)N(C(C)C)C(C)C)CC2)c1CC(=O)N1CCC[C@H](C(N)=O)C1 |a:30|,6.225268032740376,3.653244137763977,1,1,A71EV2A-x7096a
aqaffinity,CSc1ncnc(N2CCC(N(C)S(C)(=O)=O)CC2)c1CC(=O)N1CCC[C@H](C(N)=O)C1 |a:27|,6.512183700381108,3.5655202865600586,1,1,A71EV2A-x7008a
aqaffinity,CSc1ncnc(N2CCC(N3CCOC3=O)CC2)c1CC(=O)N1CCC[C@H](C(N)=O)C1 |a:27|,5.923489528000301,5.033488750457764,1,1,A71EV2A-x7154a
aqaffinity,CSc1ncnc(N2CCC3(CCC3)C2)c1CC(=O)N1CCC[C@H](C(N)=O)C1 |a:23|,6.131209779277596,3.040283679962158,1,1,A71EV2A-x7056a
aqaffinity,CSc1ncnc(N2CCC3(CCCC3)C2)c1CC(=O)N1CCC[C@H](C(N)=O)C1 |a:24|,6.462158164196289,4.323382616043091,1,1,A71EV2A-x7024a
aqaffinity,CSc1ncnc(N2CCC3(CCCCC3)C2)c1CC(=O)N1CCC[C@H](C(N)=O)C1 |a:25|,6.388555177157266,3.022711753845215,1,1,A71EV2A-x7101a
aqaffinity,CSc1ncnc(N2CCC3(CCCO3)CC2)c1CC(=O)N1CCC[C@H](C(N)=O)C1 |a:25|,6.466683163263606,3.045206308364868,1,1,A71EV2A-x7284a
aqaffinity,"CSc1ncnc(N2CCCC2)c1CC(=O)N1C[C@H](C(N)=O)C[C@H]2C[C@H]21 |&1:18,23,25|",6.5697284843589205,3.004494071006775,1,1,A71EV2A-x6838a
aqaffinity,"CSc1ncnc(N2CCCC2)c1NC(=O)N1C[C@H](C(N)=O)C[C@H]2C[C@H]21 |&1:18,23,25|",5.928304705589599,4.615226626396179,1,1,A71EV2A-x7622a
aqaffinity,CSc1ncnc(N2CCCCCC2)c1CC(=O)N1CCC[C@H](C(N)=O)C1 |a:22|,7.1865084765696,5.522479742765427,2,2,A71EV2A-x7560a; A71EV2A-x7560b
aqaffinity,"CSc1ncnc(N2CCCC[C@@H]2C(C)C)c1CC(=O)N1CCC[C@H](C(N)=O)C1 |a:12,24|",6.372178760973441,4.160454213619232,1,1,A71EV2A-x7420a
aqaffinity,"CSc1ncnc(N2CCCC[C@H]2CO)c1CC(=O)N1CCC[C@H](C(N)=O)C1 |a:12,23|",5.867264623808438,5.294849157333374,1,1,A71EV2A-x7430a
aqaffinity,"CSc1ncnc(N2CCC[C@@H]2C(=O)N(C)C)c1CC(=O)N1CCC[C@H](C(N)=O)C1 |a:11,25|",6.66771737227654,3.029930353164673,1,1,A71EV2A-x7309a
aqaffinity,"CSc1ncnc(N2CCC[C@@H]2C(C)C)c1CC(=O)N1CCC[C@H](C(N)=O)C1 |a:11,23|",7.76022176714164,4.899876356124878,1,1,A71EV2A-x7135a
aqaffinity,"CSc1ncnc(N2CCC[C@@H]2C)c1CC(=O)N1CCC[C@H](C(N)=O)C1 |a:11,21|",6.616555737163779,5.047606945037842,2,2,A71EV2A-x7533a; A71EV2A-x7533b
aqaffinity,"CSc1ncnc(N2CCC[C@@H]2C2CC2)c1CC(=O)N1CCC[C@H](C(N)=O)C1 |a:11,23|",7.937951041727581,5.117065072059631,1,1,A71EV2A-x7259a
aqaffinity,"CSc1ncnc(N2CCC[C@@H]2CC(C)C)c1CC(=O)N1CCC[C@H](C(N)=O)C1 |a:11,24|",7.199879115817523,5.246621608734131,1,1,A71EV2A-x7147a
aqaffinity,"CSc1ncnc(N2CCC[C@@H]2Cc2ccccc2)c1CC(=O)N1CCC[C@H](C(N)=O)C1 |a:11,27|",5.138183874676179,3.0620884895324707,1,1,A71EV2A-x7433a
aqaffinity,"CSc1ncnc(N2CCC[C@@H]2Cc2ccnn2C)c1CC(=O)N1CCC[C@H](C(N)=O)C1 |a:11,27|",7.359361237098654,4.597286105155945,1,1,A71EV2A-x7132a
aqaffinity,"CSc1ncnc(N2CCC[C@@H]2Cn2cccn2)c1CC(=O)N1CCC[C@H](C(N)=O)C1 |a:11,26|",6.189334160880994,3.028269052505493,1,1,A71EV2A-x7127a
aqaffinity,"CSc1ncnc(N2CCC[C@@H]2c2ccccc2)c1CC(=O)N1CCC[C@H](C(N)=O)C1 |a:11,26|",7.13169634555566,4.993558526039124,1,1,A71EV2A-x7570a
aqaffinity,"CSc1ncnc(N2CCC[C@H](C(F)(F)F)C2)c1CC(=O)N1CCC[C@H](C(N)=O)C1 |a:11,25|",6.211100724659235,3.069706439971924,1,1,A71EV2A-x7246a
aqaffinity,"CSc1ncnc(N2CCC[C@H](C)C2)c1CC(=O)N1CCC[C@H](C(N)=O)C1 |a:11,22|",6.173854131618843,3.036282539367676,1,1,A71EV2A-x7250a
aqaffinity,"CSc1ncnc(N2CCC[C@H]2C(C)C)c1CC(=O)N1CCC[C@H](C(N)=O)C1 |a:11,23|",5.331449457260316,5.573620021343231,2,2,A71EV2A-x7491a; A71EV2A-x7491b
aqaffinity,CSc1ncnc(N2CCC[C@H]2C(N)=O)c1CC(=O)N1CCC[C@H](C(N)=O)C1 |&1:11|,7.714442690992226,4.854128479957581,1,1,A71EV2A-x6832a
aqaffinity,"CSc1ncnc(N2CCC[C@H]2C)c1CC(=O)N1CCC[C@H](C(N)=O)C1 |a:11,21|",5.244486511545811,5.1482420563697815,2,2,A71EV2A-x7501a; A71EV2A-x7501b
aqaffinity,"CSc1ncnc(N2CCC[C@H]2C2CC2)c1CC(=O)N1CCC[C@H](C(N)=O)C1 |a:11,23|",5.262032975642954,4.82232391834259,2,2,A71EV2A-x7475a; A71EV2A-x7475b
aqaffinity,"CSc1ncnc(N2CCC[C@H]2CC(C)C)c1CC(=O)N1CCC[C@H](C(N)=O)C1 |a:11,24|",5.823789680118151,5.315381467342377,1,1,A71EV2A-x7257a
aqaffinity,"CSc1ncnc(N2CCC[C@H]2Cc2ccnn2C)c1CC(=O)N1CCC[C@H](C(N)=O)C1 |a:11,27|",5.214011302839139,4.727095812559128,1,1,A71EV2A-x7247a
aqaffinity,CSc1ncnc(N2CCN(c3ccccn3)CC2)c1CC(=O)N1CCC[C@H](C(N)=O)C1 |a:27|,6.486226948852135,3.0563502311706543,1,1,A71EV2A-x6802a
aqaffinity,"CSc1ncnc(N2CC[C@@H](OC(F)F)C2)c1CC(=O)N1CCC[C@H](C(N)=O)C1 |a:10,24|",6.048106607275539,3.6797304153442383,1,1,A71EV2A-x7025a
aqaffinity,"CSc1ncnc(N2CC[C@@H](OC3CC3)C2)c1CC(=O)N1CCC[C@H](C(N)=O)C1 |a:10,24|",7.159468716081884,3.162799835205078,1,1,A71EV2A-x7316a
aqaffinity,"CSc1ncnc(N2CC[C@H](C(=O)N(C)C)C2)c1CC(=O)N1CCC[C@H](C(N)=O)C1 |a:10,25|",5.974361680056222,5.072790861129761,1,1,A71EV2A-x7427a
aqaffinity,"CSc1ncnc(N2CC[C@H](C(=O)N3CCC(C)CC3)C2)c1CC(=O)N1CCC[C@H](C(N)=O)C1 |a:10,29|",6.08170819903569,4.761248230934143,1,1,A71EV2A-x7190a
aqaffinity,"CSc1ncnc(N2CC[C@H](C)C2)c1CC(=O)N1CCC[C@H](C(N)=O)C1 |a:10,21|",6.293489458676176,4.564982563257217,2,2,A71EV2A-x7026a; A71EV2A-x7026b
aqaffinity,"CSc1ncnc(N2CC[C@H](OC(F)F)C2)c1CC(=O)N1CCC[C@H](C(N)=O)C1 |a:10,24|",6.925751444530095,4.145829260349274,1,1,A71EV2A-x7031a
aqaffinity,"CSc1ncnc(N2CC[C@H](SC)C2)c1CC(=O)N1CCC[C@H](C(N)=O)C1 |a:10,22|",6.9071041930964325,3.0417494773864746,1,1,A71EV2A-x7093a
aqaffinity,"CSc1ncnc(N2CC[C@H]2C)c1CC(=O)N1CCC[C@H](C(N)=O)C1 |a:10,20|",6.695497686202032,3.0208609104156494,1,1,A71EV2A-x7339a
aqaffinity,CSc1ncnc(N2CCc3ccccc3CC2)c1CC(=O)N1CCC[C@H](C(N)=O)C1 |a:26|,6.483018872150272,3.238632202148437,1,1,A71EV2A-x7015a
aqaffinity,CSc1ncnc(N2CCc3ccsc3C2)c1CC(=O)N1CCC[C@H](C(N)=O)C1 |a:24|,5.794648268341138,5.028355240821838,1,1,A71EV2A-x5666a
aqaffinity,CSc1ncnc(N2CCc3cnc(C(C)C)nc3C2)c1CC(=O)N1CCC[C@H](C(N)=O)C1 |a:28|,5.912659591908459,5.383398532867432,1,1,A71EV2A-x7151a
aqaffinity,CSc1ncnc(N2CCn3nc4c(c3C2)CCC4)c1CC(=O)N1CCC[C@H](C(N)=O)C1 |a:27|,5.601864484742403,3.147223114967346,2,2,A71EV2A-x7043a; A71EV2A-x7043b
aqaffinity,CSc1ncnc(N2CCn3ncc(C#N)c3C2)c1CC(=O)N1CCC[C@H](C(N)=O)C1 |a:26|,6.13113891891355,3.032235622406006,1,1,A71EV2A-x7130a
aqaffinity,"CSc1ncnc(N2C[C@H]3C[C@H]3C2)c1CC(=O)N1CCC[C@H](C(N)=O)C1 |&1:9,&2:11|",6.558486174447746,3.863334675629934,3,3,A71EV2A-x7317a; A71EV2A-x7317b; A71EV2A-x7372a
aqaffinity,CSc1ncnc(N2Cc3ccccc3C2)c1CC(=O)N1CCC[C@H](C(N)=O)C1 |a:24|,6.006913143117045,4.243228495121002,1,1,A71EV2A-x6808a
aqaffinity,CSc1ncnc(SC)c1CC(=O)N1CCC[C@H](C(N)=O)C1 |a:17|,5.699017277769941,5.483513295650482,1,1,A71EV2A-x5581a
aqaffinity,CSc1ncncc1CC(=O)N1CCC[C@H](C(N)=O)C1 |a:15|,5.186217598084144,3.9680247604846954,2,2,A71EV2A-x5039a; A71EV2A-x5039b
aqaffinity,C[C@H](C(=O)N1CCC[C@H](C(N)=O)C1)c1cn(C)nc1C(F)(F)F |&1:1|,4.462842099070634,2.995816707611084,2,2,A71EV2A-x4510a; A71EV2A-x4571a
aqaffinity,C[C@H](C(=O)N1CCC[C@H](C(N)=O)C1)c1nc(F)ccc1Cl |&1:1|,4.277445359017488,5.187674194574356,2,2,A71EV2A-x4895a; A71EV2A-x4895b
aqaffinity,C[C@H](Cc1cocn1)NC(=O)c1nn(C)c2ccccc12 |&1:1|,4.9657785438458255,3.4340124130249023,2,2,A71EV2A-x3379a; A71EV2A-x3593a
aqaffinity,"C[C@H](c1ccc(Cl)c(Br)c1)N1C[C@H](C(N)=O)CCC1=O |&1:1,&2:12|",4.041436116778033,5.308581382036209,1,1,A71EV2A-x5556a
aqaffinity,"C[C@H](c1ccc2[nH]ncc2c1)N1C[C@H](C(N)=O)CCC1=O |&1:1,&2:13|",4.180071698767357,3.515040874481201,1,1,A71EV2A-x5744a
aqaffinity,"C[C@H](c1cccc(Cl)c1F)N1C[C@H](C(N)=O)CCC1=O |&1:1,&2:12|",4.632644078973981,5.559412375092506,1,1,A71EV2A-x5673a
aqaffinity,"C[C@H]1CC(=O)N(Cc2ccc3cnn(C)c3c2)C[C@@H]1C(N)=O |o1:1,18|",4.76433957251824,4.691098928451538,2,2,A71EV2A-x5777a; A71EV2A-x5777b
aqaffinity,"C[C@H]1CC(=O)N(Cc2ccc3cnn(C)c3c2)C[C@H]1C(N)=O |o1:1,18|",4.207870191519494,4.5131953954696655,1,1,A71EV2A-x5766a
aqaffinity,Cc1cc(C)c(CC(=O)N2CCC[C@H](C(N)=O)C2)c(=O)[nH]1 |a:13|,4.306273051076353,3.594118118286133,1,1,A71EV2A-x4291a
aqaffinity,Cc1cc(C)c(Nc2ccn(C)n2)c(C)c1,5.3072486987698415,3.610040187835694,1,1,A71EV2A-x3279a
aqaffinity,Cc1cc(C)c(Nc2ccn(C3COC3)n2)c(C)c1,5.016824927962187,5.477336645126343,1,1,A71EV2A-x3234a
aqaffinity,Cc1cc(CNC(=O)c2cn(C)c3ccccc23)on1,4.953569528330592,3.025944232940674,1,1,A71EV2A-x3175a
aqaffinity,Cc1cc2sccc2c(Cl)c1OC(=O)N1CCC[C@H](C(N)=O)C1 |a:18|,4.215114698485657,3.039759635925293,1,1,A71EV2A-x5482a
aqaffinity,Cc1ccc(CC(=O)N2CCC[C@H](C(N)=O)C2)s1 |&1:12|,4.633044431676764,4.0574827790260315,2,2,A71EV2A-x5424a; A71EV2A-x5424b
aqaffinity,Cc1ccc2c(C(=O)NCCc3cocn3)c[nH]c2c1,5.10808214227103,3.044516086578369,1,1,A71EV2A-x3568a
aqaffinity,Cc1ccc2c(c1OC(=O)N1CCC[C@H](C(N)=O)C1)CCC2 |a:14|,4.479326279665005,3.008488416671753,2,2,A71EV2A-x5599a; A71EV2A-x5599b
aqaffinity,Cc1ccc2c(cnn2C)c1Nc1ccn([C@H]2CCNC2=O)n1 |&1:16|,4.937001727490601,6.5607346296310425,1,1,A71EV2A-x3305a
aqaffinity,Cc1ccc2ccccc2c1N1C[C@H](C(N)=O)CCC1=O |&1:13|,3.942576835487996,3.0393919944763184,1,1,A71EV2A-x5572a
aqaffinity,Cc1ccc2cccnc2c1OC(=O)N1CCC[C@H](C(N)=O)C1 |a:18|,4.597502408486665,4.353002190589905,1,1,A71EV2A-x5479a
aqaffinity,Cc1cccc(CC(=O)N2CCC[C@H](C(N)=O)C2)c1 |&1:13|,4.290127690297292,3.108093500137329,2,2,A71EV2A-x4020a; A71EV2A-x4020b
aqaffinity,Cc1cccc(CNC(=O)N2CCC[C@H](C(N)=O)C2)c1 |a:14|,4.967584368389079,3.0217331647872925,2,2,A71EV2A-x3706a; A71EV2A-x3706b
aqaffinity,Cc1cccc(N(CC(=O)N2CCCCC2)C(=O)N2CCC[C@H](C(N)=O)C2)c1 |a:22|,4.627087997029894,5.14057856798172,1,1,A71EV2A-x3908a
aqaffinity,Cc1cccc(N2CCCN(CCC(N)=O)C2=O)c1,4.911546516921495,3.044001579284668,1,1,A71EV2A-x4402a
aqaffinity,Cc1cccc(NC(=O)N2CCC[C@H](C(N)=O)C2)c1 |a:13|,4.246416941107094,3.0203232765197754,1,1,A71EV2A-x3054a
aqaffinity,Cc1ccccc1CNC(=O)N1CCC[C@H](C(N)=O)C1 |a:15|,4.978810700930062,4.074661672115326,2,2,A71EV2A-x3616a; A71EV2A-x3616b
aqaffinity,Cc1ccccc1NC(=O)N1CCC[C@H](C(N)=O)C1 |a:14|,4.386163320168128,3.0278778076171875,1,1,A71EV2A-x3510a
aqaffinity,Cc1ccccc1NC(=O)c1ccc(C)c(C(N)=O)c1,4.804100347590766,3.042513132095337,1,1,A71EV2A-x3867a
aqaffinity,Cc1ccccc1NC(=O)c1cncc(C(N)=O)c1,4.632644078973981,5.027711391448975,1,1,A71EV2A-x3564a
aqaffinity,Cc1cnc(CNS(=O)(=O)C[C@H](C)c2ccccc2)o1 |&1:11|,4.8184062698439085,3.040112018585205,1,1,A71EV2A-x3623a
aqaffinity,Cc1nc(C)c(CC(=O)N2CCC[C@H](C(N)=O)C2)[nH]1 |a:13|,5.409458546594426,4.400489926338196,1,1,A71EV2A-x3221a
aqaffinity,Cc1nc2ccccc2n1CC(=O)N1CCC[C@H](C(N)=O)C1 |&1:17|,4.137777547252243,3.0264439582824707,1,1,A71EV2A-x3225a
aqaffinity,Cc1nc2n(c1CC(=O)N1CCC[C@H](C(N)=O)C1)CCCC2 |&1:13|,5.221581099702723,4.125405669212341,1,1,A71EV2A-x3489a
aqaffinity,Cc1ncnc(C)c1CC(=O)N1CCC[C@H](C(N)=O)C1 |a:15|,3.654064344980796,3.846213102340698,1,1,A71EV2A-x4464a
aqaffinity,Cc1nn(C)c(C)c1CC(=O)N[C@H](CNC(=O)CCl)c1ccc2ccccc2c1 |&1:12|,4.660785023463071,4.379011631011963,1,1,A71EV2A-x1346a
aqaffinity,Cc1nn(C)c2cc(C(=O)NCCc3cocn3)ccc12,4.945173530861923,4.465800285339356,1,1,A71EV2A-x3410a
aqaffinity,Cc1ocnc1CCNC(=O)c1nn(C)c2ccccc12,5.09799710864927,3.016183614730835,1,1,A71EV2A-x3286a
aqaffinity,"Cc1sc([C@H](C)N2C[C@H](C(N)=O)CCC2=O)nc1-c1ccco1 |&1:4,&2:8|",4.604279969816917,5.130552768707275,1,1,A71EV2A-x6730a
aqaffinity,"Cn1cc(CC(=O)N2C[C@H](C(N)=O)C[C@@H]3C[C@@H]32)cn1 |&1:9,14,16|",4.608000737058194,2.996778726577759,1,1,A71EV2A-x4992a
aqaffinity,Cn1cc(NS(=O)(=O)N2CCC[C@H](C(N)=O)C2)cn1 |a:12|,5.738140147629213,3.0141955614089966,2,2,A71EV2A-x5090a; A71EV2A-x5150a
aqaffinity,Cn1cc2c(CC(=O)N3CCC[C@H](C(N)=O)C3)cccc2n1 |o1:12|,4.405607449624573,5.562242150306702,1,1,A71EV2A-x3914a
aqaffinity,Cn1cc2c(CC(=O)N3CC[C@H](C(N)=O)C3)cccc2n1 |&1:11|,4.410050398674293,4.523399829864502,1,1,A71EV2A-x3556a
aqaffinity,Cn1cc2c(n1)CCC[C@H]2C(=O)N1CCC[C@H](C(N)=O)C1 |&1:9|,3.749590923528832,5.023948669433594,1,1,A71EV2A-x4608a
aqaffinity,Cn1cc2cccc(NC(=O)Cc3cocn3)c2n1,4.662403924407542,3.005738258361816,1,1,A71EV2A-x3403a
aqaffinity,"Cn1ccnc1[C@H](c1ccccc1)N1C[C@H](C(N)=O)CC1=O |&1:6,&2:15|",4.649751981665837,4.450798153877258,1,1,A71EV2A-x5106a
aqaffinity,Cn1cnc(CCNC(=O)c2nn(C)c3ccccc23)c1,5.2372107018718905,3.013254165649414,1,1,A71EV2A-x3371a
aqaffinity,Cn1cnc2c(NC(=O)N3CCC[C@H](C(N)=O)C3)cccc21 |a:13|,5.398637148380375,3.8699576854705806,2,2,A71EV2A-x4447a; A71EV2A-x4447b
aqaffinity,Cn1nc(C(=O)N2Cc3ccccc3C[C@H]2CN)c2ccccc21 |&1:15|,5.041436116778033,4.465351581573486,1,1,A71EV2A-x2293a
aqaffinity,Cn1nc(C(=O)NC2CC2)c2cc(F)ccc21,4.887413111043684,3.021329402923584,1,1,A71EV2A-x2339a
aqaffinity,Cn1nc(C(=O)NCC(F)(F)c2ccccn2)c2ccccc21,5.168134464700943,3.028252124786377,1,1,A71EV2A-x3280a
aqaffinity,Cn1nc(C(=O)NCCc2ccc(S(C)(=O)=O)cc2)c2ccccc21,4.84887783952492,5.168275405963262,1,1,A71EV2A-x3324a
aqaffinity,Cn1nc(C(=O)NCCc2cocn2)c2ccccc2c1=O,5.170374765613669,3.0115389823913574,1,1,A71EV2A-x3419a
aqaffinity,Cn1nc(C(=O)NCCc2cocn2)c2cccnc21,4.981705511622298,3.0072245597839355,1,1,A71EV2A-x3264a
aqaffinity,Cn1nc(C(=O)NCCc2cscn2)c2ccccc21,5.337951414156192,3.278080940246582,1,1,A71EV2A-x3306a
aqaffinity,Cn1nc(C(=O)NCCn2cncn2)c2ccccc21,4.939565029910406,3.0246074199676514,2,2,A71EV2A-x3181a; A71EV2A-x3181b
aqaffinity,Cn1nc(C(=O)N[C@H]2CCOC2)c2ccccc21 |&1:7|,5.062339877849264,3.025201797485352,1,1,A71EV2A-x3178a
aqaffinity,"Cn1nc(C(=O)N[C@H]2C[C@H]2CO)c2ccccc21 |&1:7,9|",4.895875462550428,3.0092973709106445,1,1,A71EV2A-x3177a
aqaffinity,Cn1nc(C(=O)Nc2cn[nH]c2)c2ccccc21,4.7783685062706525,3.008888483047486,1,1,A71EV2A-x2304a
aqaffinity,Cn1nc(C(N)=O)c2cc(F)ccc21,5.050703769890054,4.096248388290405,1,1,A71EV2A-x2351a
aqaffinity,Cn1nc(CC(=O)N2CC(C(N)=O)C2)c2ccccc21,4.610833915635467,3.027336597442627,1,1,A71EV2A-x4994a
aqaffinity,Cn1nc(CN2C[C@H](C(N)=O)CCC2=O)c2ccccc21 |&1:7|,5.116903441948165,3.561221182346344,1,1,A71EV2A-x4547a
aqaffinity,Cn1ncc(-c2cc(Cl)cc(Cl)c2)c1CC(=O)N1CCC[C@H](C(N)=O)C1 |&1:21|,4.958377726777354,4.2181790471076965,1,1,A71EV2A-x3606a
aqaffinity,Cn1ncc(C(=O)NCCc2cocn2)n1,5.545714601514328,2.9740477800369263,1,1,A71EV2A-x3436a
aqaffinity,Cn1ncc2ccc(CN3C[C@H](C(N)=O)CC(C)(C)C3=O)cc21 |&1:11|,4.005682847330363,5.369934231042862,2,2,A71EV2A-x5721a; A71EV2A-x5721b
aqaffinity,Cn1ncc2ccc(CN3C[C@H](C(N)=O)CCC3=O)cc21 |o1:11|,4.026655009457717,5.067386746406555,1,1,A71EV2A-x4974a
aqaffinity,N#CC1CC(NC(=O)C2(c3ccc(Cl)cc3Cl)CCOCC2)C1,4.726469830785563,3.0066139698028564,1,1,A71EV2A-x3521a
aqaffinity,N#CCc1cccc(NC(=O)N2CCC[C@H](C(N)=O)C2)c1 |a:15|,5.356959172517914,5.226027250289917,1,1,A71EV2A-x3480a
aqaffinity,N#CCc1ccccc1CC(=O)N1CCC[C@H](C(N)=O)C1 |a:16|,5.101757238648579,3.0283265113830566,2,2,A71EV2A-x4321a; A71EV2A-x4321b
aqaffinity,N#Cc1ccc(Br)cc1OC(=O)N1CCC[C@H](C(N)=O)C1 |a:16|,4.421371068072836,4.853562593460083,1,1,A71EV2A-x5559a
aqaffinity,N#Cc1cccc(CC(=O)N2CCC[C@H](C(N)=O)C2)n1 |a:14|,4.625197671079573,4.978137880563736,2,2,A71EV2A-x5082a; A71EV2A-x5082b
aqaffinity,N#Cc1cccc(NC(=O)N2CCC[C@H](C(N)=O)C2)c1 |a:14|,5.189128446912704,3.0775808095932007,2,2,A71EV2A-x3509a; A71EV2A-x3509b
aqaffinity,N#Cc1ccncc1OC(=O)N1CCC[C@H](C(N)=O)C1 |a:15|,4.504331180271011,2.995602011680603,2,2,A71EV2A-x5594a; A71EV2A-x5594b
aqaffinity,N#Cc1nccc(CC(=O)N2CCC[C@H](C(N)=O)C2)n1 |a:14|,4.006352818021342,3.913739919662476,1,1,A71EV2A-x5448a
aqaffinity,N#Cc1ncncc1CC(=O)N1CCC[C@H](C(N)=O)C1 |a:15|,4.424812155072339,3.655429363250732,1,1,A71EV2A-x5212a
aqaffinity,N#Cc1sccc1CC(=O)N1CCC[C@H](C(N)=O)C1 |a:14|,5.008444067750377,5.059884190559387,1,1,A71EV2A-x3450a
aqaffinity,NC(=O)CC1CCN(C(=O)c2cccc(F)c2)CC1,4.597746280949512,3.853656828403473,2,2,A71EV2A-x5409a; A71EV2A-x5409b
aqaffinity,NC(=O)C[C@H]1CCCN(c2ncnc3ccccc23)C1 |&1:4|,4.959254335737151,4.137781977653503,1,1,A71EV2A-x4351a
aqaffinity,NC(=O)[C@H]1CC(=O)N(Cc2cccc3c2OCC3)C1 |&1:3|,5.0762380391713,5.1187034249305725,1,1,A71EV2A-x4312a
aqaffinity,"NC(=O)[C@H]1CCC(=O)N(C[C@H]2CCOc3ccccc32)C1 |&1:3,&2:10|",4.620443689892642,4.40583860874176,1,1,A71EV2A-x4409a
aqaffinity,NC(=O)[C@H]1CCC(=O)N(Cc2cc(F)cnc2C(F)(F)F)C1 |&1:3|,4.315546325758652,5.018308192491531,2,2,A71EV2A-x5635a; A71EV2A-x5635b
aqaffinity,NC(=O)[C@H]1CCC(=O)N(Cc2ccc3cc[nH]c3c2)C1 |&1:3|,4.611743840379951,4.001205921173096,2,2,A71EV2A-x4596a; A71EV2A-x4596b
aqaffinity,NC(=O)[C@H]1CCC(=O)N(Cc2cccc(F)c2)C1 |&1:3|,4.255233465290414,4.067603945732117,1,1,A71EV2A-x4924a
aqaffinity,NC(=O)[C@H]1CCC(=O)N(Cc2ccsc2)C1 |&1:3|,3.774068781319247,3.6466994285583496,2,2,A71EV2A-x5608a; A71EV2A-x5608b
aqaffinity,NC(=O)[C@H]1CCC(=O)N([C@@H]2CCCc3ccccc32)C1 |o1:3|,4.5934598195660445,4.069953560829163,1,1,A71EV2A-x5052a
aqaffinity,"NC(=O)[C@H]1CCC(=O)N([C@H](CC(F)(F)F)c2cc(Cl)cc(Cl)c2)C1 |&1:3,&2:9|",4.327996747928408,5.044262588024139,1,1,A71EV2A-x5665a
aqaffinity,NC(=O)[C@H]1CCC(=O)N([C@H]2CCCc3ccccc32)C1 |o1:3|,4.631937259138866,4.235477805137634,2,2,A71EV2A-x5210a; A71EV2A-x5210b
aqaffinity,NC(=O)[C@H]1CCC(=O)N(c2cc3cnccc3c(F)c2F)C1 |&1:3|,4.801706220928761,4.511916279792786,1,1,A71EV2A-x6714a
aqaffinity,NC(=O)[C@H]1CCCN(C(=O)C(c2ccccc2)c2ccccc2)C1 |a:3|,5.179858685151659,3.448080062866211,1,1,A71EV2A-x3982a
aqaffinity,NC(=O)[C@H]1CCCN(C(=O)C2(O)CCSCC2)C1 |a:3|,4.388276691992658,3.00961709022522,1,1,A71EV2A-x4708a
aqaffinity,NC(=O)[C@H]1CCCN(C(=O)C2(c3ccoc3)CCC2)C1 |a:3|,4.618930913825583,3.0094116926193237,2,2,A71EV2A-x4514a; A71EV2A-x4575a
aqaffinity,NC(=O)[C@H]1CCCN(C(=O)C2CCSCC2)C1 |a:3|,4.603800652904264,3.1423054933547974,1,1,A71EV2A-x4706a
aqaffinity,NC(=O)[C@H]1CCCN(C(=O)CC2CSC2)C1 |a:3|,4.607306606035202,3.416859865188598,1,1,A71EV2A-x4707a
aqaffinity,NC(=O)[C@H]1CCCN(C(=O)Cc2cc(C(F)(F)F)ccc2C(F)(F)F)C1 |a:3|,3.806800765395556,4.947524905204773,1,1,A71EV2A-x4381a
aqaffinity,NC(=O)[C@H]1CCCN(C(=O)Cc2cc(C(F)(F)F)ccc2Cl)C1 |&1:3|,4.906948150425689,4.732730984687805,1,1,A71EV2A-x3208a
aqaffinity,NC(=O)[C@H]1CCCN(C(=O)Cc2cc3c(cc2Cl)OCCO3)C1 |a:3|,4.037176387439713,5.1870052218437195,2,2,A71EV2A-x4669a; A71EV2A-x4669b
aqaffinity,NC(=O)[C@H]1CCCN(C(=O)Cc2ccc3c(c2)CCC(=O)N3)C1 |a:3|,4.349692476868063,4.06177294254303,1,1,A71EV2A-x4320a
aqaffinity,NC(=O)[C@H]1CCCN(C(=O)Cc2cccc(Cl)c2Cl)C1 |a:3|,4.065026720650614,4.892186760902405,1,1,A71EV2A-x4336a
aqaffinity,NC(=O)[C@H]1CCCN(C(=O)Cc2cccc3c2CCC3)C1 |a:3|,3.9502403164313615,4.991333842277527,1,1,A71EV2A-x4344a
aqaffinity,NC(=O)[C@H]1CCCN(C(=O)Cc2cccc3c2SCC3)C1 |a:3|,3.551812748385584,4.653371214866638,1,1,A71EV2A-x5151a
aqaffinity,NC(=O)[C@H]1CCCN(C(=O)Cc2cccc3cn[nH]c23)C1 |&1:3|,5.011185771310347,4.6658982038497925,1,1,A71EV2A-x3210a
aqaffinity,NC(=O)[C@H]1CCCN(C(=O)Cc2cccc3ncsc23)C1 |a:3|,3.9648133085158968,3.491947889328003,1,1,A71EV2A-x5221a
aqaffinity,NC(=O)[C@H]1CCCN(C(=O)Cc2cccc3nsnc23)C1 |a:3|,4.492392502728005,4.240280151367188,1,1,A71EV2A-x4463a
aqaffinity,NC(=O)[C@H]1CCCN(C(=O)Cc2cccc3occc23)C1 |&1:3|,3.960269771303526,4.941748857498169,1,1,A71EV2A-x3191a
aqaffinity,NC(=O)[C@H]1CCCN(C(=O)Cc2cccc3sccc23)C1 |a:3|,3.9387751065420735,5.02965173125267,1,1,A71EV2A-x4341a
aqaffinity,NC(=O)[C@H]1CCCN(C(=O)Cc2ccccc2CO)C1 |a:3|,4.345773777137761,3.0115939378738403,2,2,A71EV2A-x4374a; A71EV2A-x4374b
aqaffinity,NC(=O)[C@H]1CCCN(C(=O)Cc2ccccc2CS(N)(=O)=O)C1 |a:3|,4.135380979941972,5.030754208564758,1,1,A71EV2A-x4403a
aqaffinity,NC(=O)[C@H]1CCCN(C(=O)Cc2ccccc2OC(F)F)C1 |a:3|,4.229666366474778,3.13088321685791,1,1,A71EV2A-x4319a
aqaffinity,NC(=O)[C@H]1CCCN(C(=O)Cc2cccnc2Cl)C1 |a:3|,3.43690985073048,3.0058318376541138,2,2,A71EV2A-x5079a; A71EV2A-x5079b
aqaffinity,NC(=O)[C@H]1CCCN(C(=O)Cc2cccnc2O)C1 |a:3|,5.153756287657022,3.026472806930542,1,1,A71EV2A-x4372a
aqaffinity,NC(=O)[C@H]1CCCN(C(=O)Cc2ccnc(Cl)c2Br)C1 |&1:3|,4.162204305054052,3.101677656173706,1,1,A71EV2A-x3193a
aqaffinity,NC(=O)[C@H]1CCCN(C(=O)Cc2ccnc(Cl)n2)C1 |a:3|,4.653647025549361,3.01269519329071,2,2,A71EV2A-x5213a; A71EV2A-x5213b
aqaffinity,NC(=O)[C@H]1CCCN(C(=O)Cc2ccncc2Cl)C1 |a:3|,5.18523404082538,3.02947998046875,1,1,A71EV2A-x4461a
aqaffinity,NC(=O)[C@H]1CCCN(C(=O)Cc2ccsc2)C1 |&1:3|,4.589713631215067,3.2556893825531006,2,2,A71EV2A-x5425a; A71EV2A-x5425b
aqaffinity,NC(=O)[C@H]1CCCN(C(=O)Cc2cncnc2Cl)C1 |a:3|,4.037630664329979,2.989020347595215,2,2,A71EV2A-x5081a; A71EV2A-x5081b
aqaffinity,NC(=O)[C@H]1CCCN(C(=O)Cc2ncc3ccc(Br)cn23)C1 |a:3|,4.424218724311264,3.0238962173461914,4,4,A71EV2A-x4519a; A71EV2A-x4519b; A71EV2A-x4580a; A71EV2A-x4580b
aqaffinity,NC(=O)[C@H]1CCCN(C(=O)Cc2ncncc2Cl)C1 |a:3|,4.03673794170959,3.4918140172958374,2,2,A71EV2A-x4979a; A71EV2A-x4979b
aqaffinity,NC(=O)[C@H]1CCCN(C(=O)Cn2cc(Br)cc(Cl)c2=O)C1 |a:3|,3.7253509633996433,4.924460768699646,1,1,A71EV2A-x4540a
aqaffinity,NC(=O)[C@H]1CCCN(C(=O)NCC2CC2)C1 |a:3|,5.064884396650843,2.996466159820556,1,1,A71EV2A-x3417a
aqaffinity,NC(=O)[C@H]1CCCN(C(=O)Nc2cc3c(cc2Cl)OCO3)C1 |a:3|,4.6271423700874985,3.010277509689331,1,1,A71EV2A-x4308a
aqaffinity,NC(=O)[C@H]1CCCN(C(=O)Nc2cccc3c2S(=O)(=O)CCC3)C1 |a:3|,4.616184634019569,3.818898618221283,1,1,A71EV2A-x4654a
aqaffinity,NC(=O)[C@H]1CCCN(C(=O)Nc2cccc3c2SCCC3)C1 |a:3|,4.5141394746468695,5.612834244966507,3,3,A71EV2A-x4674a; A71EV2A-x4674b; A71EV2A-x4674c
aqaffinity,NC(=O)[C@H]1CCCN(C(=O)Nc2ccccc2F)C1 |a:3|,4.851286884122841,3.134601593017578,1,1,A71EV2A-x3612a
aqaffinity,NC(=O)[C@H]1CCCN(C(=O)Nc2ccccc2OCC(F)(F)F)C1 |a:3|,5.15661038833037,3.025953769683838,1,1,A71EV2A-x4306a
aqaffinity,NC(=O)[C@H]1CCCN(C(=O)Nc2ccccc2SC(F)F)C1 |a:3|,4.325140144305149,3.069931030273437,1,1,A71EV2A-x4656a
aqaffinity,NC(=O)[C@H]1CCCN(C(=O)OC2CCCCC2)C1 |a:3|,4.042264201974706,3.0336461067199707,1,1,A71EV2A-x5351a
aqaffinity,NC(=O)[C@H]1CCCN(C(=O)[C@H](CN2CCCC2)c2ccccc2)C1 |&1:10|,5.024630533433036,3.2269091606140137,1,1,A71EV2A-x3975a
aqaffinity,NC(=O)[C@H]1CCCN(C(=O)[C@H](Cc2ccc(F)cc2)c2ccccc2)C1 |&1:10|,5.478592246479633,3.0755799412727356,4,4,A71EV2A-x4237a; A71EV2A-x4237b; A71EV2A-x4237c; A71EV2A-x4237d
aqaffinity,NC(=O)[C@H]1CCCN(C(=O)[C@H](OCC2CCCC2)c2ccccc2)C1 |&1:10|,5.567003508658591,3.0654425621032715,1,1,A71EV2A-x3968a
aqaffinity,NC(=O)[C@H]1CCCN(C(=O)[C@H](Sc2ccccc2)c2ccccc2)C1 |&1:10|,5.135488918941608,3.407896399497986,2,2,A71EV2A-x3986a; A71EV2A-x3986b
aqaffinity,NC(=O)[C@H]1CCCN(C(=O)[C@H](c2ccccc2)n2cccn2)C1 |&1:10|,4.869666231504994,3.6350330114364624,2,2,A71EV2A-x4451a; A71EV2A-x4451b
aqaffinity,"NC(=O)[C@H]1CCCN(C(=O)[C@H]2CCNc3[nH]ncc32)C1 |&1:3,&2:10|",5.556193958463214,3.0399235486984253,1,1,A71EV2A-x3218a
aqaffinity,NC(=O)[C@H]1CCCN(C(=O)[C@H]2CCOc3ccc(Cl)cc32)C1 |&1:10|,5.28547334915742,4.88527524471283,1,1,A71EV2A-x4260a
aqaffinity,NC(=O)[C@H]1CCCN(C(=O)[C@H]2CCSc3ccccc32)C1 |o1:10|,4.826813731587726,3.342287063598633,2,2,A71EV2A-x4943a; A71EV2A-x4943b
aqaffinity,"NC(=O)[C@H]1CCCN(C(=O)[C@H]2CC[C@H]2c2ccc(Cl)cc2)C1 |&1:10,&2:13|",4.000869458712629,3.8448874950408936,1,1,A71EV2A-x5550a
aqaffinity,NC(=O)[C@H]1CCCN(C(=O)[C@H]2CCc3cccc(Br)c32)C1 |&1:10|,4.479401524821051,3.0089036226272583,2,2,A71EV2A-x4202a; A71EV2A-x4202b
aqaffinity,NC(=O)[C@H]1CCCN(C(=O)[C@H]2CCc3cccc(O)c32)C1 |&1:10|,5.148337017678052,5.328777432441711,2,2,A71EV2A-x4456a; A71EV2A-x4456b
aqaffinity,NC(=O)[C@H]1CCCN(C(=O)[C@H]2CCc3snnc32)C1 |&1:10|,4.667561540084395,4.753666520118713,1,1,A71EV2A-x4472a
aqaffinity,NC(=O)[C@H]1CCCN(C(=O)[C@H]2SCc3cccnc32)C1 |&1:10|,4.60382166833978,3.6873786449432373,2,2,A71EV2A-x4606a; A71EV2A-x4606b
aqaffinity,"NC(=O)[C@H]1CCCN(C(=O)[C@]2(Cc3ccc(F)cc3)CCCCO2)C1 |&1:3,&2:10|",4.609064892896621,3.5365070104599,1,1,A71EV2A-x4416a
aqaffinity,NC(=O)[C@H]1CCCN(C(=O)c2ccnc3[nH]ncc23)C1 |&1:3|,4.787812395596042,2.889842987060547,1,1,A71EV2A-x3223a
aqaffinity,NC(=O)[C@H]1CCN(C(=O)Cc2c(Cl)cccc2Cl)C1 |&1:3|,4.7544873321858505,5.346582353115082,1,1,A71EV2A-x5427a
aqaffinity,NC(=O)[C@H]1CCN(C(=O)Cc2cc(C(F)(F)F)ccc2Cl)C1 |&1:3|,5.04901488179868,5.242026090621948,1,1,A71EV2A-x3989a
aqaffinity,NC(=O)[C@H]1CCN(C(=O)Cn2c(=O)sc3ccc(Cl)cc32)C1 |a:3|,4.001740661576301,5.697840988636017,2,2,A71EV2A-x5824a; A71EV2A-x5824b
aqaffinity,NC(=O)[C@H]1CCN(C(=O)Cn2cc(Br)cc(Cl)c2=O)C1 |a:3|,4.024899837282849,2.99448013305664,1,1,A71EV2A-x5779a
aqaffinity,NC(=O)[C@H]1CCN(C(=O)[C@H]2CCCN2C(=O)c2cccs2)C1 |&1:9|,5.012334272309165,5.247561901807785,2,2,A71EV2A-x5705a; A71EV2A-x5705b
aqaffinity,NC(=O)[C@H]1CCN(C(=O)[C@H]2CCOc3ccc(Cl)cc32)C1 |&1:9|,4.437172628708407,4.238398194313049,1,1,A71EV2A-x5728a
aqaffinity,NC(=O)[C@H]1CCN(C(=O)[C@H]2CSc3ccccc32)C1 |&1:9|,4.129009644321656,5.614198058843613,1,1,A71EV2A-x5570a
aqaffinity,"NC(=O)[C@H]1CCN(C(=O)[C@H]2SCCc3sccc32)C1 |&1:3,&2:9|",4.430090742898188,4.578948378562927,1,1,A71EV2A-x5431a
aqaffinity,"NC(=O)[C@H]1C[C@@H]2C[C@@H]2N(C(=O)Cc2ccccc2Cl)C1 |&1:3,5,7|",4.5796822958876815,3.1990106105804443,2,2,A71EV2A-x5802a; A71EV2A-x5802b
aqaffinity,"NC(=O)[C@H]1C[C@H]2C[C@H]2N(C(=O)Cc2ccccc2Cl)C1 |&1:3,5,7|",4.476253533188435,3.3417502641677856,2,2,A71EV2A-x5798a; A71EV2A-x5798b
aqaffinity,NC(=O)[C@]12CN(C(=O)Cc3ccccc3Cl)C[C@@H](C1)C2 |&1:3|,4.0045909104114665,4.228664040565491,1,1,A71EV2A-x5277a
aqaffinity,NC(=O)c1ccccc1CC(=O)N1CCC[C@H](C(N)=O)C1 |a:16|,3.660111973943557,3.023931741714477,1,1,A71EV2A-x4840a
aqaffinity,O=C(NCCc1cocn1)N1CCc2ccccc21,5.162973800773931,3.025819778442383,1,1,A71EV2A-x3392a
aqaffinity,O=C(NCCc1cocn1)c1ccccc1,5.093196163745395,3.014353752136231,1,1,A71EV2A-x3435a
boltz_2,C#C[C@H](NCCc1cocn1)c1nn(C)c2ccccc12 |&1:2|,4.716801953096995,4.336057257652283,1,1,A71EV2A-x4426a
boltz_2,"C#C[C@H]1CCCC[C@@H]1OC(=O)N1CCC[C@H](C(N)=O)C1 |o1:2,7|",4.011869615687259,4.757324886322022,1,1,A71EV2A-x5747a
boltz_2,C#Cc1ccc(C)c(OC(=O)N2CCC[C@H](C(N)=O)C2)c1 |a:15|,3.8964015060220634,4.408047938346863,1,1,A71EV2A-x5466a
boltz_2,C=C(C)c1cccc(SC)c1CC(=O)N1CCC[C@H](C(N)=O)C1 |a:18|,5.435913722030655,4.845358490943909,1,1,A71EV2A-x6027a
boltz_2,C=CS(=O)(=O)N1CCC[C@H](C(N)=O)C1 |&1:9|,5.1938200260161125,4.889405989646912,1,1,A71EV2A-x3408a
boltz_2,C=Cc1cccc(CC(=O)N2CCC[C@H](C(N)=O)C2)n1 |a:14|,5.099072631333438,3.72206916809082,2,2,A71EV2A-x5015a; A71EV2A-x5015b
boltz_2,C=Cc1ccccc1CS(=O)(=O)N1CCC[C@H](C(N)=O)C1 |a:16|,4.5951662833800615,4.173051357269287,1,1,A71EV2A-x5359a
boltz_2,CC(=O)Nc1cccc(NC(N)=O)c1,4.943095148663527,4.199526071548462,1,1,A71EV2A-x2454a
boltz_2,CC(=O)Nc1ccccc1CC(=O)N1CCC[C@H](C(N)=O)C1 |a:17|,4.265200170411153,3.7420719146728514,1,1,A71EV2A-x4322a
boltz_2,CC(C)(C)c1ccccc1NC(=O)N1CCC[C@H](C(N)=O)C1 |a:17|,4.916961547867879,4.408541584014893,1,1,A71EV2A-x4311a
boltz_2,CC(C)Oc1ccccc1NC(=O)N1CCC[C@H](C(N)=O)C1 |a:17|,4.877787213913532,4.4077965259552006,1,1,A71EV2A-x4305a
boltz_2,"CC(C)[C@H](c1cc(Cl)cc(Br)c1)N1C[C@H](C(N)=O)CCC1=O |&1:3,&2:14|",4.564352412519983,4.311901235580445,1,1,A71EV2A-x5868a
boltz_2,CCC(=O)N[C@H](C(=O)N1CC[C@H](C(N)=O)C1)c1ccccc1SC |&1:5|,4.556507378095548,4.066254043579102,1,1,A71EV2A-x6853a
boltz_2,CCC1(CC)CCN(c2ncnc(SC)c2CC(=O)N2CCC[C@H](C(N)=O)C2)C1 |a:23|,6.266038858073333,4.767756652832031,1,1,A71EV2A-x6738a
boltz_2,CCC1(CC)CN(c2ncnc(SC)c2CC(=O)N2CCC[C@H](C(N)=O)C2)CCS1(=O)=O |a:22|,6.0703717346625785,4.722058820724487,1,1,A71EV2A-x7169a
boltz_2,CCCSc1cccc(OC)c1NC(=O)N1CCC[C@H](C(N)=O)C1 |a:19|,3.79526753551538,4.279322266578674,2,2,A71EV2A-x5288a; A71EV2A-x5288b
boltz_2,CCN(CC1CC1)C(=O)c1cccc(CC(=O)N2CCC[C@H](C(N)=O)C2)c1 |a:21|,4.908336601699183,4.630370044708252,1,1,A71EV2A-x3944a
boltz_2,CCN(c1ncnc(SC)c1CC(=O)N1CCC[C@H](C(N)=O)C1)C(C)C |a:18|,5.941351132986486,3.896122550964356,1,1,A71EV2A-x7432a
boltz_2,CCOC(=O)N[C@H](C(=O)N1CC[C@H](C(N)=O)C1)c1ccccc1SC |o1:6|,4.606251898190906,4.10881278514862,1,1,A71EV2A-x6844a
boltz_2,"CCS(=O)(=O)N1CCN(c2ncnc(SC)c2CC(=O)N2CCC[C@H](C(N)=O)C2)[C@H](C)C1 |a:24,29|",5.887521899626527,5.058039546012878,1,1,A71EV2A-x7446a
boltz_2,CCS(=O)(=O)c1ccc(OC)c(NC(=O)N2CCC[C@H](C(N)=O)C2)c1 |a:19|,4.09366495819491,4.137983942031861,2,2,A71EV2A-x4309a; A71EV2A-x4309b
boltz_2,"CC[C@@H]1CCCN1c1ncnc(SC)c1CC(=O)N1CCC[C@H](C(N)=O)C1 |a:2,22|",5.359471394334077,4.323462128639221,2,2,A71EV2A-x7510a; A71EV2A-x7510b
boltz_2,"CC[C@@H]1CS[C@H](C(N)=O)CN1C(=O)Oc1cc(Br)ccc1SC |o1:2,5|",4.170150986564742,5.922846761345864,1,1,A71EV2A-x7321a
boltz_2,"CC[C@H](c1cc(F)cc(Br)c1)N1C[C@H](C(N)=O)CCC1=O |&1:2,&2:13|",4.7121982700697735,4.486109519004822,1,1,A71EV2A-x5699a
boltz_2,"CC[C@H](c1ccc(Cl)c(Cl)c1)N1C[C@H](C(N)=O)CCC1=O |&1:2,&2:13|",4.012372581165862,4.773015856742859,1,1,A71EV2A-x5676a
boltz_2,"CC[C@H]1CCCN1c1ncnc(SC)c1CC(=O)N1CCC[C@H](C(N)=O)C1 |a:2,22|",7.302627133357621,4.3708076000213625,1,1,A71EV2A-x7011a
boltz_2,"CC[C@H]1CS[C@H](C(N)=O)CN1C(=O)Oc1cc(Br)ccc1SC |o1:2,5|",7.112683897314732,5.900585779547692,1,1,A71EV2A-x7613a
boltz_2,CCc1ccsc1CN1C[C@H](C(N)=O)CCC1=O |&1:10|,4.668737062060432,4.432304835319519,1,1,A71EV2A-x4954a
boltz_2,CCn1nccc1C(=O)N[C@H](C(=O)N1CC[C@H](C(N)=O)C1)c1ccccc1SC |&1:10|,4.197688573451602,4.864213538169861,1,1,A71EV2A-x6945a
boltz_2,CN(C)C(=O)[C@@H](c1ccccc1)N1C[C@H](C(N)=O)CC1=O |o1:14|,4.003097753980533,3.651740455627441,1,1,A71EV2A-x5497a
boltz_2,CN(C)S(=O)(=O)c1cccnc1,5.10745472442027,4.444138026237487,2,1,A71EV2A-x2448a; A71EV2A-x2448b
boltz_2,CN1c2ccccc2C[C@H]1C(=O)N1CCC[C@H](C(N)=O)C1 |&1:9|,4.598941671349912,3.49813928604126,2,2,A71EV2A-x4583a; A71EV2A-x4583b
boltz_2,"CNC(=O)[C@@H](c1cccc(C)c1)N1C[C@H](C(N)=O)CC1=O |&1:4,14|",4.596879478824183,2.927381992340088,1,1,A71EV2A-x5317a
boltz_2,"CNC(=O)[C@@H]1CCN1c1ncnc(SC)c1CC(=O)N1CCC[C@H](C(N)=O)C1 |a:4,23|",5.553061207453266,4.197419166564941,1,1,A71EV2A-x7297a
boltz_2,CNC(=O)c1cn(C)c2ccccc12,4.822826736702125,3.7559446811676023,1,1,A71EV2A-x3066a
boltz_2,CNC(=O)c1nn(C)c2ccccc12,5.376184576266073,4.02173810005188,1,1,A71EV2A-x2290a
boltz_2,CNC(=O)c1oc2ccccc2c1CN1C[C@H](C(N)=O)CCC1=O |&1:16|,4.027340564735919,4.029952645301819,1,1,A71EV2A-x5226a
boltz_2,CNS(=O)(=O)c1ccccc1Cl,6.034867358576641,4.529111170768738,1,1,A71EV2A-x2458a
boltz_2,CNc1ncnc(SC)c1CC(=O)N1CCC[C@H](C(N)=O)C1 |a:17|,5.471985787685622,4.0051065444946286,1,1,A71EV2A-x6021a
boltz_2,COC(=O)N1CCCN(c2ncnc(SC)c2CC(=O)N2CCC[C@H](C(N)=O)C2)CC1 |a:24|,5.745487997043694,4.754193925857544,1,1,A71EV2A-x7018a
boltz_2,"COC(=O)N[C@H]1CCN(c2ncnc(SC)c2CC(=O)N2CCC[C@H](C(N)=O)C2)C1 |a:5,24|",7.272545074821092,4.547764945030212,1,1,A71EV2A-x7589a
boltz_2,COCC(=O)Nc1c(Cl)cc(C)cc1OCc1ncccn1,4.858392228943246,4.126156568527222,2,2,A71EV2A-x3522a; A71EV2A-x3522b
boltz_2,COCC(=O)Nc1c(Cl)cc(C)cc1Oc1cccc(C(N)=O)c1,4.822657723022635,4.77647898197174,1,1,A71EV2A-x3488a
boltz_2,"COC[C@@H]1CCCN1c1ncnc(SC)c1CC(=O)N1CCC[C@H](C(N)=O)C1 |a:3,23|",5.028984985837811,4.240735626220703,1,1,A71EV2A-x7161a
boltz_2,"COC[C@@H]1CCN1c1ncnc(SC)c1CC(=O)N1CCC[C@H](C(N)=O)C1 |a:3,22|",5.357972475219064,5.037765860557556,2,2,A71EV2A-x7353a; A71EV2A-x7353b
boltz_2,"COC[C@@]1(C)C[C@H](C(N)=O)CN1C(=O)Cc1cc(Br)ccc1SC |&1:3,6|",5.510062512868513,5.256579315662384,1,1,A71EV2A-x5398a
boltz_2,COC[C@H](C)NC(=O)c1nn(C)c2ccccc12 |&1:3|,4.747146969020107,3.708762168884277,1,1,A71EV2A-x3176a
boltz_2,"COC[C@H]1CCCN1c1ncnc(SC)c1CC(=O)N1CCC[C@H](C(N)=O)C1 |a:3,23|",7.197280846039433,4.229321527481079,1,1,A71EV2A-x7175a
boltz_2,"COC[C@H]1CC[C@H](C(N)=O)CN1C(=O)Cc1ccccc1SC |o1:3,6|",4.011460574435142,3.7890380859375,1,1,A71EV2A-x5488a
boltz_2,"COC[C@]1(C(=O)N2CCC[C@H](C(N)=O)C2)CCCCO1 |&1:3,&2:10|",6.0,4.066266107559204,1,1,A71EV2A-x3936a
boltz_2,COC[C@]12C[C@@](C(N)=O)(CN1C(=O)Cc1ccccc1OC)C2 |o1:3|,4.028724151261895,3.983231711387634,2,2,A71EV2A-x4963a; A71EV2A-x4963b
boltz_2,COCc1ccccc1CC(=O)N1CCC[C@H](C(N)=O)C1 |a:16|,4.576757218249551,3.997775244712829,1,1,A71EV2A-x4368a
boltz_2,COCc1ccccc1NC(=O)N1CCC[C@H](C(N)=O)C1 |a:16|,4.816470464384151,4.159812045097351,1,1,A71EV2A-x3483a
boltz_2,"CO[C@@H]1CCCN(c2ncnc(SC)c2CC(=O)N2CCC[C@H](C(N)=O)C2)C1 |a:2,22|",6.170052776781682,4.207547736167908,1,1,A71EV2A-x7238a
boltz_2,CO[C@H](C(=O)N1CCC[C@H](C(N)=O)C1)c1ccccc1C |&1:2|,4.928117992693875,3.74767689704895,1,1,A71EV2A-x3939a
boltz_2,"CO[C@H](C(=O)N1CCC[C@H](C(N)=O)C1)c1cccnc1 |&1:2,&2:9|",4.227015096629662,3.921058797836304,1,1,A71EV2A-x3937a
boltz_2,COc1c(NC(=O)N2CCC[C@H](C(N)=O)C2)cccc1C(F)(F)F |a:11|,5.032452023781138,4.3751686096191404,2,2,A71EV2A-x4310a; A71EV2A-x4310b
boltz_2,COc1cc(Br)c(CC(=O)N2CCC[C@H](C(N)=O)C2)cc1OC |a:14|,3.720229830921272,4.299553442001343,1,1,A71EV2A-x4845a
boltz_2,COc1cc(Cl)ccc1CC(=O)N1CCC[C@H](C(N)=O)C1 |a:16|,4.018634490921456,4.047900366783142,1,1,A71EV2A-x4203a
boltz_2,COc1cc(NC(=O)C[C@H](C)C(F)(F)F)n(C)n1 |&1:9|,4.632048101200719,4.940538001060486,2,2,A71EV2A-x1445a; A71EV2A-x1445b
boltz_2,COc1ccc(C(F)(F)F)cc1CC(=O)N1CCC[C@H](C(N)=O)C1 |a:19|,4.449959375475284,5.035070741176606,1,1,A71EV2A-x4028a
boltz_2,COc1ccc(C(F)(F)F)cc1CC(=O)N1CCS[C@H](C(N)=O)C1 |o1:19|,4.828494707777949,4.910467100143433,1,1,A71EV2A-x4778a
boltz_2,COc1ccc(C(F)(F)F)cc1N(C)C(=O)N1CCC[C@H](C(N)=O)C1 |a:20|,4.561127532480804,4.883164572715759,1,1,A71EV2A-x4843a
boltz_2,COc1ccc(C(F)(F)F)cc1NC(=O)N1CCC[C@H](C(N)=O)C1 |a:19|,4.069229199277436,4.813420701026916,1,1,A71EV2A-x4429a
boltz_2,COc1ccc(CC(=O)N2CCC[C@H](C(N)=O)C2)c(OC)c1 |a:13|,4.635207042042172,4.3371690034866335,2,2,A71EV2A-x3557a; A71EV2A-x3557b
boltz_2,COc1ccc(Cl)c2c1C(=O)C(=O)N2,4.628932137728264,4.684060645103455,1,1,A71EV2A-x2513a
boltz_2,COc1ccc(Cl)cc1CC(=O)N1CCC[C@H](C(N)=O)C1 |a:16|,4.727236212379233,4.2034498929977415,1,1,A71EV2A-x3940a
boltz_2,COc1ccc(Cl)cc1NS(=O)(=O)N1CCC[C@H](C(N)=O)C1 |a:17|,3.989247537499024,4.532283592224121,1,1,A71EV2A-x5278a
boltz_2,COc1ccc(Cl)cc1OC(=O)N1CCC[C@H](C(N)=O)C1 |a:16|,5.262803072736122,4.478040337562561,4,4,A71EV2A-x4829a; A71EV2A-x4829b; A71EV2A-x4903a; A71EV2A-x4903b
boltz_2,COc1ccc(F)cc1CC(=O)N1CCC[C@H](C(N)=O)C1 |a:16|,4.2094239507757765,4.029325938224792,1,1,A71EV2A-x3546a
boltz_2,COc1ccc2c(n1)[C@H](C(=O)N1CCC[C@H](C(N)=O)C1)CC2 |&1:8|,4.452380443994761,4.22354485988617,1,1,A71EV2A-x3954a
boltz_2,COc1cccc(CN2C[C@H](C(N)=O)CCC2=O)c1 |&1:10|,4.608183969818477,3.9284505367279055,2,2,A71EV2A-x5036a; A71EV2A-x5036b
boltz_2,COc1cccc(Cl)c1CC(=O)N1CCC[C@@H](C(N)=O)C1 |a:16|,4.620456050805198,4.115659546852112,2,2,A71EV2A-x3858a; A71EV2A-x3858b
boltz_2,COc1cccc(Cl)c1CC(=O)N1CCC[C@H](C(N)=O)C1 |a:16|,4.78560502978966,4.143760466575623,1,1,A71EV2A-x3942a
boltz_2,COc1cccc(Cl)c1CC(=O)N1CCC[C@H](C(N)=O)C1 |o1:16|,4.37828501116997,4.143760466575623,1,1,A71EV2A-x4209a
boltz_2,"COc1cccc(Cl)c1CC(=O)N1C[C@H](C(N)=O)C[C@H](C(=O)NC2CC2)C1 |o1:14,19|",4.899323290233971,4.471953535079956,2,2,A71EV2A-x3993a; A71EV2A-x3993b
boltz_2,"COc1cccc(Cl)c1CC(=O)N1C[C@H](C(N)=O)[C@H]2CCC[C@H]21 |&1:14,&2:18,22|",4.819608655063361,4.784926152229309,1,1,A71EV2A-x4239a
boltz_2,COc1cccc(Cl)c1NC(=O)N1CCC[C@H](C(N)=O)C1 |a:16|,4.465918205168407,3.792173671722412,2,2,A71EV2A-x4035a; A71EV2A-x4035b
boltz_2,COc1cccc(Cl)c1NC(=O)N1CC[C@H](C(N)=O)C1 |a:15|,4.612119831707907,3.8554234504699703,2,2,A71EV2A-x3992a; A71EV2A-x3992b
boltz_2,COc1cccc(NC(=O)N2CCC[C@H](C(N)=O)C2)c1 |a:14|,4.956109291095229,4.273239970207214,1,1,A71EV2A-x3485a
boltz_2,COc1cccc(NC(=O)N2CCC[C@H](C(N)=O)C2)c1Cl |a:14|,4.612661045864782,4.170069026947021,3,3,A71EV2A-x4524a; A71EV2A-x4873a; A71EV2A-x4873b
boltz_2,COc1cccc(NC(=O)N2CCC[C@H](C(N)=O)C2)n1 |a:14|,5.072431269429168,4.3203535079956055,1,1,A71EV2A-x4298a
boltz_2,COc1cccc(SC(C)C)c1NC(=O)N1CCC[C@H](C(N)=O)C1 |a:19|,5.313218576201494,3.960772609710693,2,2,A71EV2A-x5289a; A71EV2A-x5289b
boltz_2,COc1cccc(SC)c1NC(=O)N1CCC[C@H](C(N)=O)C1 |a:17|,5.161195917717353,3.8413524627685542,1,1,A71EV2A-x4554a
boltz_2,"COc1cccc2c1CC[C@H]2N1C[C@H](C(N)=O)CCC1=O |&1:10,&2:13|",4.789637072991269,3.733545303344727,1,1,A71EV2A-x4316a
boltz_2,COc1cccc2c1N(C(=O)N1CCC[C@H](C(N)=O)C1)CCS2 |a:15|,4.29598340377612,4.417702746391297,1,1,A71EV2A-x5389a
boltz_2,COc1ccccc1CC(=O)N(C)CCC(N)=O,4.935542010773082,3.6560522079467774,1,1,A71EV2A-x3977a
boltz_2,COc1ccccc1CC(=O)N1CCCC[C@H](C(N)=O)C1 |&1:16|,4.952204384072568,3.940271234512329,2,2,A71EV2A-x3571a; A71EV2A-x3571b
boltz_2,COc1ccccc1CC(=O)N1CCC[C@H](C(N)=O)C1 |&1:15|,4.128427064454121,3.776655960083008,1,1,A71EV2A-x3186a
boltz_2,COc1ccccc1CC(=O)N1CCC[C@H](C(N)=O)CC1 |&1:15|,4.952188702489189,4.136875247955322,2,2,A71EV2A-x4018a; A71EV2A-x4018b
boltz_2,COc1ccccc1CC(=O)N1CCN[C@H](C(N)=O)C1 |&1:15|,5.622664040174432,4.081335377693176,1,1,A71EV2A-x3901a
boltz_2,COc1ccccc1CC(=O)N1CCO[C@@H](C(N)=O)C1 |a:15|,4.615695746966642,3.9723883628845216,1,1,A71EV2A-x3663a
boltz_2,COc1ccccc1CC(=O)N1CC[C@@H](O)C1 |a:14|,4.951406063714552,3.2898823261260985,1,1,A71EV2A-x3621a
boltz_2,COc1ccccc1CC(=O)N1CC[C@H](CC(N)=O)C1 |&1:14|,5.055150304924533,3.710915470123291,4,4,A71EV2A-x3694a; A71EV2A-x3694b; A71EV2A-x4032a; A71EV2A-x4032b
boltz_2,COc1ccccc1CC(=O)N1CC[C@H](NC(N)=O)C1 |&1:14|,5.056011124926228,3.5543566703796388,1,1,A71EV2A-x3685a
boltz_2,COc1ccccc1CC(=O)N1C[C@H](C(N)=O)CC(F)(F)C1 |&1:13|,5.41096889227547,3.9243961811065673,1,1,A71EV2A-x3665a
boltz_2,"COc1ccccc1CC(=O)N1C[C@H](C(N)=O)CC[C@@H]1C |&1:13,19|",4.411260481653311,4.359753799438477,1,1,A71EV2A-x3550a
boltz_2,"COc1ccccc1CC(=O)N1C[C@H](C(N)=O)[C@@H](C(F)(F)F)C1 |&1:13,17|",5.110698297493689,4.038209867477417,1,1,A71EV2A-x3990a
boltz_2,"COc1ccccc1CC(=O)N1C[C@H](C)[C@@H](C(N)=O)C1 |&1:13,15|",5.303920706565589,3.900956583023072,1,1,A71EV2A-x3634a
boltz_2,"COc1ccccc1CC(=O)N1C[C@]2(C(N)=O)CC[C@H]1C2 |a:13,19|",4.621697158125564,4.214288592338562,1,1,A71EV2A-x4476a
boltz_2,COc1ccccc1CCN1C[C@H](C(N)=O)CC1=O |&1:12|,5.044970753420985,4.113100099563599,1,1,A71EV2A-x3956a
boltz_2,COc1ccccc1CN1C[C@H](C(N)=O)CC1=O |&1:11|,4.62709189585908,3.797501230239868,1,1,A71EV2A-x3895a
boltz_2,COc1ccccc1CN1C[C@H](C(N)=O)CCC1=O |&1:11|,4.956855685489159,4.085305118560791,2,2,A71EV2A-x3579a; A71EV2A-x4029a
boltz_2,COc1ccccc1NC(=O)Nc1cccnc1,4.740875707793589,4.06876847743988,1,1,A71EV2A-x2629a
boltz_2,COc1ccccc1S(=O)(=O)N1CCC[C@H](C(N)=O)C1 |a:15|,5.161780778092374,4.4573208570480345,2,2,A71EV2A-x4214a; A71EV2A-x4214b
boltz_2,COc1ccccc1[C@H](C)C(=O)N1CCC[C@H](C(N)=O)C1 |o1:8|,5.415903931859735,4.113876605033875,2,2,A71EV2A-x4445a; A71EV2A-x4445b
boltz_2,"COc1ccccc1[C@H](C)CN1C[C@H](C(N)=O)CC1=O |&1:8,&2:13|",4.917407524166997,4.451057171821594,1,1,A71EV2A-x4313a
boltz_2,"COc1ccccc1[C@H](C)N1C[C@H](C(N)=O)CCC1=O |&1:8,&2:12|",5.565980102355844,3.605110120773316,1,1,A71EV2A-x4661a
boltz_2,COc1ccccc1[C@H](N)C(=O)N1CCC[C@H](C(N)=O)C1 |o1:8|,5.349983835684398,4.250114989280701,1,1,A71EV2A-x3890a
boltz_2,COc1ccccc1[C@H](NC(=O)OC(C)(C)C)C(=O)N1CCC[C@H](C(N)=O)C1 |o1:8|,4.930769702637148,4.3218539476394655,2,2,A71EV2A-x3884a; A71EV2A-x3884b
boltz_2,COc1ccccc1[C@H](NC(C)=O)C(=O)N1CCC[C@H](C(N)=O)C1 |o1:8|,5.238439218136987,3.980773401260376,4,4,A71EV2A-x4207a; A71EV2A-x4207b; A71EV2A-x4449a; A71EV2A-x4449b
boltz_2,"COc1ccccc1[C@H](O)CN1C[C@H](C(N)=O)CC1=O |&1:8,&2:13|",5.276902343492681,3.9784164905548094,1,1,A71EV2A-x4295a
boltz_2,"COc1ccccc1[C@H](O)CN1C[C@H](C(N)=O)CCC1=O |&1:8,&2:13|",5.212129340035951,3.83551607131958,1,1,A71EV2A-x4406a
boltz_2,COc1ccccc1[C@H](OC)C(=O)N1CCC[C@H](C(N)=O)C1 |o1:8|,5.523700643055132,4.026331841945648,2,2,A71EV2A-x3862a; A71EV2A-x3883a
boltz_2,COc1cccnc1CC(=O)N1CCC[C@H](C(N)=O)C1 |a:15|,4.648165195719463,3.5797934532165527,2,2,A71EV2A-x4283a; A71EV2A-x4283b
boltz_2,COc1cccnc1CN1CCC[C@H](C(N)=O)C1 |a:13|,5.576653344896242,4.673946070671081,2,2,A71EV2A-x4274a; A71EV2A-x4274b
boltz_2,COc1ccncc1CC(=O)N1CCC[C@H](C(N)=O)C1 |&1:15|,4.443671499997475,4.323681449890136,1,1,A71EV2A-x3229a
boltz_2,COc1ccncc1CC(=O)N1CCC[C@H](C(N)=O)C1 |a:15|,4.7516996536545095,4.323681449890136,1,1,A71EV2A-x3548a
boltz_2,COc1ncc(-c2ccc(SC)c(CC(=O)N3CCC[C@H](C(N)=O)C3)c2)cc1C#N |a:20|,5.612933991649193,4.613083553314209,1,1,A71EV2A-x5877a
boltz_2,COc1ncc(Br)cc1CC(=O)N1CCC[C@H](C(N)=O)C1 |a:16|,4.832067775571805,4.749005961418152,1,1,A71EV2A-x4388a
boltz_2,COc1ncccc1-c1ccc(SC)c(CC(=O)N2CCC[C@H](C(N)=O)C2)c1 |a:22|,5.926316446103106,4.537762331962585,1,1,A71EV2A-x6736a
boltz_2,COc1ncccc1CC(=O)N1CCC[C@H](C(N)=O)C1 |&1:15|,4.324153048333832,4.209815788269043,1,1,A71EV2A-x3201a
boltz_2,COc1ncccc1CC(=O)N1CCC[C@H](C(N)=O)C1 |a:15|,4.286509456906058,4.209815788269043,1,1,A71EV2A-x4347a
boltz_2,COc1ncccc1CC(=O)N1CCC[C@H](C(N)=O)C1 |o1:15|,4.939681121858298,4.270066833496093,2,2,A71EV2A-x3849a; A71EV2A-x3869a
boltz_2,COc1ncccc1NC(=O)N1CCC[C@H](C(N)=O)C1 |a:15|,4.487273331768478,3.6383751392364494,2,2,A71EV2A-x4031a; A71EV2A-x4031b
boltz_2,COc1ncccc1NC(=O)N1CC[C@H](C(N)=O)C1 |a:14|,4.618016608302379,3.95742244720459,1,1,A71EV2A-x4418a
boltz_2,COc1ncccc1NS(=O)(=O)N1CCC[C@H](C(N)=O)C1 |a:16|,4.601213898998983,4.151821064949036,2,2,A71EV2A-x4899a; A71EV2A-x4899b
boltz_2,CS(=O)(=O)c1ccccc1CC(=O)N1CCC[C@H](C(N)=O)C1 |a:17|,4.018181392829336,3.826713228225708,1,1,A71EV2A-x4675a
boltz_2,CSCC1(CC(=O)N2CCC[C@H](C(N)=O)C2)CC1 |a:11|,4.0270354434741735,5.12945454120636,1,1,A71EV2A-x4701a
boltz_2,"CSC[C@H]1C[C@H]1C(=O)N1CCC[C@H](C(N)=O)C1 |&1:3,5|",4.808721339045607,4.289752769470215,1,1,A71EV2A-x4736a
boltz_2,"CS[C@@H]1CCCC[C@H]1OC(=O)N1CCC[C@H](C(N)=O)C1 |o1:2,7|",3.5961527992975952,5.113839817047119,1,1,A71EV2A-x5231a
boltz_2,CSc1c(Br)cccc1CC(=O)N1CCC[C@H](C(N)=O)C1 |a:16|,4.472492797097293,4.454283237457275,1,1,A71EV2A-x4290a
boltz_2,CSc1c(F)cccc1NC(=O)N1CCC[C@H](C(N)=O)C1 |a:16|,4.319967775442991,4.080644607543945,1,1,A71EV2A-x4851a
boltz_2,CSc1c(NC(=O)N2CCC[C@H](C(N)=O)C2)c(C)nn1C |a:11|,4.6073172842698655,3.883588123321533,1,1,A71EV2A-x4727a
boltz_2,CSc1ccc(-c2cc(C#N)ncc2F)cc1CC(=O)N1CCC[C@H](C(N)=O)C1 |a:24|,5.682717212000788,5.195016181468963,1,1,A71EV2A-x6769a
boltz_2,CSc1ccc(-c2cc(C)c(=O)n(C)c2)cc1CC(=O)N1CCC[C@H](C(N)=O)C1 |a:24|,6.031014087429405,4.959976553916931,2,2,A71EV2A-x5879a; A71EV2A-x5879b
boltz_2,CSc1ccc(-c2cc(C)nn2C)cc1OC(=O)N1CCC[C@H](C(N)=O)C1 |a:22|,5.436862866226505,4.933976578712463,1,1,A71EV2A-x7260a
boltz_2,CSc1ccc(-c2cc[nH]n2)cc1CC(=O)N1CCC[C@H](C(N)=O)C1 |a:20|,5.955905430140241,4.595883870124817,2,2,A71EV2A-x5525a; A71EV2A-x5525b
boltz_2,"CSc1ccc(-c2cc[nH]n2)cc1CC(=O)N1C[C@H](C(N)=O)C[C@H]2C[C@H]21 |&1:18,23,25|",6.340503680200894,4.901878786087036,2,2,A71EV2A-x7576a; A71EV2A-x7576b
boltz_2,CSc1ccc(-c2cc[nH]n2)cc1OC(=O)N1CCC[C@H](C(N)=O)C1 |a:20|,6.343392058545723,4.589512300491333,1,1,A71EV2A-x7597a
boltz_2,CSc1ccc(-c2ccc(N3CCN(C)CC3)nc2)cc1OC(=O)N1CCC[C@H](C(N)=O)C1 |a:28|,6.646304383229654,5.110402488708496,1,1,A71EV2A-x7261a
boltz_2,CSc1ccc(-c2cccc3cnn(C)c23)cc1CC(=O)N1CCC[C@H](C(N)=O)C1 |a:25|,4.852511447271943,5.023563361167907,1,1,A71EV2A-x6025a
boltz_2,CSc1ccc(-c2ccccc2)cc1CC(=O)N1CCC[C@H](C(N)=O)C1 |a:21|,5.7575850142068425,4.671956610679627,1,1,A71EV2A-x5526a
boltz_2,CSc1ccc(-c2ccccn2)cc1OC(=O)N1CCC[C@H](C(N)=O)C1 |a:21|,6.363385275343752,4.802134084701538,1,1,A71EV2A-x7442a
boltz_2,"CSc1ccc(-c2ccccn2)cc1OC(=O)N1C[C@H](C(N)=O)C[C@H]2C[C@H]21 |&1:19,24,26|",6.770247859071493,5.027673995494842,2,2,A71EV2A-x7350a; A71EV2A-x7350b
boltz_2,"CSc1ccc(-c2cccnc2)cc1OC(=O)N1C[C@H](C(N)=O)C[C@@H]2C[C@@H]21 |&1:19,24,26|",6.025403843721281,5.221461486816406,1,1,A71EV2A-x7032a
boltz_2,"CSc1ccc(-c2cccnc2)cc1OC(=O)N1C[C@H](C(N)=O)C[C@H]2C[C@H]21 |&1:19,24,26|",6.615017621163278,5.230937731266022,1,1,A71EV2A-x7070a
boltz_2,CSc1ccc(-c2cccnc2C(C)C)cc1CC(=O)N1CCC[C@H](C(N)=O)C1 |a:24|,5.633026106559719,5.03777905702591,1,1,A71EV2A-x6778a
boltz_2,CSc1ccc(-c2cccnc2N)cc1OC(=O)N1CCC[C@H](C(N)=O)C1 |a:22|,6.467825319983038,4.770659065246582,2,2,A71EV2A-x7301a; A71EV2A-x7301b
boltz_2,CSc1ccc(-c2ccnc(N(C)C)c2)cc1CC(=O)N1CCC[C@H](C(N)=O)C1 |a:24|,6.212710086334884,4.806236815452576,1,1,A71EV2A-x6791a
boltz_2,CSc1ccc(-c2ccncc2)cc1CC(=O)N1CCC[C@H](C(N)=O)C1 |a:21|,5.983523026568097,4.665783882141113,1,1,A71EV2A-x5509a
boltz_2,"CSc1ccc(-c2ccncc2)cc1CC(=O)N1C[C@H](C(N)=O)C[C@H]2C[C@H]21 |&1:19,24,26|",6.743785006270056,4.91876699924469,1,1,A71EV2A-x7256a
boltz_2,"CSc1ccc(-c2ccncc2)cc1CC(=O)N1C[C@H](C(N)=O)C[C@H]2C[C@H]21 |o1:19,24,26|",4.917388969413124,4.932250118255615,1,1,A71EV2A-x7445a
boltz_2,"CSc1ccc(-c2ccncc2)cc1NC(=O)N1C[C@H](C(N)=O)C[C@H]2C[C@H]21 |&1:19,24,26|",5.742028204896328,5.195002329349518,1,1,A71EV2A-x6746a
boltz_2,"CSc1ccc(-c2ccncc2)cc1OC(=O)N1C[C@H](C(N)=O)C[C@H]2C[C@H]21 |&1:19,24,26|",6.058389757043434,5.172202634811401,1,1,A71EV2A-x7184a
boltz_2,CSc1ccc(-c2ccnn2C(C)(C)C)cc1OC(=O)N1CCC[C@H](C(N)=O)C1 |a:24|,4.912085112444354,4.782128691673279,2,2,A71EV2A-x7167a; A71EV2A-x7167b
boltz_2,"CSc1ccc(-c2ccnn2C2CCC2)cc1OC(=O)N1C[C@H](C(N)=O)C[C@H]2C[C@H]21 |&1:22,27,29|",6.6437811411974925,5.083590400218964,1,1,A71EV2A-x7044a
boltz_2,"CSc1ccc(-c2cn[nH]c2)cc1CC(=O)N1C[C@H](C(N)=O)C[C@H]2C[C@H]21 |&1:18,23,25|",6.438312682607372,4.955345869064331,1,1,A71EV2A-x5836a
boltz_2,"CSc1ccc(-c2cn[nH]c2)cc1OC(=O)N1C[C@H](C(N)=O)C[C@@H]2C[C@@H]21 |&1:18,23,25|",5.626220997937759,4.545679664611816,1,1,A71EV2A-x7379a
boltz_2,"CSc1ccc(-c2cn[nH]c2)cc1OC(=O)N1C[C@H](C(N)=O)C[C@H]2C[C@H]21 |&1:18,23,25|",6.775141043530828,4.591694927215576,1,1,A71EV2A-x7323a
boltz_2,CSc1ccc(-c2cncc(C)c2C)cc1CC(=O)N1CCC[C@H](C(N)=O)C1 |a:23|,5.401951923140469,5.140672028064728,1,1,A71EV2A-x6032a
boltz_2,CSc1ccc(-c2cncc(S(C)(=O)=O)c2)cc1CC(=O)N1CCC[C@H](C(N)=O)C1 |a:25|,5.687762124194347,4.627067518234253,2,2,A71EV2A-x6948a; A71EV2A-x6948b
boltz_2,CSc1ccc(-c2cncc3ccccc23)cc1CC(=O)N1CCC[C@H](C(N)=O)C1 |a:25|,5.484126156288321,5.2382121086120605,1,1,A71EV2A-x6035a
boltz_2,"CSc1ccc(-c2cnco2)cc1OC(=O)N1C[C@H](C(N)=O)C[C@H]2C[C@H]21 |&1:18,23,25|",6.622961397710664,4.749585843086242,1,1,A71EV2A-x7002a
boltz_2,"CSc1ccc(-c2cnn[nH]2)cc1OC(=O)N1C[C@H](C(N)=O)C[C@H]2C[C@H]21 |&1:18,23,25|",6.821074156272469,4.8197909116745,1,1,A71EV2A-x7410a
boltz_2,CSc1ccc(-c2cnnn2C)cc1CC(=O)N1CCC[C@H](C(N)=O)C1 |a:21|,5.437915347454481,4.985976076126098,1,1,A71EV2A-x6925a
boltz_2,CSc1ccc(-c2csc(C(F)F)c2)cc1CC(=O)N1CCC[C@H](C(N)=O)C1 |a:23|,6.104588372500485,5.407663691043854,1,1,A71EV2A-x5864a
boltz_2,"CSc1ccc(-c2ocnc2C)cc1OC(=O)N1C[C@H](C(N)=O)C[C@H]2C[C@H]21 |&1:19,24,26|",5.964275769895213,5.541957205533981,1,1,A71EV2A-x7287a
boltz_2,CSc1ccc(-n2cccn2)cc1CC(=O)N1CCC[C@H](C(N)=O)C1 |a:20|,6.017614181634599,4.510917401313781,1,1,A71EV2A-x5604a
boltz_2,CSc1ccc(-n2ccnc2)cc1CC(=O)N1CCC[C@H](C(N)=O)C1 |a:20|,5.816743356703912,4.6212156295776365,1,1,A71EV2A-x5833a
boltz_2,CSc1ccc(Br)cc1CC(=O)N1CCC[C@H](C(N)=O)C1 |a:16|,6.504803930407411,4.559124493598938,1,1,A71EV2A-x4431a
boltz_2,CSc1ccc(Br)cc1CC(=O)N1CCC[C@H](C(N)=O)CC1 |&1:16|,4.084730020129478,4.97371985912323,2,2,A71EV2A-x5203a; A71EV2A-x5203b
boltz_2,"CSc1ccc(Br)cc1CC(=O)N1CCC[C@H](C(N)=O)[C@@H]1C |o1:16,20|",4.01122507362837,4.865104985237122,1,1,A71EV2A-x5494a
boltz_2,CSc1ccc(Br)cc1CC(=O)N1CC[C@H](C(N)=O)C1 |a:15|,4.166573738364501,4.908976030349732,1,1,A71EV2A-x4856a
boltz_2,"CSc1ccc(Br)cc1CC(=O)N1C[C@H](C(N)=O)CC[C@@H]1C |o1:14,20|",5.370420577541523,4.990563213825226,2,2,A71EV2A-x5247a; A71EV2A-x5247b
boltz_2,"CSc1ccc(Br)cc1CC(=O)N1C[C@H](C(N)=O)CC[C@H]1C |o1:14,20|",5.163175522827518,4.956125575304032,4,4,A71EV2A-x5339a; A71EV2A-x5339b; A71EV2A-x5366a; A71EV2A-x5366b
boltz_2,"CSc1ccc(Br)cc1CC(=O)N1C[C@H](C(N)=O)[C@H]2C[C@H]21 |o1:14,18,20|",4.590066876668706,5.015303587913513,1,1,A71EV2A-x7359a
boltz_2,"CSc1ccc(Br)cc1CC(=O)N1[C@H]2CC[C@H](C(N)=O)[C@@H]1CC2 |o1:13,16,20|",4.022734028686543,4.750618529319763,2,2,A71EV2A-x5758a; A71EV2A-x5758b
boltz_2,"CSc1ccc(Br)cc1OC(=O)N1C[C@H](C(N)=O)CC[C@@H]1C |o1:14,20|",4.757850080326607,5.261425495147705,2,2,A71EV2A-x5819a; A71EV2A-x5819b
boltz_2,"CSc1ccc(Br)cc1OC(=O)N1C[C@H](C(N)=O)CC[C@@H]1CO |&1:14,20|",5.994964027913848,5.322120845317841,1,1,A71EV2A-x7558a
boltz_2,"CSc1ccc(Br)cc1OC(=O)N1C[C@H](C(N)=O)C[C@@H]2C[C@@H]21 |&1:14,19,21|",6.134970625328986,5.413049393892289,1,1,A71EV2A-x5830a
boltz_2,"CSc1ccc(Br)cc1OC(=O)N1C[C@H](C(N)=O)C[C@H]2C[C@H]21 |&1:14,19,21|",6.442779415416162,5.398525470495224,1,1,A71EV2A-x6932a
boltz_2,CSc1ccc(Br)cc1[C@H](NC(=O)OC(C)(C)C)C(=O)N1CC[C@H](C(N)=O)C1 |&1:9|,4.616253373468555,4.841372060775757,1,1,A71EV2A-x5891a
boltz_2,CSc1ccc(C(=O)N(C)C2CCC(C)(C)CC2)cc1CC(=O)N1CCC[C@H](C(N)=O)C1 |a:27|,4.8542464945359285,4.692297506332397,1,1,A71EV2A-x7307a
boltz_2,CSc1ccc(C(=O)N2CC=CCC23CCC3)cc1CC(=O)N1CCC[C@H](C(N)=O)C1 |a:26|,5.727326160448949,4.96231724023819,1,1,A71EV2A-x7318a
boltz_2,CSc1ccc(C(=O)N2Cc3nccc(C)c3C2)cc1CC(=O)N1CCC[C@H](C(N)=O)C1 |a:27|,5.732131922180389,4.786874508857727,1,1,A71EV2A-x6739a
boltz_2,CSc1ccc(C(=O)Nc2ccncc2)cc1CC(=O)N1CCC[C@H](C(N)=O)C1 |a:24|,6.058292496038209,4.7754110336303714,2,2,A71EV2A-x5512a; A71EV2A-x5512b
boltz_2,"CSc1ccc(C2=CCN(C)CC2)cc1CC(=O)N1C[C@H](C(N)=O)C[C@H]2C[C@H]21 |o1:20,25,27|",6.217987758487747,4.866088056564331,2,2,A71EV2A-x7369a; A71EV2A-x7369b
boltz_2,"CSc1ccc(C2=CCN(C)CC2)cc1OC(=O)N1C[C@H](C(N)=O)C[C@@H]2C[C@@H]21 |&1:20,25,27|",6.4554495427646055,5.026333236694336,1,1,A71EV2A-x7046a
boltz_2,"CSc1ccc(C2=CCN(C)CC2)cc1OC(=O)N1C[C@H](C(N)=O)C[C@H]2C[C@H]21 |&1:20,25,27|",6.616789569053188,5.034791135787964,1,1,A71EV2A-x7368a
boltz_2,CSc1ccc(C2=CCNCC2)cc1CC(=O)N1CCC[C@H](C(N)=O)C1 |a:21|,6.359785941635829,4.539004492759704,1,1,A71EV2A-x6827a
boltz_2,"CSc1ccc(C2=CCOCC2)cc1OC(=O)N1C[C@H](C(N)=O)C[C@H]2C[C@H]21 |&1:19,24,26|",6.278226151900541,5.191889083385467,1,1,A71EV2A-x7021a
boltz_2,CSc1ccc(C2CC2)cc1CC(=O)N1CCC[C@H](C(N)=O)C1 |a:18|,5.527677465814104,4.917243623733521,1,1,A71EV2A-x5276a
boltz_2,CSc1ccc(N2CCCC2=O)cc1NC(=O)N1CCC[C@H](C(N)=O)C1 |a:21|,5.06227649451538,4.38458137512207,2,2,A71EV2A-x4986a; A71EV2A-x4986b
boltz_2,CSc1ccc(N2CCOCC2)cc1NC(=O)N1CCC[C@H](C(N)=O)C1 |a:21|,4.924868863339022,4.504493927955627,2,2,A71EV2A-x5598a; A71EV2A-x5598b
boltz_2,CSc1ccc(OC2CC2)cc1NC(=O)N1CCC[C@H](C(N)=O)C1 |a:19|,4.674438823846753,4.7659985542297365,1,1,A71EV2A-x5533a
boltz_2,CSc1ccc(S(C)(=O)=O)cc1CC(=O)N1CCC[C@H](C(N)=O)C1 |a:19|,5.609697925694327,4.438359832763672,2,2,A71EV2A-x5449a; A71EV2A-x5449b
boltz_2,CSc1ccc(SC(C)(C)C)cc1CC(=O)N1CCC[C@H](C(N)=O)C1 |a:20|,5.111221489644668,4.73282470703125,1,1,A71EV2A-x5403a
boltz_2,CSc1ccc2c(c1)[C@H](C(=O)N1CCC[C@H](C(N)=O)C1)CCO2 |o1:8|,4.060454118763697,4.244082975387573,2,2,A71EV2A-x5475a; A71EV2A-x5475b
boltz_2,CSc1ccc2cnccc2c1NC(=O)N1CCC[C@H](C(N)=O)C1 |a:19|,5.772572568212773,4.385163927078247,1,1,A71EV2A-x5261a
boltz_2,CSc1ccc2ncccc2c1NC(=O)N1CCC[C@H](C(N)=O)C1 |a:19|,6.128863936621021,4.292097496986389,2,2,A71EV2A-x4977a; A71EV2A-x4977b
boltz_2,"CSc1ccc2ncccc2c1NC(=O)N1C[C@H](C(N)=O)C[C@@H]2C[C@@H]21 |o1:17,22,24|",5.669481598088156,4.912996435165406,2,2,A71EV2A-x6877a; A71EV2A-x6980a
boltz_2,"CSc1ccc2ncccc2c1NC(=O)N1C[C@H](C(N)=O)C[C@H]2C[C@H]21 |&1:17,22,24|",6.155618588158782,4.889902544021607,1,1,A71EV2A-x5854a
boltz_2,"CSc1ccc2ncccc2c1OC(=O)N1C[C@H](C(N)=O)C[C@@H]2C[C@@H]21 |o1:17,22,24|",6.223231835566202,4.818519401550294,2,2,A71EV2A-x7459a; A71EV2A-x7461a
boltz_2,"CSc1ccc2ncccc2c1OC(=O)N1C[C@H](C(N)=O)C[C@H]2C[C@H]21 |o1:17,22,24|",6.55419279444554,4.8683518409729,3,3,A71EV2A-x7465a; A71EV2A-x7465b; A71EV2A-x7515a
boltz_2,CSc1ccc2scnc2c1NC(=O)N1CCC[C@H](C(N)=O)C1 |a:18|,5.775683273773221,4.460373187065125,2,2,A71EV2A-x5283a; A71EV2A-x5283b
boltz_2,CSc1cccc(-c2cc(C(F)(F)F)nn2C)c1CC(=O)N1CCC[C@H](C(N)=O)C1 |a:25|,5.150667872559956,4.974309289455414,2,2,A71EV2A-x6955a; A71EV2A-x6955b
boltz_2,CSc1cccc(-c2ccc(C(F)(F)F)cc2C#N)c1CC(=O)N1CCC[C@H](C(N)=O)C1 |a:27|,5.656918950334414,5.378626799583435,1,1,A71EV2A-x5884a
boltz_2,CSc1cccc(-c2ccc(C(F)(F)F)o2)c1CC(=O)N1CCC[C@H](C(N)=O)C1 |a:24|,5.785803993839482,5.565243864059449,1,1,A71EV2A-x5857a
boltz_2,CSc1cccc(-c2cn(C)c(=O)c3ccccc23)c1CC(=O)N1CCC[C@H](C(N)=O)C1 |a:27|,6.086272291520818,4.977713811397552,1,1,A71EV2A-x6028a
boltz_2,CSc1cccc(-c2sccc2C2CC2)c1CC(=O)N1CCC[C@H](C(N)=O)C1 |a:23|,5.508648103412354,5.094224882125855,1,1,A71EV2A-x6794a
boltz_2,CSc1cccc(-n2ccnc2)c1CC(=O)N1CCC[C@H](C(N)=O)C1 |a:20|,5.508866053332301,4.225582623481751,1,1,A71EV2A-x5788a
boltz_2,CSc1cccc(Br)c1CC(=O)N1CCC[C@H](C(N)=O)C1 |a:16|,5.23959580735841,4.336893844604492,1,1,A71EV2A-x4670a
boltz_2,CSc1cccc(C2=CCCCC2)c1CC(=O)N1CCC[C@H](C(N)=O)C1 |a:21|,5.358458624958955,4.706565308570862,1,1,A71EV2A-x6938a
boltz_2,CSc1cccc(CC(=O)N2CCC[C@H](C(N)=O)C2)c1 |a:14|,4.165030350472351,4.310198354721069,2,2,A71EV2A-x4334a; A71EV2A-x4334b
boltz_2,CSc1cccc(CN2C[C@H](C(N)=O)CCC2=O)c1 |o1:10|,4.610891805164698,4.203309321403504,1,1,A71EV2A-x4710a
boltz_2,CSc1cccc2c1N(C(=O)N1CCC[C@H](C(N)=O)C1)CCCO2 |a:15|,3.9795272089559,4.302895879745483,1,1,A71EV2A-x5249a
boltz_2,"CSc1cccc2c1[C@@H](C(=O)N1C[C@H](C(N)=O)C[C@H]3C[C@H]31)CC2 |&1:8,13,18,20|",6.317002294422829,4.580065441131592,1,1,A71EV2A-x7448a
boltz_2,CSc1cccc2c1[C@H](C(=O)N1CCC[C@H](C(N)=O)C1)CC2 |o1:8|,6.105065909655473,4.611717081069946,1,1,A71EV2A-x5687a
boltz_2,CSc1cccc2c1[C@H](C(=O)N1CCC[C@H](C(N)=O)C1)CCC2 |o1:8|,4.913179132164633,4.665365695953369,3,3,A71EV2A-x5850a; A71EV2A-x5995a; A71EV2A-x5995b
boltz_2,CSc1ccccc1CC(=O)N1CCC(F)(F)[C@H](C(N)=O)C1 |&1:17|,4.92096962924201,4.278242015838623,1,1,A71EV2A-x4724a
boltz_2,CSc1ccccc1CC(=O)N1CCC[C@H](C(F)F)C1 |&1:15|,3.883316455303125,4.097233772277832,1,1,A71EV2A-x4746a
boltz_2,CSc1ccccc1CC(=O)N1CCC[C@H](C(N)=O)C1 |a:15|,5.393063563669464,3.868107986450196,1,1,A71EV2A-x4386a
boltz_2,CSc1ccccc1CC(=O)N1CCC[C@H](CCO)C1 |&1:15|,3.7794804346789226,3.9522990465164174,1,1,A71EV2A-x4809a
boltz_2,CSc1ccccc1CC(=O)N1CCC[C@H](CF)C1 |&1:15|,4.015189894778023,4.166137266159057,1,1,A71EV2A-x4751a
boltz_2,CSc1ccccc1CC(=O)N1CCC[C@H](O)C1 |&1:15|,4.025488307262672,4.199400186538696,1,1,A71EV2A-x4794a
boltz_2,CSc1ccccc1CC(=O)N1CCC[C@H](S(N)(=O)=O)C1 |&1:15|,4.603800652904264,3.797187089920044,1,1,A71EV2A-x4745a
boltz_2,CSc1ccccc1CC(=O)N1CCC[C@H]1c1cnc[nH]1 |&1:15|,4.853871964321762,4.123113298416138,1,1,A71EV2A-x4735a
boltz_2,"CSc1ccccc1CC(=O)N1CCC[C@H]2C(=O)NC[C@H]21 |&1:15,20|",4.035167674220528,4.499035859107972,1,1,A71EV2A-x4791a
boltz_2,CSc1ccccc1CC(=O)N1CCC[C@](F)(C(N)=O)C1 |&1:15|,3.839782551369189,4.294577980041504,1,1,A71EV2A-x4753a
boltz_2,CSc1ccccc1CC(=O)N1CCC[C@](O)(C(N)=O)C1 |&1:15|,3.955966436496336,3.790641498565674,2,2,A71EV2A-x4894a; A71EV2A-x4940a
boltz_2,CSc1ccccc1CC(=O)N1CCNC(=O)C1,4.006123085058789,4.510211825370789,1,1,A71EV2A-x4721a
boltz_2,"CSc1ccccc1CC(=O)N1CC[C@H]2[C@H](C1)[C@H]2C(N)=O |&1:14,&2:15,&3:17|",4.558200508454535,3.939122438430786,1,1,A71EV2A-x4739a
boltz_2,"CSc1ccccc1CC(=O)N1C[C@H](C(N)=O)CC[C@H]1CO |o1:13,19|",4.599655204790009,4.19303867816925,2,2,A71EV2A-x5992a; A71EV2A-x5992b
boltz_2,"CSc1ccccc1CC(=O)N1C[C@H](C(N)=O)C[C@H](C(N)=O)C1 |a:13,18|",5.207231875935455,4.518956041336059,2,2,A71EV2A-x5171a; A71EV2A-x5171b
boltz_2,"CSc1ccccc1CC(=O)N1C[C@H](C(N)=O)C[C@H]2C[C@H]21 |o1:13,18,20|",5.676463453677816,4.251057600975036,2,2,A71EV2A-x5177a; A71EV2A-x7631a
boltz_2,"CSc1ccccc1CC(=O)N1C[C@H](C)C[C@@H](C(N)=O)C1 |o1:13,16|",4.494060495927921,4.359046125411988,1,1,A71EV2A-x5200a
boltz_2,"CSc1ccccc1CC(=O)N1C[C@H](C)C[C@H](C(N)=O)C1 |&1:13,&2:16|",4.1315895194873935,4.377353167533874,2,2,A71EV2A-x4885a; A71EV2A-x4885b
boltz_2,"CSc1ccccc1CC(=O)N1C[C@H](C)C[C@H](C(N)=O)C1 |o1:13,16|",4.006585256974127,4.359046125411988,1,1,A71EV2A-x5268a
boltz_2,"CSc1ccccc1CC(=O)N1C[C@H](O)C[C@@H](C(N)=O)C1 |&1:13,16|",3.66094239119996,3.7416250705718994,2,2,A71EV2A-x5387a; A71EV2A-x5387b
boltz_2,CSc1ccccc1CC(=O)N1C[C@H]2C[C@@]1(CC(N)=O)C2 |&1:15|,4.051345937463026,4.029662251472473,2,2,A71EV2A-x5262a; A71EV2A-x5262b
boltz_2,CSc1ccccc1CN1C[C@H](C(N)=O)CCC1=O |o1:11|,4.6439741428068775,4.555917167663575,1,1,A71EV2A-x4694a
boltz_2,CSc1ccccc1N(C)C(=O)N1CCC[C@H](C(N)=O)C1 |a:16|,4.601955140820748,4.207788300514221,1,1,A71EV2A-x4712a
boltz_2,CSc1ccccc1N(C)C(=O)N1CC[C@H](C(N)=O)C1 |a:15|,4.640164517660112,4.159395313262939,1,1,A71EV2A-x4684a
boltz_2,CSc1ccccc1N1C[C@H](C(N)=O)CCC1=O |o1:10|,4.6020599913279625,4.045726776123047,1,1,A71EV2A-x4922a
boltz_2,CSc1ccccc1OC(=O)N1CCC[C@H](C(N)=O)C1 |a:15|,5.826838634714068,4.175401830673218,2,2,A71EV2A-x4824a; A71EV2A-x4824b
boltz_2,CSc1ccccc1[C@H](C(=O)N1CC[C@H](C(N)=O)C1)N1CCCC1=O |o1:8|,7.194299872872455,4.110687351226806,1,1,A71EV2A-x7038a
boltz_2,CSc1ccccc1[C@H](NC(=O)C(C)C)C(=O)N1CC[C@H](C(N)=O)C1 |&1:8|,4.616633749466019,4.259461808204651,1,1,A71EV2A-x7035a
boltz_2,CSc1ccccc1[C@H](NC(=O)C1(C)CCC1)C(=O)N1CC[C@H](C(N)=O)C1 |&1:8|,4.6108664765966765,4.90414593219757,1,1,A71EV2A-x6991a
boltz_2,CSc1ccccc1[C@H](NC(=O)C1CC1)C(=O)N1CC[C@H](C(N)=O)C1 |&1:8|,4.612020519224207,4.046880030632019,1,1,A71EV2A-x6934a
boltz_2,CSc1ccccc1[C@H](NC(=O)CC(F)(F)F)C(=O)N1CC[C@H](C(N)=O)C1 |&1:8|,4.15694990903351,4.417199230194091,1,1,A71EV2A-x6818a
boltz_2,CSc1ccccc1[C@H](NC(=O)CC1CC1)C(=O)N1CC[C@H](C(N)=O)C1 |&1:8|,4.287343084176254,4.426409602165222,1,1,A71EV2A-x6726a
boltz_2,CSc1ccccc1[C@H](NC(=O)CNC(C)=O)C(=O)N1CC[C@H](C(N)=O)C1 |&1:8|,5.199617314652804,4.255331301689148,1,1,A71EV2A-x6821a
boltz_2,CSc1ccccc1[C@H](NC(=O)Cc1ccccc1)C(=O)N1CC[C@H](C(N)=O)C1 |&1:8|,4.505347154054938,4.257963705062866,1,1,A71EV2A-x6819a
boltz_2,CSc1ccccc1[C@H](NC(=O)Cc1cccnc1)C(=O)N1CC[C@H](C(N)=O)C1 |&1:8|,4.6077519100900055,4.586139059066772,1,1,A71EV2A-x6856a
boltz_2,CSc1ccccc1[C@H](NC(=O)Cn1cccn1)C(=O)N1CC[C@H](C(N)=O)C1 |&1:8|,4.730497044785864,4.294626593589783,2,2,A71EV2A-x6816a; A71EV2A-x6816b
boltz_2,CSc1ccccc1[C@H](NC(=O)OC(C)(C)C)C(=O)N1CC[C@H](C(N)=O)C1 |o1:8|,4.621638788259481,4.551455080509186,2,2,A71EV2A-x6847a; A71EV2A-x6851a
boltz_2,CSc1ccccc1[C@H](NC(C)=O)C(=O)N1CC[C@H](C(N)=O)C1 |&1:8|,5.186061162833519,4.283330392837525,1,1,A71EV2A-x5383a
boltz_2,CSc1cccnc1CC(=O)N1CCC[C@H](C(N)=O)C1 |a:15|,5.097431091411007,3.750153923034668,1,1,A71EV2A-x4914a
boltz_2,CSc1ccncc1CC(=O)N1CCC[C@H](C(N)=O)C1 |a:15|,5.534026193176526,4.274139881134033,2,2,A71EV2A-x4827a; A71EV2A-x4827b
boltz_2,CSc1ccncc1NC(=O)N1CCC[C@H](C(N)=O)C1 |a:15|,5.452530294347775,3.859468793869018,2,2,A71EV2A-x4826a; A71EV2A-x4826b
boltz_2,CSc1ccncc1NS(=O)(=O)N1CCC[C@H](C(N)=O)C1 |a:16|,4.881756561812204,4.6408614158630375,1,1,A71EV2A-x5182a
boltz_2,CSc1cn(C)nc1NC(=O)N1CCC[C@H](C(N)=O)C1 |a:15|,3.761033004441306,4.146789121627807,1,1,A71EV2A-x4703a
boltz_2,CSc1cnccc1CC(=O)N1CCC[C@H](C(N)=O)C1 |a:15|,4.407893372233542,4.095865917205811,1,1,A71EV2A-x4689a
boltz_2,CSc1cncnc1CC(=O)N1CCC[C@H](C(N)=O)C1 |a:15|,4.176969771296364,3.883829116821289,1,1,A71EV2A-x4812a
boltz_2,CSc1cscc1CC(=O)N1CCC[C@H](C(N)=O)C1 |a:14|,5.073475651835252,4.605123519897461,1,1,A71EV2A-x4935a
boltz_2,CSc1nc2c(cc1NC(=O)N1CCC[C@H](C(N)=O)C1)CCCC2 |a:15|,4.217527375833714,4.726913189888,2,2,A71EV2A-x5022a; A71EV2A-x5022b
boltz_2,CSc1ncccc1CC(=O)N1CCC[C@H](C(N)=O)C1 |a:15|,5.072700933344527,4.240848112106323,1,1,A71EV2A-x4918a
boltz_2,CSc1ncccc1NC(=O)N1CCC[C@H](C(N)=O)C1 |a:15|,4.2209855861319525,3.85937762260437,2,2,A71EV2A-x4883a; A71EV2A-x4883b
boltz_2,CSc1nccnc1CC(=O)N1CCC[C@H](C(N)=O)C1 |a:15|,4.781195179900988,4.217006063461303,1,1,A71EV2A-x4774a
boltz_2,CSc1ncnc(-c2cn[nH]c2)c1CC(=O)N1CCC[C@H](C(N)=O)C1 |a:20|,5.579850424620521,4.569159936904907,1,1,A71EV2A-x5544a
boltz_2,CSc1ncnc(N(C)C)c1CC(=O)N1CCC[C@H](C(N)=O)C1 |a:18|,6.393012805332465,4.074832940101624,2,2,A71EV2A-x7545a; A71EV2A-x7545b
boltz_2,"CSc1ncnc(N(C)C)c1CC(=O)N1C[C@H](C(N)=O)C[C@@H]2C[C@@H]21 |&1:16,21,23|",6.073633599517659,4.269744825363159,2,2,A71EV2A-x7580a; A71EV2A-x7580b
boltz_2,CSc1ncnc(N(C)C2CCC2)c1CC(=O)N1CCC[C@H](C(N)=O)C1 |a:21|,6.323397411601913,4.784375309944153,1,1,A71EV2A-x7172a
boltz_2,CSc1ncnc(N(C)C2CCOCC2)c1CC(=O)N1CCC[C@H](C(N)=O)C1 |a:23|,5.7864475040867696,4.177243900299072,1,1,A71EV2A-x7424a
boltz_2,CSc1ncnc(N(C)CC(C)(C)O)c1CC(=O)N1CCC[C@H](C(N)=O)C1 |a:22|,6.134728951225614,4.089763140678405,1,1,A71EV2A-x7251a
boltz_2,CSc1ncnc(N(C)CC(C)(F)F)c1CC(=O)N1CCC[C@H](C(N)=O)C1 |a:22|,6.994328024624508,4.495388984680176,1,1,A71EV2A-x7333a
boltz_2,"CSc1ncnc(N(C)CC(F)(F)F)c1CC(=O)N1C[C@H](C(N)=O)C[C@H]2C[C@H]21 |&1:20,25,27|",6.794695728715816,4.923854005336762,1,1,A71EV2A-x7608a
boltz_2,CSc1ncnc(N(C)CC2CCCC2)c1CC(=O)N1CCC[C@H](C(N)=O)C1 |a:23|,6.3046606911348375,4.825834631919861,1,1,A71EV2A-x7254a
boltz_2,CSc1ncnc(N(C)CCC(F)(F)F)c1CC(=O)N1CCC[C@H](C(N)=O)C1 |a:23|,5.748786440007784,4.866393828392029,1,1,A71EV2A-x7338a
boltz_2,CSc1ncnc(N(C)Cc2cc(F)c(F)c(F)c2)c1CC(=O)N1CCC[C@H](C(N)=O)C1 |a:27|,6.244997927316081,4.734132385253906,1,1,A71EV2A-x7176a
boltz_2,CSc1ncnc(N(C)Cc2nn(C)cc2Cl)c1CC(=O)N1CCC[C@H](C(N)=O)C1 |a:25|,7.150528408418002,4.92257741689682,1,1,A71EV2A-x6914a
boltz_2,"CSc1ncnc(N(C)[C@@H](C)c2ccccc2)c1CC(=O)N1CCC[C@H](C(N)=O)C1 |a:9,25|",6.580678113068668,4.7291453123092655,2,2,A71EV2A-x7436a; A71EV2A-x7436b
boltz_2,CSc1ncnc(N2CC(C)(c3ccccc3F)C2)c1CC(=O)N1CCC[C@H](C(N)=O)C1 |a:27|,6.439151337818832,4.946465802192688,1,1,A71EV2A-x7263a
boltz_2,CSc1ncnc(N2CC(C)C2)c1CC(=O)N1CCC[C@H](C(N)=O)C1 |a:20|,6.526908295764941,4.327982568740845,1,1,A71EV2A-x6920a
boltz_2,CSc1ncnc(N2CC(CC3CCC3)C2)c1CC(=O)N1CCC[C@H](C(N)=O)C1 |a:24|,5.692662147010851,5.001317143440247,1,1,A71EV2A-x6895a
boltz_2,CSc1ncnc(N2CC(O)C2)c1CC(=O)N1CCC[C@H](C(N)=O)C1 |a:20|,6.426194047786621,4.205053114891053,3,3,A71EV2A-x7334a; A71EV2A-x7334b; A71EV2A-x7389a
boltz_2,CSc1ncnc(N2CC(Oc3ccccc3Cl)C2)c1CC(=O)N1CCC[C@H](C(N)=O)C1 |a:27|,6.078663358532402,5.342517733573914,1,1,A71EV2A-x7095a
boltz_2,CSc1ncnc(N2CC(c3nncn3C)C2)c1CC(=O)N1CCC[C@H](C(N)=O)C1 |a:25|,6.326170396191348,4.592227816581726,2,2,A71EV2A-x5808a; A71EV2A-x5808b
boltz_2,CSc1ncnc(N2CCC(C#N)(CC(C)C)CC2)c1CC(=O)N1CCC[C@H](C(N)=O)C1 |a:27|,6.265062352283818,4.987344074249267,1,1,A71EV2A-x7170a
boltz_2,CSc1ncnc(N2CCC(C(=O)N(C(C)C)C(C)C)CC2)c1CC(=O)N1CCC[C@H](C(N)=O)C1 |a:30|,6.225268032740376,5.164410507678985,1,1,A71EV2A-x7096a
boltz_2,CSc1ncnc(N2CCC(N(C)S(C)(=O)=O)CC2)c1CC(=O)N1CCC[C@H](C(N)=O)C1 |a:27|,6.512183700381108,4.899628448486328,1,1,A71EV2A-x7008a
boltz_2,CSc1ncnc(N2CCC(N3CCOC3=O)CC2)c1CC(=O)N1CCC[C@H](C(N)=O)C1 |a:27|,5.923489528000301,4.590384650230408,1,1,A71EV2A-x7154a
boltz_2,CSc1ncnc(N2CCC3(CCC3)C2)c1CC(=O)N1CCC[C@H](C(N)=O)C1 |a:23|,6.131209779277596,4.515634560585022,1,1,A71EV2A-x7056a
boltz_2,CSc1ncnc(N2CCC3(CCCC3)C2)c1CC(=O)N1CCC[C@H](C(N)=O)C1 |a:24|,6.462158164196289,4.952387344837189,1,1,A71EV2A-x7024a
boltz_2,CSc1ncnc(N2CCC3(CCCCC3)C2)c1CC(=O)N1CCC[C@H](C(N)=O)C1 |a:25|,6.388555177157266,4.964616537094116,1,1,A71EV2A-x7101a
boltz_2,CSc1ncnc(N2CCC3(CCCO3)CC2)c1CC(=O)N1CCC[C@H](C(N)=O)C1 |a:25|,6.466683163263606,5.117951786518097,1,1,A71EV2A-x7284a
boltz_2,"CSc1ncnc(N2CCCC2)c1CC(=O)N1C[C@H](C(N)=O)C[C@H]2C[C@H]21 |&1:18,23,25|",6.5697284843589205,4.649050760269165,1,1,A71EV2A-x6838a
boltz_2,"CSc1ncnc(N2CCCC2)c1NC(=O)N1C[C@H](C(N)=O)C[C@H]2C[C@H]21 |&1:18,23,25|",5.928304705589599,4.916683459281922,1,1,A71EV2A-x7622a
boltz_2,CSc1ncnc(N2CCCCCC2)c1CC(=O)N1CCC[C@H](C(N)=O)C1 |a:22|,7.1865084765696,4.036232209205627,2,2,A71EV2A-x7560a; A71EV2A-x7560b
boltz_2,"CSc1ncnc(N2CCCC[C@@H]2C(C)C)c1CC(=O)N1CCC[C@H](C(N)=O)C1 |a:12,24|",6.372178760973441,4.510335755348206,1,1,A71EV2A-x7420a
boltz_2,"CSc1ncnc(N2CCCC[C@H]2CO)c1CC(=O)N1CCC[C@H](C(N)=O)C1 |a:12,23|",5.867264623808438,4.024744129180908,1,1,A71EV2A-x7430a
boltz_2,"CSc1ncnc(N2CCC[C@@H]2C(=O)N(C)C)c1CC(=O)N1CCC[C@H](C(N)=O)C1 |a:11,25|",6.66771737227654,4.2306074619293215,1,1,A71EV2A-x7309a
boltz_2,"CSc1ncnc(N2CCC[C@@H]2C(C)C)c1CC(=O)N1CCC[C@H](C(N)=O)C1 |a:11,23|",7.76022176714164,4.732329750061036,1,1,A71EV2A-x7135a
boltz_2,"CSc1ncnc(N2CCC[C@@H]2C)c1CC(=O)N1CCC[C@H](C(N)=O)C1 |a:11,21|",6.616555737163779,4.817925643920899,2,2,A71EV2A-x7533a; A71EV2A-x7533b
boltz_2,"CSc1ncnc(N2CCC[C@@H]2C2CC2)c1CC(=O)N1CCC[C@H](C(N)=O)C1 |a:11,23|",7.937951041727581,4.315857529640198,1,1,A71EV2A-x7259a
boltz_2,"CSc1ncnc(N2CCC[C@@H]2CC(C)C)c1CC(=O)N1CCC[C@H](C(N)=O)C1 |a:11,24|",7.199879115817523,4.5156467914581295,1,1,A71EV2A-x7147a
boltz_2,"CSc1ncnc(N2CCC[C@@H]2Cc2ccccc2)c1CC(=O)N1CCC[C@H](C(N)=O)C1 |a:11,27|",5.138183874676179,4.783984518051147,1,1,A71EV2A-x7433a
boltz_2,"CSc1ncnc(N2CCC[C@@H]2Cc2ccnn2C)c1CC(=O)N1CCC[C@H](C(N)=O)C1 |a:11,27|",7.359361237098654,5.169997382164001,1,1,A71EV2A-x7132a
boltz_2,"CSc1ncnc(N2CCC[C@@H]2Cn2cccn2)c1CC(=O)N1CCC[C@H](C(N)=O)C1 |a:11,26|",6.189334160880994,4.260562944412231,1,1,A71EV2A-x7127a
boltz_2,"CSc1ncnc(N2CCC[C@@H]2c2ccccc2)c1CC(=O)N1CCC[C@H](C(N)=O)C1 |a:11,26|",7.13169634555566,4.695547580718994,1,1,A71EV2A-x7570a
boltz_2,"CSc1ncnc(N2CCC[C@H](C(F)(F)F)C2)c1CC(=O)N1CCC[C@H](C(N)=O)C1 |a:11,25|",6.211100724659235,4.959784150123596,1,1,A71EV2A-x7246a
boltz_2,"CSc1ncnc(N2CCC[C@H](C)C2)c1CC(=O)N1CCC[C@H](C(N)=O)C1 |a:11,22|",6.173854131618843,4.457401323318481,1,1,A71EV2A-x7250a
boltz_2,"CSc1ncnc(N2CCC[C@H]2C(C)C)c1CC(=O)N1CCC[C@H](C(N)=O)C1 |a:11,23|",5.331449457260316,4.770494055747986,2,2,A71EV2A-x7491a; A71EV2A-x7491b
boltz_2,CSc1ncnc(N2CCC[C@H]2C(N)=O)c1CC(=O)N1CCC[C@H](C(N)=O)C1 |&1:11|,7.714442690992226,4.125925779342651,1,1,A71EV2A-x6832a
boltz_2,"CSc1ncnc(N2CCC[C@H]2C)c1CC(=O)N1CCC[C@H](C(N)=O)C1 |a:11,21|",5.244486511545811,4.821914219856263,2,2,A71EV2A-x7501a; A71EV2A-x7501b
boltz_2,"CSc1ncnc(N2CCC[C@H]2C2CC2)c1CC(=O)N1CCC[C@H](C(N)=O)C1 |a:11,23|",5.262032975642954,4.343676233291626,2,2,A71EV2A-x7475a; A71EV2A-x7475b
boltz_2,"CSc1ncnc(N2CCC[C@H]2CC(C)C)c1CC(=O)N1CCC[C@H](C(N)=O)C1 |a:11,24|",5.823789680118151,4.496181082725525,1,1,A71EV2A-x7257a
boltz_2,"CSc1ncnc(N2CCC[C@H]2Cc2ccnn2C)c1CC(=O)N1CCC[C@H](C(N)=O)C1 |a:11,27|",5.214011302839139,5.137282717227936,1,1,A71EV2A-x7247a
boltz_2,CSc1ncnc(N2CCN(c3ccccn3)CC2)c1CC(=O)N1CCC[C@H](C(N)=O)C1 |a:27|,6.486226948852135,4.99197233915329,1,1,A71EV2A-x6802a
boltz_2,"CSc1ncnc(N2CC[C@@H](OC(F)F)C2)c1CC(=O)N1CCC[C@H](C(N)=O)C1 |a:10,24|",6.048106607275539,4.995949602127075,1,1,A71EV2A-x7025a
boltz_2,"CSc1ncnc(N2CC[C@@H](OC3CC3)C2)c1CC(=O)N1CCC[C@H](C(N)=O)C1 |a:10,24|",7.159468716081884,4.621765971183777,1,1,A71EV2A-x7316a
boltz_2,"CSc1ncnc(N2CC[C@H](C(=O)N(C)C)C2)c1CC(=O)N1CCC[C@H](C(N)=O)C1 |a:10,25|",5.974361680056222,4.73511848449707,1,1,A71EV2A-x7427a
boltz_2,"CSc1ncnc(N2CC[C@H](C(=O)N3CCC(C)CC3)C2)c1CC(=O)N1CCC[C@H](C(N)=O)C1 |a:10,29|",6.08170819903569,5.171342825889587,1,1,A71EV2A-x7190a
boltz_2,"CSc1ncnc(N2CC[C@H](C)C2)c1CC(=O)N1CCC[C@H](C(N)=O)C1 |a:10,21|",6.293489458676176,4.825584411621094,2,2,A71EV2A-x7026a; A71EV2A-x7026b
boltz_2,"CSc1ncnc(N2CC[C@H](OC(F)F)C2)c1CC(=O)N1CCC[C@H](C(N)=O)C1 |a:10,24|",6.925751444530095,5.029390513896942,1,1,A71EV2A-x7031a
boltz_2,"CSc1ncnc(N2CC[C@H](SC)C2)c1CC(=O)N1CCC[C@H](C(N)=O)C1 |a:10,22|",6.9071041930964325,4.722584700584411,1,1,A71EV2A-x7093a
boltz_2,"CSc1ncnc(N2CC[C@H]2C)c1CC(=O)N1CCC[C@H](C(N)=O)C1 |a:10,20|",6.695497686202032,4.553035831451416,1,1,A71EV2A-x7339a
boltz_2,CSc1ncnc(N2CCc3ccccc3CC2)c1CC(=O)N1CCC[C@H](C(N)=O)C1 |a:26|,6.483018872150272,4.554772973060608,1,1,A71EV2A-x7015a
boltz_2,CSc1ncnc(N2CCc3ccsc3C2)c1CC(=O)N1CCC[C@H](C(N)=O)C1 |a:24|,5.794648268341138,4.586583232879638,1,1,A71EV2A-x5666a
boltz_2,CSc1ncnc(N2CCc3cnc(C(C)C)nc3C2)c1CC(=O)N1CCC[C@H](C(N)=O)C1 |a:28|,5.912659591908459,5.043816685676575,1,1,A71EV2A-x7151a
boltz_2,CSc1ncnc(N2CCn3nc4c(c3C2)CCC4)c1CC(=O)N1CCC[C@H](C(N)=O)C1 |a:27|,5.601864484742403,4.854139518737793,2,2,A71EV2A-x7043a; A71EV2A-x7043b
boltz_2,CSc1ncnc(N2CCn3ncc(C#N)c3C2)c1CC(=O)N1CCC[C@H](C(N)=O)C1 |a:26|,6.13113891891355,4.717993545532226,1,1,A71EV2A-x7130a
boltz_2,"CSc1ncnc(N2C[C@H]3C[C@H]3C2)c1CC(=O)N1CCC[C@H](C(N)=O)C1 |&1:9,&2:11|",6.558486174447746,4.320647406578064,3,3,A71EV2A-x7317a; A71EV2A-x7317b; A71EV2A-x7372a
boltz_2,CSc1ncnc(N2Cc3ccccc3C2)c1CC(=O)N1CCC[C@H](C(N)=O)C1 |a:24|,6.006913143117045,4.662107300758362,1,1,A71EV2A-x6808a
boltz_2,CSc1ncnc(SC)c1CC(=O)N1CCC[C@H](C(N)=O)C1 |a:17|,5.699017277769941,4.814933562278748,1,1,A71EV2A-x5581a
boltz_2,CSc1ncncc1CC(=O)N1CCC[C@H](C(N)=O)C1 |a:15|,5.186217598084144,4.349060773849487,2,2,A71EV2A-x5039a; A71EV2A-x5039b
boltz_2,C[C@H](C(=O)N1CCC[C@H](C(N)=O)C1)c1cn(C)nc1C(F)(F)F |&1:1|,4.462842099070634,4.152832460403443,2,2,A71EV2A-x4510a; A71EV2A-x4571a
boltz_2,C[C@H](C(=O)N1CCC[C@H](C(N)=O)C1)c1nc(F)ccc1Cl |&1:1|,4.277445359017488,4.346148228645324,2,2,A71EV2A-x4895a; A71EV2A-x4895b
boltz_2,C[C@H](Cc1cocn1)NC(=O)c1nn(C)c2ccccc12 |&1:1|,4.9657785438458255,3.667774629592896,2,2,A71EV2A-x3379a; A71EV2A-x3593a
boltz_2,"C[C@H](c1ccc(Cl)c(Br)c1)N1C[C@H](C(N)=O)CCC1=O |&1:1,&2:12|",4.041436116778033,4.472010469436645,1,1,A71EV2A-x5556a
boltz_2,"C[C@H](c1ccc2[nH]ncc2c1)N1C[C@H](C(N)=O)CCC1=O |&1:1,&2:13|",4.180071698767357,4.304112482070923,1,1,A71EV2A-x5744a
boltz_2,"C[C@H](c1cccc(Cl)c1F)N1C[C@H](C(N)=O)CCC1=O |&1:1,&2:12|",4.632644078973981,4.204640436172485,1,1,A71EV2A-x5673a
boltz_2,"C[C@H]1CC(=O)N(Cc2ccc3cnn(C)c3c2)C[C@@H]1C(N)=O |o1:1,18|",4.76433957251824,4.208047103881836,2,2,A71EV2A-x5777a; A71EV2A-x5777b
boltz_2,"C[C@H]1CC(=O)N(Cc2ccc3cnn(C)c3c2)C[C@H]1C(N)=O |o1:1,18|",4.207870191519494,4.223341298103333,1,1,A71EV2A-x5766a
boltz_2,Cc1cc(C)c(CC(=O)N2CCC[C@H](C(N)=O)C2)c(=O)[nH]1 |a:13|,4.306273051076353,3.89644250869751,1,1,A71EV2A-x4291a
boltz_2,Cc1cc(C)c(Nc2ccn(C)n2)c(C)c1,5.3072486987698415,4.408452486991882,1,1,A71EV2A-x3279a
boltz_2,Cc1cc(C)c(Nc2ccn(C3COC3)n2)c(C)c1,5.016824927962187,4.632179713249206,1,1,A71EV2A-x3234a
boltz_2,Cc1cc(CNC(=O)c2cn(C)c3ccccc23)on1,4.953569528330592,3.930151200294495,1,1,A71EV2A-x3175a
boltz_2,Cc1cc2sccc2c(Cl)c1OC(=O)N1CCC[C@H](C(N)=O)C1 |a:18|,4.215114698485657,4.559833335876465,1,1,A71EV2A-x5482a
boltz_2,Cc1ccc(CC(=O)N2CCC[C@H](C(N)=O)C2)s1 |&1:12|,4.633044431676764,4.206210970878601,2,2,A71EV2A-x5424a; A71EV2A-x5424b
boltz_2,Cc1ccc2c(C(=O)NCCc3cocn3)c[nH]c2c1,5.10808214227103,4.181956458091736,1,1,A71EV2A-x3568a
boltz_2,Cc1ccc2c(c1OC(=O)N1CCC[C@H](C(N)=O)C1)CCC2 |a:14|,4.479326279665005,4.301369214057923,2,2,A71EV2A-x5599a; A71EV2A-x5599b
boltz_2,Cc1ccc2c(cnn2C)c1Nc1ccn([C@H]2CCNC2=O)n1 |&1:16|,4.937001727490601,4.736717057228089,1,1,A71EV2A-x3305a
boltz_2,Cc1ccc2ccccc2c1N1C[C@H](C(N)=O)CCC1=O |&1:13|,3.942576835487996,3.9938895225524895,1,1,A71EV2A-x5572a
boltz_2,Cc1ccc2cccnc2c1OC(=O)N1CCC[C@H](C(N)=O)C1 |a:18|,4.597502408486665,3.4988030910491945,1,1,A71EV2A-x5479a
boltz_2,Cc1cccc(CC(=O)N2CCC[C@H](C(N)=O)C2)c1 |&1:13|,4.290127690297292,3.913340520858765,2,2,A71EV2A-x4020a; A71EV2A-x4020b
boltz_2,Cc1cccc(CNC(=O)N2CCC[C@H](C(N)=O)C2)c1 |a:14|,4.967584368389079,3.830663537979126,2,2,A71EV2A-x3706a; A71EV2A-x3706b
boltz_2,Cc1cccc(N(CC(=O)N2CCCCC2)C(=O)N2CCC[C@H](C(N)=O)C2)c1 |a:22|,4.627087997029894,4.338491630554199,1,1,A71EV2A-x3908a
boltz_2,Cc1cccc(N2CCCN(CCC(N)=O)C2=O)c1,4.911546516921495,3.902645587921143,1,1,A71EV2A-x4402a
boltz_2,Cc1cccc(NC(=O)N2CCC[C@H](C(N)=O)C2)c1 |a:13|,4.246416941107094,3.686679220199585,1,1,A71EV2A-x3054a
boltz_2,Cc1ccccc1CNC(=O)N1CCC[C@H](C(N)=O)C1 |a:15|,4.978810700930062,3.7535221576690674,2,2,A71EV2A-x3616a; A71EV2A-x3616b
boltz_2,Cc1ccccc1NC(=O)N1CCC[C@H](C(N)=O)C1 |a:14|,4.386163320168128,3.3450579166412355,1,1,A71EV2A-x3510a
boltz_2,Cc1ccccc1NC(=O)c1ccc(C)c(C(N)=O)c1,4.804100347590766,3.9876033306121834,1,1,A71EV2A-x3867a
boltz_2,Cc1ccccc1NC(=O)c1cncc(C(N)=O)c1,4.632644078973981,4.229577732086182,1,1,A71EV2A-x3564a
boltz_2,Cc1cnc(CNS(=O)(=O)C[C@H](C)c2ccccc2)o1 |&1:11|,4.8184062698439085,3.921382212638855,1,1,A71EV2A-x3623a
boltz_2,Cc1nc(C)c(CC(=O)N2CCC[C@H](C(N)=O)C2)[nH]1 |a:13|,5.409458546594426,3.970315670967102,1,1,A71EV2A-x3221a
boltz_2,Cc1nc2ccccc2n1CC(=O)N1CCC[C@H](C(N)=O)C1 |&1:17|,4.137777547252243,3.5827287673950194,1,1,A71EV2A-x3225a
boltz_2,Cc1nc2n(c1CC(=O)N1CCC[C@H](C(N)=O)C1)CCCC2 |&1:13|,5.221581099702723,3.7342459201812734,1,1,A71EV2A-x3489a
boltz_2,Cc1ncnc(C)c1CC(=O)N1CCC[C@H](C(N)=O)C1 |a:15|,3.654064344980796,3.727936553955078,1,1,A71EV2A-x4464a
boltz_2,Cc1nn(C)c(C)c1CC(=O)N[C@H](CNC(=O)CCl)c1ccc2ccccc2c1 |&1:12|,4.660785023463071,5.070454359054565,1,1,A71EV2A-x1346a
boltz_2,Cc1nn(C)c2cc(C(=O)NCCc3cocn3)ccc12,4.945173530861923,4.671770358085633,1,1,A71EV2A-x3410a
boltz_2,Cc1ocnc1CCNC(=O)c1nn(C)c2ccccc12,5.09799710864927,3.583647489547729,1,1,A71EV2A-x3286a
boltz_2,"Cc1sc([C@H](C)N2C[C@H](C(N)=O)CCC2=O)nc1-c1ccco1 |&1:4,&2:8|",4.604279969816917,4.63497474193573,1,1,A71EV2A-x6730a
boltz_2,"Cn1cc(CC(=O)N2C[C@H](C(N)=O)C[C@@H]3C[C@@H]32)cn1 |&1:9,14,16|",4.608000737058194,4.376850509643555,1,1,A71EV2A-x4992a
boltz_2,Cn1cc(NS(=O)(=O)N2CCC[C@H](C(N)=O)C2)cn1 |a:12|,5.738140147629213,4.125712466239929,2,2,A71EV2A-x5090a; A71EV2A-x5150a
boltz_2,Cn1cc2c(CC(=O)N3CCC[C@H](C(N)=O)C3)cccc2n1 |o1:12|,4.405607449624573,4.094833707809448,1,1,A71EV2A-x3914a
boltz_2,Cn1cc2c(CC(=O)N3CC[C@H](C(N)=O)C3)cccc2n1 |&1:11|,4.410050398674293,3.96208815574646,1,1,A71EV2A-x3556a
boltz_2,Cn1cc2c(n1)CCC[C@H]2C(=O)N1CCC[C@H](C(N)=O)C1 |&1:9|,3.749590923528832,3.766968965530396,1,1,A71EV2A-x4608a
boltz_2,Cn1cc2cccc(NC(=O)Cc3cocn3)c2n1,4.662403924407542,4.229675102233887,1,1,A71EV2A-x3403a
boltz_2,"Cn1ccnc1[C@H](c1ccccc1)N1C[C@H](C(N)=O)CC1=O |&1:6,&2:15|",4.649751981665837,3.422907447814941,1,1,A71EV2A-x5106a
boltz_2,Cn1cnc(CCNC(=O)c2nn(C)c3ccccc23)c1,5.2372107018718905,3.624079608917236,1,1,A71EV2A-x3371a
boltz_2,Cn1cnc2c(NC(=O)N3CCC[C@H](C(N)=O)C3)cccc21 |a:13|,5.398637148380375,4.205899930000305,2,2,A71EV2A-x4447a; A71EV2A-x4447b
boltz_2,Cn1nc(C(=O)N2Cc3ccccc3C[C@H]2CN)c2ccccc21 |&1:15|,5.041436116778033,4.589630103111267,1,1,A71EV2A-x2293a
boltz_2,Cn1nc(C(=O)NC2CC2)c2cc(F)ccc21,4.887413111043684,4.722509980201721,1,1,A71EV2A-x2339a
boltz_2,Cn1nc(C(=O)NCC(F)(F)c2ccccn2)c2ccccc21,5.168134464700943,4.252758479118347,1,1,A71EV2A-x3280a
boltz_2,Cn1nc(C(=O)NCCc2ccc(S(C)(=O)=O)cc2)c2ccccc21,4.84887783952492,3.617381715774536,1,1,A71EV2A-x3324a
boltz_2,Cn1nc(C(=O)NCCc2cocn2)c2ccccc2c1=O,5.170374765613669,3.867172288894653,1,1,A71EV2A-x3419a
boltz_2,Cn1nc(C(=O)NCCc2cocn2)c2cccnc21,4.981705511622298,3.4429575920104982,1,1,A71EV2A-x3264a
boltz_2,Cn1nc(C(=O)NCCc2cscn2)c2ccccc21,5.337951414156192,3.911029481887817,1,1,A71EV2A-x3306a
boltz_2,Cn1nc(C(=O)NCCn2cncn2)c2ccccc21,4.939565029910406,3.665593671798706,2,2,A71EV2A-x3181a; A71EV2A-x3181b
boltz_2,Cn1nc(C(=O)N[C@H]2CCOC2)c2ccccc21 |&1:7|,5.062339877849264,3.76017107963562,1,1,A71EV2A-x3178a
boltz_2,"Cn1nc(C(=O)N[C@H]2C[C@H]2CO)c2ccccc21 |&1:7,9|",4.895875462550428,3.8171510219573976,1,1,A71EV2A-x3177a
boltz_2,Cn1nc(C(=O)Nc2cn[nH]c2)c2ccccc21,4.7783685062706525,4.204360318183899,1,1,A71EV2A-x2304a
boltz_2,Cn1nc(C(N)=O)c2cc(F)ccc21,5.050703769890054,4.33834478855133,1,1,A71EV2A-x2351a
boltz_2,Cn1nc(CC(=O)N2CC(C(N)=O)C2)c2ccccc21,4.610833915635467,3.729643774032593,1,1,A71EV2A-x4994a
boltz_2,Cn1nc(CN2C[C@H](C(N)=O)CCC2=O)c2ccccc21 |&1:7|,5.116903441948165,3.900655937194824,1,1,A71EV2A-x4547a
boltz_2,Cn1ncc(-c2cc(Cl)cc(Cl)c2)c1CC(=O)N1CCC[C@H](C(N)=O)C1 |&1:21|,4.958377726777354,4.701562619209289,1,1,A71EV2A-x3606a
boltz_2,Cn1ncc(C(=O)NCCc2cocn2)n1,5.545714601514328,3.831902885437012,1,1,A71EV2A-x3436a
boltz_2,Cn1ncc2ccc(CN3C[C@H](C(N)=O)CC(C)(C)C3=O)cc21 |&1:11|,4.005682847330363,4.278283762931824,2,2,A71EV2A-x5721a; A71EV2A-x5721b
boltz_2,Cn1ncc2ccc(CN3C[C@H](C(N)=O)CCC3=O)cc21 |o1:11|,4.026655009457717,4.175403356552124,1,1,A71EV2A-x4974a
boltz_2,N#CC1CC(NC(=O)C2(c3ccc(Cl)cc3Cl)CCOCC2)C1,4.726469830785563,5.318516027927399,1,1,A71EV2A-x3521a
boltz_2,N#CCc1cccc(NC(=O)N2CCC[C@H](C(N)=O)C2)c1 |a:15|,5.356959172517914,3.715033006668091,1,1,A71EV2A-x3480a
boltz_2,N#CCc1ccccc1CC(=O)N1CCC[C@H](C(N)=O)C1 |a:16|,5.101757238648579,3.1687807559967043,2,2,A71EV2A-x4321a; A71EV2A-x4321b
boltz_2,N#Cc1ccc(Br)cc1OC(=O)N1CCC[C@H](C(N)=O)C1 |a:16|,4.421371068072836,4.74008276462555,1,1,A71EV2A-x5559a
boltz_2,N#Cc1cccc(CC(=O)N2CCC[C@H](C(N)=O)C2)n1 |a:14|,4.625197671079573,3.795892000198364,2,2,A71EV2A-x5082a; A71EV2A-x5082b
boltz_2,N#Cc1cccc(NC(=O)N2CCC[C@H](C(N)=O)C2)c1 |a:14|,5.189128446912704,4.011610007286071,2,2,A71EV2A-x3509a; A71EV2A-x3509b
boltz_2,N#Cc1ccncc1OC(=O)N1CCC[C@H](C(N)=O)C1 |a:15|,4.504331180271011,4.244109082221985,2,2,A71EV2A-x5594a; A71EV2A-x5594b
boltz_2,N#Cc1nccc(CC(=O)N2CCC[C@H](C(N)=O)C2)n1 |a:14|,4.006352818021342,4.205712103843689,1,1,A71EV2A-x5448a
boltz_2,N#Cc1ncncc1CC(=O)N1CCC[C@H](C(N)=O)C1 |a:15|,4.424812155072339,4.061605405807495,1,1,A71EV2A-x5212a
boltz_2,N#Cc1sccc1CC(=O)N1CCC[C@H](C(N)=O)C1 |a:14|,5.008444067750377,3.87001633644104,1,1,A71EV2A-x3450a
boltz_2,NC(=O)CC1CCN(C(=O)c2cccc(F)c2)CC1,4.597746280949512,3.9407628536224366,2,2,A71EV2A-x5409a; A71EV2A-x5409b
boltz_2,NC(=O)C[C@H]1CCCN(c2ncnc3ccccc23)C1 |&1:4|,4.959254335737151,4.336091685295105,1,1,A71EV2A-x4351a
boltz_2,NC(=O)[C@H]1CC(=O)N(Cc2cccc3c2OCC3)C1 |&1:3|,5.0762380391713,3.85096435546875,1,1,A71EV2A-x4312a
boltz_2,"NC(=O)[C@H]1CCC(=O)N(C[C@H]2CCOc3ccccc32)C1 |&1:3,&2:10|",4.620443689892642,4.061842060089111,1,1,A71EV2A-x4409a
boltz_2,NC(=O)[C@H]1CCC(=O)N(Cc2cc(F)cnc2C(F)(F)F)C1 |&1:3|,4.315546325758652,4.365031719207764,2,2,A71EV2A-x5635a; A71EV2A-x5635b
boltz_2,NC(=O)[C@H]1CCC(=O)N(Cc2ccc3cc[nH]c3c2)C1 |&1:3|,4.611743840379951,3.928067636489868,2,2,A71EV2A-x4596a; A71EV2A-x4596b
boltz_2,NC(=O)[C@H]1CCC(=O)N(Cc2cccc(F)c2)C1 |&1:3|,4.255233465290414,3.6214910984039306,1,1,A71EV2A-x4924a
boltz_2,NC(=O)[C@H]1CCC(=O)N(Cc2ccsc2)C1 |&1:3|,3.774068781319247,4.206232213973999,2,2,A71EV2A-x5608a; A71EV2A-x5608b
boltz_2,NC(=O)[C@H]1CCC(=O)N([C@@H]2CCCc3ccccc32)C1 |o1:3|,4.5934598195660445,3.822001695632935,1,1,A71EV2A-x5052a
boltz_2,"NC(=O)[C@H]1CCC(=O)N([C@H](CC(F)(F)F)c2cc(Cl)cc(Cl)c2)C1 |&1:3,&2:9|",4.327996747928408,4.741242790222168,1,1,A71EV2A-x5665a
boltz_2,NC(=O)[C@H]1CCC(=O)N([C@H]2CCCc3ccccc32)C1 |o1:3|,4.631937259138866,3.8133158683776855,2,2,A71EV2A-x5210a; A71EV2A-x5210b
boltz_2,NC(=O)[C@H]1CCC(=O)N(c2cc3cnccc3c(F)c2F)C1 |&1:3|,4.801706220928761,4.40344603061676,1,1,A71EV2A-x6714a
boltz_2,NC(=O)[C@H]1CCCN(C(=O)C(c2ccccc2)c2ccccc2)C1 |a:3|,5.179858685151659,4.375501251220703,1,1,A71EV2A-x3982a
boltz_2,NC(=O)[C@H]1CCCN(C(=O)C2(O)CCSCC2)C1 |a:3|,4.388276691992658,4.64440336227417,1,1,A71EV2A-x4708a
boltz_2,NC(=O)[C@H]1CCCN(C(=O)C2(c3ccoc3)CCC2)C1 |a:3|,4.618930913825583,4.4241678476333615,2,2,A71EV2A-x4514a; A71EV2A-x4575a
boltz_2,NC(=O)[C@H]1CCCN(C(=O)C2CCSCC2)C1 |a:3|,4.603800652904264,5.2106555819511415,1,1,A71EV2A-x4706a
boltz_2,NC(=O)[C@H]1CCCN(C(=O)CC2CSC2)C1 |a:3|,4.607306606035202,4.395076084136963,1,1,A71EV2A-x4707a
boltz_2,NC(=O)[C@H]1CCCN(C(=O)Cc2cc(C(F)(F)F)ccc2C(F)(F)F)C1 |a:3|,3.806800765395556,4.330915117263794,1,1,A71EV2A-x4381a
boltz_2,NC(=O)[C@H]1CCCN(C(=O)Cc2cc(C(F)(F)F)ccc2Cl)C1 |&1:3|,4.906948150425689,4.651380395889282,1,1,A71EV2A-x3208a
boltz_2,NC(=O)[C@H]1CCCN(C(=O)Cc2cc3c(cc2Cl)OCCO3)C1 |a:3|,4.037176387439713,3.9350255489349366,2,2,A71EV2A-x4669a; A71EV2A-x4669b
boltz_2,NC(=O)[C@H]1CCCN(C(=O)Cc2ccc3c(c2)CCC(=O)N3)C1 |a:3|,4.349692476868063,4.24610960483551,1,1,A71EV2A-x4320a
boltz_2,NC(=O)[C@H]1CCCN(C(=O)Cc2cccc(Cl)c2Cl)C1 |a:3|,4.065026720650614,4.443425035476684,1,1,A71EV2A-x4336a
boltz_2,NC(=O)[C@H]1CCCN(C(=O)Cc2cccc3c2CCC3)C1 |a:3|,3.9502403164313615,4.176211905479431,1,1,A71EV2A-x4344a
boltz_2,NC(=O)[C@H]1CCCN(C(=O)Cc2cccc3c2SCC3)C1 |a:3|,3.551812748385584,4.025080227851868,1,1,A71EV2A-x5151a
boltz_2,NC(=O)[C@H]1CCCN(C(=O)Cc2cccc3cn[nH]c23)C1 |&1:3|,5.011185771310347,3.499833822250366,1,1,A71EV2A-x3210a
boltz_2,NC(=O)[C@H]1CCCN(C(=O)Cc2cccc3ncsc23)C1 |a:3|,3.9648133085158968,4.300428557395935,1,1,A71EV2A-x5221a
boltz_2,NC(=O)[C@H]1CCCN(C(=O)Cc2cccc3nsnc23)C1 |a:3|,4.492392502728005,4.037255668640137,1,1,A71EV2A-x4463a
boltz_2,NC(=O)[C@H]1CCCN(C(=O)Cc2cccc3occc23)C1 |&1:3|,3.960269771303526,3.950473690032959,1,1,A71EV2A-x3191a
boltz_2,NC(=O)[C@H]1CCCN(C(=O)Cc2cccc3sccc23)C1 |a:3|,3.9387751065420735,3.980804681777954,1,1,A71EV2A-x4341a
boltz_2,NC(=O)[C@H]1CCCN(C(=O)Cc2ccccc2CO)C1 |a:3|,4.345773777137761,3.393767213821411,2,2,A71EV2A-x4374a; A71EV2A-x4374b
boltz_2,NC(=O)[C@H]1CCCN(C(=O)Cc2ccccc2CS(N)(=O)=O)C1 |a:3|,4.135380979941972,4.072941589355469,1,1,A71EV2A-x4403a
boltz_2,NC(=O)[C@H]1CCCN(C(=O)Cc2ccccc2OC(F)F)C1 |a:3|,4.229666366474778,3.891304683685303,1,1,A71EV2A-x4319a
boltz_2,NC(=O)[C@H]1CCCN(C(=O)Cc2cccnc2Cl)C1 |a:3|,3.43690985073048,3.745091819763184,2,2,A71EV2A-x5079a; A71EV2A-x5079b
boltz_2,NC(=O)[C@H]1CCCN(C(=O)Cc2cccnc2O)C1 |a:3|,5.153756287657022,3.958708095550537,1,1,A71EV2A-x4372a
boltz_2,NC(=O)[C@H]1CCCN(C(=O)Cc2ccnc(Cl)c2Br)C1 |&1:3|,4.162204305054052,4.23211510181427,1,1,A71EV2A-x3193a
boltz_2,NC(=O)[C@H]1CCCN(C(=O)Cc2ccnc(Cl)n2)C1 |a:3|,4.653647025549361,3.813396883010864,2,2,A71EV2A-x5213a; A71EV2A-x5213b
boltz_2,NC(=O)[C@H]1CCCN(C(=O)Cc2ccncc2Cl)C1 |a:3|,5.18523404082538,3.919847774505615,1,1,A71EV2A-x4461a
boltz_2,NC(=O)[C@H]1CCCN(C(=O)Cc2ccsc2)C1 |&1:3|,4.589713631215067,3.8640777111053466,2,2,A71EV2A-x5425a; A71EV2A-x5425b
boltz_2,NC(=O)[C@H]1CCCN(C(=O)Cc2cncnc2Cl)C1 |a:3|,4.037630664329979,3.5792017936706544,2,2,A71EV2A-x5081a; A71EV2A-x5081b
boltz_2,NC(=O)[C@H]1CCCN(C(=O)Cc2ncc3ccc(Br)cn23)C1 |a:3|,4.424218724311264,4.151675391197204,4,4,A71EV2A-x4519a; A71EV2A-x4519b; A71EV2A-x4580a; A71EV2A-x4580b
boltz_2,NC(=O)[C@H]1CCCN(C(=O)Cc2ncncc2Cl)C1 |a:3|,4.03673794170959,3.39699387550354,2,2,A71EV2A-x4979a; A71EV2A-x4979b
boltz_2,NC(=O)[C@H]1CCCN(C(=O)Cn2cc(Br)cc(Cl)c2=O)C1 |a:3|,3.7253509633996433,4.916986656188965,1,1,A71EV2A-x4540a
boltz_2,NC(=O)[C@H]1CCCN(C(=O)NCC2CC2)C1 |a:3|,5.064884396650843,3.8651825428009032,1,1,A71EV2A-x3417a
boltz_2,NC(=O)[C@H]1CCCN(C(=O)Nc2cc3c(cc2Cl)OCO3)C1 |a:3|,4.6271423700874985,4.125421977043152,1,1,A71EV2A-x4308a
boltz_2,NC(=O)[C@H]1CCCN(C(=O)Nc2cccc3c2S(=O)(=O)CCC3)C1 |a:3|,4.616184634019569,4.264511322975158,1,1,A71EV2A-x4654a
boltz_2,NC(=O)[C@H]1CCCN(C(=O)Nc2cccc3c2SCCC3)C1 |a:3|,4.5141394746468695,4.0969287872314455,3,3,A71EV2A-x4674a; A71EV2A-x4674b; A71EV2A-x4674c
boltz_2,NC(=O)[C@H]1CCCN(C(=O)Nc2ccccc2F)C1 |a:3|,4.851286884122841,3.422875928878784,1,1,A71EV2A-x3612a
boltz_2,NC(=O)[C@H]1CCCN(C(=O)Nc2ccccc2OCC(F)(F)F)C1 |a:3|,5.15661038833037,4.283029317855835,1,1,A71EV2A-x4306a
boltz_2,NC(=O)[C@H]1CCCN(C(=O)Nc2ccccc2SC(F)F)C1 |a:3|,4.325140144305149,3.727666997909546,1,1,A71EV2A-x4656a
boltz_2,NC(=O)[C@H]1CCCN(C(=O)OC2CCCCC2)C1 |a:3|,4.042264201974706,4.626223826408387,1,1,A71EV2A-x5351a
boltz_2,NC(=O)[C@H]1CCCN(C(=O)[C@H](CN2CCCC2)c2ccccc2)C1 |&1:10|,5.024630533433036,3.983405780792237,1,1,A71EV2A-x3975a
boltz_2,NC(=O)[C@H]1CCCN(C(=O)[C@H](Cc2ccc(F)cc2)c2ccccc2)C1 |&1:10|,5.478592246479633,4.858963108062744,4,4,A71EV2A-x4237a; A71EV2A-x4237b; A71EV2A-x4237c; A71EV2A-x4237d
boltz_2,NC(=O)[C@H]1CCCN(C(=O)[C@H](OCC2CCCC2)c2ccccc2)C1 |&1:10|,5.567003508658591,4.924332499504089,1,1,A71EV2A-x3968a
boltz_2,NC(=O)[C@H]1CCCN(C(=O)[C@H](Sc2ccccc2)c2ccccc2)C1 |&1:10|,5.135488918941608,4.588557767868042,2,2,A71EV2A-x3986a; A71EV2A-x3986b
boltz_2,NC(=O)[C@H]1CCCN(C(=O)[C@H](c2ccccc2)n2cccn2)C1 |&1:10|,4.869666231504994,3.841469621658325,2,2,A71EV2A-x4451a; A71EV2A-x4451b
boltz_2,"NC(=O)[C@H]1CCCN(C(=O)[C@H]2CCNc3[nH]ncc32)C1 |&1:3,&2:10|",5.556193958463214,3.913263750076294,1,1,A71EV2A-x3218a
boltz_2,NC(=O)[C@H]1CCCN(C(=O)[C@H]2CCOc3ccc(Cl)cc32)C1 |&1:10|,5.28547334915742,3.826849460601807,1,1,A71EV2A-x4260a
boltz_2,NC(=O)[C@H]1CCCN(C(=O)[C@H]2CCSc3ccccc32)C1 |o1:10|,4.826813731587726,3.9199212551116944,2,2,A71EV2A-x4943a; A71EV2A-x4943b
boltz_2,"NC(=O)[C@H]1CCCN(C(=O)[C@H]2CC[C@H]2c2ccc(Cl)cc2)C1 |&1:10,&2:13|",4.000869458712629,4.71231894493103,1,1,A71EV2A-x5550a
boltz_2,NC(=O)[C@H]1CCCN(C(=O)[C@H]2CCc3cccc(Br)c32)C1 |&1:10|,4.479401524821051,3.981597590446472,2,2,A71EV2A-x4202a; A71EV2A-x4202b
boltz_2,NC(=O)[C@H]1CCCN(C(=O)[C@H]2CCc3cccc(O)c32)C1 |&1:10|,5.148337017678052,3.6688876152038574,2,2,A71EV2A-x4456a; A71EV2A-x4456b
boltz_2,NC(=O)[C@H]1CCCN(C(=O)[C@H]2CCc3snnc32)C1 |&1:10|,4.667561540084395,3.4928884983062742,1,1,A71EV2A-x4472a
boltz_2,NC(=O)[C@H]1CCCN(C(=O)[C@H]2SCc3cccnc32)C1 |&1:10|,4.60382166833978,4.140802240371704,2,2,A71EV2A-x4606a; A71EV2A-x4606b
boltz_2,"NC(=O)[C@H]1CCCN(C(=O)[C@]2(Cc3ccc(F)cc3)CCCCO2)C1 |&1:3,&2:10|",4.609064892896621,4.591131258010864,1,1,A71EV2A-x4416a
boltz_2,NC(=O)[C@H]1CCCN(C(=O)c2ccnc3[nH]ncc23)C1 |&1:3|,4.787812395596042,4.031341552734375,1,1,A71EV2A-x3223a
boltz_2,NC(=O)[C@H]1CCN(C(=O)Cc2c(Cl)cccc2Cl)C1 |&1:3|,4.7544873321858505,3.955676221847534,1,1,A71EV2A-x5427a
boltz_2,NC(=O)[C@H]1CCN(C(=O)Cc2cc(C(F)(F)F)ccc2Cl)C1 |&1:3|,5.04901488179868,4.504815006256104,1,1,A71EV2A-x3989a
boltz_2,NC(=O)[C@H]1CCN(C(=O)Cn2c(=O)sc3ccc(Cl)cc32)C1 |a:3|,4.001740661576301,4.218185949325561,2,2,A71EV2A-x5824a; A71EV2A-x5824b
boltz_2,NC(=O)[C@H]1CCN(C(=O)Cn2cc(Br)cc(Cl)c2=O)C1 |a:3|,4.024899837282849,4.756510186195373,1,1,A71EV2A-x5779a
boltz_2,NC(=O)[C@H]1CCN(C(=O)[C@H]2CCCN2C(=O)c2cccs2)C1 |&1:9|,5.012334272309165,3.925492119789124,2,2,A71EV2A-x5705a; A71EV2A-x5705b
boltz_2,NC(=O)[C@H]1CCN(C(=O)[C@H]2CCOc3ccc(Cl)cc32)C1 |&1:9|,4.437172628708407,4.6037394285202025,1,1,A71EV2A-x5728a
boltz_2,NC(=O)[C@H]1CCN(C(=O)[C@H]2CSc3ccccc32)C1 |&1:9|,4.129009644321656,4.051831388473511,1,1,A71EV2A-x5570a
boltz_2,"NC(=O)[C@H]1CCN(C(=O)[C@H]2SCCc3sccc32)C1 |&1:3,&2:9|",4.430090742898188,3.953703212738037,1,1,A71EV2A-x5431a
boltz_2,"NC(=O)[C@H]1C[C@@H]2C[C@@H]2N(C(=O)Cc2ccccc2Cl)C1 |&1:3,5,7|",4.5796822958876815,4.2885836362838745,2,2,A71EV2A-x5802a; A71EV2A-x5802b
boltz_2,"NC(=O)[C@H]1C[C@H]2C[C@H]2N(C(=O)Cc2ccccc2Cl)C1 |&1:3,5,7|",4.476253533188435,4.239826464653016,2,2,A71EV2A-x5798a; A71EV2A-x5798b
boltz_2,NC(=O)[C@]12CN(C(=O)Cc3ccccc3Cl)C[C@@H](C1)C2 |&1:3|,4.0045909104114665,4.100578498840332,1,1,A71EV2A-x5277a
boltz_2,NC(=O)c1ccccc1CC(=O)N1CCC[C@H](C(N)=O)C1 |a:16|,3.660111973943557,3.5040174961090087,1,1,A71EV2A-x4840a
boltz_2,O=C(NCCc1cocn1)N1CCc2ccccc21,5.162973800773931,3.553823471069336,1,1,A71EV2A-x3392a
boltz_2,O=C(NCCc1cocn1)c1ccccc1,5.093196163745395,3.486936902999878,1,1,A71EV2A-x3435a
clogp,C#C[C@H](NCCc1cocn1)c1nn(C)c2ccccc12 |&1:2|,4.716801953096995,2.0679,1,1,A71EV2A-x4426a
clogp,"C#C[C@H]1CCCC[C@@H]1OC(=O)N1CCC[C@H](C(N)=O)C1 |o1:2,7|",4.011869615687259,1.5122999999999998,1,1,A71EV2A-x5747a
clogp,C#Cc1ccc(C)c(OC(=O)N2CCC[C@H](C(N)=O)C2)c1 |a:15|,3.8964015060220634,1.67242,1,1,A71EV2A-x5466a
clogp,C=C(C)c1cccc(SC)c1CC(=O)N1CCC[C@H](C(N)=O)C1 |a:18|,5.435913722030655,2.708,1,1,A71EV2A-x6027a
clogp,C=CS(=O)(=O)N1CCC[C@H](C(N)=O)C1 |&1:9|,5.1938200260161125,-0.3429999999999995,1,1,A71EV2A-x3408a
clogp,C=Cc1cccc(CC(=O)N2CCC[C@H](C(N)=O)C2)n1 |a:14|,5.099072631333438,0.9909999999999995,2,2,A71EV2A-x5015a; A71EV2A-x5015b
clogp,C=Cc1ccccc1CS(=O)(=O)N1CCC[C@H](C(N)=O)C1 |a:16|,4.5951662833800615,1.3567,1,1,A71EV2A-x5359a
clogp,CC(=O)Nc1cccc(NC(N)=O)c1,4.943095148663527,1.1355999999999995,1,1,A71EV2A-x2454a
clogp,CC(=O)Nc1ccccc1CC(=O)N1CCC[C@H](C(N)=O)C1 |a:17|,4.265200170411153,0.9114,1,1,A71EV2A-x4322a
clogp,CC(C)(C)c1ccccc1NC(=O)N1CCC[C@H](C(N)=O)C1 |a:17|,4.916961547867879,2.7133000000000003,1,1,A71EV2A-x4311a
clogp,CC(C)Oc1ccccc1NC(=O)N1CCC[C@H](C(N)=O)C1 |a:17|,4.877787213913532,2.2030000000000003,1,1,A71EV2A-x4305a
clogp,"CC(C)[C@H](c1cc(Cl)cc(Br)c1)N1C[C@H](C(N)=O)CCC1=O |&1:3,&2:14|",4.564352412519983,3.523500000000002,1,1,A71EV2A-x5868a
clogp,CCC(=O)N[C@H](C(=O)N1CC[C@H](C(N)=O)C1)c1ccccc1SC |&1:5|,4.556507378095548,1.3096,1,1,A71EV2A-x6853a
clogp,CCC1(CC)CCN(c2ncnc(SC)c2CC(=O)N2CCC[C@H](C(N)=O)C2)C1 |a:23|,6.266038858073333,2.4814000000000007,1,1,A71EV2A-x6738a
clogp,CCC1(CC)CN(c2ncnc(SC)c2CC(=O)N2CCC[C@H](C(N)=O)C2)CCS1(=O)=O |a:22|,6.0703717346625785,1.2585000000000015,1,1,A71EV2A-x7169a
clogp,CCCSc1cccc(OC)c1NC(=O)N1CCC[C@H](C(N)=O)C1 |a:19|,3.79526753551538,2.9265000000000008,2,2,A71EV2A-x5288a; A71EV2A-x5288b
clogp,CCN(CC1CC1)C(=O)c1cccc(CC(=O)N2CCC[C@H](C(N)=O)C2)c1 |a:21|,4.908336601699183,1.8251,1,1,A71EV2A-x3944a
clogp,CCN(c1ncnc(SC)c1CC(=O)N1CCC[C@H](C(N)=O)C1)C(C)C |a:18|,5.941351132986486,1.6996,1,1,A71EV2A-x7432a
clogp,CCOC(=O)N[C@H](C(=O)N1CC[C@H](C(N)=O)C1)c1ccccc1SC |o1:6|,4.606251898190906,1.5295000000000003,1,1,A71EV2A-x6844a
clogp,"CCS(=O)(=O)N1CCN(c2ncnc(SC)c2CC(=O)N2CCC[C@H](C(N)=O)C2)[C@H](C)C1 |a:24,29|",5.887521899626527,0.3251000000000017,1,1,A71EV2A-x7446a
clogp,CCS(=O)(=O)c1ccc(OC)c(NC(=O)N2CCC[C@H](C(N)=O)C2)c1 |a:19|,4.09366495819491,1.218,2,2,A71EV2A-x4309a; A71EV2A-x4309b
clogp,"CC[C@@H]1CCCN1c1ncnc(SC)c1CC(=O)N1CCC[C@H](C(N)=O)C1 |a:2,22|",5.359471394334077,1.8437,2,2,A71EV2A-x7510a; A71EV2A-x7510b
clogp,"CC[C@@H]1CS[C@H](C(N)=O)CN1C(=O)Oc1cc(Br)ccc1SC |o1:2,5|",4.170150986564742,3.351100000000001,1,1,A71EV2A-x7321a
clogp,"CC[C@H](c1cc(F)cc(Br)c1)N1C[C@H](C(N)=O)CCC1=O |&1:2,&2:13|",4.7121982700697735,2.763200000000001,1,1,A71EV2A-x5699a
clogp,"CC[C@H](c1ccc(Cl)c(Cl)c1)N1C[C@H](C(N)=O)CCC1=O |&1:2,&2:13|",4.012372581165862,3.168400000000002,1,1,A71EV2A-x5676a
clogp,"CC[C@H]1CCCN1c1ncnc(SC)c1CC(=O)N1CCC[C@H](C(N)=O)C1 |a:2,22|",7.302627133357621,1.8437,1,1,A71EV2A-x7011a
clogp,"CC[C@H]1CS[C@H](C(N)=O)CN1C(=O)Oc1cc(Br)ccc1SC |o1:2,5|",7.112683897314732,3.351100000000001,1,1,A71EV2A-x7613a
clogp,CCc1ccsc1CN1C[C@H](C(N)=O)CCC1=O |&1:10|,4.668737062060432,1.5344,1,1,A71EV2A-x4954a
clogp,CCn1nccc1C(=O)N[C@H](C(=O)N1CC[C@H](C(N)=O)C1)c1ccccc1SC |&1:10|,4.197688573451602,1.4298000000000004,1,1,A71EV2A-x6945a
clogp,CN(C)C(=O)[C@@H](c1ccccc1)N1C[C@H](C(N)=O)CC1=O |o1:14|,4.003097753980533,0.1496999999999998,1,1,A71EV2A-x5497a
clogp,CN(C)S(=O)(=O)c1cccnc1,5.10745472442027,0.3319000000000002,2,2,A71EV2A-x2448a; A71EV2A-x2448b
clogp,CN1c2ccccc2C[C@H]1C(=O)N1CCC[C@H](C(N)=O)C1 |&1:9|,4.598941671349912,0.7714,2,2,A71EV2A-x4583a; A71EV2A-x4583b
clogp,"CNC(=O)[C@@H](c1cccc(C)c1)N1C[C@H](C(N)=O)CC1=O |&1:4,14|",4.596879478824183,0.1159199999999999,1,1,A71EV2A-x5317a
clogp,"CNC(=O)[C@@H]1CCN1c1ncnc(SC)c1CC(=O)N1CCC[C@H](C(N)=O)C1 |a:4,23|",5.553061207453266,-0.2103999999999989,1,1,A71EV2A-x7297a
clogp,CNC(=O)c1cn(C)c2ccccc12,4.822826736702125,1.5378999999999998,1,1,A71EV2A-x3066a
clogp,CNC(=O)c1nn(C)c2ccccc12,5.376184576266073,0.9328999999999998,1,1,A71EV2A-x2290a
clogp,CNC(=O)c1oc2ccccc2c1CN1C[C@H](C(N)=O)CCC1=O |&1:16|,4.027340564735919,1.0162999999999998,1,1,A71EV2A-x5226a
clogp,CNS(=O)(=O)c1ccccc1Cl,6.034867358576641,1.2481,1,1,A71EV2A-x2458a
clogp,CNc1ncnc(SC)c1CC(=O)N1CCC[C@H](C(N)=O)C1 |a:17|,5.471985787685622,0.5066000000000007,1,1,A71EV2A-x6021a
clogp,COC(=O)N1CCCN(c2ncnc(SC)c2CC(=O)N2CCC[C@H](C(N)=O)C2)CC1 |a:24|,5.745487997043694,0.7434000000000015,1,1,A71EV2A-x7018a
clogp,"COC(=O)N[C@H]1CCN(c2ncnc(SC)c2CC(=O)N2CCC[C@H](C(N)=O)C2)C1 |a:5,24|",7.272545074821092,0.3996000000000012,1,1,A71EV2A-x7589a
clogp,COCC(=O)Nc1c(Cl)cc(C)cc1OCc1ncccn1,4.858392228943246,2.6023200000000006,2,2,A71EV2A-x3522a; A71EV2A-x3522b
clogp,COCC(=O)Nc1c(Cl)cc(C)cc1Oc1cccc(C(N)=O)c1,4.822657723022635,3.1245200000000004,1,1,A71EV2A-x3488a
clogp,"COC[C@@H]1CCCN1c1ncnc(SC)c1CC(=O)N1CCC[C@H](C(N)=O)C1 |a:3,23|",5.028984985837811,1.0801000000000012,1,1,A71EV2A-x7161a
clogp,"COC[C@@H]1CCN1c1ncnc(SC)c1CC(=O)N1CCC[C@H](C(N)=O)C1 |a:3,22|",5.357972475219064,0.6900000000000016,2,2,A71EV2A-x7353a; A71EV2A-x7353b
clogp,"COC[C@@]1(C)C[C@H](C(N)=O)CN1C(=O)Cc1cc(Br)ccc1SC |&1:3,6|",5.510062512868513,2.452400000000001,1,1,A71EV2A-x5398a
clogp,COC[C@H](C)NC(=O)c1nn(C)c2ccccc12 |&1:3|,4.747146969020107,1.3379999999999996,1,1,A71EV2A-x3176a
clogp,"COC[C@H]1CCCN1c1ncnc(SC)c1CC(=O)N1CCC[C@H](C(N)=O)C1 |a:3,23|",7.197280846039433,1.0801000000000012,1,1,A71EV2A-x7175a
clogp,"COC[C@H]1CC[C@H](C(N)=O)CN1C(=O)Cc1ccccc1SC |o1:3,6|",4.011460574435142,1.6899000000000008,1,1,A71EV2A-x5488a
clogp,"COC[C@]1(C(=O)N2CCC[C@H](C(N)=O)C2)CCCCO1 |&1:3,&2:10|",6.0,0.2960000000000002,1,1,A71EV2A-x3936a
clogp,COC[C@]12C[C@@](C(N)=O)(CN1C(=O)Cc1ccccc1OC)C2 |o1:3|,4.028724151261895,0.730600000000001,2,2,A71EV2A-x4963a; A71EV2A-x4963b
clogp,COCc1ccccc1CC(=O)N1CCC[C@H](C(N)=O)C1 |a:16|,4.576757218249551,1.0994000000000002,1,1,A71EV2A-x4368a
clogp,COCc1ccccc1NC(=O)N1CCC[C@H](C(N)=O)C1 |a:16|,4.816470464384151,1.5621999999999998,1,1,A71EV2A-x3483a
clogp,"CO[C@@H]1CCCN(c2ncnc(SC)c2CC(=O)N2CCC[C@H](C(N)=O)C2)C1 |a:2,22|",6.170052776781682,1.0801000000000012,1,1,A71EV2A-x7238a
clogp,CO[C@H](C(=O)N1CCC[C@H](C(N)=O)C1)c1ccccc1C |&1:2|,4.928117992693875,1.4064200000000004,1,1,A71EV2A-x3939a
clogp,"CO[C@H](C(=O)N1CCC[C@H](C(N)=O)C1)c1cccnc1 |&1:2,&2:9|",4.227015096629662,0.4930000000000006,1,1,A71EV2A-x3937a
clogp,COc1c(NC(=O)N2CCC[C@H](C(N)=O)C2)cccc1C(F)(F)F |a:11|,5.032452023781138,2.4432,2,2,A71EV2A-x4310a; A71EV2A-x4310b
clogp,COc1cc(Br)c(CC(=O)N2CCC[C@H](C(N)=O)C2)cc1OC |a:14|,3.720229830921272,1.7326999999999997,1,1,A71EV2A-x4845a
clogp,COc1cc(Cl)ccc1CC(=O)N1CCC[C@H](C(N)=O)C1 |a:16|,4.018634490921456,1.6149999999999998,1,1,A71EV2A-x4203a
clogp,COc1cc(NC(=O)C[C@H](C)C(F)(F)F)n(C)n1 |&1:9|,4.632048101200719,1.9557,2,2,A71EV2A-x1445a; A71EV2A-x1445b
clogp,COc1ccc(C(F)(F)F)cc1CC(=O)N1CCC[C@H](C(N)=O)C1 |a:19|,4.449959375475284,1.9803999999999995,1,1,A71EV2A-x4028a
clogp,COc1ccc(C(F)(F)F)cc1CC(=O)N1CCS[C@H](C(N)=O)C1 |o1:19|,4.828494707777949,1.6857999999999995,1,1,A71EV2A-x4778a
clogp,COc1ccc(C(F)(F)F)cc1N(C)C(=O)N1CCC[C@H](C(N)=O)C1 |a:20|,4.561127532480804,2.4675,1,1,A71EV2A-x4843a
clogp,COc1ccc(C(F)(F)F)cc1NC(=O)N1CCC[C@H](C(N)=O)C1 |a:19|,4.069229199277436,2.4432,1,1,A71EV2A-x4429a
clogp,COc1ccc(CC(=O)N2CCC[C@H](C(N)=O)C2)c(OC)c1 |a:13|,4.635207042042172,0.9702,2,2,A71EV2A-x3557a; A71EV2A-x3557b
clogp,COc1ccc(Cl)c2c1C(=O)C(=O)N2,4.628932137728264,1.4833999999999996,1,1,A71EV2A-x2513a
clogp,COc1ccc(Cl)cc1CC(=O)N1CCC[C@H](C(N)=O)C1 |a:16|,4.727236212379233,1.6149999999999998,1,1,A71EV2A-x3940a
clogp,COc1ccc(Cl)cc1NS(=O)(=O)N1CCC[C@H](C(N)=O)C1 |a:17|,3.989247537499024,1.2025999999999997,1,1,A71EV2A-x5278a
clogp,COc1ccc(Cl)cc1OC(=O)N1CCC[C@H](C(N)=O)C1 |a:16|,5.262803072736122,2.0447,4,4,A71EV2A-x4829a; A71EV2A-x4829b; A71EV2A-x4903a; A71EV2A-x4903b
clogp,COc1ccc(F)cc1CC(=O)N1CCC[C@H](C(N)=O)C1 |a:16|,4.2094239507757765,1.1007,1,1,A71EV2A-x3546a
clogp,COc1ccc2c(n1)[C@H](C(=O)N1CCC[C@H](C(N)=O)C1)CC2 |&1:8|,4.452380443994761,0.8439,1,1,A71EV2A-x3954a
clogp,COc1cccc(CN2C[C@H](C(N)=O)CCC2=O)c1 |&1:10|,4.608183969818477,0.9190999999999996,2,2,A71EV2A-x5036a; A71EV2A-x5036b
clogp,COc1cccc(Cl)c1CC(=O)N1CCC[C@@H](C(N)=O)C1 |a:16|,4.620456050805198,1.6149999999999998,2,2,A71EV2A-x3858a; A71EV2A-x3858b
clogp,COc1cccc(Cl)c1CC(=O)N1CCC[C@H](C(N)=O)C1 |a:16|,4.78560502978966,1.6149999999999998,1,1,A71EV2A-x3942a
clogp,COc1cccc(Cl)c1CC(=O)N1CCC[C@H](C(N)=O)C1 |o1:16|,4.37828501116997,1.6149999999999998,1,1,A71EV2A-x4209a
clogp,"COc1cccc(Cl)c1CC(=O)N1C[C@H](C(N)=O)C[C@H](C(=O)NC2CC2)C1 |o1:14,19|",4.899323290233971,1.1197,2,2,A71EV2A-x3993a; A71EV2A-x3993b
clogp,"COc1cccc(Cl)c1CC(=O)N1C[C@H](C(N)=O)[C@H]2CCC[C@H]21 |&1:14,&2:18,22|",4.819608655063361,2.0035,1,1,A71EV2A-x4239a
clogp,COc1cccc(Cl)c1NC(=O)N1CCC[C@H](C(N)=O)C1 |a:16|,4.465918205168407,2.0778,2,2,A71EV2A-x4035a; A71EV2A-x4035b
clogp,COc1cccc(Cl)c1NC(=O)N1CC[C@H](C(N)=O)C1 |a:15|,4.612119831707907,1.6877,2,2,A71EV2A-x3992a; A71EV2A-x3992b
clogp,COc1cccc(NC(=O)N2CCC[C@H](C(N)=O)C2)c1 |a:14|,4.956109291095229,1.4243999999999997,1,1,A71EV2A-x3485a
clogp,COc1cccc(NC(=O)N2CCC[C@H](C(N)=O)C2)c1Cl |a:14|,4.612661045864782,2.0778,3,3,A71EV2A-x4524a; A71EV2A-x4873a; A71EV2A-x4873b
clogp,COc1cccc(NC(=O)N2CCC[C@H](C(N)=O)C2)n1 |a:14|,5.072431269429168,0.8193999999999998,1,1,A71EV2A-x4298a
clogp,COc1cccc(SC(C)C)c1NC(=O)N1CCC[C@H](C(N)=O)C1 |a:19|,5.313218576201494,2.9249,2,2,A71EV2A-x5289a; A71EV2A-x5289b
clogp,COc1cccc(SC)c1NC(=O)N1CCC[C@H](C(N)=O)C1 |a:17|,5.161195917717353,2.1463,1,1,A71EV2A-x4554a
clogp,"COc1cccc2c1CC[C@H]2N1C[C@H](C(N)=O)CCC1=O |&1:10,&2:13|",4.789637072991269,1.4064,1,1,A71EV2A-x4316a
clogp,COc1cccc2c1N(C(=O)N1CCC[C@H](C(N)=O)C1)CCS2 |a:15|,4.29598340377612,1.9246,1,1,A71EV2A-x5389a
clogp,COc1ccccc1CC(=O)N(C)CCC(N)=O,4.935542010773082,0.5715,1,1,A71EV2A-x3977a
clogp,COc1ccccc1CC(=O)N1CCCC[C@H](C(N)=O)C1 |&1:16|,4.952204384072568,1.3517,2,2,A71EV2A-x3571a; A71EV2A-x3571b
clogp,COc1ccccc1CC(=O)N1CCC[C@H](C(N)=O)C1 |&1:15|,4.128427064454121,0.9615999999999998,1,1,A71EV2A-x3186a
clogp,COc1ccccc1CC(=O)N1CCC[C@H](C(N)=O)CC1 |&1:15|,4.952188702489189,1.3516999999999997,2,2,A71EV2A-x4018a; A71EV2A-x4018b
clogp,COc1ccccc1CC(=O)N1CCN[C@H](C(N)=O)C1 |&1:15|,5.622664040174432,-0.4765999999999986,1,1,A71EV2A-x3901a
clogp,COc1ccccc1CC(=O)N1CCO[C@@H](C(N)=O)C1 |a:15|,4.615695746966642,-0.0496,1,1,A71EV2A-x3663a
clogp,COc1ccccc1CC(=O)N1CC[C@@H](O)C1 |a:14|,4.951406063714552,0.8309,1,1,A71EV2A-x3621a
clogp,COc1ccccc1CC(=O)N1CC[C@H](CC(N)=O)C1 |&1:14|,5.055150304924533,0.9615999999999998,4,4,A71EV2A-x3694a; A71EV2A-x3694b; A71EV2A-x4032a; A71EV2A-x4032b
clogp,COc1ccccc1CC(=O)N1CC[C@H](NC(N)=O)C1 |&1:14|,5.056011124926228,0.5069000000000006,1,1,A71EV2A-x3685a
clogp,COc1ccccc1CC(=O)N1C[C@H](C(N)=O)CC(F)(F)C1 |&1:13|,5.41096889227547,1.2068,1,1,A71EV2A-x3665a
clogp,"COc1ccccc1CC(=O)N1C[C@H](C(N)=O)CC[C@@H]1C |&1:13,19|",4.411260481653311,1.3501,1,1,A71EV2A-x3550a
clogp,"COc1ccccc1CC(=O)N1C[C@H](C(N)=O)[C@@H](C(F)(F)F)C1 |&1:13,17|",5.110698297493689,1.3599,1,1,A71EV2A-x3990a
clogp,"COc1ccccc1CC(=O)N1C[C@H](C)[C@@H](C(N)=O)C1 |&1:13,15|",5.303920706565589,0.8175,1,1,A71EV2A-x3634a
clogp,"COc1ccccc1CC(=O)N1C[C@]2(C(N)=O)CC[C@H]1C2 |a:13,19|",4.621697158125564,1.1041,1,1,A71EV2A-x4476a
clogp,COc1ccccc1CCN1C[C@H](C(N)=O)CC1=O |&1:12|,5.044970753420985,0.5714999999999998,1,1,A71EV2A-x3956a
clogp,COc1ccccc1CN1C[C@H](C(N)=O)CC1=O |&1:11|,4.62709189585908,0.5289999999999998,1,1,A71EV2A-x3895a
clogp,COc1ccccc1CN1C[C@H](C(N)=O)CCC1=O |&1:11|,4.956855685489159,0.9190999999999996,2,2,A71EV2A-x3579a; A71EV2A-x4029a
clogp,COc1ccccc1NC(=O)Nc1cccnc1,4.740875707793589,2.7342000000000004,1,1,A71EV2A-x2629a
clogp,COc1ccccc1S(=O)(=O)N1CCC[C@H](C(N)=O)C1 |a:15|,5.161780778092374,0.5812,2,2,A71EV2A-x4214a; A71EV2A-x4214b
clogp,COc1ccccc1[C@H](C)C(=O)N1CCC[C@H](C(N)=O)C1 |o1:8|,5.415903931859735,1.5225999999999995,2,2,A71EV2A-x4445a; A71EV2A-x4445b
clogp,"COc1ccccc1[C@H](C)CN1C[C@H](C(N)=O)CC1=O |&1:8,&2:13|",4.917407524166997,1.1324999999999996,1,1,A71EV2A-x4313a
clogp,"COc1ccccc1[C@H](C)N1C[C@H](C(N)=O)CCC1=O |&1:8,&2:12|",5.565980102355844,1.4800999999999995,1,1,A71EV2A-x4661a
clogp,COc1ccccc1[C@H](N)C(=O)N1CCC[C@H](C(N)=O)C1 |o1:8|,5.349983835684398,0.4189000000000006,1,1,A71EV2A-x3890a
clogp,COc1ccccc1[C@H](NC(=O)OC(C)(C)C)C(=O)N1CCC[C@H](C(N)=O)C1 |o1:8|,4.930769702637148,1.9849,2,2,A71EV2A-x3884a; A71EV2A-x3884b
clogp,COc1ccccc1[C@H](NC(C)=O)C(=O)N1CCC[C@H](C(N)=O)C1 |o1:8|,5.238439218136987,0.5963000000000004,4,4,A71EV2A-x4207a; A71EV2A-x4207b; A71EV2A-x4449a; A71EV2A-x4449b
clogp,"COc1ccccc1[C@H](O)CN1C[C@H](C(N)=O)CC1=O |&1:8,&2:13|",5.276902343492681,0.0623999999999999,1,1,A71EV2A-x4295a
clogp,"COc1ccccc1[C@H](O)CN1C[C@H](C(N)=O)CCC1=O |&1:8,&2:13|",5.212129340035951,0.4524999999999998,1,1,A71EV2A-x4406a
clogp,COc1ccccc1[C@H](OC)C(=O)N1CCC[C@H](C(N)=O)C1 |o1:8|,5.523700643055132,1.1065999999999998,2,2,A71EV2A-x3862a; A71EV2A-x3883a
clogp,COc1cccnc1CC(=O)N1CCC[C@H](C(N)=O)C1 |a:15|,4.648165195719463,0.3566000000000003,2,2,A71EV2A-x4283a; A71EV2A-x4283b
clogp,COc1cccnc1CN1CCC[C@H](C(N)=O)C1 |a:13|,5.576653344896242,0.7875,2,2,A71EV2A-x4274a; A71EV2A-x4274b
clogp,COc1ccncc1CC(=O)N1CCC[C@H](C(N)=O)C1 |&1:15|,4.443671499997475,0.3566000000000003,1,1,A71EV2A-x3229a
clogp,COc1ccncc1CC(=O)N1CCC[C@H](C(N)=O)C1 |a:15|,4.7516996536545095,0.3566000000000003,1,1,A71EV2A-x3548a
clogp,COc1ncc(-c2ccc(SC)c(CC(=O)N3CCC[C@H](C(N)=O)C3)c2)cc1C#N |a:20|,5.612933991649193,2.617180000000001,1,1,A71EV2A-x5877a
clogp,COc1ncc(Br)cc1CC(=O)N1CCC[C@H](C(N)=O)C1 |a:16|,4.832067775571805,1.1190999999999998,1,1,A71EV2A-x4388a
clogp,COc1ncccc1-c1ccc(SC)c(CC(=O)N2CCC[C@H](C(N)=O)C2)c1 |a:22|,5.926316446103106,2.7455000000000007,1,1,A71EV2A-x6736a
clogp,COc1ncccc1CC(=O)N1CCC[C@H](C(N)=O)C1 |&1:15|,4.324153048333832,0.3566000000000003,1,1,A71EV2A-x3201a
clogp,COc1ncccc1CC(=O)N1CCC[C@H](C(N)=O)C1 |a:15|,4.286509456906058,0.3566000000000003,1,1,A71EV2A-x4347a
clogp,COc1ncccc1CC(=O)N1CCC[C@H](C(N)=O)C1 |o1:15|,4.939681121858298,0.3566000000000003,2,2,A71EV2A-x3849a; A71EV2A-x3869a
clogp,COc1ncccc1NC(=O)N1CCC[C@H](C(N)=O)C1 |a:15|,4.487273331768478,0.8193999999999998,2,2,A71EV2A-x4031a; A71EV2A-x4031b
clogp,COc1ncccc1NC(=O)N1CC[C@H](C(N)=O)C1 |a:14|,4.618016608302379,0.4292999999999999,1,1,A71EV2A-x4418a
clogp,COc1ncccc1NS(=O)(=O)N1CCC[C@H](C(N)=O)C1 |a:16|,4.601213898998983,-0.0557999999999993,2,2,A71EV2A-x4899a; A71EV2A-x4899b
clogp,CS(=O)(=O)c1ccccc1CC(=O)N1CCC[C@H](C(N)=O)C1 |a:17|,4.018181392829336,0.3565000000000006,1,1,A71EV2A-x4675a
clogp,CSCC1(CC(=O)N2CCC[C@H](C(N)=O)C2)CC1 |a:11|,4.0270354434741735,1.2436,1,1,A71EV2A-x4701a
clogp,"CSC[C@H]1C[C@H]1C(=O)N1CCC[C@H](C(N)=O)C1 |&1:3,5|",4.808721339045607,0.7094000000000001,1,1,A71EV2A-x4736a
clogp,"CS[C@@H]1CCCC[C@H]1OC(=O)N1CCC[C@H](C(N)=O)C1 |o1:2,7|",3.5961527992975952,1.9945,1,1,A71EV2A-x5231a
clogp,CSc1c(Br)cccc1CC(=O)N1CCC[C@H](C(N)=O)C1 |a:16|,4.472492797097293,2.4374,1,1,A71EV2A-x4290a
clogp,CSc1c(F)cccc1NC(=O)N1CCC[C@H](C(N)=O)C1 |a:16|,4.319967775442991,2.2768,1,1,A71EV2A-x4851a
clogp,CSc1c(NC(=O)N2CCC[C@H](C(N)=O)C2)c(C)nn1C |a:11|,4.6073172842698655,1.1796199999999997,1,1,A71EV2A-x4727a
clogp,CSc1ccc(-c2cc(C#N)ncc2F)cc1CC(=O)N1CCC[C@H](C(N)=O)C1 |a:24|,5.682717212000788,2.74768,1,1,A71EV2A-x6769a
clogp,CSc1ccc(-c2cc(C)c(=O)n(C)c2)cc1CC(=O)N1CCC[C@H](C(N)=O)C1 |a:24|,6.031014087429405,2.3490199999999994,2,2,A71EV2A-x5879a; A71EV2A-x5879b
clogp,CSc1ccc(-c2cc(C)nn2C)cc1OC(=O)N1CCC[C@H](C(N)=O)C1 |a:22|,5.436862866226505,2.81352,1,1,A71EV2A-x7260a
clogp,CSc1ccc(-c2cc[nH]n2)cc1CC(=O)N1CCC[C@H](C(N)=O)C1 |a:20|,5.955905430140241,2.064999999999999,2,2,A71EV2A-x5525a; A71EV2A-x5525b
clogp,"CSc1ccc(-c2cc[nH]n2)cc1CC(=O)N1C[C@H](C(N)=O)C[C@H]2C[C@H]21 |&1:18,23,25|",6.340503680200894,2.063399999999999,2,2,A71EV2A-x7576a; A71EV2A-x7576b
clogp,CSc1ccc(-c2cc[nH]n2)cc1OC(=O)N1CCC[C@H](C(N)=O)C1 |a:20|,6.343392058545723,2.4947,1,1,A71EV2A-x7597a
clogp,CSc1ccc(-c2ccc(N3CCN(C)CC3)nc2)cc1OC(=O)N1CCC[C@H](C(N)=O)C1 |a:28|,6.646304383229654,2.9184,1,1,A71EV2A-x7261a
clogp,CSc1ccc(-c2cccc3cnn(C)c23)cc1CC(=O)N1CCC[C@H](C(N)=O)C1 |a:25|,4.852511447271943,3.2286,1,1,A71EV2A-x6025a
clogp,CSc1ccc(-c2ccccc2)cc1CC(=O)N1CCC[C@H](C(N)=O)C1 |a:21|,5.7575850142068425,3.3419000000000008,1,1,A71EV2A-x5526a
clogp,CSc1ccc(-c2ccccn2)cc1OC(=O)N1CCC[C@H](C(N)=O)C1 |a:21|,6.363385275343752,3.1666000000000007,1,1,A71EV2A-x7442a
clogp,"CSc1ccc(-c2ccccn2)cc1OC(=O)N1C[C@H](C(N)=O)C[C@H]2C[C@H]21 |&1:19,24,26|",6.770247859071493,3.165000000000001,2,2,A71EV2A-x7350a; A71EV2A-x7350b
clogp,"CSc1ccc(-c2cccnc2)cc1OC(=O)N1C[C@H](C(N)=O)C[C@@H]2C[C@@H]21 |&1:19,24,26|",6.025403843721281,3.165000000000001,1,1,A71EV2A-x7032a
clogp,"CSc1ccc(-c2cccnc2)cc1OC(=O)N1C[C@H](C(N)=O)C[C@H]2C[C@H]21 |&1:19,24,26|",6.615017621163278,3.165000000000001,1,1,A71EV2A-x7070a
clogp,CSc1ccc(-c2cccnc2C(C)C)cc1CC(=O)N1CCC[C@H](C(N)=O)C1 |a:24|,5.633026106559719,3.8603000000000014,1,1,A71EV2A-x6778a
clogp,CSc1ccc(-c2cccnc2N)cc1OC(=O)N1CCC[C@H](C(N)=O)C1 |a:22|,6.467825319983038,2.7487999999999992,2,2,A71EV2A-x7301a; A71EV2A-x7301b
clogp,CSc1ccc(-c2ccnc(N(C)C)c2)cc1CC(=O)N1CCC[C@H](C(N)=O)C1 |a:24|,6.212710086334884,2.8028999999999997,1,1,A71EV2A-x6791a
clogp,CSc1ccc(-c2ccncc2)cc1CC(=O)N1CCC[C@H](C(N)=O)C1 |a:21|,5.983523026568097,2.7368999999999994,1,1,A71EV2A-x5509a
clogp,"CSc1ccc(-c2ccncc2)cc1CC(=O)N1C[C@H](C(N)=O)C[C@H]2C[C@H]21 |&1:19,24,26|",6.743785006270056,2.7353000000000005,1,1,A71EV2A-x7256a
clogp,"CSc1ccc(-c2ccncc2)cc1CC(=O)N1C[C@H](C(N)=O)C[C@H]2C[C@H]21 |o1:19,24,26|",4.917388969413124,2.7353000000000005,1,1,A71EV2A-x7445a
clogp,"CSc1ccc(-c2ccncc2)cc1NC(=O)N1C[C@H](C(N)=O)C[C@H]2C[C@H]21 |&1:19,24,26|",5.742028204896328,3.1981,1,1,A71EV2A-x6746a
clogp,"CSc1ccc(-c2ccncc2)cc1OC(=O)N1C[C@H](C(N)=O)C[C@H]2C[C@H]21 |&1:19,24,26|",6.058389757043434,3.165000000000001,1,1,A71EV2A-x7184a
clogp,CSc1ccc(-c2ccnn2C(C)(C)C)cc1OC(=O)N1CCC[C@H](C(N)=O)C1 |a:24|,4.912085112444354,3.7231000000000014,2,2,A71EV2A-x7167a; A71EV2A-x7167b
clogp,"CSc1ccc(-c2ccnn2C2CCC2)cc1OC(=O)N1C[C@H](C(N)=O)C[C@H]2C[C@H]21 |&1:22,27,29|",6.6437811411974925,3.691500000000001,1,1,A71EV2A-x7044a
clogp,"CSc1ccc(-c2cn[nH]c2)cc1CC(=O)N1C[C@H](C(N)=O)C[C@H]2C[C@H]21 |&1:18,23,25|",6.438312682607372,2.063399999999999,1,1,A71EV2A-x5836a
clogp,"CSc1ccc(-c2cn[nH]c2)cc1OC(=O)N1C[C@H](C(N)=O)C[C@@H]2C[C@@H]21 |&1:18,23,25|",5.626220997937759,2.4931,1,1,A71EV2A-x7379a
clogp,"CSc1ccc(-c2cn[nH]c2)cc1OC(=O)N1C[C@H](C(N)=O)C[C@H]2C[C@H]21 |&1:18,23,25|",6.775141043530828,2.4931,1,1,A71EV2A-x7323a
clogp,CSc1ccc(-c2cncc(C)c2C)cc1CC(=O)N1CCC[C@H](C(N)=O)C1 |a:23|,5.401951923140469,3.353740000000001,1,1,A71EV2A-x6032a
clogp,CSc1ccc(-c2cncc(S(C)(=O)=O)c2)cc1CC(=O)N1CCC[C@H](C(N)=O)C1 |a:25|,5.687762124194347,2.1404,2,2,A71EV2A-x6948a; A71EV2A-x6948b
clogp,CSc1ccc(-c2cncc3ccccc23)cc1CC(=O)N1CCC[C@H](C(N)=O)C1 |a:25|,5.484126156288321,3.890100000000002,1,1,A71EV2A-x6035a
clogp,"CSc1ccc(-c2cnco2)cc1OC(=O)N1C[C@H](C(N)=O)C[C@H]2C[C@H]21 |&1:18,23,25|",6.622961397710664,2.758,1,1,A71EV2A-x7002a
clogp,"CSc1ccc(-c2cnn[nH]2)cc1OC(=O)N1C[C@H](C(N)=O)C[C@H]2C[C@H]21 |&1:18,23,25|",6.821074156272469,1.8880999999999997,1,1,A71EV2A-x7410a
clogp,CSc1ccc(-c2cnnn2C)cc1CC(=O)N1CCC[C@H](C(N)=O)C1 |a:21|,5.437915347454481,1.4703999999999997,1,1,A71EV2A-x6925a
clogp,CSc1ccc(-c2csc(C(F)F)c2)cc1CC(=O)N1CCC[C@H](C(N)=O)C1 |a:23|,6.104588372500485,4.341000000000003,1,1,A71EV2A-x5864a
clogp,"CSc1ccc(-c2ocnc2C)cc1OC(=O)N1C[C@H](C(N)=O)C[C@H]2C[C@H]21 |&1:19,24,26|",5.964275769895213,3.066420000000001,1,1,A71EV2A-x7287a
clogp,CSc1ccc(-n2cccn2)cc1CC(=O)N1CCC[C@H](C(N)=O)C1 |a:20|,6.017614181634599,1.8605999999999991,1,1,A71EV2A-x5604a
clogp,CSc1ccc(-n2ccnc2)cc1CC(=O)N1CCC[C@H](C(N)=O)C1 |a:20|,5.816743356703912,1.8605999999999991,1,1,A71EV2A-x5833a
clogp,CSc1ccc(Br)cc1CC(=O)N1CCC[C@H](C(N)=O)C1 |a:16|,6.504803930407411,2.4374,1,1,A71EV2A-x4431a
clogp,CSc1ccc(Br)cc1CC(=O)N1CCC[C@H](C(N)=O)CC1 |&1:16|,4.084730020129478,2.827500000000001,2,2,A71EV2A-x5203a; A71EV2A-x5203b
clogp,"CSc1ccc(Br)cc1CC(=O)N1CCC[C@H](C(N)=O)[C@@H]1C |o1:16,20|",4.01122507362837,2.8259000000000007,1,1,A71EV2A-x5494a
clogp,CSc1ccc(Br)cc1CC(=O)N1CC[C@H](C(N)=O)C1 |a:15|,4.166573738364501,2.0473,1,1,A71EV2A-x4856a
clogp,"CSc1ccc(Br)cc1CC(=O)N1C[C@H](C(N)=O)CC[C@@H]1C |o1:14,20|",5.370420577541523,2.8259000000000016,2,2,A71EV2A-x5247a; A71EV2A-x5247b
clogp,"CSc1ccc(Br)cc1CC(=O)N1C[C@H](C(N)=O)CC[C@H]1C |o1:14,20|",5.163175522827518,2.8259000000000016,4,4,A71EV2A-x5339a; A71EV2A-x5339b; A71EV2A-x5366a; A71EV2A-x5366b
clogp,"CSc1ccc(Br)cc1CC(=O)N1C[C@H](C(N)=O)[C@H]2C[C@H]21 |o1:14,18,20|",4.590066876668706,2.0457,1,1,A71EV2A-x7359a
clogp,"CSc1ccc(Br)cc1CC(=O)N1[C@H]2CC[C@H](C(N)=O)[C@@H]1CC2 |o1:13,16,20|",4.022734028686543,2.9684000000000017,2,2,A71EV2A-x5758a; A71EV2A-x5758b
clogp,"CSc1ccc(Br)cc1OC(=O)N1C[C@H](C(N)=O)CC[C@@H]1C |o1:14,20|",4.757850080326607,3.255600000000002,2,2,A71EV2A-x5819a; A71EV2A-x5819b
clogp,"CSc1ccc(Br)cc1OC(=O)N1C[C@H](C(N)=O)CC[C@@H]1CO |&1:14,20|",5.994964027913848,2.228000000000001,1,1,A71EV2A-x7558a
clogp,"CSc1ccc(Br)cc1OC(=O)N1C[C@H](C(N)=O)C[C@@H]2C[C@@H]21 |&1:14,19,21|",6.134970625328986,2.8655000000000017,1,1,A71EV2A-x5830a
clogp,"CSc1ccc(Br)cc1OC(=O)N1C[C@H](C(N)=O)C[C@H]2C[C@H]21 |&1:14,19,21|",6.442779415416162,2.8655000000000017,1,1,A71EV2A-x6932a
clogp,CSc1ccc(Br)cc1[C@H](NC(=O)OC(C)(C)C)C(=O)N1CC[C@H](C(N)=O)C1 |&1:9|,4.616253373468555,3.0706000000000016,1,1,A71EV2A-x5891a
clogp,CSc1ccc(C(=O)N(C)C2CCC(C)(C)CC2)cc1CC(=O)N1CCC[C@H](C(N)=O)C1 |a:27|,4.8542464945359285,3.715700000000002,1,1,A71EV2A-x7307a
clogp,CSc1ccc(C(=O)N2CC=CCC23CCC3)cc1CC(=O)N1CCC[C@H](C(N)=O)C1 |a:26|,5.727326160448949,2.9997000000000007,1,1,A71EV2A-x7318a
clogp,CSc1ccc(C(=O)N2Cc3nccc(C)c3C2)cc1CC(=O)N1CCC[C@H](C(N)=O)C1 |a:27|,5.732131922180389,2.53432,1,1,A71EV2A-x6739a
clogp,CSc1ccc(C(=O)Nc2ccncc2)cc1CC(=O)N1CCC[C@H](C(N)=O)C1 |a:24|,6.058292496038209,2.3222,2,2,A71EV2A-x5512a; A71EV2A-x5512b
clogp,"CSc1ccc(C2=CCN(C)CC2)cc1CC(=O)N1C[C@H](C(N)=O)C[C@H]2C[C@H]21 |o1:20,25,27|",6.217987758487747,2.3922000000000008,2,2,A71EV2A-x7369a; A71EV2A-x7369b
clogp,"CSc1ccc(C2=CCN(C)CC2)cc1OC(=O)N1C[C@H](C(N)=O)C[C@@H]2C[C@@H]21 |&1:20,25,27|",6.4554495427646055,2.821900000000001,1,1,A71EV2A-x7046a
clogp,"CSc1ccc(C2=CCN(C)CC2)cc1OC(=O)N1C[C@H](C(N)=O)C[C@H]2C[C@H]21 |&1:20,25,27|",6.616789569053188,2.821900000000001,1,1,A71EV2A-x7368a
clogp,CSc1ccc(C2=CCNCC2)cc1CC(=O)N1CCC[C@H](C(N)=O)C1 |a:21|,6.359785941635829,2.0516,1,1,A71EV2A-x6827a
clogp,"CSc1ccc(C2=CCOCC2)cc1OC(=O)N1C[C@H](C(N)=O)C[C@H]2C[C@H]21 |&1:19,24,26|",6.278226151900541,2.9067000000000007,1,1,A71EV2A-x7021a
clogp,CSc1ccc(C2CC2)cc1CC(=O)N1CCC[C@H](C(N)=O)C1 |a:18|,5.527677465814104,2.5523,1,1,A71EV2A-x5276a
clogp,CSc1ccc(N2CCCC2=O)cc1NC(=O)N1CCC[C@H](C(N)=O)C1 |a:21|,5.06227649451538,2.2645,2,2,A71EV2A-x4986a; A71EV2A-x4986b
clogp,CSc1ccc(N2CCOCC2)cc1NC(=O)N1CCC[C@H](C(N)=O)C1 |a:21|,4.924868863339022,1.9743,2,2,A71EV2A-x5598a; A71EV2A-x5598b
clogp,CSc1ccc(OC2CC2)cc1NC(=O)N1CCC[C@H](C(N)=O)C1 |a:19|,4.674438823846753,2.6789000000000005,1,1,A71EV2A-x5533a
clogp,CSc1ccc(S(C)(=O)=O)cc1CC(=O)N1CCC[C@H](C(N)=O)C1 |a:19|,5.609697925694327,1.0784,2,2,A71EV2A-x5449a; A71EV2A-x5449b
clogp,CSc1ccc(SC(C)(C)C)cc1CC(=O)N1CCC[C@H](C(N)=O)C1 |a:20|,5.111221489644668,3.565500000000002,1,1,A71EV2A-x5403a
clogp,CSc1ccc2c(c1)[C@H](C(=O)N1CCC[C@H](C(N)=O)C1)CCO2 |o1:8|,4.060454118763697,1.9985,2,2,A71EV2A-x5475a; A71EV2A-x5475b
clogp,CSc1ccc2cnccc2c1NC(=O)N1CCC[C@H](C(N)=O)C1 |a:19|,5.772572568212773,2.6859,1,1,A71EV2A-x5261a
clogp,CSc1ccc2ncccc2c1NC(=O)N1CCC[C@H](C(N)=O)C1 |a:19|,6.128863936621021,2.6859,2,2,A71EV2A-x4977a; A71EV2A-x4977b
clogp,"CSc1ccc2ncccc2c1NC(=O)N1C[C@H](C(N)=O)C[C@@H]2C[C@@H]21 |o1:17,22,24|",5.669481598088156,2.6843000000000004,2,2,A71EV2A-x6877a; A71EV2A-x6980a
clogp,"CSc1ccc2ncccc2c1NC(=O)N1C[C@H](C(N)=O)C[C@H]2C[C@H]21 |&1:17,22,24|",6.155618588158782,2.6843000000000004,1,1,A71EV2A-x5854a
clogp,"CSc1ccc2ncccc2c1OC(=O)N1C[C@H](C(N)=O)C[C@@H]2C[C@@H]21 |o1:17,22,24|",6.223231835566202,2.6512,2,2,A71EV2A-x7459a; A71EV2A-x7461a
clogp,"CSc1ccc2ncccc2c1OC(=O)N1C[C@H](C(N)=O)C[C@H]2C[C@H]21 |o1:17,22,24|",6.55419279444554,2.6512,3,3,A71EV2A-x7465a; A71EV2A-x7465b; A71EV2A-x7515a
clogp,CSc1ccc2scnc2c1NC(=O)N1CCC[C@H](C(N)=O)C1 |a:18|,5.775683273773221,2.7474000000000007,2,2,A71EV2A-x5283a; A71EV2A-x5283b
clogp,CSc1cccc(-c2cc(C(F)(F)F)nn2C)c1CC(=O)N1CCC[C@H](C(N)=O)C1 |a:25|,5.150667872559956,3.0942000000000007,2,2,A71EV2A-x6955a; A71EV2A-x6955b
clogp,CSc1cccc(-c2ccc(C(F)(F)F)cc2C#N)c1CC(=O)N1CCC[C@H](C(N)=O)C1 |a:27|,5.656918950334414,4.232380000000003,1,1,A71EV2A-x5884a
clogp,CSc1cccc(-c2ccc(C(F)(F)F)o2)c1CC(=O)N1CCC[C@H](C(N)=O)C1 |a:24|,5.785803993839482,3.953700000000002,1,1,A71EV2A-x5857a
clogp,CSc1cccc(-c2cn(C)c(=O)c3ccccc23)c1CC(=O)N1CCC[C@H](C(N)=O)C1 |a:27|,6.086272291520818,3.1938000000000004,1,1,A71EV2A-x6028a
clogp,CSc1cccc(-c2sccc2C2CC2)c1CC(=O)N1CCC[C@H](C(N)=O)C1 |a:23|,5.508648103412354,4.280800000000003,1,1,A71EV2A-x6794a
clogp,CSc1cccc(-n2ccnc2)c1CC(=O)N1CCC[C@H](C(N)=O)C1 |a:20|,5.508866053332301,1.8605999999999991,1,1,A71EV2A-x5788a
clogp,CSc1cccc(Br)c1CC(=O)N1CCC[C@H](C(N)=O)C1 |a:16|,5.23959580735841,2.4374,1,1,A71EV2A-x4670a
clogp,CSc1cccc(C2=CCCCC2)c1CC(=O)N1CCC[C@H](C(N)=O)C1 |a:21|,5.358458624958955,3.6323000000000016,1,1,A71EV2A-x6938a
clogp,CSc1cccc(CC(=O)N2CCC[C@H](C(N)=O)C2)c1 |a:14|,4.165030350472351,1.6748999999999998,2,2,A71EV2A-x4334a; A71EV2A-x4334b
clogp,CSc1cccc(CN2C[C@H](C(N)=O)CCC2=O)c1 |o1:10|,4.610891805164698,1.6324,1,1,A71EV2A-x4710a
clogp,CSc1cccc2c1N(C(=O)N1CCC[C@H](C(N)=O)C1)CCCO2 |a:15|,3.9795272089559,2.3147,1,1,A71EV2A-x5249a
clogp,"CSc1cccc2c1[C@@H](C(=O)N1C[C@H](C(N)=O)C[C@H]3C[C@H]31)CC2 |&1:8,13,18,20|",6.317002294422829,2.1606,1,1,A71EV2A-x7448a
clogp,CSc1cccc2c1[C@H](C(=O)N1CCC[C@H](C(N)=O)C1)CC2 |o1:8|,6.105065909655473,2.1622000000000003,1,1,A71EV2A-x5687a
clogp,CSc1cccc2c1[C@H](C(=O)N1CCC[C@H](C(N)=O)C1)CCC2 |o1:8|,4.913179132164633,2.5523000000000007,3,3,A71EV2A-x5850a; A71EV2A-x5995a; A71EV2A-x5995b
clogp,CSc1ccccc1CC(=O)N1CCC(F)(F)[C@H](C(N)=O)C1 |&1:17|,4.92096962924201,1.9201,1,1,A71EV2A-x4724a
clogp,CSc1ccccc1CC(=O)N1CCC[C@H](C(F)F)C1 |&1:15|,3.883316455303125,3.4547000000000025,1,1,A71EV2A-x4746a
clogp,CSc1ccccc1CC(=O)N1CCC[C@H](C(N)=O)C1 |a:15|,5.393063563669464,1.6748999999999998,1,1,A71EV2A-x4386a
clogp,CSc1ccccc1CC(=O)N1CCC[C@H](CCO)C1 |&1:15|,3.7794804346789226,2.572000000000001,1,1,A71EV2A-x4809a
clogp,CSc1ccccc1CC(=O)N1CCC[C@H](CF)C1 |&1:15|,4.015189894778023,3.1591000000000014,1,1,A71EV2A-x4751a
clogp,CSc1ccccc1CC(=O)N1CCC[C@H](O)C1 |&1:15|,4.025488307262672,1.9343,1,1,A71EV2A-x4794a
clogp,CSc1ccccc1CC(=O)N1CCC[C@H](S(N)(=O)=O)C1 |&1:15|,4.603800652904264,1.2305,1,1,A71EV2A-x4745a
clogp,CSc1ccccc1CC(=O)N1CCC[C@H]1c1cnc[nH]1 |&1:15|,4.853871964321762,3.0378000000000007,1,1,A71EV2A-x4735a
clogp,"CSc1ccccc1CC(=O)N1CCC[C@H]2C(=O)NC[C@H]21 |&1:15,20|",4.035167674220528,1.688,1,1,A71EV2A-x4791a
clogp,CSc1ccccc1CC(=O)N1CCC[C@](F)(C(N)=O)C1 |&1:15|,3.839782551369189,1.767,1,1,A71EV2A-x4753a
clogp,CSc1ccccc1CC(=O)N1CCC[C@](O)(C(N)=O)C1 |&1:15|,3.955966436496336,0.7898000000000001,2,2,A71EV2A-x4894a; A71EV2A-x4940a
clogp,CSc1ccccc1CC(=O)N1CCNC(=O)C1,4.006123085058789,0.9093999999999998,1,1,A71EV2A-x4721a
clogp,"CSc1ccccc1CC(=O)N1CC[C@H]2[C@H](C1)[C@H]2C(N)=O |&1:14,&2:15,&3:17|",4.558200508454535,1.5308,1,1,A71EV2A-x4739a
clogp,"CSc1ccccc1CC(=O)N1C[C@H](C(N)=O)CC[C@H]1CO |o1:13,19|",4.599655204790009,1.0358,2,2,A71EV2A-x5992a; A71EV2A-x5992b
clogp,"CSc1ccccc1CC(=O)N1C[C@H](C(N)=O)C[C@H](C(N)=O)C1 |a:13,18|",5.207231875935455,0.3863000000000002,2,2,A71EV2A-x5171a; A71EV2A-x5171b
clogp,"CSc1ccccc1CC(=O)N1C[C@H](C(N)=O)C[C@H]2C[C@H]21 |o1:13,18,20|",5.676463453677816,1.6732999999999998,2,2,A71EV2A-x5177a; A71EV2A-x7631a
clogp,"CSc1ccccc1CC(=O)N1C[C@H](C)C[C@@H](C(N)=O)C1 |o1:13,16|",4.494060495927921,1.9209,1,1,A71EV2A-x5200a
clogp,"CSc1ccccc1CC(=O)N1C[C@H](C)C[C@H](C(N)=O)C1 |&1:13,&2:16|",4.1315895194873935,1.9209,2,2,A71EV2A-x4885a; A71EV2A-x4885b
clogp,"CSc1ccccc1CC(=O)N1C[C@H](C)C[C@H](C(N)=O)C1 |o1:13,16|",4.006585256974127,1.9209,1,1,A71EV2A-x5268a
clogp,"CSc1ccccc1CC(=O)N1C[C@H](O)C[C@@H](C(N)=O)C1 |&1:13,16|",3.66094239119996,0.6456999999999999,2,2,A71EV2A-x5387a; A71EV2A-x5387b
clogp,CSc1ccccc1CC(=O)N1C[C@H]2C[C@@]1(CC(N)=O)C2 |&1:15|,4.051345937463026,1.8174,2,2,A71EV2A-x5262a; A71EV2A-x5262b
clogp,CSc1ccccc1CN1C[C@H](C(N)=O)CCC1=O |o1:11|,4.6439741428068775,1.6324,1,1,A71EV2A-x4694a
clogp,CSc1ccccc1N(C)C(=O)N1CCC[C@H](C(N)=O)C1 |a:16|,4.601955140820748,2.162,1,1,A71EV2A-x4712a
clogp,CSc1ccccc1N(C)C(=O)N1CC[C@H](C(N)=O)C1 |a:15|,4.640164517660112,1.7719,1,1,A71EV2A-x4684a
clogp,CSc1ccccc1N1C[C@H](C(N)=O)CCC1=O |o1:10|,4.6020599913279625,1.6368,1,1,A71EV2A-x4922a
clogp,CSc1ccccc1OC(=O)N1CCC[C@H](C(N)=O)C1 |a:15|,5.826838634714068,2.1046,2,2,A71EV2A-x4824a; A71EV2A-x4824b
clogp,CSc1ccccc1[C@H](C(=O)N1CC[C@H](C(N)=O)C1)N1CCCC1=O |o1:8|,7.194299872872455,1.4058,1,1,A71EV2A-x7038a
clogp,CSc1ccccc1[C@H](NC(=O)C(C)C)C(=O)N1CC[C@H](C(N)=O)C1 |&1:8|,4.616633749466019,1.5556,1,1,A71EV2A-x7035a
clogp,CSc1ccccc1[C@H](NC(=O)C1(C)CCC1)C(=O)N1CC[C@H](C(N)=O)C1 |&1:8|,4.6108664765966765,2.0898000000000003,1,1,A71EV2A-x6991a
clogp,CSc1ccccc1[C@H](NC(=O)C1CC1)C(=O)N1CC[C@H](C(N)=O)C1 |&1:8|,4.612020519224207,1.3096,1,1,A71EV2A-x6934a
clogp,CSc1ccccc1[C@H](NC(=O)CC(F)(F)F)C(=O)N1CC[C@H](C(N)=O)C1 |&1:8|,4.15694990903351,1.852,1,1,A71EV2A-x6818a
clogp,CSc1ccccc1[C@H](NC(=O)CC1CC1)C(=O)N1CC[C@H](C(N)=O)C1 |&1:8|,4.287343084176254,1.6997,1,1,A71EV2A-x6726a
clogp,CSc1ccccc1[C@H](NC(=O)CNC(C)=O)C(=O)N1CC[C@H](C(N)=O)C1 |&1:8|,5.199617314652804,0.0357000000000012,1,1,A71EV2A-x6821a
clogp,CSc1ccccc1[C@H](NC(=O)Cc1ccccc1)C(=O)N1CC[C@H](C(N)=O)C1 |&1:8|,4.505347154054938,2.1423,1,1,A71EV2A-x6819a
clogp,CSc1ccccc1[C@H](NC(=O)Cc1cccnc1)C(=O)N1CC[C@H](C(N)=O)C1 |&1:8|,4.6077519100900055,1.5373,1,1,A71EV2A-x6856a
clogp,CSc1ccccc1[C@H](NC(=O)Cn1cccn1)C(=O)N1CC[C@H](C(N)=O)C1 |&1:8|,4.730497044785864,0.7963000000000001,2,2,A71EV2A-x6816a; A71EV2A-x6816b
clogp,CSc1ccccc1[C@H](NC(=O)OC(C)(C)C)C(=O)N1CC[C@H](C(N)=O)C1 |o1:8|,4.621638788259481,2.3081000000000005,2,2,A71EV2A-x6847a; A71EV2A-x6851a
clogp,CSc1ccccc1[C@H](NC(C)=O)C(=O)N1CC[C@H](C(N)=O)C1 |&1:8|,5.186061162833519,0.9195,1,1,A71EV2A-x5383a
clogp,CSc1cccnc1CC(=O)N1CCC[C@H](C(N)=O)C1 |a:15|,5.097431091411007,1.0699,1,1,A71EV2A-x4914a
clogp,CSc1ccncc1CC(=O)N1CCC[C@H](C(N)=O)C1 |a:15|,5.534026193176526,1.0699,2,2,A71EV2A-x4827a; A71EV2A-x4827b
clogp,CSc1ccncc1NC(=O)N1CCC[C@H](C(N)=O)C1 |a:15|,5.452530294347775,1.5327,2,2,A71EV2A-x4826a; A71EV2A-x4826b
clogp,CSc1ccncc1NS(=O)(=O)N1CCC[C@H](C(N)=O)C1 |a:16|,4.881756561812204,0.6575000000000001,1,1,A71EV2A-x5182a
clogp,CSc1cn(C)nc1NC(=O)N1CCC[C@H](C(N)=O)C1 |a:15|,3.761033004441306,0.8711999999999999,1,1,A71EV2A-x4703a
clogp,CSc1cnccc1CC(=O)N1CCC[C@H](C(N)=O)C1 |a:15|,4.407893372233542,1.0699,1,1,A71EV2A-x4689a
clogp,CSc1cncnc1CC(=O)N1CCC[C@H](C(N)=O)C1 |a:15|,4.176969771296364,0.4649,1,1,A71EV2A-x4812a
clogp,CSc1cscc1CC(=O)N1CCC[C@H](C(N)=O)C1 |a:14|,5.073475651835252,1.7363999999999995,1,1,A71EV2A-x4935a
clogp,CSc1nc2c(cc1NC(=O)N1CCC[C@H](C(N)=O)C1)CCCC2 |a:15|,4.217527375833714,2.4115,2,2,A71EV2A-x5022a; A71EV2A-x5022b
clogp,CSc1ncccc1CC(=O)N1CCC[C@H](C(N)=O)C1 |a:15|,5.072700933344527,1.0699,1,1,A71EV2A-x4918a
clogp,CSc1ncccc1NC(=O)N1CCC[C@H](C(N)=O)C1 |a:15|,4.2209855861319525,1.5326999999999995,2,2,A71EV2A-x4883a; A71EV2A-x4883b
clogp,CSc1nccnc1CC(=O)N1CCC[C@H](C(N)=O)C1 |a:15|,4.781195179900988,0.4649,1,1,A71EV2A-x4774a
clogp,CSc1ncnc(-c2cn[nH]c2)c1CC(=O)N1CCC[C@H](C(N)=O)C1 |a:20|,5.579850424620521,0.8549999999999999,1,1,A71EV2A-x5544a
clogp,CSc1ncnc(N(C)C)c1CC(=O)N1CCC[C@H](C(N)=O)C1 |a:18|,6.393012805332465,0.5309000000000005,2,2,A71EV2A-x7545a; A71EV2A-x7545b
clogp,"CSc1ncnc(N(C)C)c1CC(=O)N1C[C@H](C(N)=O)C[C@@H]2C[C@@H]21 |&1:16,21,23|",6.073633599517659,0.5292999999999998,2,2,A71EV2A-x7580a; A71EV2A-x7580b
clogp,CSc1ncnc(N(C)C2CCC2)c1CC(=O)N1CCC[C@H](C(N)=O)C1 |a:21|,6.323397411601913,1.4536,1,1,A71EV2A-x7172a
clogp,CSc1ncnc(N(C)C2CCOCC2)c1CC(=O)N1CCC[C@H](C(N)=O)C1 |a:23|,5.7864475040867696,1.0801000000000005,1,1,A71EV2A-x7424a
clogp,CSc1ncnc(N(C)CC(C)(C)O)c1CC(=O)N1CCC[C@H](C(N)=O)C1 |a:22|,6.134728951225614,0.6720000000000009,1,1,A71EV2A-x7251a
clogp,CSc1ncnc(N(C)CC(C)(F)F)c1CC(=O)N1CCC[C@H](C(N)=O)C1 |a:22|,6.994328024624508,1.5563,1,1,A71EV2A-x7333a
clogp,"CSc1ncnc(N(C)CC(F)(F)F)c1CC(=O)N1C[C@H](C(N)=O)C[C@H]2C[C@H]21 |&1:20,25,27|",6.794695728715816,1.4617999999999995,1,1,A71EV2A-x7608a
clogp,CSc1ncnc(N(C)CC2CCCC2)c1CC(=O)N1CCC[C@H](C(N)=O)C1 |a:23|,6.3046606911348375,2.0912999999999995,1,1,A71EV2A-x7254a
clogp,CSc1ncnc(N(C)CCC(F)(F)F)c1CC(=O)N1CCC[C@H](C(N)=O)C1 |a:23|,5.748786440007784,1.8535,1,1,A71EV2A-x7338a
clogp,CSc1ncnc(N(C)Cc2cc(F)c(F)c(F)c2)c1CC(=O)N1CCC[C@H](C(N)=O)C1 |a:27|,6.244997927316081,2.5186,1,1,A71EV2A-x7176a
clogp,CSc1ncnc(N(C)Cc2nn(C)cc2Cl)c1CC(=O)N1CCC[C@H](C(N)=O)C1 |a:25|,7.150528408418002,1.4882,1,1,A71EV2A-x6914a
clogp,"CSc1ncnc(N(C)[C@@H](C)c2ccccc2)c1CC(=O)N1CCC[C@H](C(N)=O)C1 |a:9,25|",6.580678113068668,2.6623,2,2,A71EV2A-x7436a; A71EV2A-x7436b
clogp,CSc1ncnc(N2CC(C)(c3ccccc3F)C2)c1CC(=O)N1CCC[C@H](C(N)=O)C1 |a:27|,6.439151337818832,2.3819,1,1,A71EV2A-x7263a
clogp,CSc1ncnc(N2CC(C)C2)c1CC(=O)N1CCC[C@H](C(N)=O)C1 |a:20|,6.526908295764941,0.9210000000000002,1,1,A71EV2A-x6920a
clogp,CSc1ncnc(N2CC(CC3CCC3)C2)c1CC(=O)N1CCC[C@H](C(N)=O)C1 |a:24|,5.692662147010851,2.0912999999999995,1,1,A71EV2A-x6895a
clogp,CSc1ncnc(N2CC(O)C2)c1CC(=O)N1CCC[C@H](C(N)=O)C1 |a:20|,6.426194047786621,-0.3541999999999992,3,3,A71EV2A-x7334a; A71EV2A-x7334b; A71EV2A-x7389a
clogp,CSc1ncnc(N2CC(Oc3ccccc3Cl)C2)c1CC(=O)N1CCC[C@H](C(N)=O)C1 |a:27|,6.078663358532402,2.3859000000000004,1,1,A71EV2A-x7095a
clogp,CSc1ncnc(N2CC(c3nncn3C)C2)c1CC(=O)N1CCC[C@H](C(N)=O)C1 |a:25|,6.326170396191348,0.1972000000000017,2,2,A71EV2A-x5808a; A71EV2A-x5808b
clogp,CSc1ncnc(N2CCC(C#N)(CC(C)C)CC2)c1CC(=O)N1CCC[C@H](C(N)=O)C1 |a:27|,6.265062352283818,2.62118,1,1,A71EV2A-x7170a
clogp,CSc1ncnc(N2CCC(C(=O)N(C(C)C)C(C)C)CC2)c1CC(=O)N1CCC[C@H](C(N)=O)C1 |a:30|,6.225268032740376,2.3267000000000007,1,1,A71EV2A-x7096a
clogp,CSc1ncnc(N2CCC(N(C)S(C)(=O)=O)CC2)c1CC(=O)N1CCC[C@H](C(N)=O)C1 |a:27|,6.512183700381108,0.3251000000000018,1,1,A71EV2A-x7008a
clogp,CSc1ncnc(N2CCC(N3CCOC3=O)CC2)c1CC(=O)N1CCC[C@H](C(N)=O)C1 |a:27|,5.923489528000301,0.8859000000000014,1,1,A71EV2A-x7154a
clogp,CSc1ncnc(N2CCC3(CCC3)C2)c1CC(=O)N1CCC[C@H](C(N)=O)C1 |a:23|,6.131209779277596,1.8453,1,1,A71EV2A-x7056a
clogp,CSc1ncnc(N2CCC3(CCCC3)C2)c1CC(=O)N1CCC[C@H](C(N)=O)C1 |a:24|,6.462158164196289,2.2354000000000003,1,1,A71EV2A-x7024a
clogp,CSc1ncnc(N2CCC3(CCCCC3)C2)c1CC(=O)N1CCC[C@H](C(N)=O)C1 |a:25|,6.388555177157266,2.6255000000000006,1,1,A71EV2A-x7101a
clogp,CSc1ncnc(N2CCC3(CCCO3)CC2)c1CC(=O)N1CCC[C@H](C(N)=O)C1 |a:25|,6.466683163263606,1.6143000000000003,1,1,A71EV2A-x7284a
clogp,"CSc1ncnc(N2CCCC2)c1CC(=O)N1C[C@H](C(N)=O)C[C@H]2C[C@H]21 |&1:18,23,25|",6.5697284843589205,1.0635,1,1,A71EV2A-x6838a
clogp,"CSc1ncnc(N2CCCC2)c1NC(=O)N1C[C@H](C(N)=O)C[C@H]2C[C@H]21 |&1:18,23,25|",5.928304705589599,1.5262999999999998,1,1,A71EV2A-x7622a
clogp,CSc1ncnc(N2CCCCCC2)c1CC(=O)N1CCC[C@H](C(N)=O)C1 |a:22|,7.1865084765696,1.8453,2,2,A71EV2A-x7560a; A71EV2A-x7560b
clogp,"CSc1ncnc(N2CCCC[C@@H]2C(C)C)c1CC(=O)N1CCC[C@H](C(N)=O)C1 |a:12,24|",6.372178760973441,2.4798,1,1,A71EV2A-x7420a
clogp,"CSc1ncnc(N2CCCC[C@H]2CO)c1CC(=O)N1CCC[C@H](C(N)=O)C1 |a:12,23|",5.867264623808438,0.8161000000000006,1,1,A71EV2A-x7430a
clogp,"CSc1ncnc(N2CCC[C@@H]2C(=O)N(C)C)c1CC(=O)N1CCC[C@H](C(N)=O)C1 |a:11,25|",6.66771737227654,0.5219000000000019,1,1,A71EV2A-x7309a
clogp,"CSc1ncnc(N2CCC[C@@H]2C(C)C)c1CC(=O)N1CCC[C@H](C(N)=O)C1 |a:11,23|",7.76022176714164,2.0897,1,1,A71EV2A-x7135a
clogp,"CSc1ncnc(N2CCC[C@@H]2C)c1CC(=O)N1CCC[C@H](C(N)=O)C1 |a:11,21|",6.616555737163779,1.4536,2,2,A71EV2A-x7533a; A71EV2A-x7533b
clogp,"CSc1ncnc(N2CCC[C@@H]2C2CC2)c1CC(=O)N1CCC[C@H](C(N)=O)C1 |a:11,23|",7.937951041727581,1.8437,1,1,A71EV2A-x7259a
clogp,"CSc1ncnc(N2CCC[C@@H]2CC(C)C)c1CC(=O)N1CCC[C@H](C(N)=O)C1 |a:11,24|",7.199879115817523,2.4798,1,1,A71EV2A-x7147a
clogp,"CSc1ncnc(N2CCC[C@@H]2Cc2ccccc2)c1CC(=O)N1CCC[C@H](C(N)=O)C1 |a:11,27|",5.138183874676179,2.6764,1,1,A71EV2A-x7433a
clogp,"CSc1ncnc(N2CCC[C@@H]2Cc2ccnn2C)c1CC(=O)N1CCC[C@H](C(N)=O)C1 |a:11,27|",7.359361237098654,1.4099000000000002,1,1,A71EV2A-x7132a
clogp,"CSc1ncnc(N2CCC[C@@H]2Cn2cccn2)c1CC(=O)N1CCC[C@H](C(N)=O)C1 |a:11,26|",6.189334160880994,1.3304,1,1,A71EV2A-x7127a
clogp,"CSc1ncnc(N2CCC[C@@H]2c2ccccc2)c1CC(=O)N1CCC[C@H](C(N)=O)C1 |a:11,26|",7.13169634555566,2.8064,1,1,A71EV2A-x7570a
clogp,"CSc1ncnc(N2CCC[C@H](C(F)(F)F)C2)c1CC(=O)N1CCC[C@H](C(N)=O)C1 |a:11,25|",6.211100724659235,2.2436,1,1,A71EV2A-x7246a
clogp,"CSc1ncnc(N2CCC[C@H](C)C2)c1CC(=O)N1CCC[C@H](C(N)=O)C1 |a:11,22|",6.173854131618843,1.7011999999999998,1,1,A71EV2A-x7250a
clogp,"CSc1ncnc(N2CCC[C@H]2C(C)C)c1CC(=O)N1CCC[C@H](C(N)=O)C1 |a:11,23|",5.331449457260316,2.0897,2,2,A71EV2A-x7491a; A71EV2A-x7491b
clogp,CSc1ncnc(N2CCC[C@H]2C(N)=O)c1CC(=O)N1CCC[C@H](C(N)=O)C1 |&1:11|,7.714442690992226,-0.0809999999999992,1,1,A71EV2A-x6832a
clogp,"CSc1ncnc(N2CCC[C@H]2C)c1CC(=O)N1CCC[C@H](C(N)=O)C1 |a:11,21|",5.244486511545811,1.4536,2,2,A71EV2A-x7501a; A71EV2A-x7501b
clogp,"CSc1ncnc(N2CCC[C@H]2C2CC2)c1CC(=O)N1CCC[C@H](C(N)=O)C1 |a:11,23|",5.262032975642954,1.8437,2,2,A71EV2A-x7475a; A71EV2A-x7475b
clogp,"CSc1ncnc(N2CCC[C@H]2CC(C)C)c1CC(=O)N1CCC[C@H](C(N)=O)C1 |a:11,24|",5.823789680118151,2.4798,1,1,A71EV2A-x7257a
clogp,"CSc1ncnc(N2CCC[C@H]2Cc2ccnn2C)c1CC(=O)N1CCC[C@H](C(N)=O)C1 |a:11,27|",5.214011302839139,1.4099000000000002,1,1,A71EV2A-x7247a
clogp,CSc1ncnc(N2CCN(c3ccccn3)CC2)c1CC(=O)N1CCC[C@H](C(N)=O)C1 |a:27|,6.486226948852135,1.1865,1,1,A71EV2A-x6802a
clogp,"CSc1ncnc(N2CC[C@@H](OC(F)F)C2)c1CC(=O)N1CCC[C@H](C(N)=O)C1 |a:10,24|",6.048106607275539,1.2828,1,1,A71EV2A-x7025a
clogp,"CSc1ncnc(N2CC[C@@H](OC3CC3)C2)c1CC(=O)N1CCC[C@H](C(N)=O)C1 |a:10,24|",7.159468716081884,1.2226,1,1,A71EV2A-x7316a
clogp,"CSc1ncnc(N2CC[C@H](C(=O)N(C)C)C2)c1CC(=O)N1CCC[C@H](C(N)=O)C1 |a:10,25|",5.974361680056222,0.3794000000000014,1,1,A71EV2A-x7427a
clogp,"CSc1ncnc(N2CC[C@H](C(=O)N3CCC(C)CC3)C2)c1CC(=O)N1CCC[C@H](C(N)=O)C1 |a:10,29|",6.08170819903569,1.549700000000001,1,1,A71EV2A-x7190a
clogp,"CSc1ncnc(N2CC[C@H](C)C2)c1CC(=O)N1CCC[C@H](C(N)=O)C1 |a:10,21|",6.293489458676176,1.3110999999999997,2,2,A71EV2A-x7026a; A71EV2A-x7026b
clogp,"CSc1ncnc(N2CC[C@H](OC(F)F)C2)c1CC(=O)N1CCC[C@H](C(N)=O)C1 |a:10,24|",6.925751444530095,1.2828,1,1,A71EV2A-x7031a
clogp,"CSc1ncnc(N2CC[C@H](SC)C2)c1CC(=O)N1CCC[C@H](C(N)=O)C1 |a:10,22|",6.9071041930964325,1.4066,1,1,A71EV2A-x7093a
clogp,"CSc1ncnc(N2CC[C@H]2C)c1CC(=O)N1CCC[C@H](C(N)=O)C1 |a:10,20|",6.695497686202032,1.0635,1,1,A71EV2A-x7339a
clogp,CSc1ncnc(N2CCc3ccccc3CC2)c1CC(=O)N1CCC[C@H](C(N)=O)C1 |a:26|,6.483018872150272,2.0701,1,1,A71EV2A-x7015a
clogp,CSc1ncnc(N2CCc3ccsc3C2)c1CC(=O)N1CCC[C@H](C(N)=O)C1 |a:24|,5.794648268341138,2.0891,1,1,A71EV2A-x5666a
clogp,CSc1ncnc(N2CCc3cnc(C(C)C)nc3C2)c1CC(=O)N1CCC[C@H](C(N)=O)C1 |a:28|,5.912659591908459,1.941,1,1,A71EV2A-x7151a
clogp,CSc1ncnc(N2CCn3nc4c(c3C2)CCC4)c1CC(=O)N1CCC[C@H](C(N)=O)C1 |a:27|,5.601864484742403,1.1703000000000003,2,2,A71EV2A-x7043a; A71EV2A-x7043b
clogp,CSc1ncnc(N2CCn3ncc(C#N)c3C2)c1CC(=O)N1CCC[C@H](C(N)=O)C1 |a:26|,6.13113891891355,0.5532800000000005,1,1,A71EV2A-x7130a
clogp,"CSc1ncnc(N2C[C@H]3C[C@H]3C2)c1CC(=O)N1CCC[C@H](C(N)=O)C1 |&1:9,&2:11|",6.558486174447746,0.9210000000000002,3,3,A71EV2A-x7317a; A71EV2A-x7317b; A71EV2A-x7372a
clogp,CSc1ncnc(N2Cc3ccccc3C2)c1CC(=O)N1CCC[C@H](C(N)=O)C1 |a:24|,6.006913143117045,1.9851,1,1,A71EV2A-x6808a
clogp,CSc1ncnc(SC)c1CC(=O)N1CCC[C@H](C(N)=O)C1 |a:17|,5.699017277769941,1.1868,1,1,A71EV2A-x5581a
clogp,CSc1ncncc1CC(=O)N1CCC[C@H](C(N)=O)C1 |a:15|,5.186217598084144,0.4649,2,2,A71EV2A-x5039a; A71EV2A-x5039b
clogp,C[C@H](C(=O)N1CCC[C@H](C(N)=O)C1)c1cn(C)nc1C(F)(F)F |&1:1|,4.462842099070634,1.2663000000000002,2,2,A71EV2A-x4510a; A71EV2A-x4571a
clogp,C[C@H](C(=O)N1CCC[C@H](C(N)=O)C1)c1nc(F)ccc1Cl |&1:1|,4.277445359017488,1.7014999999999998,2,2,A71EV2A-x4895a; A71EV2A-x4895b
clogp,C[C@H](Cc1cocn1)NC(=O)c1nn(C)c2ccccc12 |&1:1|,4.9657785438458255,1.9223,2,2,A71EV2A-x3379a; A71EV2A-x3593a
clogp,"C[C@H](c1ccc(Cl)c(Br)c1)N1C[C@H](C(N)=O)CCC1=O |&1:1,&2:12|",4.041436116778033,2.8874000000000013,1,1,A71EV2A-x5556a
clogp,"C[C@H](c1ccc2[nH]ncc2c1)N1C[C@H](C(N)=O)CCC1=O |&1:1,&2:13|",4.180071698767357,1.3478,1,1,A71EV2A-x5744a
clogp,"C[C@H](c1cccc(Cl)c1F)N1C[C@H](C(N)=O)CCC1=O |&1:1,&2:12|",4.632644078973981,2.264,1,1,A71EV2A-x5673a
clogp,"C[C@H]1CC(=O)N(Cc2ccc3cnn(C)c3c2)C[C@@H]1C(N)=O |o1:1,18|",4.76433957251824,1.0431999999999997,2,2,A71EV2A-x5777a; A71EV2A-x5777b
clogp,"C[C@H]1CC(=O)N(Cc2ccc3cnn(C)c3c2)C[C@H]1C(N)=O |o1:1,18|",4.207870191519494,1.0431999999999997,1,1,A71EV2A-x5766a
clogp,Cc1cc(C)c(CC(=O)N2CCC[C@H](C(N)=O)C2)c(=O)[nH]1 |a:13|,4.306273051076353,0.2581400000000006,1,1,A71EV2A-x4291a
clogp,Cc1cc(C)c(Nc2ccn(C)n2)c(C)c1,5.3072486987698415,3.088960000000002,1,1,A71EV2A-x3279a
clogp,Cc1cc(C)c(Nc2ccn(C3COC3)n2)c(C)c1,5.016824927962187,3.123260000000001,1,1,A71EV2A-x3234a
clogp,Cc1cc(CNC(=O)c2cn(C)c3ccccc23)on1,4.953569528330592,2.40472,1,1,A71EV2A-x3175a
clogp,Cc1cc2sccc2c(Cl)c1OC(=O)N1CCC[C@H](C(N)=O)C1 |a:18|,4.215114698485657,3.5592200000000016,1,1,A71EV2A-x5482a
clogp,Cc1ccc(CC(=O)N2CCC[C@H](C(N)=O)C2)s1 |&1:12|,4.633044431676764,1.32292,2,2,A71EV2A-x5424a; A71EV2A-x5424b
clogp,Cc1ccc2c(C(=O)NCCc3cocn3)c[nH]c2c1,5.10808214227103,2.43682,1,1,A71EV2A-x3568a
clogp,Cc1ccc2c(c1OC(=O)N1CCC[C@H](C(N)=O)C1)CCC2 |a:14|,4.479326279665005,2.1798200000000003,2,2,A71EV2A-x5599a; A71EV2A-x5599b
clogp,Cc1ccc2c(cnn2C)c1Nc1ccn([C@H]2CCNC2=O)n1 |&1:16|,4.937001727490601,1.8828199999999995,1,1,A71EV2A-x3305a
clogp,Cc1ccc2ccccc2c1N1C[C@H](C(N)=O)CCC1=O |&1:13|,3.942576835487996,2.37652,1,1,A71EV2A-x5572a
clogp,Cc1ccc2cccnc2c1OC(=O)N1CCC[C@H](C(N)=O)C1 |a:18|,4.597502408486665,2.23932,1,1,A71EV2A-x5479a
clogp,Cc1cccc(CC(=O)N2CCC[C@H](C(N)=O)C2)c1 |&1:13|,4.290127690297292,1.2614199999999998,2,2,A71EV2A-x4020a; A71EV2A-x4020b
clogp,Cc1cccc(CNC(=O)N2CCC[C@H](C(N)=O)C2)c1 |a:14|,4.967584368389079,1.4019199999999998,2,2,A71EV2A-x3706a; A71EV2A-x3706b
clogp,Cc1cccc(N(CC(=O)N2CCCCC2)C(=O)N2CCC[C@H](C(N)=O)C2)c1 |a:22|,4.627087997029894,2.13122,1,1,A71EV2A-x3908a
clogp,Cc1cccc(N2CCCN(CCC(N)=O)C2=O)c1,4.911546516921495,1.50252,1,1,A71EV2A-x4402a
clogp,Cc1cccc(NC(=O)N2CCC[C@H](C(N)=O)C2)c1 |a:13|,4.246416941107094,1.72422,1,1,A71EV2A-x3054a
clogp,Cc1ccccc1CNC(=O)N1CCC[C@H](C(N)=O)C1 |a:15|,4.978810700930062,1.4019199999999998,2,2,A71EV2A-x3616a; A71EV2A-x3616b
clogp,Cc1ccccc1NC(=O)N1CCC[C@H](C(N)=O)C1 |a:14|,4.386163320168128,1.72422,1,1,A71EV2A-x3510a
clogp,Cc1ccccc1NC(=O)c1ccc(C)c(C(N)=O)c1,4.804100347590766,2.654640000000001,1,1,A71EV2A-x3867a
clogp,Cc1ccccc1NC(=O)c1cncc(C(N)=O)c1,4.632644078973981,1.7412200000000002,1,1,A71EV2A-x3564a
clogp,Cc1cnc(CNS(=O)(=O)C[C@H](C)c2ccccc2)o1 |&1:11|,4.8184062698439085,2.2061200000000003,1,1,A71EV2A-x3623a
clogp,Cc1nc(C)c(CC(=O)N2CCC[C@H](C(N)=O)C2)[nH]1 |a:13|,5.409458546594426,0.2929400000000003,1,1,A71EV2A-x3221a
clogp,Cc1nc2ccccc2n1CC(=O)N1CCC[C@H](C(N)=O)C1 |&1:17|,4.137777547252243,1.06862,1,1,A71EV2A-x3225a
clogp,Cc1nc2n(c1CC(=O)N1CCC[C@H](C(N)=O)C1)CCCC2 |&1:13|,5.221581099702723,0.7942199999999993,1,1,A71EV2A-x3489a
clogp,Cc1ncnc(C)c1CC(=O)N1CCC[C@H](C(N)=O)C1 |a:15|,3.654064344980796,0.3598400000000002,1,1,A71EV2A-x4464a
clogp,Cc1nn(C)c(C)c1CC(=O)N[C@H](CNC(=O)CCl)c1ccc2ccccc2c1 |&1:12|,4.660785023463071,2.945140000000001,1,1,A71EV2A-x1346a
clogp,Cc1nn(C)c2cc(C(=O)NCCc3cocn3)ccc12,4.945173530861923,1.84222,1,1,A71EV2A-x3410a
clogp,Cc1ocnc1CCNC(=O)c1nn(C)c2ccccc12,5.09799710864927,1.84222,1,1,A71EV2A-x3286a
clogp,"Cc1sc([C@H](C)N2C[C@H](C(N)=O)CCC2=O)nc1-c1ccco1 |&1:4,&2:8|",4.604279969816917,2.4964200000000005,1,1,A71EV2A-x6730a
clogp,"Cn1cc(CC(=O)N2C[C@H](C(N)=O)C[C@@H]3C[C@@H]32)cn1 |&1:9,14,16|",4.608000737058194,-0.315099999999999,1,1,A71EV2A-x4992a
clogp,Cn1cc(NS(=O)(=O)N2CCC[C@H](C(N)=O)C2)cn1 |a:12|,5.738140147629213,-0.7258999999999991,2,2,A71EV2A-x5090a; A71EV2A-x5150a
clogp,Cn1cc2c(CC(=O)N3CCC[C@H](C(N)=O)C3)cccc2n1 |o1:12|,4.405607449624573,0.8396999999999998,1,1,A71EV2A-x3914a
clogp,Cn1cc2c(CC(=O)N3CC[C@H](C(N)=O)C3)cccc2n1 |&1:11|,4.410050398674293,0.4495999999999999,1,1,A71EV2A-x3556a
clogp,Cn1cc2c(n1)CCC[C@H]2C(=O)N1CCC[C@H](C(N)=O)C1 |&1:9|,3.749590923528832,0.5639,1,1,A71EV2A-x4608a
clogp,Cn1cc2cccc(NC(=O)Cc3cocn3)c2n1,4.662403924407542,1.7424999999999995,1,1,A71EV2A-x3403a
clogp,"Cn1ccnc1[C@H](c1ccccc1)N1C[C@H](C(N)=O)CC1=O |&1:6,&2:15|",4.649751981665837,0.8433,1,1,A71EV2A-x5106a
clogp,Cn1cnc(CCNC(=O)c2nn(C)c3ccccc23)c1,5.2372107018718905,1.2792999999999997,1,1,A71EV2A-x3371a
clogp,Cn1cnc2c(NC(=O)N3CCC[C@H](C(N)=O)C3)cccc21 |a:13|,5.398637148380375,1.302499999999999,2,2,A71EV2A-x4447a; A71EV2A-x4447b
clogp,Cn1nc(C(=O)N2Cc3ccccc3C[C@H]2CN)c2ccccc21 |&1:15|,5.041436116778033,2.0991,1,1,A71EV2A-x2293a
clogp,Cn1nc(C(=O)NC2CC2)c2cc(F)ccc21,4.887413111043684,1.6046,1,1,A71EV2A-x2339a
clogp,Cn1nc(C(=O)NCC(F)(F)c2ccccn2)c2ccccc21,5.168134464700943,2.490100000000001,1,1,A71EV2A-x3280a
clogp,Cn1nc(C(=O)NCCc2ccc(S(C)(=O)=O)cc2)c2ccccc21,4.84887783952492,1.9493,1,1,A71EV2A-x3324a
clogp,Cn1nc(C(=O)NCCc2cocn2)c2ccccc2c1=O,5.170374765613669,0.8939999999999995,1,1,A71EV2A-x3419a
clogp,Cn1nc(C(=O)NCCc2cocn2)c2cccnc21,4.981705511622298,0.9287999999999994,1,1,A71EV2A-x3264a
clogp,Cn1nc(C(=O)NCCc2cscn2)c2ccccc21,5.337951414156192,2.0023,1,1,A71EV2A-x3306a
clogp,Cn1nc(C(=O)NCCn2cncn2)c2ccccc21,4.939565029910406,0.5947999999999996,2,2,A71EV2A-x3181a; A71EV2A-x3181b
clogp,Cn1nc(C(=O)N[C@H]2CCOC2)c2ccccc21 |&1:7|,5.062339877849264,1.0919999999999996,1,1,A71EV2A-x3178a
clogp,"Cn1nc(C(=O)N[C@H]2C[C@H]2CO)c2ccccc21 |&1:7,9|",4.895875462550428,0.6838999999999997,1,1,A71EV2A-x3177a
clogp,Cn1nc(C(=O)Nc2cn[nH]c2)c2ccccc21,4.7783685062706525,1.5486999999999995,1,1,A71EV2A-x2304a
clogp,Cn1nc(C(N)=O)c2cc(F)ccc21,5.050703769890054,0.8112999999999998,1,1,A71EV2A-x2351a
clogp,Cn1nc(CC(=O)N2CC(C(N)=O)C2)c2ccccc21,4.610833915635467,0.0595000000000007,1,1,A71EV2A-x4994a
clogp,Cn1nc(CN2C[C@H](C(N)=O)CCC2=O)c2ccccc21 |&1:7|,5.116903441948165,0.7972000000000002,1,1,A71EV2A-x4547a
clogp,Cn1ncc(-c2cc(Cl)cc(Cl)c2)c1CC(=O)N1CCC[C@H](C(N)=O)C1 |&1:21|,4.958377726777354,2.6603000000000003,1,1,A71EV2A-x3606a
clogp,Cn1ncc(C(=O)NCCc2cocn2)n1,5.545714601514328,-0.2244000000000003,1,1,A71EV2A-x3436a
clogp,Cn1ncc2ccc(CN3C[C@H](C(N)=O)CC(C)(C)C3=O)cc21 |&1:11|,4.005682847330363,1.4332999999999998,2,2,A71EV2A-x5721a; A71EV2A-x5721b
clogp,Cn1ncc2ccc(CN3C[C@H](C(N)=O)CCC3=O)cc21 |o1:11|,4.026655009457717,0.7971999999999998,1,1,A71EV2A-x4974a
clogp,N#CC1CC(NC(=O)C2(c3ccc(Cl)cc3Cl)CCOCC2)C1,4.726469830785563,3.4599800000000016,1,1,A71EV2A-x3521a
clogp,N#CCc1cccc(NC(=O)N2CCC[C@H](C(N)=O)C2)c1 |a:15|,5.356959172517914,1.4818799999999996,1,1,A71EV2A-x3480a
clogp,N#CCc1ccccc1CC(=O)N1CCC[C@H](C(N)=O)C1 |a:16|,5.101757238648579,1.01908,2,2,A71EV2A-x4321a; A71EV2A-x4321b
clogp,N#Cc1ccc(Br)cc1OC(=O)N1CCC[C@H](C(N)=O)C1 |a:16|,4.421371068072836,2.01688,1,1,A71EV2A-x5559a
clogp,N#Cc1cccc(CC(=O)N2CCC[C@H](C(N)=O)C2)n1 |a:14|,4.625197671079573,0.21968,2,2,A71EV2A-x5082a; A71EV2A-x5082b
clogp,N#Cc1cccc(NC(=O)N2CCC[C@H](C(N)=O)C2)c1 |a:14|,5.189128446912704,1.2874799999999995,2,2,A71EV2A-x3509a; A71EV2A-x3509b
clogp,N#Cc1ccncc1OC(=O)N1CCC[C@H](C(N)=O)C1 |a:15|,4.504331180271011,0.64938,2,2,A71EV2A-x5594a; A71EV2A-x5594b
clogp,N#Cc1nccc(CC(=O)N2CCC[C@H](C(N)=O)C2)n1 |a:14|,4.006352818021342,-0.3853199999999996,1,1,A71EV2A-x5448a
clogp,N#Cc1ncncc1CC(=O)N1CCC[C@H](C(N)=O)C1 |a:15|,4.424812155072339,-0.3853199999999996,1,1,A71EV2A-x5212a
clogp,N#Cc1sccc1CC(=O)N1CCC[C@H](C(N)=O)C1 |a:14|,5.008444067750377,0.8861800000000001,1,1,A71EV2A-x3450a
clogp,NC(=O)CC1CCN(C(=O)c2cccc(F)c2)CC1,4.597746280949512,1.5532999999999997,2,2,A71EV2A-x5409a; A71EV2A-x5409b
clogp,NC(=O)C[C@H]1CCCN(c2ncnc3ccccc23)C1 |&1:4|,4.959254335737151,1.7215999999999994,1,1,A71EV2A-x4351a
clogp,NC(=O)[C@H]1CC(=O)N(Cc2cccc3c2OCC3)C1 |&1:3|,5.0762380391713,0.4552999999999993,1,1,A71EV2A-x4312a
clogp,"NC(=O)[C@H]1CCC(=O)N(C[C@H]2CCOc3ccccc32)C1 |&1:3,&2:10|",4.620443689892642,1.2765999999999993,1,1,A71EV2A-x4409a
clogp,NC(=O)[C@H]1CCC(=O)N(Cc2cc(F)cnc2C(F)(F)F)C1 |&1:3|,4.315546325758652,1.4633999999999996,2,2,A71EV2A-x5635a; A71EV2A-x5635b
clogp,NC(=O)[C@H]1CCC(=O)N(Cc2ccc3cc[nH]c3c2)C1 |&1:3|,4.611743840379951,1.3917999999999997,2,2,A71EV2A-x4596a; A71EV2A-x4596b
clogp,NC(=O)[C@H]1CCC(=O)N(Cc2cccc(F)c2)C1 |&1:3|,4.255233465290414,1.0495999999999994,1,1,A71EV2A-x4924a
clogp,NC(=O)[C@H]1CCC(=O)N(Cc2ccsc2)C1 |&1:3|,3.774068781319247,0.9719999999999996,2,2,A71EV2A-x5608a; A71EV2A-x5608b
clogp,NC(=O)[C@H]1CCC(=O)N([C@@H]2CCCc3ccccc32)C1 |o1:3|,4.5934598195660445,1.7878999999999994,1,1,A71EV2A-x5052a
clogp,"NC(=O)[C@H]1CCC(=O)N([C@H](CC(F)(F)F)c2cc(Cl)cc(Cl)c2)C1 |&1:3,&2:9|",4.327996747928408,3.7108000000000025,1,1,A71EV2A-x5665a
clogp,NC(=O)[C@H]1CCC(=O)N([C@H]2CCCc3ccccc32)C1 |o1:3|,4.631937259138866,1.7878999999999994,2,2,A71EV2A-x5210a; A71EV2A-x5210b
clogp,NC(=O)[C@H]1CCC(=O)N(c2cc3cnccc3c(F)c2F)C1 |&1:3|,4.801706220928761,1.7412999999999994,1,1,A71EV2A-x6714a
clogp,NC(=O)[C@H]1CCCN(C(=O)C(c2ccccc2)c2ccccc2)C1 |a:3|,5.179858685151659,2.5424,1,1,A71EV2A-x3982a
clogp,NC(=O)[C@H]1CCCN(C(=O)C2(O)CCSCC2)C1 |a:3|,4.388276691992658,-0.0316000000000002,1,1,A71EV2A-x4708a
clogp,NC(=O)[C@H]1CCCN(C(=O)C2(c3ccoc3)CCC2)C1 |a:3|,4.618930913825583,1.4251999999999994,2,2,A71EV2A-x4514a; A71EV2A-x4575a
clogp,NC(=O)[C@H]1CCCN(C(=O)C2CCSCC2)C1 |a:3|,4.603800652904264,0.8534999999999995,1,1,A71EV2A-x4706a
clogp,NC(=O)[C@H]1CCCN(C(=O)CC2CSC2)C1 |a:3|,4.607306606035202,0.4633999999999996,1,1,A71EV2A-x4707a
clogp,NC(=O)[C@H]1CCCN(C(=O)Cc2cc(C(F)(F)F)ccc2C(F)(F)F)C1 |a:3|,3.806800765395556,2.990600000000001,1,1,A71EV2A-x4381a
clogp,NC(=O)[C@H]1CCCN(C(=O)Cc2cc(C(F)(F)F)ccc2Cl)C1 |&1:3|,4.906948150425689,2.6252000000000004,1,1,A71EV2A-x3208a
clogp,NC(=O)[C@H]1CCCN(C(=O)Cc2cc3c(cc2Cl)OCCO3)C1 |a:3|,4.037176387439713,1.3775999999999995,2,2,A71EV2A-x4669a; A71EV2A-x4669b
clogp,NC(=O)[C@H]1CCCN(C(=O)Cc2ccc3c(c2)CCC(=O)N3)C1 |a:3|,4.349692476868063,0.8376999999999994,1,1,A71EV2A-x4320a
clogp,NC(=O)[C@H]1CCCN(C(=O)Cc2cccc(Cl)c2Cl)C1 |a:3|,4.065026720650614,2.2598,1,1,A71EV2A-x4336a
clogp,NC(=O)[C@H]1CCCN(C(=O)Cc2cccc3c2CCC3)C1 |a:3|,3.9502403164313615,1.441699999999999,1,1,A71EV2A-x4344a
clogp,NC(=O)[C@H]1CCCN(C(=O)Cc2cccc3c2SCC3)C1 |a:3|,3.551812748385584,1.6011999999999993,1,1,A71EV2A-x5151a
clogp,NC(=O)[C@H]1CCCN(C(=O)Cc2cccc3cn[nH]c23)C1 |&1:3|,5.011185771310347,0.8292999999999988,1,1,A71EV2A-x3210a
clogp,NC(=O)[C@H]1CCCN(C(=O)Cc2cccc3ncsc23)C1 |a:3|,3.9648133085158968,1.562699999999999,1,1,A71EV2A-x5221a
clogp,NC(=O)[C@H]1CCCN(C(=O)Cc2cccc3nsnc23)C1 |a:3|,4.492392502728005,0.9576999999999992,1,1,A71EV2A-x4463a
clogp,NC(=O)[C@H]1CCCN(C(=O)Cc2cccc3occc23)C1 |&1:3|,3.960269771303526,1.6991999999999994,1,1,A71EV2A-x3191a
clogp,NC(=O)[C@H]1CCCN(C(=O)Cc2cccc3sccc23)C1 |a:3|,3.9387751065420735,2.167699999999999,1,1,A71EV2A-x4341a
clogp,NC(=O)[C@H]1CCCN(C(=O)Cc2ccccc2CO)C1 |a:3|,4.345773777137761,0.4452999999999994,2,2,A71EV2A-x4374a; A71EV2A-x4374b
clogp,NC(=O)[C@H]1CCCN(C(=O)Cc2ccccc2CS(N)(=O)=O)C1 |a:3|,4.135380979941972,-0.2584999999999995,1,1,A71EV2A-x4403a
clogp,NC(=O)[C@H]1CCCN(C(=O)Cc2ccccc2OC(F)F)C1 |a:3|,4.229666366474778,1.5543999999999996,1,1,A71EV2A-x4319a
clogp,NC(=O)[C@H]1CCCN(C(=O)Cc2cccnc2Cl)C1 |a:3|,3.43690985073048,1.0013999999999992,2,2,A71EV2A-x5079a; A71EV2A-x5079b
clogp,NC(=O)[C@H]1CCCN(C(=O)Cc2cccnc2O)C1 |a:3|,5.153756287657022,0.0535999999999994,1,1,A71EV2A-x4372a
clogp,NC(=O)[C@H]1CCCN(C(=O)Cc2ccnc(Cl)c2Br)C1 |&1:3|,4.162204305054052,1.7638999999999996,1,1,A71EV2A-x3193a
clogp,NC(=O)[C@H]1CCCN(C(=O)Cc2ccnc(Cl)n2)C1 |a:3|,4.653647025549361,0.3963999999999994,2,2,A71EV2A-x5213a; A71EV2A-x5213b
clogp,NC(=O)[C@H]1CCCN(C(=O)Cc2ccncc2Cl)C1 |a:3|,5.18523404082538,1.0013999999999992,1,1,A71EV2A-x4461a
clogp,NC(=O)[C@H]1CCCN(C(=O)Cc2ccsc2)C1 |&1:3|,4.589713631215067,1.0144999999999995,2,2,A71EV2A-x5425a; A71EV2A-x5425b
clogp,NC(=O)[C@H]1CCCN(C(=O)Cc2cncnc2Cl)C1 |a:3|,4.037630664329979,0.3963999999999998,2,2,A71EV2A-x5081a; A71EV2A-x5081b
clogp,NC(=O)[C@H]1CCCN(C(=O)Cc2ncc3ccc(Br)cn23)C1 |a:3|,4.424218724311264,1.3631999999999995,4,4,A71EV2A-x4519a; A71EV2A-x4519b; A71EV2A-x4580a; A71EV2A-x4580b
clogp,NC(=O)[C@H]1CCCN(C(=O)Cc2ncncc2Cl)C1 |a:3|,4.03673794170959,0.3963999999999998,2,2,A71EV2A-x4979a; A71EV2A-x4979b
clogp,NC(=O)[C@H]1CCCN(C(=O)Cn2cc(Br)cc(Cl)c2=O)C1 |a:3|,3.7253509633996433,0.9880999999999998,1,1,A71EV2A-x4540a
clogp,NC(=O)[C@H]1CCCN(C(=O)NCC2CC2)C1 |a:3|,5.064884396650843,0.3032999999999992,1,1,A71EV2A-x3417a
clogp,NC(=O)[C@H]1CCCN(C(=O)Nc2cc3c(cc2Cl)OCO3)C1 |a:3|,4.6271423700874985,1.7978999999999998,1,1,A71EV2A-x4308a
clogp,NC(=O)[C@H]1CCCN(C(=O)Nc2cccc3c2S(=O)(=O)CCC3)C1 |a:3|,4.616184634019569,1.1356999999999997,1,1,A71EV2A-x4654a
clogp,NC(=O)[C@H]1CCCN(C(=O)Nc2cccc3c2SCCC3)C1 |a:3|,4.5141394746468695,2.4541000000000004,3,3,A71EV2A-x4674a; A71EV2A-x4674b; A71EV2A-x4674c
clogp,NC(=O)[C@H]1CCCN(C(=O)Nc2ccccc2F)C1 |a:3|,4.851286884122841,1.5548999999999995,1,1,A71EV2A-x3612a
clogp,NC(=O)[C@H]1CCCN(C(=O)Nc2ccccc2OCC(F)(F)F)C1 |a:3|,5.15661038833037,2.3569,1,1,A71EV2A-x4306a
clogp,NC(=O)[C@H]1CCCN(C(=O)Nc2ccccc2SC(F)F)C1 |a:3|,4.325140144305149,2.7305,1,1,A71EV2A-x4656a
clogp,NC(=O)[C@H]1CCCN(C(=O)OC2CCCCC2)C1 |a:3|,4.042264201974706,1.6529999999999991,1,1,A71EV2A-x5351a
clogp,NC(=O)[C@H]1CCCN(C(=O)[C@H](CN2CCCC2)c2ccccc2)C1 |&1:10|,5.024630533433036,1.5898999999999994,1,1,A71EV2A-x3975a
clogp,NC(=O)[C@H]1CCCN(C(=O)[C@H](Cc2ccc(F)cc2)c2ccccc2)C1 |&1:10|,5.478592246479633,2.875900000000001,4,4,A71EV2A-x4237a; A71EV2A-x4237b; A71EV2A-x4237c; A71EV2A-x4237d
clogp,NC(=O)[C@H]1CCCN(C(=O)[C@H](OCC2CCCC2)c2ccccc2)C1 |&1:10|,5.567003508658591,2.6584000000000003,1,1,A71EV2A-x3968a
clogp,NC(=O)[C@H]1CCCN(C(=O)[C@H](Sc2ccccc2)c2ccccc2)C1 |&1:10|,5.135488918941608,3.243900000000002,2,2,A71EV2A-x3986a; A71EV2A-x3986b
clogp,NC(=O)[C@H]1CCCN(C(=O)[C@H](c2ccccc2)n2cccn2)C1 |&1:10|,4.869666231504994,1.196399999999999,2,2,A71EV2A-x4451a; A71EV2A-x4451b
clogp,"NC(=O)[C@H]1CCCN(C(=O)[C@H]2CCNc3[nH]ncc32)C1 |&1:3,&2:10|",5.556193958463214,0.0327999999999995,1,1,A71EV2A-x3218a
clogp,NC(=O)[C@H]1CCCN(C(=O)[C@H]2CCOc3ccc(Cl)cc32)C1 |&1:10|,5.28547334915742,1.9299999999999995,1,1,A71EV2A-x4260a
clogp,NC(=O)[C@H]1CCCN(C(=O)[C@H]2CCSc3ccccc32)C1 |o1:10|,4.826813731587726,1.9899,2,2,A71EV2A-x4943a; A71EV2A-x4943b
clogp,"NC(=O)[C@H]1CCCN(C(=O)[C@H]2CC[C@H]2c2ccc(Cl)cc2)C1 |&1:10,&2:13|",4.000869458712629,2.5575,1,1,A71EV2A-x5550a
clogp,NC(=O)[C@H]1CCCN(C(=O)[C@H]2CCc3cccc(Br)c32)C1 |&1:10|,4.479401524821051,2.202799999999999,2,2,A71EV2A-x4202a; A71EV2A-x4202b
clogp,NC(=O)[C@H]1CCCN(C(=O)[C@H]2CCc3cccc(O)c32)C1 |&1:10|,5.148337017678052,1.1458999999999993,2,2,A71EV2A-x4456a; A71EV2A-x4456b
clogp,NC(=O)[C@H]1CCCN(C(=O)[C@H]2CCc3snnc32)C1 |&1:10|,4.667561540084395,0.2917999999999994,1,1,A71EV2A-x4472a
clogp,NC(=O)[C@H]1CCCN(C(=O)[C@H]2SCc3cccnc32)C1 |&1:10|,4.60382166833978,1.0933999999999997,2,2,A71EV2A-x4606a; A71EV2A-x4606b
clogp,"NC(=O)[C@H]1CCCN(C(=O)[C@]2(Cc3ccc(F)cc3)CCCCO2)C1 |&1:3,&2:10|",4.609064892896621,2.0314,1,1,A71EV2A-x4416a
clogp,NC(=O)[C@H]1CCCN(C(=O)c2ccnc3[nH]ncc23)C1 |&1:3|,4.787812395596042,0.295399999999999,1,1,A71EV2A-x3223a
clogp,NC(=O)[C@H]1CCN(C(=O)Cc2c(Cl)cccc2Cl)C1 |&1:3|,4.7544873321858505,1.8697,1,1,A71EV2A-x5427a
clogp,NC(=O)[C@H]1CCN(C(=O)Cc2cc(C(F)(F)F)ccc2Cl)C1 |&1:3|,5.04901488179868,2.2351,1,1,A71EV2A-x3989a
clogp,NC(=O)[C@H]1CCN(C(=O)Cn2c(=O)sc3ccc(Cl)cc32)C1 |a:3|,4.001740661576301,1.0501999999999998,2,2,A71EV2A-x5824a; A71EV2A-x5824b
clogp,NC(=O)[C@H]1CCN(C(=O)Cn2cc(Br)cc(Cl)c2=O)C1 |a:3|,4.024899837282849,0.5979999999999996,1,1,A71EV2A-x5779a
clogp,NC(=O)[C@H]1CCN(C(=O)[C@H]2CCCN2C(=O)c2cccs2)C1 |&1:9|,5.012334272309165,0.6864999999999999,2,2,A71EV2A-x5705a; A71EV2A-x5705b
clogp,NC(=O)[C@H]1CCN(C(=O)[C@H]2CCOc3ccc(Cl)cc32)C1 |&1:9|,4.437172628708407,1.5398999999999996,1,1,A71EV2A-x5728a
clogp,NC(=O)[C@H]1CCN(C(=O)[C@H]2CSc3ccccc32)C1 |&1:9|,4.129009644321656,1.2096999999999996,1,1,A71EV2A-x5570a
clogp,"NC(=O)[C@H]1CCN(C(=O)[C@H]2SCCc3sccc32)C1 |&1:3,&2:9|",4.430090742898188,1.4123,1,1,A71EV2A-x5431a
clogp,"NC(=O)[C@H]1C[C@@H]2C[C@@H]2N(C(=O)Cc2ccccc2Cl)C1 |&1:3,5,7|",4.5796822958876815,1.6047999999999996,2,2,A71EV2A-x5802a; A71EV2A-x5802b
clogp,"NC(=O)[C@H]1C[C@H]2C[C@H]2N(C(=O)Cc2ccccc2Cl)C1 |&1:3,5,7|",4.476253533188435,1.6047999999999996,2,2,A71EV2A-x5798a; A71EV2A-x5798b
clogp,NC(=O)[C@]12CN(C(=O)Cc3ccccc3Cl)C[C@@H](C1)C2 |&1:3|,4.0045909104114665,1.6064000000000005,1,1,A71EV2A-x5277a
clogp,NC(=O)c1ccccc1CC(=O)N1CCC[C@H](C(N)=O)C1 |a:16|,3.660111973943557,0.0518999999999995,1,1,A71EV2A-x4840a
clogp,O=C(NCCc1cocn1)N1CCc2ccccc21,5.162973800773931,1.9894,1,1,A71EV2A-x3392a
clogp,O=C(NCCc1cocn1)c1ccccc1,5.093196163745395,1.6471,1,1,A71EV2A-x3435a
gnina_crystal,C#C[C@H](NCCc1cocn1)c1nn(C)c2ccccc12 |&1:2|,4.716801953096995,5.92879,1,1,A71EV2A-x4426a
gnina_crystal,"C#C[C@H]1CCCC[C@@H]1OC(=O)N1CCC[C@H](C(N)=O)C1 |o1:2,7|",4.011869615687259,5.63351,1,1,A71EV2A-x5747a
gnina_crystal,C#Cc1ccc(C)c(OC(=O)N2CCC[C@H](C(N)=O)C2)c1 |a:15|,3.8964015060220634,5.85246,1,1,A71EV2A-x5466a
gnina_crystal,C=C(C)c1cccc(SC)c1CC(=O)N1CCC[C@H](C(N)=O)C1 |a:18|,5.435913722030655,6.90922,1,1,A71EV2A-x6027a
gnina_crystal,C=CS(=O)(=O)N1CCC[C@H](C(N)=O)C1 |&1:9|,5.1938200260161125,4.04331,1,1,A71EV2A-x3408a
gnina_crystal,C=Cc1cccc(CC(=O)N2CCC[C@H](C(N)=O)C2)n1 |a:14|,5.099072631333438,5.6322399999999995,2,2,A71EV2A-x5015a; A71EV2A-x5015b
gnina_crystal,C=Cc1ccccc1CS(=O)(=O)N1CCC[C@H](C(N)=O)C1 |a:16|,4.5951662833800615,6.11417,1,1,A71EV2A-x5359a
gnina_crystal,CC(=O)Nc1cccc(NC(N)=O)c1,4.943095148663527,4.41492,1,1,A71EV2A-x2454a
gnina_crystal,CC(=O)Nc1ccccc1CC(=O)N1CCC[C@H](C(N)=O)C1 |a:17|,4.265200170411153,6.23293,1,1,A71EV2A-x4322a
gnina_crystal,CC(C)(C)c1ccccc1NC(=O)N1CCC[C@H](C(N)=O)C1 |a:17|,4.916961547867879,6.45384,1,1,A71EV2A-x4311a
gnina_crystal,CC(C)Oc1ccccc1NC(=O)N1CCC[C@H](C(N)=O)C1 |a:17|,4.877787213913532,6.46499,1,1,A71EV2A-x4305a
gnina_crystal,"CC(C)[C@H](c1cc(Cl)cc(Br)c1)N1C[C@H](C(N)=O)CCC1=O |&1:3,&2:14|",4.564352412519983,6.59465,1,1,A71EV2A-x5868a
gnina_crystal,CCC(=O)N[C@H](C(=O)N1CC[C@H](C(N)=O)C1)c1ccccc1SC |&1:5|,4.556507378095548,7.09947,1,1,A71EV2A-x6853a
gnina_crystal,CCC1(CC)CCN(c2ncnc(SC)c2CC(=O)N2CCC[C@H](C(N)=O)C2)C1 |a:23|,6.266038858073333,7.13235,1,1,A71EV2A-x6738a
gnina_crystal,CCC1(CC)CN(c2ncnc(SC)c2CC(=O)N2CCC[C@H](C(N)=O)C2)CCS1(=O)=O |a:22|,6.0703717346625785,7.36927,1,1,A71EV2A-x7169a
gnina_crystal,CCCSc1cccc(OC)c1NC(=O)N1CCC[C@H](C(N)=O)C1 |a:19|,3.79526753551538,6.925504999999999,2,2,A71EV2A-x5288a; A71EV2A-x5288b
gnina_crystal,CCN(CC1CC1)C(=O)c1cccc(CC(=O)N2CCC[C@H](C(N)=O)C2)c1 |a:21|,4.908336601699183,5.8166,1,1,A71EV2A-x3944a
gnina_crystal,CCN(c1ncnc(SC)c1CC(=O)N1CCC[C@H](C(N)=O)C1)C(C)C |a:18|,5.941351132986486,6.95076,1,1,A71EV2A-x7432a
gnina_crystal,CCOC(=O)N[C@H](C(=O)N1CC[C@H](C(N)=O)C1)c1ccccc1SC |o1:6|,4.606251898190906,6.6158,1,1,A71EV2A-x6844a
gnina_crystal,"CCS(=O)(=O)N1CCN(c2ncnc(SC)c2CC(=O)N2CCC[C@H](C(N)=O)C2)[C@H](C)C1 |a:24,29|",5.887521899626527,7.3587,1,1,A71EV2A-x7446a
gnina_crystal,CCS(=O)(=O)c1ccc(OC)c(NC(=O)N2CCC[C@H](C(N)=O)C2)c1 |a:19|,4.09366495819491,6.546315,2,2,A71EV2A-x4309a; A71EV2A-x4309b
gnina_crystal,"CC[C@@H]1CCCN1c1ncnc(SC)c1CC(=O)N1CCC[C@H](C(N)=O)C1 |a:2,22|",5.359471394334077,7.0639400000000006,2,2,A71EV2A-x7510a; A71EV2A-x7510b
gnina_crystal,"CC[C@@H]1CS[C@H](C(N)=O)CN1C(=O)Oc1cc(Br)ccc1SC |o1:2,5|",4.170150986564742,6.67756,1,1,A71EV2A-x7321a
gnina_crystal,"CC[C@H](c1cc(F)cc(Br)c1)N1C[C@H](C(N)=O)CCC1=O |&1:2,&2:13|",4.7121982700697735,6.40531,1,1,A71EV2A-x5699a
gnina_crystal,"CC[C@H](c1ccc(Cl)c(Cl)c1)N1C[C@H](C(N)=O)CCC1=O |&1:2,&2:13|",4.012372581165862,6.47336,1,1,A71EV2A-x5676a
gnina_crystal,"CC[C@H]1CCCN1c1ncnc(SC)c1CC(=O)N1CCC[C@H](C(N)=O)C1 |a:2,22|",7.302627133357621,7.15659,1,1,A71EV2A-x7011a
gnina_crystal,"CC[C@H]1CS[C@H](C(N)=O)CN1C(=O)Oc1cc(Br)ccc1SC |o1:2,5|",7.112683897314732,6.58762,1,1,A71EV2A-x7613a
gnina_crystal,CCc1ccsc1CN1C[C@H](C(N)=O)CCC1=O |&1:10|,4.668737062060432,5.79794,1,1,A71EV2A-x4954a
gnina_crystal,CCn1nccc1C(=O)N[C@H](C(=O)N1CC[C@H](C(N)=O)C1)c1ccccc1SC |&1:10|,4.197688573451602,7.55012,1,1,A71EV2A-x6945a
gnina_crystal,CN(C)C(=O)[C@@H](c1ccccc1)N1C[C@H](C(N)=O)CC1=O |o1:14|,4.003097753980533,6.33016,1,1,A71EV2A-x5497a
gnina_crystal,CN(C)S(=O)(=O)c1cccnc1,5.10745472442027,3.1336500000000003,2,2,A71EV2A-x2448a; A71EV2A-x2448b
gnina_crystal,CN1c2ccccc2C[C@H]1C(=O)N1CCC[C@H](C(N)=O)C1 |&1:9|,4.598941671349912,6.11756,2,2,A71EV2A-x4583a; A71EV2A-x4583b
gnina_crystal,"CNC(=O)[C@@H](c1cccc(C)c1)N1C[C@H](C(N)=O)CC1=O |&1:4,14|",4.596879478824183,6.36131,1,1,A71EV2A-x5317a
gnina_crystal,"CNC(=O)[C@@H]1CCN1c1ncnc(SC)c1CC(=O)N1CCC[C@H](C(N)=O)C1 |a:4,23|",5.553061207453266,6.85423,1,1,A71EV2A-x7297a
gnina_crystal,CNC(=O)c1cn(C)c2ccccc12,4.822826736702125,4.65,1,1,A71EV2A-x3066a
gnina_crystal,CNC(=O)c1nn(C)c2ccccc12,5.376184576266073,4.59612,1,1,A71EV2A-x2290a
gnina_crystal,CNC(=O)c1oc2ccccc2c1CN1C[C@H](C(N)=O)CCC1=O |&1:16|,4.027340564735919,6.32228,1,1,A71EV2A-x5226a
gnina_crystal,CNS(=O)(=O)c1ccccc1Cl,6.034867358576641,2.96906,1,1,A71EV2A-x2458a
gnina_crystal,CNc1ncnc(SC)c1CC(=O)N1CCC[C@H](C(N)=O)C1 |a:17|,5.471985787685622,6.47162,1,1,A71EV2A-x6021a
gnina_crystal,COC(=O)N1CCCN(c2ncnc(SC)c2CC(=O)N2CCC[C@H](C(N)=O)C2)CC1 |a:24|,5.745487997043694,7.3864,1,1,A71EV2A-x7018a
gnina_crystal,"COC(=O)N[C@H]1CCN(c2ncnc(SC)c2CC(=O)N2CCC[C@H](C(N)=O)C2)C1 |a:5,24|",7.272545074821092,7.21771,1,1,A71EV2A-x7589a
gnina_crystal,COCC(=O)Nc1c(Cl)cc(C)cc1OCc1ncccn1,4.858392228943246,4.1395800000000005,2,2,A71EV2A-x3522a; A71EV2A-x3522b
gnina_crystal,COCC(=O)Nc1c(Cl)cc(C)cc1Oc1cccc(C(N)=O)c1,4.822657723022635,6.2512,1,1,A71EV2A-x3488a
gnina_crystal,"COC[C@@H]1CCCN1c1ncnc(SC)c1CC(=O)N1CCC[C@H](C(N)=O)C1 |a:3,23|",5.028984985837811,7.00427,1,1,A71EV2A-x7161a
gnina_crystal,"COC[C@@H]1CCN1c1ncnc(SC)c1CC(=O)N1CCC[C@H](C(N)=O)C1 |a:3,22|",5.357972475219064,7.017875,2,2,A71EV2A-x7353a; A71EV2A-x7353b
gnina_crystal,"COC[C@@]1(C)C[C@H](C(N)=O)CN1C(=O)Cc1cc(Br)ccc1SC |&1:3,6|",5.510062512868513,6.87287,1,1,A71EV2A-x5398a
gnina_crystal,COC[C@H](C)NC(=O)c1nn(C)c2ccccc12 |&1:3|,4.747146969020107,4.89561,1,1,A71EV2A-x3176a
gnina_crystal,"COC[C@H]1CCCN1c1ncnc(SC)c1CC(=O)N1CCC[C@H](C(N)=O)C1 |a:3,23|",7.197280846039433,7.03063,1,1,A71EV2A-x7175a
gnina_crystal,"COC[C@H]1CC[C@H](C(N)=O)CN1C(=O)Cc1ccccc1SC |o1:3,6|",4.011460574435142,6.47352,1,1,A71EV2A-x5488a
gnina_crystal,"COC[C@]1(C(=O)N2CCC[C@H](C(N)=O)C2)CCCCO1 |&1:3,&2:10|",6.0,5.56156,1,1,A71EV2A-x3936a
gnina_crystal,COC[C@]12C[C@@](C(N)=O)(CN1C(=O)Cc1ccccc1OC)C2 |o1:3|,4.028724151261895,6.47049,2,2,A71EV2A-x4963a; A71EV2A-x4963b
gnina_crystal,COCc1ccccc1CC(=O)N1CCC[C@H](C(N)=O)C1 |a:16|,4.576757218249551,5.98042,1,1,A71EV2A-x4368a
gnina_crystal,COCc1ccccc1NC(=O)N1CCC[C@H](C(N)=O)C1 |a:16|,4.816470464384151,5.97172,1,1,A71EV2A-x3483a
gnina_crystal,"CO[C@@H]1CCCN(c2ncnc(SC)c2CC(=O)N2CCC[C@H](C(N)=O)C2)C1 |a:2,22|",6.170052776781682,7.03509,1,1,A71EV2A-x7238a
gnina_crystal,CO[C@H](C(=O)N1CCC[C@H](C(N)=O)C1)c1ccccc1C |&1:2|,4.928117992693875,5.89125,1,1,A71EV2A-x3939a
gnina_crystal,"CO[C@H](C(=O)N1CCC[C@H](C(N)=O)C1)c1cccnc1 |&1:2,&2:9|",4.227015096629662,5.51317,1,1,A71EV2A-x3937a
gnina_crystal,COc1c(NC(=O)N2CCC[C@H](C(N)=O)C2)cccc1C(F)(F)F |a:11|,5.032452023781138,6.188665,2,2,A71EV2A-x4310a; A71EV2A-x4310b
gnina_crystal,COc1cc(Br)c(CC(=O)N2CCC[C@H](C(N)=O)C2)cc1OC |a:14|,3.720229830921272,6.12169,1,1,A71EV2A-x4845a
gnina_crystal,COc1cc(Cl)ccc1CC(=O)N1CCC[C@H](C(N)=O)C1 |a:16|,4.018634490921456,5.89745,1,1,A71EV2A-x4203a
gnina_crystal,COc1cc(NC(=O)C[C@H](C)C(F)(F)F)n(C)n1 |&1:9|,4.632048101200719,4.01973,2,2,A71EV2A-x1445a; A71EV2A-x1445b
gnina_crystal,COc1ccc(C(F)(F)F)cc1CC(=O)N1CCC[C@H](C(N)=O)C1 |a:19|,4.449959375475284,5.96993,1,1,A71EV2A-x4028a
gnina_crystal,COc1ccc(C(F)(F)F)cc1CC(=O)N1CCS[C@H](C(N)=O)C1 |o1:19|,4.828494707777949,6.35651,1,1,A71EV2A-x4778a
gnina_crystal,COc1ccc(C(F)(F)F)cc1N(C)C(=O)N1CCC[C@H](C(N)=O)C1 |a:20|,4.561127532480804,5.97197,1,1,A71EV2A-x4843a
gnina_crystal,COc1ccc(C(F)(F)F)cc1NC(=O)N1CCC[C@H](C(N)=O)C1 |a:19|,4.069229199277436,6.3595,1,1,A71EV2A-x4429a
gnina_crystal,COc1ccc(CC(=O)N2CCC[C@H](C(N)=O)C2)c(OC)c1 |a:13|,4.635207042042172,5.893905,2,2,A71EV2A-x3557a; A71EV2A-x3557b
gnina_crystal,COc1ccc(Cl)c2c1C(=O)C(=O)N2,4.628932137728264,3.77186,1,1,A71EV2A-x2513a
gnina_crystal,COc1ccc(Cl)cc1CC(=O)N1CCC[C@H](C(N)=O)C1 |a:16|,4.727236212379233,5.77769,1,1,A71EV2A-x3940a
gnina_crystal,COc1ccc(Cl)cc1NS(=O)(=O)N1CCC[C@H](C(N)=O)C1 |a:17|,3.989247537499024,6.47864,1,1,A71EV2A-x5278a
gnina_crystal,COc1ccc(Cl)cc1OC(=O)N1CCC[C@H](C(N)=O)C1 |a:16|,5.262803072736122,5.57029,4,4,A71EV2A-x4829a; A71EV2A-x4829b; A71EV2A-x4903a; A71EV2A-x4903b
gnina_crystal,COc1ccc(F)cc1CC(=O)N1CCC[C@H](C(N)=O)C1 |a:16|,4.2094239507757765,5.88407,1,1,A71EV2A-x3546a
gnina_crystal,COc1ccc2c(n1)[C@H](C(=O)N1CCC[C@H](C(N)=O)C1)CC2 |&1:8|,4.452380443994761,6.35851,1,1,A71EV2A-x3954a
gnina_crystal,COc1cccc(CN2C[C@H](C(N)=O)CCC2=O)c1 |&1:10|,4.608183969818477,5.718935,2,2,A71EV2A-x5036a; A71EV2A-x5036b
gnina_crystal,COc1cccc(Cl)c1CC(=O)N1CCC[C@@H](C(N)=O)C1 |a:16|,4.620456050805198,6.168855,2,2,A71EV2A-x3858a; A71EV2A-x3858b
gnina_crystal,COc1cccc(Cl)c1CC(=O)N1CCC[C@H](C(N)=O)C1 |a:16|,4.78560502978966,6.29294,1,1,A71EV2A-x3942a
gnina_crystal,COc1cccc(Cl)c1CC(=O)N1CCC[C@H](C(N)=O)C1 |o1:16|,4.37828501116997,5.92946,1,1,A71EV2A-x4209a
gnina_crystal,"COc1cccc(Cl)c1CC(=O)N1C[C@H](C(N)=O)C[C@H](C(=O)NC2CC2)C1 |o1:14,19|",4.899323290233971,6.774875,2,2,A71EV2A-x3993a; A71EV2A-x3993b
gnina_crystal,"COc1cccc(Cl)c1CC(=O)N1C[C@H](C(N)=O)[C@H]2CCC[C@H]21 |&1:14,&2:18,22|",4.819608655063361,6.59911,1,1,A71EV2A-x4239a
gnina_crystal,COc1cccc(Cl)c1NC(=O)N1CCC[C@H](C(N)=O)C1 |a:16|,4.465918205168407,6.43882,2,2,A71EV2A-x4035a; A71EV2A-x4035b
gnina_crystal,COc1cccc(Cl)c1NC(=O)N1CC[C@H](C(N)=O)C1 |a:15|,4.612119831707907,6.50901,2,2,A71EV2A-x3992a; A71EV2A-x3992b
gnina_crystal,COc1cccc(NC(=O)N2CCC[C@H](C(N)=O)C2)c1 |a:14|,4.956109291095229,5.78383,1,1,A71EV2A-x3485a
gnina_crystal,COc1cccc(NC(=O)N2CCC[C@H](C(N)=O)C2)c1Cl |a:14|,4.612661045864782,6.297236666666667,3,3,A71EV2A-x4524a; A71EV2A-x4873a; A71EV2A-x4873b
gnina_crystal,COc1cccc(NC(=O)N2CCC[C@H](C(N)=O)C2)n1 |a:14|,5.072431269429168,5.9744,1,1,A71EV2A-x4298a
gnina_crystal,COc1cccc(SC(C)C)c1NC(=O)N1CCC[C@H](C(N)=O)C1 |a:19|,5.313218576201494,7.024445,2,2,A71EV2A-x5289a; A71EV2A-x5289b
gnina_crystal,COc1cccc(SC)c1NC(=O)N1CCC[C@H](C(N)=O)C1 |a:17|,5.161195917717353,6.12546,1,1,A71EV2A-x4554a
gnina_crystal,"COc1cccc2c1CC[C@H]2N1C[C@H](C(N)=O)CCC1=O |&1:10,&2:13|",4.789637072991269,4.94745,1,1,A71EV2A-x4316a
gnina_crystal,COc1cccc2c1N(C(=O)N1CCC[C@H](C(N)=O)C1)CCS2 |a:15|,4.29598340377612,6.64681,1,1,A71EV2A-x5389a
gnina_crystal,COc1ccccc1CC(=O)N(C)CCC(N)=O,4.935542010773082,5.14181,1,1,A71EV2A-x3977a
gnina_crystal,COc1ccccc1CC(=O)N1CCCC[C@H](C(N)=O)C1 |&1:16|,4.952204384072568,6.137055,2,2,A71EV2A-x3571a; A71EV2A-x3571b
gnina_crystal,COc1ccccc1CC(=O)N1CCC[C@H](C(N)=O)C1 |&1:15|,4.128427064454121,5.77142,1,1,A71EV2A-x3186a
gnina_crystal,COc1ccccc1CC(=O)N1CCC[C@H](C(N)=O)CC1 |&1:15|,4.952188702489189,6.24519,2,2,A71EV2A-x4018a; A71EV2A-x4018b
gnina_crystal,COc1ccccc1CC(=O)N1CCN[C@H](C(N)=O)C1 |&1:15|,5.622664040174432,6.28568,1,1,A71EV2A-x3901a
gnina_crystal,COc1ccccc1CC(=O)N1CCO[C@@H](C(N)=O)C1 |a:15|,4.615695746966642,5.39,1,1,A71EV2A-x3663a
gnina_crystal,COc1ccccc1CC(=O)N1CC[C@@H](O)C1 |a:14|,4.951406063714552,4.35226,1,1,A71EV2A-x3621a
gnina_crystal,COc1ccccc1CC(=O)N1CC[C@H](CC(N)=O)C1 |&1:14|,5.055150304924533,5.70177,4,4,A71EV2A-x3694a; A71EV2A-x3694b; A71EV2A-x4032a; A71EV2A-x4032b
gnina_crystal,COc1ccccc1CC(=O)N1CC[C@H](NC(N)=O)C1 |&1:14|,5.056011124926228,6.13965,1,1,A71EV2A-x3685a
gnina_crystal,COc1ccccc1CC(=O)N1C[C@H](C(N)=O)CC(F)(F)C1 |&1:13|,5.41096889227547,6.17057,1,1,A71EV2A-x3665a
gnina_crystal,"COc1ccccc1CC(=O)N1C[C@H](C(N)=O)CC[C@@H]1C |&1:13,19|",4.411260481653311,6.04603,1,1,A71EV2A-x3550a
gnina_crystal,"COc1ccccc1CC(=O)N1C[C@H](C(N)=O)[C@@H](C(F)(F)F)C1 |&1:13,17|",5.110698297493689,6.01104,1,1,A71EV2A-x3990a
gnina_crystal,"COc1ccccc1CC(=O)N1C[C@H](C)[C@@H](C(N)=O)C1 |&1:13,15|",5.303920706565589,5.80525,1,1,A71EV2A-x3634a
gnina_crystal,"COc1ccccc1CC(=O)N1C[C@]2(C(N)=O)CC[C@H]1C2 |a:13,19|",4.621697158125564,6.22123,1,1,A71EV2A-x4476a
gnina_crystal,COc1ccccc1CCN1C[C@H](C(N)=O)CC1=O |&1:12|,5.044970753420985,5.30198,1,1,A71EV2A-x3956a
gnina_crystal,COc1ccccc1CN1C[C@H](C(N)=O)CC1=O |&1:11|,4.62709189585908,5.56132,1,1,A71EV2A-x3895a
gnina_crystal,COc1ccccc1CN1C[C@H](C(N)=O)CCC1=O |&1:11|,4.956855685489159,5.65123,2,2,A71EV2A-x3579a; A71EV2A-x4029a
gnina_crystal,COc1ccccc1NC(=O)Nc1cccnc1,4.740875707793589,4.86854,1,1,A71EV2A-x2629a
gnina_crystal,COc1ccccc1S(=O)(=O)N1CCC[C@H](C(N)=O)C1 |a:15|,5.161780778092374,5.480119999999999,2,2,A71EV2A-x4214a; A71EV2A-x4214b
gnina_crystal,COc1ccccc1[C@H](C)C(=O)N1CCC[C@H](C(N)=O)C1 |o1:8|,5.415903931859735,5.81004,2,2,A71EV2A-x4445a; A71EV2A-x4445b
gnina_crystal,"COc1ccccc1[C@H](C)CN1C[C@H](C(N)=O)CC1=O |&1:8,&2:13|",4.917407524166997,5.95116,1,1,A71EV2A-x4313a
gnina_crystal,"COc1ccccc1[C@H](C)N1C[C@H](C(N)=O)CCC1=O |&1:8,&2:12|",5.565980102355844,5.87429,1,1,A71EV2A-x4661a
gnina_crystal,COc1ccccc1[C@H](N)C(=O)N1CCC[C@H](C(N)=O)C1 |o1:8|,5.349983835684398,5.95246,1,1,A71EV2A-x3890a
gnina_crystal,COc1ccccc1[C@H](NC(=O)OC(C)(C)C)C(=O)N1CCC[C@H](C(N)=O)C1 |o1:8|,4.930769702637148,6.532415,2,2,A71EV2A-x3884a; A71EV2A-x3884b
gnina_crystal,COc1ccccc1[C@H](NC(C)=O)C(=O)N1CCC[C@H](C(N)=O)C1 |o1:8|,5.238439218136987,6.415305,4,4,A71EV2A-x4207a; A71EV2A-x4207b; A71EV2A-x4449a; A71EV2A-x4449b
gnina_crystal,"COc1ccccc1[C@H](O)CN1C[C@H](C(N)=O)CC1=O |&1:8,&2:13|",5.276902343492681,5.29896,1,1,A71EV2A-x4295a
gnina_crystal,"COc1ccccc1[C@H](O)CN1C[C@H](C(N)=O)CCC1=O |&1:8,&2:13|",5.212129340035951,5.81629,1,1,A71EV2A-x4406a
gnina_crystal,COc1ccccc1[C@H](OC)C(=O)N1CCC[C@H](C(N)=O)C1 |o1:8|,5.523700643055132,5.697525,2,2,A71EV2A-x3862a; A71EV2A-x3883a
gnina_crystal,COc1cccnc1CC(=O)N1CCC[C@H](C(N)=O)C1 |a:15|,4.648165195719463,5.688025,2,2,A71EV2A-x4283a; A71EV2A-x4283b
gnina_crystal,COc1cccnc1CN1CCC[C@H](C(N)=O)C1 |a:13|,5.576653344896242,5.651305000000001,2,2,A71EV2A-x4274a; A71EV2A-x4274b
gnina_crystal,COc1ccncc1CC(=O)N1CCC[C@H](C(N)=O)C1 |&1:15|,4.443671499997475,5.7289,1,1,A71EV2A-x3229a
gnina_crystal,COc1ccncc1CC(=O)N1CCC[C@H](C(N)=O)C1 |a:15|,4.7516996536545095,5.80779,1,1,A71EV2A-x3548a
gnina_crystal,COc1ncc(-c2ccc(SC)c(CC(=O)N3CCC[C@H](C(N)=O)C3)c2)cc1C#N |a:20|,5.612933991649193,7.40492,1,1,A71EV2A-x5877a
gnina_crystal,COc1ncc(Br)cc1CC(=O)N1CCC[C@H](C(N)=O)C1 |a:16|,4.832067775571805,6.08091,1,1,A71EV2A-x4388a
gnina_crystal,COc1ncccc1-c1ccc(SC)c(CC(=O)N2CCC[C@H](C(N)=O)C2)c1 |a:22|,5.926316446103106,7.17917,1,1,A71EV2A-x6736a
gnina_crystal,COc1ncccc1CC(=O)N1CCC[C@H](C(N)=O)C1 |&1:15|,4.324153048333832,6.12147,1,1,A71EV2A-x3201a
gnina_crystal,COc1ncccc1CC(=O)N1CCC[C@H](C(N)=O)C1 |a:15|,4.286509456906058,5.74171,1,1,A71EV2A-x4347a
gnina_crystal,COc1ncccc1CC(=O)N1CCC[C@H](C(N)=O)C1 |o1:15|,4.939681121858298,5.774435,2,2,A71EV2A-x3849a; A71EV2A-x3869a
gnina_crystal,COc1ncccc1NC(=O)N1CCC[C@H](C(N)=O)C1 |a:15|,4.487273331768478,5.9320900000000005,2,2,A71EV2A-x4031a; A71EV2A-x4031b
gnina_crystal,COc1ncccc1NC(=O)N1CC[C@H](C(N)=O)C1 |a:14|,4.618016608302379,5.58037,1,1,A71EV2A-x4418a
gnina_crystal,COc1ncccc1NS(=O)(=O)N1CCC[C@H](C(N)=O)C1 |a:16|,4.601213898998983,6.0703499999999995,2,2,A71EV2A-x4899a; A71EV2A-x4899b
gnina_crystal,CS(=O)(=O)c1ccccc1CC(=O)N1CCC[C@H](C(N)=O)C1 |a:17|,4.018181392829336,6.3043,1,1,A71EV2A-x4675a
gnina_crystal,CSCC1(CC(=O)N2CCC[C@H](C(N)=O)C2)CC1 |a:11|,4.0270354434741735,5.56349,1,1,A71EV2A-x4701a
gnina_crystal,"CSC[C@H]1C[C@H]1C(=O)N1CCC[C@H](C(N)=O)C1 |&1:3,5|",4.808721339045607,5.35882,1,1,A71EV2A-x4736a
gnina_crystal,"CS[C@@H]1CCCC[C@H]1OC(=O)N1CCC[C@H](C(N)=O)C1 |o1:2,7|",3.5961527992975952,5.61428,1,1,A71EV2A-x5231a
gnina_crystal,CSc1c(Br)cccc1CC(=O)N1CCC[C@H](C(N)=O)C1 |a:16|,4.472492797097293,6.22524,1,1,A71EV2A-x4290a
gnina_crystal,CSc1c(F)cccc1NC(=O)N1CCC[C@H](C(N)=O)C1 |a:16|,4.319967775442991,6.8327,1,1,A71EV2A-x4851a
gnina_crystal,CSc1c(NC(=O)N2CCC[C@H](C(N)=O)C2)c(C)nn1C |a:11|,4.6073172842698655,6.13678,1,1,A71EV2A-x4727a
gnina_crystal,CSc1ccc(-c2cc(C#N)ncc2F)cc1CC(=O)N1CCC[C@H](C(N)=O)C1 |a:24|,5.682717212000788,7.3044,1,1,A71EV2A-x6769a
gnina_crystal,CSc1ccc(-c2cc(C)c(=O)n(C)c2)cc1CC(=O)N1CCC[C@H](C(N)=O)C1 |a:24|,6.031014087429405,7.0890699999999995,2,2,A71EV2A-x5879a; A71EV2A-x5879b
gnina_crystal,CSc1ccc(-c2cc(C)nn2C)cc1OC(=O)N1CCC[C@H](C(N)=O)C1 |a:22|,5.436862866226505,6.67743,1,1,A71EV2A-x7260a
gnina_crystal,CSc1ccc(-c2cc[nH]n2)cc1CC(=O)N1CCC[C@H](C(N)=O)C1 |a:20|,5.955905430140241,6.733255,2,2,A71EV2A-x5525a; A71EV2A-x5525b
gnina_crystal,"CSc1ccc(-c2cc[nH]n2)cc1CC(=O)N1C[C@H](C(N)=O)C[C@H]2C[C@H]21 |&1:18,23,25|",6.340503680200894,7.11196,2,2,A71EV2A-x7576a; A71EV2A-x7576b
gnina_crystal,CSc1ccc(-c2cc[nH]n2)cc1OC(=O)N1CCC[C@H](C(N)=O)C1 |a:20|,6.343392058545723,6.39185,1,1,A71EV2A-x7597a
gnina_crystal,CSc1ccc(-c2ccc(N3CCN(C)CC3)nc2)cc1OC(=O)N1CCC[C@H](C(N)=O)C1 |a:28|,6.646304383229654,6.99591,1,1,A71EV2A-x7261a
gnina_crystal,CSc1ccc(-c2cccc3cnn(C)c23)cc1CC(=O)N1CCC[C@H](C(N)=O)C1 |a:25|,4.852511447271943,7.46574,1,1,A71EV2A-x6025a
gnina_crystal,CSc1ccc(-c2ccccc2)cc1CC(=O)N1CCC[C@H](C(N)=O)C1 |a:21|,5.7575850142068425,6.94987,1,1,A71EV2A-x5526a
gnina_crystal,CSc1ccc(-c2ccccn2)cc1OC(=O)N1CCC[C@H](C(N)=O)C1 |a:21|,6.363385275343752,6.42134,1,1,A71EV2A-x7442a
gnina_crystal,"CSc1ccc(-c2ccccn2)cc1OC(=O)N1C[C@H](C(N)=O)C[C@H]2C[C@H]21 |&1:19,24,26|",6.770247859071493,6.92198,2,2,A71EV2A-x7350a; A71EV2A-x7350b
gnina_crystal,"CSc1ccc(-c2cccnc2)cc1OC(=O)N1C[C@H](C(N)=O)C[C@@H]2C[C@@H]21 |&1:19,24,26|",6.025403843721281,6.76191,1,1,A71EV2A-x7032a
gnina_crystal,"CSc1ccc(-c2cccnc2)cc1OC(=O)N1C[C@H](C(N)=O)C[C@H]2C[C@H]21 |&1:19,24,26|",6.615017621163278,6.82505,1,1,A71EV2A-x7070a
gnina_crystal,CSc1ccc(-c2cccnc2C(C)C)cc1CC(=O)N1CCC[C@H](C(N)=O)C1 |a:24|,5.633026106559719,7.50387,1,1,A71EV2A-x6778a
gnina_crystal,CSc1ccc(-c2cccnc2N)cc1OC(=O)N1CCC[C@H](C(N)=O)C1 |a:22|,6.467825319983038,6.536955,2,2,A71EV2A-x7301a; A71EV2A-x7301b
gnina_crystal,CSc1ccc(-c2ccnc(N(C)C)c2)cc1CC(=O)N1CCC[C@H](C(N)=O)C1 |a:24|,6.212710086334884,7.41622,1,1,A71EV2A-x6791a
gnina_crystal,CSc1ccc(-c2ccncc2)cc1CC(=O)N1CCC[C@H](C(N)=O)C1 |a:21|,5.983523026568097,7.06696,1,1,A71EV2A-x5509a
gnina_crystal,"CSc1ccc(-c2ccncc2)cc1CC(=O)N1C[C@H](C(N)=O)C[C@H]2C[C@H]21 |&1:19,24,26|",6.743785006270056,7.11196,1,1,A71EV2A-x7256a
gnina_crystal,"CSc1ccc(-c2ccncc2)cc1CC(=O)N1C[C@H](C(N)=O)C[C@H]2C[C@H]21 |o1:19,24,26|",4.917388969413124,7.01722,1,1,A71EV2A-x7445a
gnina_crystal,"CSc1ccc(-c2ccncc2)cc1NC(=O)N1C[C@H](C(N)=O)C[C@H]2C[C@H]21 |&1:19,24,26|",5.742028204896328,7.43488,1,1,A71EV2A-x6746a
gnina_crystal,"CSc1ccc(-c2ccncc2)cc1OC(=O)N1C[C@H](C(N)=O)C[C@H]2C[C@H]21 |&1:19,24,26|",6.058389757043434,6.82608,1,1,A71EV2A-x7184a
gnina_crystal,CSc1ccc(-c2ccnn2C(C)(C)C)cc1OC(=O)N1CCC[C@H](C(N)=O)C1 |a:24|,4.912085112444354,6.884595,2,2,A71EV2A-x7167a; A71EV2A-x7167b
gnina_crystal,"CSc1ccc(-c2ccnn2C2CCC2)cc1OC(=O)N1C[C@H](C(N)=O)C[C@H]2C[C@H]21 |&1:22,27,29|",6.6437811411974925,7.32542,1,1,A71EV2A-x7044a
gnina_crystal,"CSc1ccc(-c2cn[nH]c2)cc1CC(=O)N1C[C@H](C(N)=O)C[C@H]2C[C@H]21 |&1:18,23,25|",6.438312682607372,6.84293,1,1,A71EV2A-x5836a
gnina_crystal,"CSc1ccc(-c2cn[nH]c2)cc1OC(=O)N1C[C@H](C(N)=O)C[C@@H]2C[C@@H]21 |&1:18,23,25|",5.626220997937759,6.77712,1,1,A71EV2A-x7379a
gnina_crystal,"CSc1ccc(-c2cn[nH]c2)cc1OC(=O)N1C[C@H](C(N)=O)C[C@H]2C[C@H]21 |&1:18,23,25|",6.775141043530828,6.78852,1,1,A71EV2A-x7323a
gnina_crystal,CSc1ccc(-c2cncc(C)c2C)cc1CC(=O)N1CCC[C@H](C(N)=O)C1 |a:23|,5.401951923140469,7.34475,1,1,A71EV2A-x6032a
gnina_crystal,CSc1ccc(-c2cncc(S(C)(=O)=O)c2)cc1CC(=O)N1CCC[C@H](C(N)=O)C1 |a:25|,5.687762124194347,7.348185,2,2,A71EV2A-x6948a; A71EV2A-x6948b
gnina_crystal,CSc1ccc(-c2cncc3ccccc23)cc1CC(=O)N1CCC[C@H](C(N)=O)C1 |a:25|,5.484126156288321,7.36611,1,1,A71EV2A-x6035a
gnina_crystal,"CSc1ccc(-c2cnco2)cc1OC(=O)N1C[C@H](C(N)=O)C[C@H]2C[C@H]21 |&1:18,23,25|",6.622961397710664,6.75885,1,1,A71EV2A-x7002a
gnina_crystal,"CSc1ccc(-c2cnn[nH]2)cc1OC(=O)N1C[C@H](C(N)=O)C[C@H]2C[C@H]21 |&1:18,23,25|",6.821074156272469,6.78485,1,1,A71EV2A-x7410a
gnina_crystal,CSc1ccc(-c2cnnn2C)cc1CC(=O)N1CCC[C@H](C(N)=O)C1 |a:21|,5.437915347454481,7.16378,1,1,A71EV2A-x6925a
gnina_crystal,CSc1ccc(-c2csc(C(F)F)c2)cc1CC(=O)N1CCC[C@H](C(N)=O)C1 |a:23|,6.104588372500485,7.23127,1,1,A71EV2A-x5864a
gnina_crystal,"CSc1ccc(-c2ocnc2C)cc1OC(=O)N1C[C@H](C(N)=O)C[C@H]2C[C@H]21 |&1:19,24,26|",5.964275769895213,6.7633,1,1,A71EV2A-x7287a
gnina_crystal,CSc1ccc(-n2cccn2)cc1CC(=O)N1CCC[C@H](C(N)=O)C1 |a:20|,6.017614181634599,6.8165,1,1,A71EV2A-x5604a
gnina_crystal,CSc1ccc(-n2ccnc2)cc1CC(=O)N1CCC[C@H](C(N)=O)C1 |a:20|,5.816743356703912,6.5731,1,1,A71EV2A-x5833a
gnina_crystal,CSc1ccc(Br)cc1CC(=O)N1CCC[C@H](C(N)=O)C1 |a:16|,6.504803930407411,6.45317,1,1,A71EV2A-x4431a
gnina_crystal,CSc1ccc(Br)cc1CC(=O)N1CCC[C@H](C(N)=O)CC1 |&1:16|,4.084730020129478,6.85515,2,2,A71EV2A-x5203a; A71EV2A-x5203b
gnina_crystal,"CSc1ccc(Br)cc1CC(=O)N1CCC[C@H](C(N)=O)[C@@H]1C |o1:16,20|",4.01122507362837,6.78539,1,1,A71EV2A-x5494a
gnina_crystal,CSc1ccc(Br)cc1CC(=O)N1CC[C@H](C(N)=O)C1 |a:15|,4.166573738364501,6.51369,1,1,A71EV2A-x4856a
gnina_crystal,"CSc1ccc(Br)cc1CC(=O)N1C[C@H](C(N)=O)CC[C@@H]1C |o1:14,20|",5.370420577541523,6.730535,2,2,A71EV2A-x5247a; A71EV2A-x5247b
gnina_crystal,"CSc1ccc(Br)cc1CC(=O)N1C[C@H](C(N)=O)CC[C@H]1C |o1:14,20|",5.163175522827518,6.69953,4,4,A71EV2A-x5339a; A71EV2A-x5339b; A71EV2A-x5366a; A71EV2A-x5366b
gnina_crystal,"CSc1ccc(Br)cc1CC(=O)N1C[C@H](C(N)=O)[C@H]2C[C@H]21 |o1:14,18,20|",4.590066876668706,6.43153,1,1,A71EV2A-x7359a
gnina_crystal,"CSc1ccc(Br)cc1CC(=O)N1[C@H]2CC[C@H](C(N)=O)[C@@H]1CC2 |o1:13,16,20|",4.022734028686543,6.793184999999999,2,2,A71EV2A-x5758a; A71EV2A-x5758b
gnina_crystal,"CSc1ccc(Br)cc1OC(=O)N1C[C@H](C(N)=O)CC[C@@H]1C |o1:14,20|",4.757850080326607,6.343385,2,2,A71EV2A-x5819a; A71EV2A-x5819b
gnina_crystal,"CSc1ccc(Br)cc1OC(=O)N1C[C@H](C(N)=O)CC[C@@H]1CO |&1:14,20|",5.994964027913848,6.50869,1,1,A71EV2A-x7558a
gnina_crystal,"CSc1ccc(Br)cc1OC(=O)N1C[C@H](C(N)=O)C[C@@H]2C[C@@H]21 |&1:14,19,21|",6.134970625328986,6.42417,1,1,A71EV2A-x5830a
gnina_crystal,"CSc1ccc(Br)cc1OC(=O)N1C[C@H](C(N)=O)C[C@H]2C[C@H]21 |&1:14,19,21|",6.442779415416162,6.55617,1,1,A71EV2A-x6932a
gnina_crystal,CSc1ccc(Br)cc1[C@H](NC(=O)OC(C)(C)C)C(=O)N1CC[C@H](C(N)=O)C1 |&1:9|,4.616253373468555,7.43098,1,1,A71EV2A-x5891a
gnina_crystal,CSc1ccc(C(=O)N(C)C2CCC(C)(C)CC2)cc1CC(=O)N1CCC[C@H](C(N)=O)C1 |a:27|,4.8542464945359285,7.46639,1,1,A71EV2A-x7307a
gnina_crystal,CSc1ccc(C(=O)N2CC=CCC23CCC3)cc1CC(=O)N1CCC[C@H](C(N)=O)C1 |a:26|,5.727326160448949,7.08927,1,1,A71EV2A-x7318a
gnina_crystal,CSc1ccc(C(=O)N2Cc3nccc(C)c3C2)cc1CC(=O)N1CCC[C@H](C(N)=O)C1 |a:27|,5.732131922180389,7.55451,1,1,A71EV2A-x6739a
gnina_crystal,CSc1ccc(C(=O)Nc2ccncc2)cc1CC(=O)N1CCC[C@H](C(N)=O)C1 |a:24|,6.058292496038209,7.214015,2,2,A71EV2A-x5512a; A71EV2A-x5512b
gnina_crystal,"CSc1ccc(C2=CCN(C)CC2)cc1CC(=O)N1C[C@H](C(N)=O)C[C@H]2C[C@H]21 |o1:20,25,27|",6.217987758487747,7.395795,2,2,A71EV2A-x7369a; A71EV2A-x7369b
gnina_crystal,"CSc1ccc(C2=CCN(C)CC2)cc1OC(=O)N1C[C@H](C(N)=O)C[C@@H]2C[C@@H]21 |&1:20,25,27|",6.4554495427646055,7.0845,1,1,A71EV2A-x7046a
gnina_crystal,"CSc1ccc(C2=CCN(C)CC2)cc1OC(=O)N1C[C@H](C(N)=O)C[C@H]2C[C@H]21 |&1:20,25,27|",6.616789569053188,7.0803,1,1,A71EV2A-x7368a
gnina_crystal,CSc1ccc(C2=CCNCC2)cc1CC(=O)N1CCC[C@H](C(N)=O)C1 |a:21|,6.359785941635829,7.15137,1,1,A71EV2A-x6827a
gnina_crystal,"CSc1ccc(C2=CCOCC2)cc1OC(=O)N1C[C@H](C(N)=O)C[C@H]2C[C@H]21 |&1:19,24,26|",6.278226151900541,6.72875,1,1,A71EV2A-x7021a
gnina_crystal,CSc1ccc(C2CC2)cc1CC(=O)N1CCC[C@H](C(N)=O)C1 |a:18|,5.527677465814104,6.63524,1,1,A71EV2A-x5276a
gnina_crystal,CSc1ccc(N2CCCC2=O)cc1NC(=O)N1CCC[C@H](C(N)=O)C1 |a:21|,5.06227649451538,7.2300450000000005,2,2,A71EV2A-x4986a; A71EV2A-x4986b
gnina_crystal,CSc1ccc(N2CCOCC2)cc1NC(=O)N1CCC[C@H](C(N)=O)C1 |a:21|,4.924868863339022,7.171745,2,2,A71EV2A-x5598a; A71EV2A-x5598b
gnina_crystal,CSc1ccc(OC2CC2)cc1NC(=O)N1CCC[C@H](C(N)=O)C1 |a:19|,4.674438823846753,6.73324,1,1,A71EV2A-x5533a
gnina_crystal,CSc1ccc(S(C)(=O)=O)cc1CC(=O)N1CCC[C@H](C(N)=O)C1 |a:19|,5.609697925694327,6.4574,2,2,A71EV2A-x5449a; A71EV2A-x5449b
gnina_crystal,CSc1ccc(SC(C)(C)C)cc1CC(=O)N1CCC[C@H](C(N)=O)C1 |a:20|,5.111221489644668,6.28926,1,1,A71EV2A-x5403a
gnina_crystal,CSc1ccc2c(c1)[C@H](C(=O)N1CCC[C@H](C(N)=O)C1)CCO2 |o1:8|,4.060454118763697,6.249785,2,2,A71EV2A-x5475a; A71EV2A-x5475b
gnina_crystal,CSc1ccc2cnccc2c1NC(=O)N1CCC[C@H](C(N)=O)C1 |a:19|,5.772572568212773,7.00127,1,1,A71EV2A-x5261a
gnina_crystal,CSc1ccc2ncccc2c1NC(=O)N1CCC[C@H](C(N)=O)C1 |a:19|,6.128863936621021,6.85278,2,2,A71EV2A-x4977a; A71EV2A-x4977b
gnina_crystal,"CSc1ccc2ncccc2c1NC(=O)N1C[C@H](C(N)=O)C[C@@H]2C[C@@H]21 |o1:17,22,24|",5.669481598088156,6.9468499999999995,2,2,A71EV2A-x6877a; A71EV2A-x6980a
gnina_crystal,"CSc1ccc2ncccc2c1NC(=O)N1C[C@H](C(N)=O)C[C@H]2C[C@H]21 |&1:17,22,24|",6.155618588158782,7.17412,1,1,A71EV2A-x5854a
gnina_crystal,"CSc1ccc2ncccc2c1OC(=O)N1C[C@H](C(N)=O)C[C@@H]2C[C@@H]21 |o1:17,22,24|",6.223231835566202,6.635675,2,2,A71EV2A-x7459a; A71EV2A-x7461a
gnina_crystal,"CSc1ccc2ncccc2c1OC(=O)N1C[C@H](C(N)=O)C[C@H]2C[C@H]21 |o1:17,22,24|",6.55419279444554,6.6956500000000005,3,3,A71EV2A-x7465a; A71EV2A-x7465b; A71EV2A-x7515a
gnina_crystal,CSc1ccc2scnc2c1NC(=O)N1CCC[C@H](C(N)=O)C1 |a:18|,5.775683273773221,7.0405549999999995,2,2,A71EV2A-x5283a; A71EV2A-x5283b
gnina_crystal,CSc1cccc(-c2cc(C(F)(F)F)nn2C)c1CC(=O)N1CCC[C@H](C(N)=O)C1 |a:25|,5.150667872559956,7.14696,2,2,A71EV2A-x6955a; A71EV2A-x6955b
gnina_crystal,CSc1cccc(-c2ccc(C(F)(F)F)cc2C#N)c1CC(=O)N1CCC[C@H](C(N)=O)C1 |a:27|,5.656918950334414,7.24483,1,1,A71EV2A-x5884a
gnina_crystal,CSc1cccc(-c2ccc(C(F)(F)F)o2)c1CC(=O)N1CCC[C@H](C(N)=O)C1 |a:24|,5.785803993839482,6.86639,1,1,A71EV2A-x5857a
gnina_crystal,CSc1cccc(-c2cn(C)c(=O)c3ccccc23)c1CC(=O)N1CCC[C@H](C(N)=O)C1 |a:27|,6.086272291520818,7.31706,1,1,A71EV2A-x6028a
gnina_crystal,CSc1cccc(-c2sccc2C2CC2)c1CC(=O)N1CCC[C@H](C(N)=O)C1 |a:23|,5.508648103412354,7.28639,1,1,A71EV2A-x6794a
gnina_crystal,CSc1cccc(-n2ccnc2)c1CC(=O)N1CCC[C@H](C(N)=O)C1 |a:20|,5.508866053332301,6.76147,1,1,A71EV2A-x5788a
gnina_crystal,CSc1cccc(Br)c1CC(=O)N1CCC[C@H](C(N)=O)C1 |a:16|,5.23959580735841,6.35432,1,1,A71EV2A-x4670a
gnina_crystal,CSc1cccc(C2=CCCCC2)c1CC(=O)N1CCC[C@H](C(N)=O)C1 |a:21|,5.358458624958955,6.96333,1,1,A71EV2A-x6938a
gnina_crystal,CSc1cccc(CC(=O)N2CCC[C@H](C(N)=O)C2)c1 |a:14|,4.165030350472351,5.954275,2,2,A71EV2A-x4334a; A71EV2A-x4334b
gnina_crystal,CSc1cccc(CN2C[C@H](C(N)=O)CCC2=O)c1 |o1:10|,4.610891805164698,6.07319,1,1,A71EV2A-x4710a
gnina_crystal,CSc1cccc2c1N(C(=O)N1CCC[C@H](C(N)=O)C1)CCCO2 |a:15|,3.9795272089559,7.03598,1,1,A71EV2A-x5249a
gnina_crystal,"CSc1cccc2c1[C@@H](C(=O)N1C[C@H](C(N)=O)C[C@H]3C[C@H]31)CC2 |&1:8,13,18,20|",6.317002294422829,6.9404,1,1,A71EV2A-x7448a
gnina_crystal,CSc1cccc2c1[C@H](C(=O)N1CCC[C@H](C(N)=O)C1)CC2 |o1:8|,6.105065909655473,6.71801,1,1,A71EV2A-x5687a
gnina_crystal,CSc1cccc2c1[C@H](C(=O)N1CCC[C@H](C(N)=O)C1)CCC2 |o1:8|,4.913179132164633,6.9382366666666675,3,3,A71EV2A-x5850a; A71EV2A-x5995a; A71EV2A-x5995b
gnina_crystal,CSc1ccccc1CC(=O)N1CCC(F)(F)[C@H](C(N)=O)C1 |&1:17|,4.92096962924201,6.40525,1,1,A71EV2A-x4724a
gnina_crystal,CSc1ccccc1CC(=O)N1CCC[C@H](C(F)F)C1 |&1:15|,3.883316455303125,4.60831,1,1,A71EV2A-x4746a
gnina_crystal,CSc1ccccc1CC(=O)N1CCC[C@H](C(N)=O)C1 |a:15|,5.393063563669464,6.18866,1,1,A71EV2A-x4386a
gnina_crystal,CSc1ccccc1CC(=O)N1CCC[C@H](CCO)C1 |&1:15|,3.7794804346789226,5.80819,1,1,A71EV2A-x4809a
gnina_crystal,CSc1ccccc1CC(=O)N1CCC[C@H](CF)C1 |&1:15|,4.015189894778023,5.34467,1,1,A71EV2A-x4751a
gnina_crystal,CSc1ccccc1CC(=O)N1CCC[C@H](O)C1 |&1:15|,4.025488307262672,4.55917,1,1,A71EV2A-x4794a
gnina_crystal,CSc1ccccc1CC(=O)N1CCC[C@H](S(N)(=O)=O)C1 |&1:15|,4.603800652904264,6.72085,1,1,A71EV2A-x4745a
gnina_crystal,CSc1ccccc1CC(=O)N1CCC[C@H]1c1cnc[nH]1 |&1:15|,4.853871964321762,6.11016,1,1,A71EV2A-x4735a
gnina_crystal,"CSc1ccccc1CC(=O)N1CCC[C@H]2C(=O)NC[C@H]21 |&1:15,20|",4.035167674220528,4.61746,1,1,A71EV2A-x4791a
gnina_crystal,CSc1ccccc1CC(=O)N1CCC[C@](F)(C(N)=O)C1 |&1:15|,3.839782551369189,6.18533,1,1,A71EV2A-x4753a
gnina_crystal,CSc1ccccc1CC(=O)N1CCC[C@](O)(C(N)=O)C1 |&1:15|,3.955966436496336,6.55401,2,2,A71EV2A-x4894a; A71EV2A-x4940a
gnina_crystal,CSc1ccccc1CC(=O)N1CCNC(=O)C1,4.006123085058789,4.74378,1,1,A71EV2A-x4721a
gnina_crystal,"CSc1ccccc1CC(=O)N1CC[C@H]2[C@H](C1)[C@H]2C(N)=O |&1:14,&2:15,&3:17|",4.558200508454535,6.3802,1,1,A71EV2A-x4739a
gnina_crystal,"CSc1ccccc1CC(=O)N1C[C@H](C(N)=O)CC[C@H]1CO |o1:13,19|",4.599655204790009,6.617705,2,2,A71EV2A-x5992a; A71EV2A-x5992b
gnina_crystal,"CSc1ccccc1CC(=O)N1C[C@H](C(N)=O)C[C@H](C(N)=O)C1 |a:13,18|",5.207231875935455,6.666605,2,2,A71EV2A-x5171a; A71EV2A-x5171b
gnina_crystal,"CSc1ccccc1CC(=O)N1C[C@H](C(N)=O)C[C@H]2C[C@H]21 |o1:13,18,20|",5.676463453677816,6.285085,2,2,A71EV2A-x5177a; A71EV2A-x7631a
gnina_crystal,"CSc1ccccc1CC(=O)N1C[C@H](C)C[C@@H](C(N)=O)C1 |o1:13,16|",4.494060495927921,6.34639,1,1,A71EV2A-x5200a
gnina_crystal,"CSc1ccccc1CC(=O)N1C[C@H](C)C[C@H](C(N)=O)C1 |&1:13,&2:16|",4.1315895194873935,6.340215000000001,2,2,A71EV2A-x4885a; A71EV2A-x4885b
gnina_crystal,"CSc1ccccc1CC(=O)N1C[C@H](C)C[C@H](C(N)=O)C1 |o1:13,16|",4.006585256974127,6.36222,1,1,A71EV2A-x5268a
gnina_crystal,"CSc1ccccc1CC(=O)N1C[C@H](O)C[C@@H](C(N)=O)C1 |&1:13,16|",3.66094239119996,6.5783249999999995,2,2,A71EV2A-x5387a; A71EV2A-x5387b
gnina_crystal,CSc1ccccc1CC(=O)N1C[C@H]2C[C@@]1(CC(N)=O)C2 |&1:15|,4.051345937463026,6.531345,2,2,A71EV2A-x5262a; A71EV2A-x5262b
gnina_crystal,CSc1ccccc1CN1C[C@H](C(N)=O)CCC1=O |o1:11|,4.6439741428068775,6.35092,1,1,A71EV2A-x4694a
gnina_crystal,CSc1ccccc1N(C)C(=O)N1CCC[C@H](C(N)=O)C1 |a:16|,4.601955140820748,6.53027,1,1,A71EV2A-x4712a
gnina_crystal,CSc1ccccc1N(C)C(=O)N1CC[C@H](C(N)=O)C1 |a:15|,4.640164517660112,6.58011,1,1,A71EV2A-x4684a
gnina_crystal,CSc1ccccc1N1C[C@H](C(N)=O)CCC1=O |o1:10|,4.6020599913279625,5.95409,1,1,A71EV2A-x4922a
gnina_crystal,CSc1ccccc1OC(=O)N1CCC[C@H](C(N)=O)C1 |a:15|,5.826838634714068,5.88733,2,2,A71EV2A-x4824a; A71EV2A-x4824b
gnina_crystal,CSc1ccccc1[C@H](C(=O)N1CC[C@H](C(N)=O)C1)N1CCCC1=O |o1:8|,7.194299872872455,7.30546,1,1,A71EV2A-x7038a
gnina_crystal,CSc1ccccc1[C@H](NC(=O)C(C)C)C(=O)N1CC[C@H](C(N)=O)C1 |&1:8|,4.616633749466019,6.99964,1,1,A71EV2A-x7035a
gnina_crystal,CSc1ccccc1[C@H](NC(=O)C1(C)CCC1)C(=O)N1CC[C@H](C(N)=O)C1 |&1:8|,4.6108664765966765,7.20364,1,1,A71EV2A-x6991a
gnina_crystal,CSc1ccccc1[C@H](NC(=O)C1CC1)C(=O)N1CC[C@H](C(N)=O)C1 |&1:8|,4.612020519224207,7.09701,1,1,A71EV2A-x6934a
gnina_crystal,CSc1ccccc1[C@H](NC(=O)CC(F)(F)F)C(=O)N1CC[C@H](C(N)=O)C1 |&1:8|,4.15694990903351,7.16841,1,1,A71EV2A-x6818a
gnina_crystal,CSc1ccccc1[C@H](NC(=O)CC1CC1)C(=O)N1CC[C@H](C(N)=O)C1 |&1:8|,4.287343084176254,7.06598,1,1,A71EV2A-x6726a
gnina_crystal,CSc1ccccc1[C@H](NC(=O)CNC(C)=O)C(=O)N1CC[C@H](C(N)=O)C1 |&1:8|,5.199617314652804,7.2574,1,1,A71EV2A-x6821a
gnina_crystal,CSc1ccccc1[C@H](NC(=O)Cc1ccccc1)C(=O)N1CC[C@H](C(N)=O)C1 |&1:8|,4.505347154054938,7.28785,1,1,A71EV2A-x6819a
gnina_crystal,CSc1ccccc1[C@H](NC(=O)Cc1cccnc1)C(=O)N1CC[C@H](C(N)=O)C1 |&1:8|,4.6077519100900055,7.33538,1,1,A71EV2A-x6856a
gnina_crystal,CSc1ccccc1[C@H](NC(=O)Cn1cccn1)C(=O)N1CC[C@H](C(N)=O)C1 |&1:8|,4.730497044785864,7.33179,2,2,A71EV2A-x6816a; A71EV2A-x6816b
gnina_crystal,CSc1ccccc1[C@H](NC(=O)OC(C)(C)C)C(=O)N1CC[C@H](C(N)=O)C1 |o1:8|,4.621638788259481,7.01035,2,2,A71EV2A-x6847a; A71EV2A-x6851a
gnina_crystal,CSc1ccccc1[C@H](NC(C)=O)C(=O)N1CC[C@H](C(N)=O)C1 |&1:8|,5.186061162833519,6.86612,1,1,A71EV2A-x5383a
gnina_crystal,CSc1cccnc1CC(=O)N1CCC[C@H](C(N)=O)C1 |a:15|,5.097431091411007,6.66269,1,1,A71EV2A-x4914a
gnina_crystal,CSc1ccncc1CC(=O)N1CCC[C@H](C(N)=O)C1 |a:15|,5.534026193176526,6.194095,2,2,A71EV2A-x4827a; A71EV2A-x4827b
gnina_crystal,CSc1ccncc1NC(=O)N1CCC[C@H](C(N)=O)C1 |a:15|,5.452530294347775,6.521445,2,2,A71EV2A-x4826a; A71EV2A-x4826b
gnina_crystal,CSc1ccncc1NS(=O)(=O)N1CCC[C@H](C(N)=O)C1 |a:16|,4.881756561812204,6.50378,1,1,A71EV2A-x5182a
gnina_crystal,CSc1cn(C)nc1NC(=O)N1CCC[C@H](C(N)=O)C1 |a:15|,3.761033004441306,5.91228,1,1,A71EV2A-x4703a
gnina_crystal,CSc1cnccc1CC(=O)N1CCC[C@H](C(N)=O)C1 |a:15|,4.407893372233542,6.26289,1,1,A71EV2A-x4689a
gnina_crystal,CSc1cncnc1CC(=O)N1CCC[C@H](C(N)=O)C1 |a:15|,4.176969771296364,6.08076,1,1,A71EV2A-x4812a
gnina_crystal,CSc1cscc1CC(=O)N1CCC[C@H](C(N)=O)C1 |a:14|,5.073475651835252,6.14026,1,1,A71EV2A-x4935a
gnina_crystal,CSc1nc2c(cc1NC(=O)N1CCC[C@H](C(N)=O)C1)CCCC2 |a:15|,4.217527375833714,7.230969999999999,2,2,A71EV2A-x5022a; A71EV2A-x5022b
gnina_crystal,CSc1ncccc1CC(=O)N1CCC[C@H](C(N)=O)C1 |a:15|,5.072700933344527,6.23515,1,1,A71EV2A-x4918a
gnina_crystal,CSc1ncccc1NC(=O)N1CCC[C@H](C(N)=O)C1 |a:15|,4.2209855861319525,6.39254,2,2,A71EV2A-x4883a; A71EV2A-x4883b
gnina_crystal,CSc1nccnc1CC(=O)N1CCC[C@H](C(N)=O)C1 |a:15|,4.781195179900988,6.34912,1,1,A71EV2A-x4774a
gnina_crystal,CSc1ncnc(-c2cn[nH]c2)c1CC(=O)N1CCC[C@H](C(N)=O)C1 |a:20|,5.579850424620521,6.9451,1,1,A71EV2A-x5544a
gnina_crystal,CSc1ncnc(N(C)C)c1CC(=O)N1CCC[C@H](C(N)=O)C1 |a:18|,6.393012805332465,6.510025,2,2,A71EV2A-x7545a; A71EV2A-x7545b
gnina_crystal,"CSc1ncnc(N(C)C)c1CC(=O)N1C[C@H](C(N)=O)C[C@@H]2C[C@@H]21 |&1:16,21,23|",6.073633599517659,6.690065,2,2,A71EV2A-x7580a; A71EV2A-x7580b
gnina_crystal,CSc1ncnc(N(C)C2CCC2)c1CC(=O)N1CCC[C@H](C(N)=O)C1 |a:21|,6.323397411601913,6.81718,1,1,A71EV2A-x7172a
gnina_crystal,CSc1ncnc(N(C)C2CCOCC2)c1CC(=O)N1CCC[C@H](C(N)=O)C1 |a:23|,5.7864475040867696,6.95549,1,1,A71EV2A-x7424a
gnina_crystal,CSc1ncnc(N(C)CC(C)(C)O)c1CC(=O)N1CCC[C@H](C(N)=O)C1 |a:22|,6.134728951225614,6.67487,1,1,A71EV2A-x7251a
gnina_crystal,CSc1ncnc(N(C)CC(C)(F)F)c1CC(=O)N1CCC[C@H](C(N)=O)C1 |a:22|,6.994328024624508,6.83851,1,1,A71EV2A-x7333a
gnina_crystal,"CSc1ncnc(N(C)CC(F)(F)F)c1CC(=O)N1C[C@H](C(N)=O)C[C@H]2C[C@H]21 |&1:20,25,27|",6.794695728715816,6.91998,1,1,A71EV2A-x7608a
gnina_crystal,CSc1ncnc(N(C)CC2CCCC2)c1CC(=O)N1CCC[C@H](C(N)=O)C1 |a:23|,6.3046606911348375,6.83435,1,1,A71EV2A-x7254a
gnina_crystal,CSc1ncnc(N(C)CCC(F)(F)F)c1CC(=O)N1CCC[C@H](C(N)=O)C1 |a:23|,5.748786440007784,6.85515,1,1,A71EV2A-x7338a
gnina_crystal,CSc1ncnc(N(C)Cc2cc(F)c(F)c(F)c2)c1CC(=O)N1CCC[C@H](C(N)=O)C1 |a:27|,6.244997927316081,7.25947,1,1,A71EV2A-x7176a
gnina_crystal,CSc1ncnc(N(C)Cc2nn(C)cc2Cl)c1CC(=O)N1CCC[C@H](C(N)=O)C1 |a:25|,7.150528408418002,7.32703,1,1,A71EV2A-x6914a
gnina_crystal,"CSc1ncnc(N(C)[C@@H](C)c2ccccc2)c1CC(=O)N1CCC[C@H](C(N)=O)C1 |a:9,25|",6.580678113068668,7.1385749999999994,2,2,A71EV2A-x7436a; A71EV2A-x7436b
gnina_crystal,CSc1ncnc(N2CC(C)(c3ccccc3F)C2)c1CC(=O)N1CCC[C@H](C(N)=O)C1 |a:27|,6.439151337818832,7.49749,1,1,A71EV2A-x7263a
gnina_crystal,CSc1ncnc(N2CC(C)C2)c1CC(=O)N1CCC[C@H](C(N)=O)C1 |a:20|,6.526908295764941,6.75727,1,1,A71EV2A-x6920a
gnina_crystal,CSc1ncnc(N2CC(CC3CCC3)C2)c1CC(=O)N1CCC[C@H](C(N)=O)C1 |a:24|,5.692662147010851,7.17087,1,1,A71EV2A-x6895a
gnina_crystal,CSc1ncnc(N2CC(O)C2)c1CC(=O)N1CCC[C@H](C(N)=O)C1 |a:20|,6.426194047786621,6.676696666666667,3,3,A71EV2A-x7334a; A71EV2A-x7334b; A71EV2A-x7389a
gnina_crystal,CSc1ncnc(N2CC(Oc3ccccc3Cl)C2)c1CC(=O)N1CCC[C@H](C(N)=O)C1 |a:27|,6.078663358532402,7.44346,1,1,A71EV2A-x7095a
gnina_crystal,CSc1ncnc(N2CC(c3nncn3C)C2)c1CC(=O)N1CCC[C@H](C(N)=O)C1 |a:25|,6.326170396191348,7.0653500000000005,2,2,A71EV2A-x5808a; A71EV2A-x5808b
gnina_crystal,CSc1ncnc(N2CCC(C#N)(CC(C)C)CC2)c1CC(=O)N1CCC[C@H](C(N)=O)C1 |a:27|,6.265062352283818,7.44468,1,1,A71EV2A-x7170a
gnina_crystal,CSc1ncnc(N2CCC(C(=O)N(C(C)C)C(C)C)CC2)c1CC(=O)N1CCC[C@H](C(N)=O)C1 |a:30|,6.225268032740376,7.377,1,1,A71EV2A-x7096a
gnina_crystal,CSc1ncnc(N2CCC(N(C)S(C)(=O)=O)CC2)c1CC(=O)N1CCC[C@H](C(N)=O)C1 |a:27|,6.512183700381108,7.35002,1,1,A71EV2A-x7008a
gnina_crystal,CSc1ncnc(N2CCC(N3CCOC3=O)CC2)c1CC(=O)N1CCC[C@H](C(N)=O)C1 |a:27|,5.923489528000301,7.45733,1,1,A71EV2A-x7154a
gnina_crystal,CSc1ncnc(N2CCC3(CCC3)C2)c1CC(=O)N1CCC[C@H](C(N)=O)C1 |a:23|,6.131209779277596,7.11376,1,1,A71EV2A-x7056a
gnina_crystal,CSc1ncnc(N2CCC3(CCCC3)C2)c1CC(=O)N1CCC[C@H](C(N)=O)C1 |a:24|,6.462158164196289,7.21951,1,1,A71EV2A-x7024a
gnina_crystal,CSc1ncnc(N2CCC3(CCCCC3)C2)c1CC(=O)N1CCC[C@H](C(N)=O)C1 |a:25|,6.388555177157266,7.12602,1,1,A71EV2A-x7101a
gnina_crystal,CSc1ncnc(N2CCC3(CCCO3)CC2)c1CC(=O)N1CCC[C@H](C(N)=O)C1 |a:25|,6.466683163263606,7.3333,1,1,A71EV2A-x7284a
gnina_crystal,"CSc1ncnc(N2CCCC2)c1CC(=O)N1C[C@H](C(N)=O)C[C@H]2C[C@H]21 |&1:18,23,25|",6.5697284843589205,6.99058,1,1,A71EV2A-x6838a
gnina_crystal,"CSc1ncnc(N2CCCC2)c1NC(=O)N1C[C@H](C(N)=O)C[C@H]2C[C@H]21 |&1:18,23,25|",5.928304705589599,6.97958,1,1,A71EV2A-x7622a
gnina_crystal,CSc1ncnc(N2CCCCCC2)c1CC(=O)N1CCC[C@H](C(N)=O)C1 |a:22|,7.1865084765696,7.06968,2,2,A71EV2A-x7560a; A71EV2A-x7560b
gnina_crystal,"CSc1ncnc(N2CCCC[C@@H]2C(C)C)c1CC(=O)N1CCC[C@H](C(N)=O)C1 |a:12,24|",6.372178760973441,7.21061,1,1,A71EV2A-x7420a
gnina_crystal,"CSc1ncnc(N2CCCC[C@H]2CO)c1CC(=O)N1CCC[C@H](C(N)=O)C1 |a:12,23|",5.867264623808438,7.05191,1,1,A71EV2A-x7430a
gnina_crystal,"CSc1ncnc(N2CCC[C@@H]2C(=O)N(C)C)c1CC(=O)N1CCC[C@H](C(N)=O)C1 |a:11,25|",6.66771737227654,7.17841,1,1,A71EV2A-x7309a
gnina_crystal,"CSc1ncnc(N2CCC[C@@H]2C(C)C)c1CC(=O)N1CCC[C@H](C(N)=O)C1 |a:11,23|",7.76022176714164,7.17379,1,1,A71EV2A-x7135a
gnina_crystal,"CSc1ncnc(N2CCC[C@@H]2C)c1CC(=O)N1CCC[C@H](C(N)=O)C1 |a:11,21|",6.616555737163779,6.908365,2,2,A71EV2A-x7533a; A71EV2A-x7533b
gnina_crystal,"CSc1ncnc(N2CCC[C@@H]2C2CC2)c1CC(=O)N1CCC[C@H](C(N)=O)C1 |a:11,23|",7.937951041727581,7.14364,1,1,A71EV2A-x7259a
gnina_crystal,"CSc1ncnc(N2CCC[C@@H]2CC(C)C)c1CC(=O)N1CCC[C@H](C(N)=O)C1 |a:11,24|",7.199879115817523,7.15534,1,1,A71EV2A-x7147a
gnina_crystal,"CSc1ncnc(N2CCC[C@@H]2Cc2ccccc2)c1CC(=O)N1CCC[C@H](C(N)=O)C1 |a:11,27|",5.138183874676179,7.46623,1,1,A71EV2A-x7433a
gnina_crystal,"CSc1ncnc(N2CCC[C@@H]2Cc2ccnn2C)c1CC(=O)N1CCC[C@H](C(N)=O)C1 |a:11,27|",7.359361237098654,7.19007,1,1,A71EV2A-x7132a
gnina_crystal,"CSc1ncnc(N2CCC[C@@H]2Cn2cccn2)c1CC(=O)N1CCC[C@H](C(N)=O)C1 |a:11,26|",6.189334160880994,7.14318,1,1,A71EV2A-x7127a
gnina_crystal,"CSc1ncnc(N2CCC[C@@H]2c2ccccc2)c1CC(=O)N1CCC[C@H](C(N)=O)C1 |a:11,26|",7.13169634555566,7.17386,1,1,A71EV2A-x7570a
gnina_crystal,"CSc1ncnc(N2CCC[C@H](C(F)(F)F)C2)c1CC(=O)N1CCC[C@H](C(N)=O)C1 |a:11,25|",6.211100724659235,7.10966,1,1,A71EV2A-x7246a
gnina_crystal,"CSc1ncnc(N2CCC[C@H](C)C2)c1CC(=O)N1CCC[C@H](C(N)=O)C1 |a:11,22|",6.173854131618843,7.16348,1,1,A71EV2A-x7250a
gnina_crystal,"CSc1ncnc(N2CCC[C@H]2C(C)C)c1CC(=O)N1CCC[C@H](C(N)=O)C1 |a:11,23|",5.331449457260316,7.21751,2,2,A71EV2A-x7491a; A71EV2A-x7491b
gnina_crystal,CSc1ncnc(N2CCC[C@H]2C(N)=O)c1CC(=O)N1CCC[C@H](C(N)=O)C1 |&1:11|,7.714442690992226,7.01173,1,1,A71EV2A-x6832a
gnina_crystal,"CSc1ncnc(N2CCC[C@H]2C)c1CC(=O)N1CCC[C@H](C(N)=O)C1 |a:11,21|",5.244486511545811,6.95041,2,2,A71EV2A-x7501a; A71EV2A-x7501b
gnina_crystal,"CSc1ncnc(N2CCC[C@H]2C2CC2)c1CC(=O)N1CCC[C@H](C(N)=O)C1 |a:11,23|",5.262032975642954,7.145,2,2,A71EV2A-x7475a; A71EV2A-x7475b
gnina_crystal,"CSc1ncnc(N2CCC[C@H]2CC(C)C)c1CC(=O)N1CCC[C@H](C(N)=O)C1 |a:11,24|",5.823789680118151,7.26614,1,1,A71EV2A-x7257a
gnina_crystal,"CSc1ncnc(N2CCC[C@H]2Cc2ccnn2C)c1CC(=O)N1CCC[C@H](C(N)=O)C1 |a:11,27|",5.214011302839139,7.5935,1,1,A71EV2A-x7247a
gnina_crystal,CSc1ncnc(N2CCN(c3ccccn3)CC2)c1CC(=O)N1CCC[C@H](C(N)=O)C1 |a:27|,6.486226948852135,7.22207,1,1,A71EV2A-x6802a
gnina_crystal,"CSc1ncnc(N2CC[C@@H](OC(F)F)C2)c1CC(=O)N1CCC[C@H](C(N)=O)C1 |a:10,24|",6.048106607275539,6.91068,1,1,A71EV2A-x7025a
gnina_crystal,"CSc1ncnc(N2CC[C@@H](OC3CC3)C2)c1CC(=O)N1CCC[C@H](C(N)=O)C1 |a:10,24|",7.159468716081884,7.10481,1,1,A71EV2A-x7316a
gnina_crystal,"CSc1ncnc(N2CC[C@H](C(=O)N(C)C)C2)c1CC(=O)N1CCC[C@H](C(N)=O)C1 |a:10,25|",5.974361680056222,7.10704,1,1,A71EV2A-x7427a
gnina_crystal,"CSc1ncnc(N2CC[C@H](C(=O)N3CCC(C)CC3)C2)c1CC(=O)N1CCC[C@H](C(N)=O)C1 |a:10,29|",6.08170819903569,7.26438,1,1,A71EV2A-x7190a
gnina_crystal,"CSc1ncnc(N2CC[C@H](C)C2)c1CC(=O)N1CCC[C@H](C(N)=O)C1 |a:10,21|",6.293489458676176,6.899380000000001,2,2,A71EV2A-x7026a; A71EV2A-x7026b
gnina_crystal,"CSc1ncnc(N2CC[C@H](OC(F)F)C2)c1CC(=O)N1CCC[C@H](C(N)=O)C1 |a:10,24|",6.925751444530095,7.09631,1,1,A71EV2A-x7031a
gnina_crystal,"CSc1ncnc(N2CC[C@H](SC)C2)c1CC(=O)N1CCC[C@H](C(N)=O)C1 |a:10,22|",6.9071041930964325,7.12356,1,1,A71EV2A-x7093a
gnina_crystal,"CSc1ncnc(N2CC[C@H]2C)c1CC(=O)N1CCC[C@H](C(N)=O)C1 |a:10,20|",6.695497686202032,6.80975,1,1,A71EV2A-x7339a
gnina_crystal,CSc1ncnc(N2CCc3ccccc3CC2)c1CC(=O)N1CCC[C@H](C(N)=O)C1 |a:26|,6.483018872150272,7.05009,1,1,A71EV2A-x7015a
gnina_crystal,CSc1ncnc(N2CCc3ccsc3C2)c1CC(=O)N1CCC[C@H](C(N)=O)C1 |a:24|,5.794648268341138,7.2329,1,1,A71EV2A-x5666a
gnina_crystal,CSc1ncnc(N2CCc3cnc(C(C)C)nc3C2)c1CC(=O)N1CCC[C@H](C(N)=O)C1 |a:28|,5.912659591908459,7.243,1,1,A71EV2A-x7151a
gnina_crystal,CSc1ncnc(N2CCn3nc4c(c3C2)CCC4)c1CC(=O)N1CCC[C@H](C(N)=O)C1 |a:27|,5.601864484742403,7.30444,2,2,A71EV2A-x7043a; A71EV2A-x7043b
gnina_crystal,CSc1ncnc(N2CCn3ncc(C#N)c3C2)c1CC(=O)N1CCC[C@H](C(N)=O)C1 |a:26|,6.13113891891355,7.17712,1,1,A71EV2A-x7130a
gnina_crystal,"CSc1ncnc(N2C[C@H]3C[C@H]3C2)c1CC(=O)N1CCC[C@H](C(N)=O)C1 |&1:9,&2:11|",6.558486174447746,6.908709999999999,3,3,A71EV2A-x7317a; A71EV2A-x7317b; A71EV2A-x7372a
gnina_crystal,CSc1ncnc(N2Cc3ccccc3C2)c1CC(=O)N1CCC[C@H](C(N)=O)C1 |a:24|,6.006913143117045,7.01294,1,1,A71EV2A-x6808a
gnina_crystal,CSc1ncnc(SC)c1CC(=O)N1CCC[C@H](C(N)=O)C1 |a:17|,5.699017277769941,6.60292,1,1,A71EV2A-x5581a
gnina_crystal,CSc1ncncc1CC(=O)N1CCC[C@H](C(N)=O)C1 |a:15|,5.186217598084144,6.250495,2,2,A71EV2A-x5039a; A71EV2A-x5039b
gnina_crystal,C[C@H](C(=O)N1CCC[C@H](C(N)=O)C1)c1cn(C)nc1C(F)(F)F |&1:1|,4.462842099070634,6.49151,2,2,A71EV2A-x4510a; A71EV2A-x4571a
gnina_crystal,C[C@H](C(=O)N1CCC[C@H](C(N)=O)C1)c1nc(F)ccc1Cl |&1:1|,4.277445359017488,6.423775,2,2,A71EV2A-x4895a; A71EV2A-x4895b
gnina_crystal,C[C@H](Cc1cocn1)NC(=O)c1nn(C)c2ccccc12 |&1:1|,4.9657785438458255,5.514975,2,2,A71EV2A-x3379a; A71EV2A-x3593a
gnina_crystal,"C[C@H](c1ccc(Cl)c(Br)c1)N1C[C@H](C(N)=O)CCC1=O |&1:1,&2:12|",4.041436116778033,6.29242,1,1,A71EV2A-x5556a
gnina_crystal,"C[C@H](c1ccc2[nH]ncc2c1)N1C[C@H](C(N)=O)CCC1=O |&1:1,&2:13|",4.180071698767357,6.45958,1,1,A71EV2A-x5744a
gnina_crystal,"C[C@H](c1cccc(Cl)c1F)N1C[C@H](C(N)=O)CCC1=O |&1:1,&2:12|",4.632644078973981,6.25285,1,1,A71EV2A-x5673a
gnina_crystal,"C[C@H]1CC(=O)N(Cc2ccc3cnn(C)c3c2)C[C@@H]1C(N)=O |o1:1,18|",4.76433957251824,6.42037,2,2,A71EV2A-x5777a; A71EV2A-x5777b
gnina_crystal,"C[C@H]1CC(=O)N(Cc2ccc3cnn(C)c3c2)C[C@H]1C(N)=O |o1:1,18|",4.207870191519494,6.27706,1,1,A71EV2A-x5766a
gnina_crystal,Cc1cc(C)c(CC(=O)N2CCC[C@H](C(N)=O)C2)c(=O)[nH]1 |a:13|,4.306273051076353,6.14262,1,1,A71EV2A-x4291a
gnina_crystal,Cc1cc(C)c(Nc2ccn(C)n2)c(C)c1,5.3072486987698415,3.89961,1,1,A71EV2A-x3279a
gnina_crystal,Cc1cc(C)c(Nc2ccn(C3COC3)n2)c(C)c1,5.016824927962187,3.96003,1,1,A71EV2A-x3234a
gnina_crystal,Cc1cc(CNC(=O)c2cn(C)c3ccccc23)on1,4.953569528330592,4.70016,1,1,A71EV2A-x3175a
gnina_crystal,Cc1cc2sccc2c(Cl)c1OC(=O)N1CCC[C@H](C(N)=O)C1 |a:18|,4.215114698485657,6.35827,1,1,A71EV2A-x5482a
gnina_crystal,Cc1ccc(CC(=O)N2CCC[C@H](C(N)=O)C2)s1 |&1:12|,4.633044431676764,5.6145700000000005,2,2,A71EV2A-x5424a; A71EV2A-x5424b
gnina_crystal,Cc1ccc2c(C(=O)NCCc3cocn3)c[nH]c2c1,5.10808214227103,5.73053,1,1,A71EV2A-x3568a
gnina_crystal,Cc1ccc2c(c1OC(=O)N1CCC[C@H](C(N)=O)C1)CCC2 |a:14|,4.479326279665005,6.2076150000000005,2,2,A71EV2A-x5599a; A71EV2A-x5599b
gnina_crystal,Cc1ccc2c(cnn2C)c1Nc1ccn([C@H]2CCNC2=O)n1 |&1:16|,4.937001727490601,6.26639,1,1,A71EV2A-x3305a
gnina_crystal,Cc1ccc2ccccc2c1N1C[C@H](C(N)=O)CCC1=O |&1:13|,3.942576835487996,6.32173,1,1,A71EV2A-x5572a
gnina_crystal,Cc1ccc2cccnc2c1OC(=O)N1CCC[C@H](C(N)=O)C1 |a:18|,4.597502408486665,6.06448,1,1,A71EV2A-x5479a
gnina_crystal,Cc1cccc(CC(=O)N2CCC[C@H](C(N)=O)C2)c1 |&1:13|,4.290127690297292,5.98511,2,2,A71EV2A-x4020a; A71EV2A-x4020b
gnina_crystal,Cc1cccc(CNC(=O)N2CCC[C@H](C(N)=O)C2)c1 |a:14|,4.967584368389079,6.291399999999999,2,2,A71EV2A-x3706a; A71EV2A-x3706b
gnina_crystal,Cc1cccc(N(CC(=O)N2CCCCC2)C(=O)N2CCC[C@H](C(N)=O)C2)c1 |a:22|,4.627087997029894,6.92371,1,1,A71EV2A-x3908a
gnina_crystal,Cc1cccc(N2CCCN(CCC(N)=O)C2=O)c1,4.911546516921495,5.62086,1,1,A71EV2A-x4402a
gnina_crystal,Cc1cccc(NC(=O)N2CCC[C@H](C(N)=O)C2)c1 |a:13|,4.246416941107094,5.95333,1,1,A71EV2A-x3054a
gnina_crystal,Cc1ccccc1CNC(=O)N1CCC[C@H](C(N)=O)C1 |a:15|,4.978810700930062,6.20667,2,2,A71EV2A-x3616a; A71EV2A-x3616b
gnina_crystal,Cc1ccccc1NC(=O)N1CCC[C@H](C(N)=O)C1 |a:14|,4.386163320168128,5.84583,1,1,A71EV2A-x3510a
gnina_crystal,Cc1ccccc1NC(=O)c1ccc(C)c(C(N)=O)c1,4.804100347590766,5.7452,1,1,A71EV2A-x3867a
gnina_crystal,Cc1ccccc1NC(=O)c1cncc(C(N)=O)c1,4.632644078973981,6.00278,1,1,A71EV2A-x3564a
gnina_crystal,Cc1cnc(CNS(=O)(=O)C[C@H](C)c2ccccc2)o1 |&1:11|,4.8184062698439085,4.35798,1,1,A71EV2A-x3623a
gnina_crystal,Cc1nc(C)c(CC(=O)N2CCC[C@H](C(N)=O)C2)[nH]1 |a:13|,5.409458546594426,5.81776,1,1,A71EV2A-x3221a
gnina_crystal,Cc1nc2ccccc2n1CC(=O)N1CCC[C@H](C(N)=O)C1 |&1:17|,4.137777547252243,6.22555,1,1,A71EV2A-x3225a
gnina_crystal,Cc1nc2n(c1CC(=O)N1CCC[C@H](C(N)=O)C1)CCCC2 |&1:13|,5.221581099702723,6.04355,1,1,A71EV2A-x3489a
gnina_crystal,Cc1ncnc(C)c1CC(=O)N1CCC[C@H](C(N)=O)C1 |a:15|,3.654064344980796,6.06204,1,1,A71EV2A-x4464a
gnina_crystal,Cc1nn(C)c(C)c1CC(=O)N[C@H](CNC(=O)CCl)c1ccc2ccccc2c1 |&1:12|,4.660785023463071,5.59963,1,1,A71EV2A-x1346a
gnina_crystal,Cc1nn(C)c2cc(C(=O)NCCc3cocn3)ccc12,4.945173530861923,5.58725,1,1,A71EV2A-x3410a
gnina_crystal,Cc1ocnc1CCNC(=O)c1nn(C)c2ccccc12,5.09799710864927,5.7579,1,1,A71EV2A-x3286a
gnina_crystal,"Cc1sc([C@H](C)N2C[C@H](C(N)=O)CCC2=O)nc1-c1ccco1 |&1:4,&2:8|",4.604279969816917,6.53453,1,1,A71EV2A-x6730a
gnina_crystal,"Cn1cc(CC(=O)N2C[C@H](C(N)=O)C[C@@H]3C[C@@H]32)cn1 |&1:9,14,16|",4.608000737058194,6.08807,1,1,A71EV2A-x4992a
gnina_crystal,Cn1cc(NS(=O)(=O)N2CCC[C@H](C(N)=O)C2)cn1 |a:12|,5.738140147629213,5.83006,2,2,A71EV2A-x5090a; A71EV2A-x5150a
gnina_crystal,Cn1cc2c(CC(=O)N3CCC[C@H](C(N)=O)C3)cccc2n1 |o1:12|,4.405607449624573,6.50406,1,1,A71EV2A-x3914a
gnina_crystal,Cn1cc2c(CC(=O)N3CC[C@H](C(N)=O)C3)cccc2n1 |&1:11|,4.410050398674293,6.55008,1,1,A71EV2A-x3556a
gnina_crystal,Cn1cc2c(n1)CCC[C@H]2C(=O)N1CCC[C@H](C(N)=O)C1 |&1:9|,3.749590923528832,6.38765,1,1,A71EV2A-x4608a
gnina_crystal,Cn1cc2cccc(NC(=O)Cc3cocn3)c2n1,4.662403924407542,5.40008,1,1,A71EV2A-x3403a
gnina_crystal,"Cn1ccnc1[C@H](c1ccccc1)N1C[C@H](C(N)=O)CC1=O |&1:6,&2:15|",4.649751981665837,6.2227,1,1,A71EV2A-x5106a
gnina_crystal,Cn1cnc(CCNC(=O)c2nn(C)c3ccccc23)c1,5.2372107018718905,6.03616,1,1,A71EV2A-x3371a
gnina_crystal,Cn1cnc2c(NC(=O)N3CCC[C@H](C(N)=O)C3)cccc21 |a:13|,5.398637148380375,6.526714999999999,2,2,A71EV2A-x4447a; A71EV2A-x4447b
gnina_crystal,Cn1nc(C(=O)N2Cc3ccccc3C[C@H]2CN)c2ccccc21 |&1:15|,5.041436116778033,6.81326,1,1,A71EV2A-x2293a
gnina_crystal,Cn1nc(C(=O)NC2CC2)c2cc(F)ccc21,4.887413111043684,4.62851,1,1,A71EV2A-x2339a
gnina_crystal,Cn1nc(C(=O)NCC(F)(F)c2ccccn2)c2ccccc21,5.168134464700943,5.68167,1,1,A71EV2A-x3280a
gnina_crystal,Cn1nc(C(=O)NCCc2ccc(S(C)(=O)=O)cc2)c2ccccc21,4.84887783952492,6.01081,1,1,A71EV2A-x3324a
gnina_crystal,Cn1nc(C(=O)NCCc2cocn2)c2ccccc2c1=O,5.170374765613669,5.6303,1,1,A71EV2A-x3419a
gnina_crystal,Cn1nc(C(=O)NCCc2cocn2)c2cccnc21,4.981705511622298,5.5449,1,1,A71EV2A-x3264a
gnina_crystal,Cn1nc(C(=O)NCCc2cscn2)c2ccccc21,5.337951414156192,5.71038,1,1,A71EV2A-x3306a
gnina_crystal,Cn1nc(C(=O)NCCn2cncn2)c2ccccc21,4.939565029910406,4.813834999999999,2,2,A71EV2A-x3181a; A71EV2A-x3181b
gnina_crystal,Cn1nc(C(=O)N[C@H]2CCOC2)c2ccccc21 |&1:7|,5.062339877849264,4.77296,1,1,A71EV2A-x3178a
gnina_crystal,"Cn1nc(C(=O)N[C@H]2C[C@H]2CO)c2ccccc21 |&1:7,9|",4.895875462550428,5.01102,1,1,A71EV2A-x3177a
gnina_crystal,Cn1nc(C(=O)Nc2cn[nH]c2)c2ccccc21,4.7783685062706525,5.63427,1,1,A71EV2A-x2304a
gnina_crystal,Cn1nc(C(N)=O)c2cc(F)ccc21,5.050703769890054,4.02151,1,1,A71EV2A-x2351a
gnina_crystal,Cn1nc(CC(=O)N2CC(C(N)=O)C2)c2ccccc21,4.610833915635467,6.04162,1,1,A71EV2A-x4994a
gnina_crystal,Cn1nc(CN2C[C@H](C(N)=O)CCC2=O)c2ccccc21 |&1:7|,5.116903441948165,6.47438,1,1,A71EV2A-x4547a
gnina_crystal,Cn1ncc(-c2cc(Cl)cc(Cl)c2)c1CC(=O)N1CCC[C@H](C(N)=O)C1 |&1:21|,4.958377726777354,7.04285,1,1,A71EV2A-x3606a
gnina_crystal,Cn1ncc(C(=O)NCCc2cocn2)n1,5.545714601514328,4.41728,1,1,A71EV2A-x3436a
gnina_crystal,Cn1ncc2ccc(CN3C[C@H](C(N)=O)CC(C)(C)C3=O)cc21 |&1:11|,4.005682847330363,6.621245,2,2,A71EV2A-x5721a; A71EV2A-x5721b
gnina_crystal,Cn1ncc2ccc(CN3C[C@H](C(N)=O)CCC3=O)cc21 |o1:11|,4.026655009457717,6.34548,1,1,A71EV2A-x4974a
gnina_crystal,N#CC1CC(NC(=O)C2(c3ccc(Cl)cc3Cl)CCOCC2)C1,4.726469830785563,4.97335,1,1,A71EV2A-x3521a
gnina_crystal,N#CCc1cccc(NC(=O)N2CCC[C@H](C(N)=O)C2)c1 |a:15|,5.356959172517914,5.88358,1,1,A71EV2A-x3480a
gnina_crystal,N#CCc1ccccc1CC(=O)N1CCC[C@H](C(N)=O)C1 |a:16|,5.101757238648579,6.34351,2,2,A71EV2A-x4321a; A71EV2A-x4321b
gnina_crystal,N#Cc1ccc(Br)cc1OC(=O)N1CCC[C@H](C(N)=O)C1 |a:16|,4.421371068072836,6.38903,1,1,A71EV2A-x5559a
gnina_crystal,N#Cc1cccc(CC(=O)N2CCC[C@H](C(N)=O)C2)n1 |a:14|,4.625197671079573,6.109920000000001,2,2,A71EV2A-x5082a; A71EV2A-x5082b
gnina_crystal,N#Cc1cccc(NC(=O)N2CCC[C@H](C(N)=O)C2)c1 |a:14|,5.189128446912704,6.104525,2,2,A71EV2A-x3509a; A71EV2A-x3509b
gnina_crystal,N#Cc1ccncc1OC(=O)N1CCC[C@H](C(N)=O)C1 |a:15|,4.504331180271011,5.990105,2,2,A71EV2A-x5594a; A71EV2A-x5594b
gnina_crystal,N#Cc1nccc(CC(=O)N2CCC[C@H](C(N)=O)C2)n1 |a:14|,4.006352818021342,6.21081,1,1,A71EV2A-x5448a
gnina_crystal,N#Cc1ncncc1CC(=O)N1CCC[C@H](C(N)=O)C1 |a:15|,4.424812155072339,6.21241,1,1,A71EV2A-x5212a
gnina_crystal,N#Cc1sccc1CC(=O)N1CCC[C@H](C(N)=O)C1 |a:14|,5.008444067750377,5.75686,1,1,A71EV2A-x3450a
gnina_crystal,NC(=O)CC1CCN(C(=O)c2cccc(F)c2)CC1,4.597746280949512,5.828075,2,2,A71EV2A-x5409a; A71EV2A-x5409b
gnina_crystal,NC(=O)C[C@H]1CCCN(c2ncnc3ccccc23)C1 |&1:4|,4.959254335737151,5.77659,1,1,A71EV2A-x4351a
gnina_crystal,NC(=O)[C@H]1CC(=O)N(Cc2cccc3c2OCC3)C1 |&1:3|,5.0762380391713,5.85383,1,1,A71EV2A-x4312a
gnina_crystal,"NC(=O)[C@H]1CCC(=O)N(C[C@H]2CCOc3ccccc32)C1 |&1:3,&2:10|",4.620443689892642,6.36766,1,1,A71EV2A-x4409a
gnina_crystal,NC(=O)[C@H]1CCC(=O)N(Cc2cc(F)cnc2C(F)(F)F)C1 |&1:3|,4.315546325758652,6.43599,2,2,A71EV2A-x5635a; A71EV2A-x5635b
gnina_crystal,NC(=O)[C@H]1CCC(=O)N(Cc2ccc3cc[nH]c3c2)C1 |&1:3|,4.611743840379951,5.826885,2,2,A71EV2A-x4596a; A71EV2A-x4596b
gnina_crystal,NC(=O)[C@H]1CCC(=O)N(Cc2cccc(F)c2)C1 |&1:3|,4.255233465290414,5.94148,1,1,A71EV2A-x4924a
gnina_crystal,NC(=O)[C@H]1CCC(=O)N(Cc2ccsc2)C1 |&1:3|,3.774068781319247,5.460185,2,2,A71EV2A-x5608a; A71EV2A-x5608b
gnina_crystal,NC(=O)[C@H]1CCC(=O)N([C@@H]2CCCc3ccccc32)C1 |o1:3|,4.5934598195660445,6.46308,1,1,A71EV2A-x5052a
gnina_crystal,"NC(=O)[C@H]1CCC(=O)N([C@H](CC(F)(F)F)c2cc(Cl)cc(Cl)c2)C1 |&1:3,&2:9|",4.327996747928408,6.64671,1,1,A71EV2A-x5665a
gnina_crystal,NC(=O)[C@H]1CCC(=O)N([C@H]2CCCc3ccccc32)C1 |o1:3|,4.631937259138866,6.124935000000001,2,2,A71EV2A-x5210a; A71EV2A-x5210b
gnina_crystal,NC(=O)[C@H]1CCC(=O)N(c2cc3cnccc3c(F)c2F)C1 |&1:3|,4.801706220928761,6.50137,1,1,A71EV2A-x6714a
gnina_crystal,NC(=O)[C@H]1CCCN(C(=O)C(c2ccccc2)c2ccccc2)C1 |a:3|,5.179858685151659,6.50135,1,1,A71EV2A-x3982a
gnina_crystal,NC(=O)[C@H]1CCCN(C(=O)C2(O)CCSCC2)C1 |a:3|,4.388276691992658,5.32676,1,1,A71EV2A-x4708a
gnina_crystal,NC(=O)[C@H]1CCCN(C(=O)C2(c3ccoc3)CCC2)C1 |a:3|,4.618930913825583,6.11848,2,2,A71EV2A-x4514a; A71EV2A-x4575a
gnina_crystal,NC(=O)[C@H]1CCCN(C(=O)C2CCSCC2)C1 |a:3|,4.603800652904264,5.32539,1,1,A71EV2A-x4706a
gnina_crystal,NC(=O)[C@H]1CCCN(C(=O)CC2CSC2)C1 |a:3|,4.607306606035202,5.78175,1,1,A71EV2A-x4707a
gnina_crystal,NC(=O)[C@H]1CCCN(C(=O)Cc2cc(C(F)(F)F)ccc2C(F)(F)F)C1 |a:3|,3.806800765395556,6.50901,1,1,A71EV2A-x4381a
gnina_crystal,NC(=O)[C@H]1CCCN(C(=O)Cc2cc(C(F)(F)F)ccc2Cl)C1 |&1:3|,4.906948150425689,6.35613,1,1,A71EV2A-x3208a
gnina_crystal,NC(=O)[C@H]1CCCN(C(=O)Cc2cc3c(cc2Cl)OCCO3)C1 |a:3|,4.037176387439713,6.18091,2,2,A71EV2A-x4669a; A71EV2A-x4669b
gnina_crystal,NC(=O)[C@H]1CCCN(C(=O)Cc2ccc3c(c2)CCC(=O)N3)C1 |a:3|,4.349692476868063,5.86819,1,1,A71EV2A-x4320a
gnina_crystal,NC(=O)[C@H]1CCCN(C(=O)Cc2cccc(Cl)c2Cl)C1 |a:3|,4.065026720650614,6.56925,1,1,A71EV2A-x4336a
gnina_crystal,NC(=O)[C@H]1CCCN(C(=O)Cc2cccc3c2CCC3)C1 |a:3|,3.9502403164313615,6.39617,1,1,A71EV2A-x4344a
gnina_crystal,NC(=O)[C@H]1CCCN(C(=O)Cc2cccc3c2SCC3)C1 |a:3|,3.551812748385584,6.44726,1,1,A71EV2A-x5151a
gnina_crystal,NC(=O)[C@H]1CCCN(C(=O)Cc2cccc3cn[nH]c23)C1 |&1:3|,5.011185771310347,6.50127,1,1,A71EV2A-x3210a
gnina_crystal,NC(=O)[C@H]1CCCN(C(=O)Cc2cccc3ncsc23)C1 |a:3|,3.9648133085158968,6.78595,1,1,A71EV2A-x5221a
gnina_crystal,NC(=O)[C@H]1CCCN(C(=O)Cc2cccc3nsnc23)C1 |a:3|,4.492392502728005,6.70136,1,1,A71EV2A-x4463a
gnina_crystal,NC(=O)[C@H]1CCCN(C(=O)Cc2cccc3occc23)C1 |&1:3|,3.960269771303526,5.90942,1,1,A71EV2A-x3191a
gnina_crystal,NC(=O)[C@H]1CCCN(C(=O)Cc2cccc3sccc23)C1 |a:3|,3.9387751065420735,6.24591,1,1,A71EV2A-x4341a
gnina_crystal,NC(=O)[C@H]1CCCN(C(=O)Cc2ccccc2CO)C1 |a:3|,4.345773777137761,5.781124999999999,2,2,A71EV2A-x4374a; A71EV2A-x4374b
gnina_crystal,NC(=O)[C@H]1CCCN(C(=O)Cc2ccccc2CS(N)(=O)=O)C1 |a:3|,4.135380979941972,5.75146,1,1,A71EV2A-x4403a
gnina_crystal,NC(=O)[C@H]1CCCN(C(=O)Cc2ccccc2OC(F)F)C1 |a:3|,4.229666366474778,5.466,1,1,A71EV2A-x4319a
gnina_crystal,NC(=O)[C@H]1CCCN(C(=O)Cc2cccnc2Cl)C1 |a:3|,3.43690985073048,5.93959,2,2,A71EV2A-x5079a; A71EV2A-x5079b
gnina_crystal,NC(=O)[C@H]1CCCN(C(=O)Cc2cccnc2O)C1 |a:3|,5.153756287657022,5.41676,1,1,A71EV2A-x4372a
gnina_crystal,NC(=O)[C@H]1CCCN(C(=O)Cc2ccnc(Cl)c2Br)C1 |&1:3|,4.162204305054052,6.5135,1,1,A71EV2A-x3193a
gnina_crystal,NC(=O)[C@H]1CCCN(C(=O)Cc2ccnc(Cl)n2)C1 |a:3|,4.653647025549361,6.006819999999999,2,2,A71EV2A-x5213a; A71EV2A-x5213b
gnina_crystal,NC(=O)[C@H]1CCCN(C(=O)Cc2ccncc2Cl)C1 |a:3|,5.18523404082538,5.9822,1,1,A71EV2A-x4461a
gnina_crystal,NC(=O)[C@H]1CCCN(C(=O)Cc2ccsc2)C1 |&1:3|,4.589713631215067,5.637805,2,2,A71EV2A-x5425a; A71EV2A-x5425b
gnina_crystal,NC(=O)[C@H]1CCCN(C(=O)Cc2cncnc2Cl)C1 |a:3|,4.037630664329979,6.1080950000000005,2,2,A71EV2A-x5081a; A71EV2A-x5081b
gnina_crystal,NC(=O)[C@H]1CCCN(C(=O)Cc2ncc3ccc(Br)cn23)C1 |a:3|,4.424218724311264,6.7522625000000005,4,4,A71EV2A-x4519a; A71EV2A-x4519b; A71EV2A-x4580a; A71EV2A-x4580b
gnina_crystal,NC(=O)[C@H]1CCCN(C(=O)Cc2ncncc2Cl)C1 |a:3|,4.03673794170959,6.2262249999999995,2,2,A71EV2A-x4979a; A71EV2A-x4979b
gnina_crystal,NC(=O)[C@H]1CCCN(C(=O)Cn2cc(Br)cc(Cl)c2=O)C1 |a:3|,3.7253509633996433,6.13009,1,1,A71EV2A-x4540a
gnina_crystal,NC(=O)[C@H]1CCCN(C(=O)NCC2CC2)C1 |a:3|,5.064884396650843,5.77212,1,1,A71EV2A-x3417a
gnina_crystal,NC(=O)[C@H]1CCCN(C(=O)Nc2cc3c(cc2Cl)OCO3)C1 |a:3|,4.6271423700874985,5.98866,1,1,A71EV2A-x4308a
gnina_crystal,NC(=O)[C@H]1CCCN(C(=O)Nc2cccc3c2S(=O)(=O)CCC3)C1 |a:3|,4.616184634019569,6.56738,1,1,A71EV2A-x4654a
gnina_crystal,NC(=O)[C@H]1CCCN(C(=O)Nc2cccc3c2SCCC3)C1 |a:3|,4.5141394746468695,6.873833333333334,3,3,A71EV2A-x4674a; A71EV2A-x4674b; A71EV2A-x4674c
gnina_crystal,NC(=O)[C@H]1CCCN(C(=O)Nc2ccccc2F)C1 |a:3|,4.851286884122841,5.89756,1,1,A71EV2A-x3612a
gnina_crystal,NC(=O)[C@H]1CCCN(C(=O)Nc2ccccc2OCC(F)(F)F)C1 |a:3|,5.15661038833037,6.51128,1,1,A71EV2A-x4306a
gnina_crystal,NC(=O)[C@H]1CCCN(C(=O)Nc2ccccc2SC(F)F)C1 |a:3|,4.325140144305149,6.24829,1,1,A71EV2A-x4656a
gnina_crystal,NC(=O)[C@H]1CCCN(C(=O)OC2CCCCC2)C1 |a:3|,4.042264201974706,5.25895,1,1,A71EV2A-x5351a
gnina_crystal,NC(=O)[C@H]1CCCN(C(=O)[C@H](CN2CCCC2)c2ccccc2)C1 |&1:10|,5.024630533433036,6.54755,1,1,A71EV2A-x3975a
gnina_crystal,NC(=O)[C@H]1CCCN(C(=O)[C@H](Cc2ccc(F)cc2)c2ccccc2)C1 |&1:10|,5.478592246479633,6.6726325,4,4,A71EV2A-x4237a; A71EV2A-x4237b; A71EV2A-x4237c; A71EV2A-x4237d
gnina_crystal,NC(=O)[C@H]1CCCN(C(=O)[C@H](OCC2CCCC2)c2ccccc2)C1 |&1:10|,5.567003508658591,5.90813,1,1,A71EV2A-x3968a
gnina_crystal,NC(=O)[C@H]1CCCN(C(=O)[C@H](Sc2ccccc2)c2ccccc2)C1 |&1:10|,5.135488918941608,6.357514999999999,2,2,A71EV2A-x3986a; A71EV2A-x3986b
gnina_crystal,NC(=O)[C@H]1CCCN(C(=O)[C@H](c2ccccc2)n2cccn2)C1 |&1:10|,4.869666231504994,6.315215,2,2,A71EV2A-x4451a; A71EV2A-x4451b
gnina_crystal,"NC(=O)[C@H]1CCCN(C(=O)[C@H]2CCNc3[nH]ncc32)C1 |&1:3,&2:10|",5.556193958463214,6.05822,1,1,A71EV2A-x3218a
gnina_crystal,NC(=O)[C@H]1CCCN(C(=O)[C@H]2CCOc3ccc(Cl)cc32)C1 |&1:10|,5.28547334915742,6.40549,1,1,A71EV2A-x4260a
gnina_crystal,NC(=O)[C@H]1CCCN(C(=O)[C@H]2CCSc3ccccc32)C1 |o1:10|,4.826813731587726,6.54872,2,2,A71EV2A-x4943a; A71EV2A-x4943b
gnina_crystal,"NC(=O)[C@H]1CCCN(C(=O)[C@H]2CC[C@H]2c2ccc(Cl)cc2)C1 |&1:10,&2:13|",4.000869458712629,6.6121,1,1,A71EV2A-x5550a
gnina_crystal,NC(=O)[C@H]1CCCN(C(=O)[C@H]2CCc3cccc(Br)c32)C1 |&1:10|,4.479401524821051,6.683870000000001,2,2,A71EV2A-x4202a; A71EV2A-x4202b
gnina_crystal,NC(=O)[C@H]1CCCN(C(=O)[C@H]2CCc3cccc(O)c32)C1 |&1:10|,5.148337017678052,6.294454999999999,2,2,A71EV2A-x4456a; A71EV2A-x4456b
gnina_crystal,NC(=O)[C@H]1CCCN(C(=O)[C@H]2CCc3snnc32)C1 |&1:10|,4.667561540084395,5.53681,1,1,A71EV2A-x4472a
gnina_crystal,NC(=O)[C@H]1CCCN(C(=O)[C@H]2SCc3cccnc32)C1 |&1:10|,4.60382166833978,5.8248549999999994,2,2,A71EV2A-x4606a; A71EV2A-x4606b
gnina_crystal,"NC(=O)[C@H]1CCCN(C(=O)[C@]2(Cc3ccc(F)cc3)CCCCO2)C1 |&1:3,&2:10|",4.609064892896621,6.65404,1,1,A71EV2A-x4416a
gnina_crystal,NC(=O)[C@H]1CCCN(C(=O)c2ccnc3[nH]ncc23)C1 |&1:3|,4.787812395596042,5.78911,1,1,A71EV2A-x3223a
gnina_crystal,NC(=O)[C@H]1CCN(C(=O)Cc2c(Cl)cccc2Cl)C1 |&1:3|,4.7544873321858505,6.25434,1,1,A71EV2A-x5427a
gnina_crystal,NC(=O)[C@H]1CCN(C(=O)Cc2cc(C(F)(F)F)ccc2Cl)C1 |&1:3|,5.04901488179868,6.4654,1,1,A71EV2A-x3989a
gnina_crystal,NC(=O)[C@H]1CCN(C(=O)Cn2c(=O)sc3ccc(Cl)cc32)C1 |a:3|,4.001740661576301,6.671415,2,2,A71EV2A-x5824a; A71EV2A-x5824b
gnina_crystal,NC(=O)[C@H]1CCN(C(=O)Cn2cc(Br)cc(Cl)c2=O)C1 |a:3|,4.024899837282849,6.38506,1,1,A71EV2A-x5779a
gnina_crystal,NC(=O)[C@H]1CCN(C(=O)[C@H]2CCCN2C(=O)c2cccs2)C1 |&1:9|,5.012334272309165,6.69845,2,2,A71EV2A-x5705a; A71EV2A-x5705b
gnina_crystal,NC(=O)[C@H]1CCN(C(=O)[C@H]2CCOc3ccc(Cl)cc32)C1 |&1:9|,4.437172628708407,6.4174,1,1,A71EV2A-x5728a
gnina_crystal,NC(=O)[C@H]1CCN(C(=O)[C@H]2CSc3ccccc32)C1 |&1:9|,4.129009644321656,6.4034,1,1,A71EV2A-x5570a
gnina_crystal,"NC(=O)[C@H]1CCN(C(=O)[C@H]2SCCc3sccc32)C1 |&1:3,&2:9|",4.430090742898188,6.37122,1,1,A71EV2A-x5431a
gnina_crystal,"NC(=O)[C@H]1C[C@@H]2C[C@@H]2N(C(=O)Cc2ccccc2Cl)C1 |&1:3,5,7|",4.5796822958876815,6.26404,2,2,A71EV2A-x5802a; A71EV2A-x5802b
gnina_crystal,"NC(=O)[C@H]1C[C@H]2C[C@H]2N(C(=O)Cc2ccccc2Cl)C1 |&1:3,5,7|",4.476253533188435,6.29899,2,2,A71EV2A-x5798a; A71EV2A-x5798b
gnina_crystal,NC(=O)[C@]12CN(C(=O)Cc3ccccc3Cl)C[C@@H](C1)C2 |&1:3|,4.0045909104114665,6.48337,1,1,A71EV2A-x5277a
gnina_crystal,NC(=O)c1ccccc1CC(=O)N1CCC[C@H](C(N)=O)C1 |a:16|,3.660111973943557,6.6219,1,1,A71EV2A-x4840a
gnina_crystal,O=C(NCCc1cocn1)N1CCc2ccccc21,5.162973800773931,5.28497,1,1,A71EV2A-x3392a
gnina_crystal,O=C(NCCc1cocn1)c1ccccc1,5.093196163745395,4.07835,1,1,A71EV2A-x3435a
gnina_crystal_minimised,C#C[C@H](NCCc1cocn1)c1nn(C)c2ccccc12 |&1:2|,4.716801953096995,5.94499,1,1,A71EV2A-x4426a
gnina_crystal_minimised,"C#C[C@H]1CCCC[C@@H]1OC(=O)N1CCC[C@H](C(N)=O)C1 |o1:2,7|",4.011869615687259,5.59633,1,1,A71EV2A-x5747a
gnina_crystal_minimised,C#Cc1ccc(C)c(OC(=O)N2CCC[C@H](C(N)=O)C2)c1 |a:15|,3.8964015060220634,6.02276,1,1,A71EV2A-x5466a
gnina_crystal_minimised,C=C(C)c1cccc(SC)c1CC(=O)N1CCC[C@H](C(N)=O)C1 |a:18|,5.435913722030655,6.90418,1,1,A71EV2A-x6027a
gnina_crystal_minimised,C=CS(=O)(=O)N1CCC[C@H](C(N)=O)C1 |&1:9|,5.1938200260161125,4.72536,1,1,A71EV2A-x3408a
gnina_crystal_minimised,C=Cc1cccc(CC(=O)N2CCC[C@H](C(N)=O)C2)n1 |a:14|,5.099072631333438,5.860585,2,2,A71EV2A-x5015a; A71EV2A-x5015b
gnina_crystal_minimised,C=Cc1ccccc1CS(=O)(=O)N1CCC[C@H](C(N)=O)C1 |a:16|,4.5951662833800615,6.37122,1,1,A71EV2A-x5359a
gnina_crystal_minimised,CC(=O)Nc1cccc(NC(N)=O)c1,4.943095148663527,3.97169,1,1,A71EV2A-x2454a
gnina_crystal_minimised,CC(=O)Nc1ccccc1CC(=O)N1CCC[C@H](C(N)=O)C1 |a:17|,4.265200170411153,6.21798,1,1,A71EV2A-x4322a
gnina_crystal_minimised,CC(C)(C)c1ccccc1NC(=O)N1CCC[C@H](C(N)=O)C1 |a:17|,4.916961547867879,6.42633,1,1,A71EV2A-x4311a
gnina_crystal_minimised,CC(C)Oc1ccccc1NC(=O)N1CCC[C@H](C(N)=O)C1 |a:17|,4.877787213913532,6.482,1,1,A71EV2A-x4305a
gnina_crystal_minimised,"CC(C)[C@H](c1cc(Cl)cc(Br)c1)N1C[C@H](C(N)=O)CCC1=O |&1:3,&2:14|",4.564352412519983,6.99009,1,1,A71EV2A-x5868a
gnina_crystal_minimised,CCC(=O)N[C@H](C(=O)N1CC[C@H](C(N)=O)C1)c1ccccc1SC |&1:5|,4.556507378095548,6.99623,1,1,A71EV2A-x6853a
gnina_crystal_minimised,CCC1(CC)CCN(c2ncnc(SC)c2CC(=O)N2CCC[C@H](C(N)=O)C2)C1 |a:23|,6.266038858073333,7.17863,1,1,A71EV2A-x6738a
gnina_crystal_minimised,CCC1(CC)CN(c2ncnc(SC)c2CC(=O)N2CCC[C@H](C(N)=O)C2)CCS1(=O)=O |a:22|,6.0703717346625785,7.46438,1,1,A71EV2A-x7169a
gnina_crystal_minimised,CCCSc1cccc(OC)c1NC(=O)N1CCC[C@H](C(N)=O)C1 |a:19|,3.79526753551538,6.997965,2,2,A71EV2A-x5288a; A71EV2A-x5288b
gnina_crystal_minimised,CCN(CC1CC1)C(=O)c1cccc(CC(=O)N2CCC[C@H](C(N)=O)C2)c1 |a:21|,4.908336601699183,5.91855,1,1,A71EV2A-x3944a
gnina_crystal_minimised,CCN(c1ncnc(SC)c1CC(=O)N1CCC[C@H](C(N)=O)C1)C(C)C |a:18|,5.941351132986486,7.04098,1,1,A71EV2A-x7432a
gnina_crystal_minimised,CCOC(=O)N[C@H](C(=O)N1CC[C@H](C(N)=O)C1)c1ccccc1SC |o1:6|,4.606251898190906,6.65768,1,1,A71EV2A-x6844a
gnina_crystal_minimised,"CCS(=O)(=O)N1CCN(c2ncnc(SC)c2CC(=O)N2CCC[C@H](C(N)=O)C2)[C@H](C)C1 |a:24,29|",5.887521899626527,7.34317,1,1,A71EV2A-x7446a
gnina_crystal_minimised,CCS(=O)(=O)c1ccc(OC)c(NC(=O)N2CCC[C@H](C(N)=O)C2)c1 |a:19|,4.09366495819491,6.597185,2,2,A71EV2A-x4309a; A71EV2A-x4309b
gnina_crystal_minimised,"CC[C@@H]1CCCN1c1ncnc(SC)c1CC(=O)N1CCC[C@H](C(N)=O)C1 |a:2,22|",5.359471394334077,7.15699,2,2,A71EV2A-x7510a; A71EV2A-x7510b
gnina_crystal_minimised,"CC[C@@H]1CS[C@H](C(N)=O)CN1C(=O)Oc1cc(Br)ccc1SC |o1:2,5|",4.170150986564742,6.70284,1,1,A71EV2A-x7321a
gnina_crystal_minimised,"CC[C@H](c1cc(F)cc(Br)c1)N1C[C@H](C(N)=O)CCC1=O |&1:2,&2:13|",4.7121982700697735,6.50877,1,1,A71EV2A-x5699a
gnina_crystal_minimised,"CC[C@H](c1ccc(Cl)c(Cl)c1)N1C[C@H](C(N)=O)CCC1=O |&1:2,&2:13|",4.012372581165862,6.81175,1,1,A71EV2A-x5676a
gnina_crystal_minimised,"CC[C@H]1CCCN1c1ncnc(SC)c1CC(=O)N1CCC[C@H](C(N)=O)C1 |a:2,22|",7.302627133357621,6.9997,1,1,A71EV2A-x7011a
gnina_crystal_minimised,"CC[C@H]1CS[C@H](C(N)=O)CN1C(=O)Oc1cc(Br)ccc1SC |o1:2,5|",7.112683897314732,6.54992,1,1,A71EV2A-x7613a
gnina_crystal_minimised,CCc1ccsc1CN1C[C@H](C(N)=O)CCC1=O |&1:10|,4.668737062060432,5.95873,1,1,A71EV2A-x4954a
gnina_crystal_minimised,CCn1nccc1C(=O)N[C@H](C(=O)N1CC[C@H](C(N)=O)C1)c1ccccc1SC |&1:10|,4.197688573451602,7.58696,1,1,A71EV2A-x6945a
gnina_crystal_minimised,CN(C)C(=O)[C@@H](c1ccccc1)N1C[C@H](C(N)=O)CC1=O |o1:14|,4.003097753980533,6.3109,1,1,A71EV2A-x5497a
gnina_crystal_minimised,CN(C)S(=O)(=O)c1cccnc1,5.10745472442027,3.329175,2,2,A71EV2A-x2448a; A71EV2A-x2448b
gnina_crystal_minimised,CN1c2ccccc2C[C@H]1C(=O)N1CCC[C@H](C(N)=O)C1 |&1:9|,4.598941671349912,6.1697299999999995,2,2,A71EV2A-x4583a; A71EV2A-x4583b
gnina_crystal_minimised,"CNC(=O)[C@@H](c1cccc(C)c1)N1C[C@H](C(N)=O)CC1=O |&1:4,14|",4.596879478824183,6.44122,1,1,A71EV2A-x5317a
gnina_crystal_minimised,"CNC(=O)[C@@H]1CCN1c1ncnc(SC)c1CC(=O)N1CCC[C@H](C(N)=O)C1 |a:4,23|",5.553061207453266,7.01827,1,1,A71EV2A-x7297a
gnina_crystal_minimised,CNC(=O)c1cn(C)c2ccccc12,4.822826736702125,4.54984,1,1,A71EV2A-x3066a
gnina_crystal_minimised,CNC(=O)c1nn(C)c2ccccc12,5.376184576266073,4.49228,1,1,A71EV2A-x2290a
gnina_crystal_minimised,CNC(=O)c1oc2ccccc2c1CN1C[C@H](C(N)=O)CCC1=O |&1:16|,4.027340564735919,6.54049,1,1,A71EV2A-x5226a
gnina_crystal_minimised,CNS(=O)(=O)c1ccccc1Cl,6.034867358576641,3.08463,1,1,A71EV2A-x2458a
gnina_crystal_minimised,CNc1ncnc(SC)c1CC(=O)N1CCC[C@H](C(N)=O)C1 |a:17|,5.471985787685622,6.68984,1,1,A71EV2A-x6021a
gnina_crystal_minimised,COC(=O)N1CCCN(c2ncnc(SC)c2CC(=O)N2CCC[C@H](C(N)=O)C2)CC1 |a:24|,5.745487997043694,7.31493,1,1,A71EV2A-x7018a
gnina_crystal_minimised,"COC(=O)N[C@H]1CCN(c2ncnc(SC)c2CC(=O)N2CCC[C@H](C(N)=O)C2)C1 |a:5,24|",7.272545074821092,7.25458,1,1,A71EV2A-x7589a
gnina_crystal_minimised,COCC(=O)Nc1c(Cl)cc(C)cc1OCc1ncccn1,4.858392228943246,4.343395,2,2,A71EV2A-x3522a; A71EV2A-x3522b
gnina_crystal_minimised,COCC(=O)Nc1c(Cl)cc(C)cc1Oc1cccc(C(N)=O)c1,4.822657723022635,6.3826,1,1,A71EV2A-x3488a
gnina_crystal_minimised,"COC[C@@H]1CCCN1c1ncnc(SC)c1CC(=O)N1CCC[C@H](C(N)=O)C1 |a:3,23|",5.028984985837811,7.07046,1,1,A71EV2A-x7161a
gnina_crystal_minimised,"COC[C@@H]1CCN1c1ncnc(SC)c1CC(=O)N1CCC[C@H](C(N)=O)C1 |a:3,22|",5.357972475219064,7.0300899999999995,2,2,A71EV2A-x7353a; A71EV2A-x7353b
gnina_crystal_minimised,"COC[C@@]1(C)C[C@H](C(N)=O)CN1C(=O)Cc1cc(Br)ccc1SC |&1:3,6|",5.510062512868513,6.89375,1,1,A71EV2A-x5398a
gnina_crystal_minimised,COC[C@H](C)NC(=O)c1nn(C)c2ccccc12 |&1:3|,4.747146969020107,4.95432,1,1,A71EV2A-x3176a
gnina_crystal_minimised,"COC[C@H]1CCCN1c1ncnc(SC)c1CC(=O)N1CCC[C@H](C(N)=O)C1 |a:3,23|",7.197280846039433,7.02279,1,1,A71EV2A-x7175a
gnina_crystal_minimised,"COC[C@H]1CC[C@H](C(N)=O)CN1C(=O)Cc1ccccc1SC |o1:3,6|",4.011460574435142,6.59408,1,1,A71EV2A-x5488a
gnina_crystal_minimised,"COC[C@]1(C(=O)N2CCC[C@H](C(N)=O)C2)CCCCO1 |&1:3,&2:10|",6.0,5.43654,1,1,A71EV2A-x3936a
gnina_crystal_minimised,COC[C@]12C[C@@](C(N)=O)(CN1C(=O)Cc1ccccc1OC)C2 |o1:3|,4.028724151261895,6.550105,2,2,A71EV2A-x4963a; A71EV2A-x4963b
gnina_crystal_minimised,COCc1ccccc1CC(=O)N1CCC[C@H](C(N)=O)C1 |a:16|,4.576757218249551,5.88348,1,1,A71EV2A-x4368a
gnina_crystal_minimised,COCc1ccccc1NC(=O)N1CCC[C@H](C(N)=O)C1 |a:16|,4.816470464384151,6.07907,1,1,A71EV2A-x3483a
gnina_crystal_minimised,"CO[C@@H]1CCCN(c2ncnc(SC)c2CC(=O)N2CCC[C@H](C(N)=O)C2)C1 |a:2,22|",6.170052776781682,7.12018,1,1,A71EV2A-x7238a
gnina_crystal_minimised,CO[C@H](C(=O)N1CCC[C@H](C(N)=O)C1)c1ccccc1C |&1:2|,4.928117992693875,5.89552,1,1,A71EV2A-x3939a
gnina_crystal_minimised,"CO[C@H](C(=O)N1CCC[C@H](C(N)=O)C1)c1cccnc1 |&1:2,&2:9|",4.227015096629662,5.31207,1,1,A71EV2A-x3937a
gnina_crystal_minimised,COc1c(NC(=O)N2CCC[C@H](C(N)=O)C2)cccc1C(F)(F)F |a:11|,5.032452023781138,6.45552,2,2,A71EV2A-x4310a; A71EV2A-x4310b
gnina_crystal_minimised,COc1cc(Br)c(CC(=O)N2CCC[C@H](C(N)=O)C2)cc1OC |a:14|,3.720229830921272,6.24775,1,1,A71EV2A-x4845a
gnina_crystal_minimised,COc1cc(Cl)ccc1CC(=O)N1CCC[C@H](C(N)=O)C1 |a:16|,4.018634490921456,5.90883,1,1,A71EV2A-x4203a
gnina_crystal_minimised,COc1cc(NC(=O)C[C@H](C)C(F)(F)F)n(C)n1 |&1:9|,4.632048101200719,3.93935,2,2,A71EV2A-x1445a; A71EV2A-x1445b
gnina_crystal_minimised,COc1ccc(C(F)(F)F)cc1CC(=O)N1CCC[C@H](C(N)=O)C1 |a:19|,4.449959375475284,6.00822,1,1,A71EV2A-x4028a
gnina_crystal_minimised,COc1ccc(C(F)(F)F)cc1CC(=O)N1CCS[C@H](C(N)=O)C1 |o1:19|,4.828494707777949,6.45772,1,1,A71EV2A-x4778a
gnina_crystal_minimised,COc1ccc(C(F)(F)F)cc1N(C)C(=O)N1CCC[C@H](C(N)=O)C1 |a:20|,4.561127532480804,6.50351,1,1,A71EV2A-x4843a
gnina_crystal_minimised,COc1ccc(C(F)(F)F)cc1NC(=O)N1CCC[C@H](C(N)=O)C1 |a:19|,4.069229199277436,6.47833,1,1,A71EV2A-x4429a
gnina_crystal_minimised,COc1ccc(CC(=O)N2CCC[C@H](C(N)=O)C2)c(OC)c1 |a:13|,4.635207042042172,5.88965,2,2,A71EV2A-x3557a; A71EV2A-x3557b
gnina_crystal_minimised,COc1ccc(Cl)c2c1C(=O)C(=O)N2,4.628932137728264,3.94401,1,1,A71EV2A-x2513a
gnina_crystal_minimised,COc1ccc(Cl)cc1CC(=O)N1CCC[C@H](C(N)=O)C1 |a:16|,4.727236212379233,5.73571,1,1,A71EV2A-x3940a
gnina_crystal_minimised,COc1ccc(Cl)cc1NS(=O)(=O)N1CCC[C@H](C(N)=O)C1 |a:17|,3.989247537499024,6.63406,1,1,A71EV2A-x5278a
gnina_crystal_minimised,COc1ccc(Cl)cc1OC(=O)N1CCC[C@H](C(N)=O)C1 |a:16|,5.262803072736122,5.6043125,4,4,A71EV2A-x4829a; A71EV2A-x4829b; A71EV2A-x4903a; A71EV2A-x4903b
gnina_crystal_minimised,COc1ccc(F)cc1CC(=O)N1CCC[C@H](C(N)=O)C1 |a:16|,4.2094239507757765,5.88195,1,1,A71EV2A-x3546a
gnina_crystal_minimised,COc1ccc2c(n1)[C@H](C(=O)N1CCC[C@H](C(N)=O)C1)CC2 |&1:8|,4.452380443994761,6.46436,1,1,A71EV2A-x3954a
gnina_crystal_minimised,COc1cccc(CN2C[C@H](C(N)=O)CCC2=O)c1 |&1:10|,4.608183969818477,5.767605,2,2,A71EV2A-x5036a; A71EV2A-x5036b
gnina_crystal_minimised,COc1cccc(Cl)c1CC(=O)N1CCC[C@@H](C(N)=O)C1 |a:16|,4.620456050805198,6.179645000000001,2,2,A71EV2A-x3858a; A71EV2A-x3858b
gnina_crystal_minimised,COc1cccc(Cl)c1CC(=O)N1CCC[C@H](C(N)=O)C1 |a:16|,4.78560502978966,6.28993,1,1,A71EV2A-x3942a
gnina_crystal_minimised,COc1cccc(Cl)c1CC(=O)N1CCC[C@H](C(N)=O)C1 |o1:16|,4.37828501116997,5.85781,1,1,A71EV2A-x4209a
gnina_crystal_minimised,"COc1cccc(Cl)c1CC(=O)N1C[C@H](C(N)=O)C[C@H](C(=O)NC2CC2)C1 |o1:14,19|",4.899323290233971,6.806755,2,2,A71EV2A-x3993a; A71EV2A-x3993b
gnina_crystal_minimised,"COc1cccc(Cl)c1CC(=O)N1C[C@H](C(N)=O)[C@H]2CCC[C@H]21 |&1:14,&2:18,22|",4.819608655063361,6.6588,1,1,A71EV2A-x4239a
gnina_crystal_minimised,COc1cccc(Cl)c1NC(=O)N1CCC[C@H](C(N)=O)C1 |a:16|,4.465918205168407,6.52448,2,2,A71EV2A-x4035a; A71EV2A-x4035b
gnina_crystal_minimised,COc1cccc(Cl)c1NC(=O)N1CC[C@H](C(N)=O)C1 |a:15|,4.612119831707907,6.5903849999999995,2,2,A71EV2A-x3992a; A71EV2A-x3992b
gnina_crystal_minimised,COc1cccc(NC(=O)N2CCC[C@H](C(N)=O)C2)c1 |a:14|,4.956109291095229,5.92304,1,1,A71EV2A-x3485a
gnina_crystal_minimised,COc1cccc(NC(=O)N2CCC[C@H](C(N)=O)C2)c1Cl |a:14|,4.612661045864782,6.388273333333333,3,3,A71EV2A-x4524a; A71EV2A-x4873a; A71EV2A-x4873b
gnina_crystal_minimised,COc1cccc(NC(=O)N2CCC[C@H](C(N)=O)C2)n1 |a:14|,5.072431269429168,6.0206,1,1,A71EV2A-x4298a
gnina_crystal_minimised,COc1cccc(SC(C)C)c1NC(=O)N1CCC[C@H](C(N)=O)C1 |a:19|,5.313218576201494,7.002000000000001,2,2,A71EV2A-x5289a; A71EV2A-x5289b
gnina_crystal_minimised,COc1cccc(SC)c1NC(=O)N1CCC[C@H](C(N)=O)C1 |a:17|,5.161195917717353,6.01474,1,1,A71EV2A-x4554a
gnina_crystal_minimised,"COc1cccc2c1CC[C@H]2N1C[C@H](C(N)=O)CCC1=O |&1:10,&2:13|",4.789637072991269,4.8592,1,1,A71EV2A-x4316a
gnina_crystal_minimised,COc1cccc2c1N(C(=O)N1CCC[C@H](C(N)=O)C1)CCS2 |a:15|,4.29598340377612,6.57592,1,1,A71EV2A-x5389a
gnina_crystal_minimised,COc1ccccc1CC(=O)N(C)CCC(N)=O,4.935542010773082,5.09364,1,1,A71EV2A-x3977a
gnina_crystal_minimised,COc1ccccc1CC(=O)N1CCCC[C@H](C(N)=O)C1 |&1:16|,4.952204384072568,6.06893,2,2,A71EV2A-x3571a; A71EV2A-x3571b
gnina_crystal_minimised,COc1ccccc1CC(=O)N1CCC[C@H](C(N)=O)C1 |&1:15|,4.128427064454121,5.92191,1,1,A71EV2A-x3186a
gnina_crystal_minimised,COc1ccccc1CC(=O)N1CCC[C@H](C(N)=O)CC1 |&1:15|,4.952188702489189,6.301375,2,2,A71EV2A-x4018a; A71EV2A-x4018b
gnina_crystal_minimised,COc1ccccc1CC(=O)N1CCN[C@H](C(N)=O)C1 |&1:15|,5.622664040174432,6.39912,1,1,A71EV2A-x3901a
gnina_crystal_minimised,COc1ccccc1CC(=O)N1CCO[C@@H](C(N)=O)C1 |a:15|,4.615695746966642,5.54391,1,1,A71EV2A-x3663a
gnina_crystal_minimised,COc1ccccc1CC(=O)N1CC[C@@H](O)C1 |a:14|,4.951406063714552,4.33868,1,1,A71EV2A-x3621a
gnina_crystal_minimised,COc1ccccc1CC(=O)N1CC[C@H](CC(N)=O)C1 |&1:14|,5.055150304924533,5.7359425,4,4,A71EV2A-x3694a; A71EV2A-x3694b; A71EV2A-x4032a; A71EV2A-x4032b
gnina_crystal_minimised,COc1ccccc1CC(=O)N1CC[C@H](NC(N)=O)C1 |&1:14|,5.056011124926228,6.01751,1,1,A71EV2A-x3685a
gnina_crystal_minimised,COc1ccccc1CC(=O)N1C[C@H](C(N)=O)CC(F)(F)C1 |&1:13|,5.41096889227547,6.32503,1,1,A71EV2A-x3665a
gnina_crystal_minimised,"COc1ccccc1CC(=O)N1C[C@H](C(N)=O)CC[C@@H]1C |&1:13,19|",4.411260481653311,6.05719,1,1,A71EV2A-x3550a
gnina_crystal_minimised,"COc1ccccc1CC(=O)N1C[C@H](C(N)=O)[C@@H](C(F)(F)F)C1 |&1:13,17|",5.110698297493689,5.96536,1,1,A71EV2A-x3990a
gnina_crystal_minimised,"COc1ccccc1CC(=O)N1C[C@H](C)[C@@H](C(N)=O)C1 |&1:13,15|",5.303920706565589,5.81586,1,1,A71EV2A-x3634a
gnina_crystal_minimised,"COc1ccccc1CC(=O)N1C[C@]2(C(N)=O)CC[C@H]1C2 |a:13,19|",4.621697158125564,6.124,1,1,A71EV2A-x4476a
gnina_crystal_minimised,COc1ccccc1CCN1C[C@H](C(N)=O)CC1=O |&1:12|,5.044970753420985,5.29614,1,1,A71EV2A-x3956a
gnina_crystal_minimised,COc1ccccc1CN1C[C@H](C(N)=O)CC1=O |&1:11|,4.62709189585908,5.80138,1,1,A71EV2A-x3895a
gnina_crystal_minimised,COc1ccccc1CN1C[C@H](C(N)=O)CCC1=O |&1:11|,4.956855685489159,5.7960449999999994,2,2,A71EV2A-x3579a; A71EV2A-x4029a
gnina_crystal_minimised,COc1ccccc1NC(=O)Nc1cccnc1,4.740875707793589,5.15423,1,1,A71EV2A-x2629a
gnina_crystal_minimised,COc1ccccc1S(=O)(=O)N1CCC[C@H](C(N)=O)C1 |a:15|,5.161780778092374,5.523375,2,2,A71EV2A-x4214a; A71EV2A-x4214b
gnina_crystal_minimised,COc1ccccc1[C@H](C)C(=O)N1CCC[C@H](C(N)=O)C1 |o1:8|,5.415903931859735,5.77368,2,2,A71EV2A-x4445a; A71EV2A-x4445b
gnina_crystal_minimised,"COc1ccccc1[C@H](C)CN1C[C@H](C(N)=O)CC1=O |&1:8,&2:13|",4.917407524166997,6.22891,1,1,A71EV2A-x4313a
gnina_crystal_minimised,"COc1ccccc1[C@H](C)N1C[C@H](C(N)=O)CCC1=O |&1:8,&2:12|",5.565980102355844,5.99075,1,1,A71EV2A-x4661a
gnina_crystal_minimised,COc1ccccc1[C@H](N)C(=O)N1CCC[C@H](C(N)=O)C1 |o1:8|,5.349983835684398,5.9117,1,1,A71EV2A-x3890a
gnina_crystal_minimised,COc1ccccc1[C@H](NC(=O)OC(C)(C)C)C(=O)N1CCC[C@H](C(N)=O)C1 |o1:8|,4.930769702637148,6.61303,2,2,A71EV2A-x3884a; A71EV2A-x3884b
gnina_crystal_minimised,COc1ccccc1[C@H](NC(C)=O)C(=O)N1CCC[C@H](C(N)=O)C1 |o1:8|,5.238439218136987,6.414155,4,4,A71EV2A-x4207a; A71EV2A-x4207b; A71EV2A-x4449a; A71EV2A-x4449b
gnina_crystal_minimised,"COc1ccccc1[C@H](O)CN1C[C@H](C(N)=O)CC1=O |&1:8,&2:13|",5.276902343492681,5.13858,1,1,A71EV2A-x4295a
gnina_crystal_minimised,"COc1ccccc1[C@H](O)CN1C[C@H](C(N)=O)CCC1=O |&1:8,&2:13|",5.212129340035951,5.81444,1,1,A71EV2A-x4406a
gnina_crystal_minimised,COc1ccccc1[C@H](OC)C(=O)N1CCC[C@H](C(N)=O)C1 |o1:8|,5.523700643055132,5.729855,2,2,A71EV2A-x3862a; A71EV2A-x3883a
gnina_crystal_minimised,COc1cccnc1CC(=O)N1CCC[C@H](C(N)=O)C1 |a:15|,4.648165195719463,5.6928149999999995,2,2,A71EV2A-x4283a; A71EV2A-x4283b
gnina_crystal_minimised,COc1cccnc1CN1CCC[C@H](C(N)=O)C1 |a:13|,5.576653344896242,5.78155,2,2,A71EV2A-x4274a; A71EV2A-x4274b
gnina_crystal_minimised,COc1ccncc1CC(=O)N1CCC[C@H](C(N)=O)C1 |&1:15|,4.443671499997475,5.73778,1,1,A71EV2A-x3229a
gnina_crystal_minimised,COc1ccncc1CC(=O)N1CCC[C@H](C(N)=O)C1 |a:15|,4.7516996536545095,5.89726,1,1,A71EV2A-x3548a
gnina_crystal_minimised,COc1ncc(-c2ccc(SC)c(CC(=O)N3CCC[C@H](C(N)=O)C3)c2)cc1C#N |a:20|,5.612933991649193,7.37428,1,1,A71EV2A-x5877a
gnina_crystal_minimised,COc1ncc(Br)cc1CC(=O)N1CCC[C@H](C(N)=O)C1 |a:16|,4.832067775571805,6.11507,1,1,A71EV2A-x4388a
gnina_crystal_minimised,COc1ncccc1-c1ccc(SC)c(CC(=O)N2CCC[C@H](C(N)=O)C2)c1 |a:22|,5.926316446103106,7.11169,1,1,A71EV2A-x6736a
gnina_crystal_minimised,COc1ncccc1CC(=O)N1CCC[C@H](C(N)=O)C1 |&1:15|,4.324153048333832,6.17201,1,1,A71EV2A-x3201a
gnina_crystal_minimised,COc1ncccc1CC(=O)N1CCC[C@H](C(N)=O)C1 |a:15|,4.286509456906058,5.85399,1,1,A71EV2A-x4347a
gnina_crystal_minimised,COc1ncccc1CC(=O)N1CCC[C@H](C(N)=O)C1 |o1:15|,4.939681121858298,5.79924,2,2,A71EV2A-x3849a; A71EV2A-x3869a
gnina_crystal_minimised,COc1ncccc1NC(=O)N1CCC[C@H](C(N)=O)C1 |a:15|,4.487273331768478,6.0097000000000005,2,2,A71EV2A-x4031a; A71EV2A-x4031b
gnina_crystal_minimised,COc1ncccc1NC(=O)N1CC[C@H](C(N)=O)C1 |a:14|,4.618016608302379,5.37634,1,1,A71EV2A-x4418a
gnina_crystal_minimised,COc1ncccc1NS(=O)(=O)N1CCC[C@H](C(N)=O)C1 |a:16|,4.601213898998983,6.0377,2,2,A71EV2A-x4899a; A71EV2A-x4899b
gnina_crystal_minimised,CS(=O)(=O)c1ccccc1CC(=O)N1CCC[C@H](C(N)=O)C1 |a:17|,4.018181392829336,6.22495,1,1,A71EV2A-x4675a
gnina_crystal_minimised,CSCC1(CC(=O)N2CCC[C@H](C(N)=O)C2)CC1 |a:11|,4.0270354434741735,5.63665,1,1,A71EV2A-x4701a
gnina_crystal_minimised,"CSC[C@H]1C[C@H]1C(=O)N1CCC[C@H](C(N)=O)C1 |&1:3,5|",4.808721339045607,5.40902,1,1,A71EV2A-x4736a
gnina_crystal_minimised,"CS[C@@H]1CCCC[C@H]1OC(=O)N1CCC[C@H](C(N)=O)C1 |o1:2,7|",3.5961527992975952,5.58805,1,1,A71EV2A-x5231a
gnina_crystal_minimised,CSc1c(Br)cccc1CC(=O)N1CCC[C@H](C(N)=O)C1 |a:16|,4.472492797097293,6.58418,1,1,A71EV2A-x4290a
gnina_crystal_minimised,CSc1c(F)cccc1NC(=O)N1CCC[C@H](C(N)=O)C1 |a:16|,4.319967775442991,6.93723,1,1,A71EV2A-x4851a
gnina_crystal_minimised,CSc1c(NC(=O)N2CCC[C@H](C(N)=O)C2)c(C)nn1C |a:11|,4.6073172842698655,6.25161,1,1,A71EV2A-x4727a
gnina_crystal_minimised,CSc1ccc(-c2cc(C#N)ncc2F)cc1CC(=O)N1CCC[C@H](C(N)=O)C1 |a:24|,5.682717212000788,7.30652,1,1,A71EV2A-x6769a
gnina_crystal_minimised,CSc1ccc(-c2cc(C)c(=O)n(C)c2)cc1CC(=O)N1CCC[C@H](C(N)=O)C1 |a:24|,6.031014087429405,7.079594999999999,2,2,A71EV2A-x5879a; A71EV2A-x5879b
gnina_crystal_minimised,CSc1ccc(-c2cc(C)nn2C)cc1OC(=O)N1CCC[C@H](C(N)=O)C1 |a:22|,5.436862866226505,6.60423,1,1,A71EV2A-x7260a
gnina_crystal_minimised,CSc1ccc(-c2cc[nH]n2)cc1CC(=O)N1CCC[C@H](C(N)=O)C1 |a:20|,5.955905430140241,6.66842,2,2,A71EV2A-x5525a; A71EV2A-x5525b
gnina_crystal_minimised,"CSc1ccc(-c2cc[nH]n2)cc1CC(=O)N1C[C@H](C(N)=O)C[C@H]2C[C@H]21 |&1:18,23,25|",6.340503680200894,7.07896,2,2,A71EV2A-x7576a; A71EV2A-x7576b
gnina_crystal_minimised,CSc1ccc(-c2cc[nH]n2)cc1OC(=O)N1CCC[C@H](C(N)=O)C1 |a:20|,6.343392058545723,6.41391,1,1,A71EV2A-x7597a
gnina_crystal_minimised,CSc1ccc(-c2ccc(N3CCN(C)CC3)nc2)cc1OC(=O)N1CCC[C@H](C(N)=O)C1 |a:28|,6.646304383229654,7.04337,1,1,A71EV2A-x7261a
gnina_crystal_minimised,CSc1ccc(-c2cccc3cnn(C)c23)cc1CC(=O)N1CCC[C@H](C(N)=O)C1 |a:25|,4.852511447271943,7.39592,1,1,A71EV2A-x6025a
gnina_crystal_minimised,CSc1ccc(-c2ccccc2)cc1CC(=O)N1CCC[C@H](C(N)=O)C1 |a:21|,5.7575850142068425,6.84257,1,1,A71EV2A-x5526a
gnina_crystal_minimised,CSc1ccc(-c2ccccn2)cc1OC(=O)N1CCC[C@H](C(N)=O)C1 |a:21|,6.363385275343752,6.42631,1,1,A71EV2A-x7442a
gnina_crystal_minimised,"CSc1ccc(-c2ccccn2)cc1OC(=O)N1C[C@H](C(N)=O)C[C@H]2C[C@H]21 |&1:19,24,26|",6.770247859071493,6.96347,2,2,A71EV2A-x7350a; A71EV2A-x7350b
gnina_crystal_minimised,"CSc1ccc(-c2cccnc2)cc1OC(=O)N1C[C@H](C(N)=O)C[C@@H]2C[C@@H]21 |&1:19,24,26|",6.025403843721281,6.67727,1,1,A71EV2A-x7032a
gnina_crystal_minimised,"CSc1ccc(-c2cccnc2)cc1OC(=O)N1C[C@H](C(N)=O)C[C@H]2C[C@H]21 |&1:19,24,26|",6.615017621163278,6.75672,1,1,A71EV2A-x7070a
gnina_crystal_minimised,CSc1ccc(-c2cccnc2C(C)C)cc1CC(=O)N1CCC[C@H](C(N)=O)C1 |a:24|,5.633026106559719,7.56731,1,1,A71EV2A-x6778a
gnina_crystal_minimised,CSc1ccc(-c2cccnc2N)cc1OC(=O)N1CCC[C@H](C(N)=O)C1 |a:22|,6.467825319983038,6.48888,2,2,A71EV2A-x7301a; A71EV2A-x7301b
gnina_crystal_minimised,CSc1ccc(-c2ccnc(N(C)C)c2)cc1CC(=O)N1CCC[C@H](C(N)=O)C1 |a:24|,6.212710086334884,7.39447,1,1,A71EV2A-x6791a
gnina_crystal_minimised,CSc1ccc(-c2ccncc2)cc1CC(=O)N1CCC[C@H](C(N)=O)C1 |a:21|,5.983523026568097,6.7874,1,1,A71EV2A-x5509a
gnina_crystal_minimised,"CSc1ccc(-c2ccncc2)cc1CC(=O)N1C[C@H](C(N)=O)C[C@H]2C[C@H]21 |&1:19,24,26|",6.743785006270056,7.12616,1,1,A71EV2A-x7256a
gnina_crystal_minimised,"CSc1ccc(-c2ccncc2)cc1CC(=O)N1C[C@H](C(N)=O)C[C@H]2C[C@H]21 |o1:19,24,26|",4.917388969413124,6.98465,1,1,A71EV2A-x7445a
gnina_crystal_minimised,"CSc1ccc(-c2ccncc2)cc1NC(=O)N1C[C@H](C(N)=O)C[C@H]2C[C@H]21 |&1:19,24,26|",5.742028204896328,7.36033,1,1,A71EV2A-x6746a
gnina_crystal_minimised,"CSc1ccc(-c2ccncc2)cc1OC(=O)N1C[C@H](C(N)=O)C[C@H]2C[C@H]21 |&1:19,24,26|",6.058389757043434,6.93281,1,1,A71EV2A-x7184a
gnina_crystal_minimised,CSc1ccc(-c2ccnn2C(C)(C)C)cc1OC(=O)N1CCC[C@H](C(N)=O)C1 |a:24|,4.912085112444354,6.805365,2,2,A71EV2A-x7167a; A71EV2A-x7167b
gnina_crystal_minimised,"CSc1ccc(-c2ccnn2C2CCC2)cc1OC(=O)N1C[C@H](C(N)=O)C[C@H]2C[C@H]21 |&1:22,27,29|",6.6437811411974925,7.29717,1,1,A71EV2A-x7044a
gnina_crystal_minimised,"CSc1ccc(-c2cn[nH]c2)cc1CC(=O)N1C[C@H](C(N)=O)C[C@H]2C[C@H]21 |&1:18,23,25|",6.438312682607372,6.91769,1,1,A71EV2A-x5836a
gnina_crystal_minimised,"CSc1ccc(-c2cn[nH]c2)cc1OC(=O)N1C[C@H](C(N)=O)C[C@@H]2C[C@@H]21 |&1:18,23,25|",5.626220997937759,6.7555,1,1,A71EV2A-x7379a
gnina_crystal_minimised,"CSc1ccc(-c2cn[nH]c2)cc1OC(=O)N1C[C@H](C(N)=O)C[C@H]2C[C@H]21 |&1:18,23,25|",6.775141043530828,6.75214,1,1,A71EV2A-x7323a
gnina_crystal_minimised,CSc1ccc(-c2cncc(C)c2C)cc1CC(=O)N1CCC[C@H](C(N)=O)C1 |a:23|,5.401951923140469,7.31781,1,1,A71EV2A-x6032a
gnina_crystal_minimised,CSc1ccc(-c2cncc(S(C)(=O)=O)c2)cc1CC(=O)N1CCC[C@H](C(N)=O)C1 |a:25|,5.687762124194347,7.371005,2,2,A71EV2A-x6948a; A71EV2A-x6948b
gnina_crystal_minimised,CSc1ccc(-c2cncc3ccccc23)cc1CC(=O)N1CCC[C@H](C(N)=O)C1 |a:25|,5.484126156288321,7.3654,1,1,A71EV2A-x6035a
gnina_crystal_minimised,"CSc1ccc(-c2cnco2)cc1OC(=O)N1C[C@H](C(N)=O)C[C@H]2C[C@H]21 |&1:18,23,25|",6.622961397710664,6.7336,1,1,A71EV2A-x7002a
gnina_crystal_minimised,"CSc1ccc(-c2cnn[nH]2)cc1OC(=O)N1C[C@H](C(N)=O)C[C@H]2C[C@H]21 |&1:18,23,25|",6.821074156272469,6.71247,1,1,A71EV2A-x7410a
gnina_crystal_minimised,CSc1ccc(-c2cnnn2C)cc1CC(=O)N1CCC[C@H](C(N)=O)C1 |a:21|,5.437915347454481,6.95796,1,1,A71EV2A-x6925a
gnina_crystal_minimised,CSc1ccc(-c2csc(C(F)F)c2)cc1CC(=O)N1CCC[C@H](C(N)=O)C1 |a:23|,6.104588372500485,7.17095,1,1,A71EV2A-x5864a
gnina_crystal_minimised,"CSc1ccc(-c2ocnc2C)cc1OC(=O)N1C[C@H](C(N)=O)C[C@H]2C[C@H]21 |&1:19,24,26|",5.964275769895213,6.79407,1,1,A71EV2A-x7287a
gnina_crystal_minimised,CSc1ccc(-n2cccn2)cc1CC(=O)N1CCC[C@H](C(N)=O)C1 |a:20|,6.017614181634599,6.65014,1,1,A71EV2A-x5604a
gnina_crystal_minimised,CSc1ccc(-n2ccnc2)cc1CC(=O)N1CCC[C@H](C(N)=O)C1 |a:20|,5.816743356703912,6.53964,1,1,A71EV2A-x5833a
gnina_crystal_minimised,CSc1ccc(Br)cc1CC(=O)N1CCC[C@H](C(N)=O)C1 |a:16|,6.504803930407411,6.44679,1,1,A71EV2A-x4431a
gnina_crystal_minimised,CSc1ccc(Br)cc1CC(=O)N1CCC[C@H](C(N)=O)CC1 |&1:16|,4.084730020129478,6.93726,2,2,A71EV2A-x5203a; A71EV2A-x5203b
gnina_crystal_minimised,"CSc1ccc(Br)cc1CC(=O)N1CCC[C@H](C(N)=O)[C@@H]1C |o1:16,20|",4.01122507362837,7.04057,1,1,A71EV2A-x5494a
gnina_crystal_minimised,CSc1ccc(Br)cc1CC(=O)N1CC[C@H](C(N)=O)C1 |a:15|,4.166573738364501,6.5446,1,1,A71EV2A-x4856a
gnina_crystal_minimised,"CSc1ccc(Br)cc1CC(=O)N1C[C@H](C(N)=O)CC[C@@H]1C |o1:14,20|",5.370420577541523,6.74508,2,2,A71EV2A-x5247a; A71EV2A-x5247b
gnina_crystal_minimised,"CSc1ccc(Br)cc1CC(=O)N1C[C@H](C(N)=O)CC[C@H]1C |o1:14,20|",5.163175522827518,6.7319875,4,4,A71EV2A-x5339a; A71EV2A-x5339b; A71EV2A-x5366a; A71EV2A-x5366b
gnina_crystal_minimised,"CSc1ccc(Br)cc1CC(=O)N1C[C@H](C(N)=O)[C@H]2C[C@H]21 |o1:14,18,20|",4.590066876668706,6.58691,1,1,A71EV2A-x7359a
gnina_crystal_minimised,"CSc1ccc(Br)cc1CC(=O)N1[C@H]2CC[C@H](C(N)=O)[C@@H]1CC2 |o1:13,16,20|",4.022734028686543,6.79216,2,2,A71EV2A-x5758a; A71EV2A-x5758b
gnina_crystal_minimised,"CSc1ccc(Br)cc1OC(=O)N1C[C@H](C(N)=O)CC[C@@H]1C |o1:14,20|",4.757850080326607,6.378995,2,2,A71EV2A-x5819a; A71EV2A-x5819b
gnina_crystal_minimised,"CSc1ccc(Br)cc1OC(=O)N1C[C@H](C(N)=O)CC[C@@H]1CO |&1:14,20|",5.994964027913848,6.46735,1,1,A71EV2A-x7558a
gnina_crystal_minimised,"CSc1ccc(Br)cc1OC(=O)N1C[C@H](C(N)=O)C[C@@H]2C[C@@H]21 |&1:14,19,21|",6.134970625328986,6.42504,1,1,A71EV2A-x5830a
gnina_crystal_minimised,"CSc1ccc(Br)cc1OC(=O)N1C[C@H](C(N)=O)C[C@H]2C[C@H]21 |&1:14,19,21|",6.442779415416162,6.56741,1,1,A71EV2A-x6932a
gnina_crystal_minimised,CSc1ccc(Br)cc1[C@H](NC(=O)OC(C)(C)C)C(=O)N1CC[C@H](C(N)=O)C1 |&1:9|,4.616253373468555,7.53467,1,1,A71EV2A-x5891a
gnina_crystal_minimised,CSc1ccc(C(=O)N(C)C2CCC(C)(C)CC2)cc1CC(=O)N1CCC[C@H](C(N)=O)C1 |a:27|,4.8542464945359285,7.42175,1,1,A71EV2A-x7307a
gnina_crystal_minimised,CSc1ccc(C(=O)N2CC=CCC23CCC3)cc1CC(=O)N1CCC[C@H](C(N)=O)C1 |a:26|,5.727326160448949,7.03783,1,1,A71EV2A-x7318a
gnina_crystal_minimised,CSc1ccc(C(=O)N2Cc3nccc(C)c3C2)cc1CC(=O)N1CCC[C@H](C(N)=O)C1 |a:27|,5.732131922180389,7.60055,1,1,A71EV2A-x6739a
gnina_crystal_minimised,CSc1ccc(C(=O)Nc2ccncc2)cc1CC(=O)N1CCC[C@H](C(N)=O)C1 |a:24|,6.058292496038209,7.2005099999999995,2,2,A71EV2A-x5512a; A71EV2A-x5512b
gnina_crystal_minimised,"CSc1ccc(C2=CCN(C)CC2)cc1CC(=O)N1C[C@H](C(N)=O)C[C@H]2C[C@H]21 |o1:20,25,27|",6.217987758487747,7.211075,2,2,A71EV2A-x7369a; A71EV2A-x7369b
gnina_crystal_minimised,"CSc1ccc(C2=CCN(C)CC2)cc1OC(=O)N1C[C@H](C(N)=O)C[C@@H]2C[C@@H]21 |&1:20,25,27|",6.4554495427646055,6.95635,1,1,A71EV2A-x7046a
gnina_crystal_minimised,"CSc1ccc(C2=CCN(C)CC2)cc1OC(=O)N1C[C@H](C(N)=O)C[C@H]2C[C@H]21 |&1:20,25,27|",6.616789569053188,6.89941,1,1,A71EV2A-x7368a
gnina_crystal_minimised,CSc1ccc(C2=CCNCC2)cc1CC(=O)N1CCC[C@H](C(N)=O)C1 |a:21|,6.359785941635829,7.13956,1,1,A71EV2A-x6827a
gnina_crystal_minimised,"CSc1ccc(C2=CCOCC2)cc1OC(=O)N1C[C@H](C(N)=O)C[C@H]2C[C@H]21 |&1:19,24,26|",6.278226151900541,6.70279,1,1,A71EV2A-x7021a
gnina_crystal_minimised,CSc1ccc(C2CC2)cc1CC(=O)N1CCC[C@H](C(N)=O)C1 |a:18|,5.527677465814104,6.8422,1,1,A71EV2A-x5276a
gnina_crystal_minimised,CSc1ccc(N2CCCC2=O)cc1NC(=O)N1CCC[C@H](C(N)=O)C1 |a:21|,5.06227649451538,7.2195350000000005,2,2,A71EV2A-x4986a; A71EV2A-x4986b
gnina_crystal_minimised,CSc1ccc(N2CCOCC2)cc1NC(=O)N1CCC[C@H](C(N)=O)C1 |a:21|,4.924868863339022,7.04999,2,2,A71EV2A-x5598a; A71EV2A-x5598b
gnina_crystal_minimised,CSc1ccc(OC2CC2)cc1NC(=O)N1CCC[C@H](C(N)=O)C1 |a:19|,4.674438823846753,6.74252,1,1,A71EV2A-x5533a
gnina_crystal_minimised,CSc1ccc(S(C)(=O)=O)cc1CC(=O)N1CCC[C@H](C(N)=O)C1 |a:19|,5.609697925694327,6.45859,2,2,A71EV2A-x5449a; A71EV2A-x5449b
gnina_crystal_minimised,CSc1ccc(SC(C)(C)C)cc1CC(=O)N1CCC[C@H](C(N)=O)C1 |a:20|,5.111221489644668,6.59968,1,1,A71EV2A-x5403a
gnina_crystal_minimised,CSc1ccc2c(c1)[C@H](C(=O)N1CCC[C@H](C(N)=O)C1)CCO2 |o1:8|,4.060454118763697,6.271065,2,2,A71EV2A-x5475a; A71EV2A-x5475b
gnina_crystal_minimised,CSc1ccc2cnccc2c1NC(=O)N1CCC[C@H](C(N)=O)C1 |a:19|,5.772572568212773,7.01401,1,1,A71EV2A-x5261a
gnina_crystal_minimised,CSc1ccc2ncccc2c1NC(=O)N1CCC[C@H](C(N)=O)C1 |a:19|,6.128863936621021,6.939155,2,2,A71EV2A-x4977a; A71EV2A-x4977b
gnina_crystal_minimised,"CSc1ccc2ncccc2c1NC(=O)N1C[C@H](C(N)=O)C[C@@H]2C[C@@H]21 |o1:17,22,24|",5.669481598088156,7.019295,2,2,A71EV2A-x6877a; A71EV2A-x6980a
gnina_crystal_minimised,"CSc1ccc2ncccc2c1NC(=O)N1C[C@H](C(N)=O)C[C@H]2C[C@H]21 |&1:17,22,24|",6.155618588158782,7.18121,1,1,A71EV2A-x5854a
gnina_crystal_minimised,"CSc1ccc2ncccc2c1OC(=O)N1C[C@H](C(N)=O)C[C@@H]2C[C@@H]21 |o1:17,22,24|",6.223231835566202,6.656845000000001,2,2,A71EV2A-x7459a; A71EV2A-x7461a
gnina_crystal_minimised,"CSc1ccc2ncccc2c1OC(=O)N1C[C@H](C(N)=O)C[C@H]2C[C@H]21 |o1:17,22,24|",6.55419279444554,6.729223333333334,3,3,A71EV2A-x7465a; A71EV2A-x7465b; A71EV2A-x7515a
gnina_crystal_minimised,CSc1ccc2scnc2c1NC(=O)N1CCC[C@H](C(N)=O)C1 |a:18|,5.775683273773221,7.16721,2,2,A71EV2A-x5283a; A71EV2A-x5283b
gnina_crystal_minimised,CSc1cccc(-c2cc(C(F)(F)F)nn2C)c1CC(=O)N1CCC[C@H](C(N)=O)C1 |a:25|,5.150667872559956,7.349195,2,2,A71EV2A-x6955a; A71EV2A-x6955b
gnina_crystal_minimised,CSc1cccc(-c2ccc(C(F)(F)F)cc2C#N)c1CC(=O)N1CCC[C@H](C(N)=O)C1 |a:27|,5.656918950334414,7.30111,1,1,A71EV2A-x5884a
gnina_crystal_minimised,CSc1cccc(-c2ccc(C(F)(F)F)o2)c1CC(=O)N1CCC[C@H](C(N)=O)C1 |a:24|,5.785803993839482,7.27122,1,1,A71EV2A-x5857a
gnina_crystal_minimised,CSc1cccc(-c2cn(C)c(=O)c3ccccc23)c1CC(=O)N1CCC[C@H](C(N)=O)C1 |a:27|,6.086272291520818,7.41201,1,1,A71EV2A-x6028a
gnina_crystal_minimised,CSc1cccc(-c2sccc2C2CC2)c1CC(=O)N1CCC[C@H](C(N)=O)C1 |a:23|,5.508648103412354,7.42973,1,1,A71EV2A-x6794a
gnina_crystal_minimised,CSc1cccc(-n2ccnc2)c1CC(=O)N1CCC[C@H](C(N)=O)C1 |a:20|,5.508866053332301,6.89678,1,1,A71EV2A-x5788a
gnina_crystal_minimised,CSc1cccc(Br)c1CC(=O)N1CCC[C@H](C(N)=O)C1 |a:16|,5.23959580735841,6.38286,1,1,A71EV2A-x4670a
gnina_crystal_minimised,CSc1cccc(C2=CCCCC2)c1CC(=O)N1CCC[C@H](C(N)=O)C1 |a:21|,5.358458624958955,7.1054,1,1,A71EV2A-x6938a
gnina_crystal_minimised,CSc1cccc(CC(=O)N2CCC[C@H](C(N)=O)C2)c1 |a:14|,4.165030350472351,6.0874500000000005,2,2,A71EV2A-x4334a; A71EV2A-x4334b
gnina_crystal_minimised,CSc1cccc(CN2C[C@H](C(N)=O)CCC2=O)c1 |o1:10|,4.610891805164698,6.07571,1,1,A71EV2A-x4710a
gnina_crystal_minimised,CSc1cccc2c1N(C(=O)N1CCC[C@H](C(N)=O)C1)CCCO2 |a:15|,3.9795272089559,6.92922,1,1,A71EV2A-x5249a
gnina_crystal_minimised,"CSc1cccc2c1[C@@H](C(=O)N1C[C@H](C(N)=O)C[C@H]3C[C@H]31)CC2 |&1:8,13,18,20|",6.317002294422829,6.92682,1,1,A71EV2A-x7448a
gnina_crystal_minimised,CSc1cccc2c1[C@H](C(=O)N1CCC[C@H](C(N)=O)C1)CC2 |o1:8|,6.105065909655473,6.64696,1,1,A71EV2A-x5687a
gnina_crystal_minimised,CSc1cccc2c1[C@H](C(=O)N1CCC[C@H](C(N)=O)C1)CCC2 |o1:8|,4.913179132164633,6.957753333333334,3,3,A71EV2A-x5850a; A71EV2A-x5995a; A71EV2A-x5995b
gnina_crystal_minimised,CSc1ccccc1CC(=O)N1CCC(F)(F)[C@H](C(N)=O)C1 |&1:17|,4.92096962924201,6.495,1,1,A71EV2A-x4724a
gnina_crystal_minimised,CSc1ccccc1CC(=O)N1CCC[C@H](C(F)F)C1 |&1:15|,3.883316455303125,4.58866,1,1,A71EV2A-x4746a
gnina_crystal_minimised,CSc1ccccc1CC(=O)N1CCC[C@H](C(N)=O)C1 |a:15|,5.393063563669464,6.20266,1,1,A71EV2A-x4386a
gnina_crystal_minimised,CSc1ccccc1CC(=O)N1CCC[C@H](CCO)C1 |&1:15|,3.7794804346789226,5.89629,1,1,A71EV2A-x4809a
gnina_crystal_minimised,CSc1ccccc1CC(=O)N1CCC[C@H](CF)C1 |&1:15|,4.015189894778023,5.26267,1,1,A71EV2A-x4751a
gnina_crystal_minimised,CSc1ccccc1CC(=O)N1CCC[C@H](O)C1 |&1:15|,4.025488307262672,4.5446,1,1,A71EV2A-x4794a
gnina_crystal_minimised,CSc1ccccc1CC(=O)N1CCC[C@H](S(N)(=O)=O)C1 |&1:15|,4.603800652904264,6.74069,1,1,A71EV2A-x4745a
gnina_crystal_minimised,CSc1ccccc1CC(=O)N1CCC[C@H]1c1cnc[nH]1 |&1:15|,4.853871964321762,6.56064,1,1,A71EV2A-x4735a
gnina_crystal_minimised,"CSc1ccccc1CC(=O)N1CCC[C@H]2C(=O)NC[C@H]21 |&1:15,20|",4.035167674220528,4.2876,1,1,A71EV2A-x4791a
gnina_crystal_minimised,CSc1ccccc1CC(=O)N1CCC[C@](F)(C(N)=O)C1 |&1:15|,3.839782551369189,6.29205,1,1,A71EV2A-x4753a
gnina_crystal_minimised,CSc1ccccc1CC(=O)N1CCC[C@](O)(C(N)=O)C1 |&1:15|,3.955966436496336,6.63715,2,2,A71EV2A-x4894a; A71EV2A-x4940a
gnina_crystal_minimised,CSc1ccccc1CC(=O)N1CCNC(=O)C1,4.006123085058789,4.51107,1,1,A71EV2A-x4721a
gnina_crystal_minimised,"CSc1ccccc1CC(=O)N1CC[C@H]2[C@H](C1)[C@H]2C(N)=O |&1:14,&2:15,&3:17|",4.558200508454535,6.48192,1,1,A71EV2A-x4739a
gnina_crystal_minimised,"CSc1ccccc1CC(=O)N1C[C@H](C(N)=O)CC[C@H]1CO |o1:13,19|",4.599655204790009,6.7492,2,2,A71EV2A-x5992a; A71EV2A-x5992b
gnina_crystal_minimised,"CSc1ccccc1CC(=O)N1C[C@H](C(N)=O)C[C@H](C(N)=O)C1 |a:13,18|",5.207231875935455,6.84986,2,2,A71EV2A-x5171a; A71EV2A-x5171b
gnina_crystal_minimised,"CSc1ccccc1CC(=O)N1C[C@H](C(N)=O)C[C@H]2C[C@H]21 |o1:13,18,20|",5.676463453677816,6.49364,2,2,A71EV2A-x5177a; A71EV2A-x7631a
gnina_crystal_minimised,"CSc1ccccc1CC(=O)N1C[C@H](C)C[C@@H](C(N)=O)C1 |o1:13,16|",4.494060495927921,6.36034,1,1,A71EV2A-x5200a
gnina_crystal_minimised,"CSc1ccccc1CC(=O)N1C[C@H](C)C[C@H](C(N)=O)C1 |&1:13,&2:16|",4.1315895194873935,6.283905,2,2,A71EV2A-x4885a; A71EV2A-x4885b
gnina_crystal_minimised,"CSc1ccccc1CC(=O)N1C[C@H](C)C[C@H](C(N)=O)C1 |o1:13,16|",4.006585256974127,6.44715,1,1,A71EV2A-x5268a
gnina_crystal_minimised,"CSc1ccccc1CC(=O)N1C[C@H](O)C[C@@H](C(N)=O)C1 |&1:13,16|",3.66094239119996,6.578975,2,2,A71EV2A-x5387a; A71EV2A-x5387b
gnina_crystal_minimised,CSc1ccccc1CC(=O)N1C[C@H]2C[C@@]1(CC(N)=O)C2 |&1:15|,4.051345937463026,6.54895,2,2,A71EV2A-x5262a; A71EV2A-x5262b
gnina_crystal_minimised,CSc1ccccc1CN1C[C@H](C(N)=O)CCC1=O |o1:11|,4.6439741428068775,6.38331,1,1,A71EV2A-x4694a
gnina_crystal_minimised,CSc1ccccc1N(C)C(=O)N1CCC[C@H](C(N)=O)C1 |a:16|,4.601955140820748,6.45713,1,1,A71EV2A-x4712a
gnina_crystal_minimised,CSc1ccccc1N(C)C(=O)N1CC[C@H](C(N)=O)C1 |a:15|,4.640164517660112,6.47963,1,1,A71EV2A-x4684a
gnina_crystal_minimised,CSc1ccccc1N1C[C@H](C(N)=O)CCC1=O |o1:10|,4.6020599913279625,5.96041,1,1,A71EV2A-x4922a
gnina_crystal_minimised,CSc1ccccc1OC(=O)N1CCC[C@H](C(N)=O)C1 |a:15|,5.826838634714068,5.923005,2,2,A71EV2A-x4824a; A71EV2A-x4824b
gnina_crystal_minimised,CSc1ccccc1[C@H](C(=O)N1CC[C@H](C(N)=O)C1)N1CCCC1=O |o1:8|,7.194299872872455,7.15855,1,1,A71EV2A-x7038a
gnina_crystal_minimised,CSc1ccccc1[C@H](NC(=O)C(C)C)C(=O)N1CC[C@H](C(N)=O)C1 |&1:8|,4.616633749466019,6.98929,1,1,A71EV2A-x7035a
gnina_crystal_minimised,CSc1ccccc1[C@H](NC(=O)C1(C)CCC1)C(=O)N1CC[C@H](C(N)=O)C1 |&1:8|,4.6108664765966765,7.16784,1,1,A71EV2A-x6991a
gnina_crystal_minimised,CSc1ccccc1[C@H](NC(=O)C1CC1)C(=O)N1CC[C@H](C(N)=O)C1 |&1:8|,4.612020519224207,7.1724,1,1,A71EV2A-x6934a
gnina_crystal_minimised,CSc1ccccc1[C@H](NC(=O)CC(F)(F)F)C(=O)N1CC[C@H](C(N)=O)C1 |&1:8|,4.15694990903351,7.08263,1,1,A71EV2A-x6818a
gnina_crystal_minimised,CSc1ccccc1[C@H](NC(=O)CC1CC1)C(=O)N1CC[C@H](C(N)=O)C1 |&1:8|,4.287343084176254,7.11973,1,1,A71EV2A-x6726a
gnina_crystal_minimised,CSc1ccccc1[C@H](NC(=O)CNC(C)=O)C(=O)N1CC[C@H](C(N)=O)C1 |&1:8|,5.199617314652804,7.24332,1,1,A71EV2A-x6821a
gnina_crystal_minimised,CSc1ccccc1[C@H](NC(=O)Cc1ccccc1)C(=O)N1CC[C@H](C(N)=O)C1 |&1:8|,4.505347154054938,7.15972,1,1,A71EV2A-x6819a
gnina_crystal_minimised,CSc1ccccc1[C@H](NC(=O)Cc1cccnc1)C(=O)N1CC[C@H](C(N)=O)C1 |&1:8|,4.6077519100900055,7.32114,1,1,A71EV2A-x6856a
gnina_crystal_minimised,CSc1ccccc1[C@H](NC(=O)Cn1cccn1)C(=O)N1CC[C@H](C(N)=O)C1 |&1:8|,4.730497044785864,7.3094,2,2,A71EV2A-x6816a; A71EV2A-x6816b
gnina_crystal_minimised,CSc1ccccc1[C@H](NC(=O)OC(C)(C)C)C(=O)N1CC[C@H](C(N)=O)C1 |o1:8|,4.621638788259481,6.93841,2,2,A71EV2A-x6847a; A71EV2A-x6851a
gnina_crystal_minimised,CSc1ccccc1[C@H](NC(C)=O)C(=O)N1CC[C@H](C(N)=O)C1 |&1:8|,5.186061162833519,6.96371,1,1,A71EV2A-x5383a
gnina_crystal_minimised,CSc1cccnc1CC(=O)N1CCC[C@H](C(N)=O)C1 |a:15|,5.097431091411007,6.67461,1,1,A71EV2A-x4914a
gnina_crystal_minimised,CSc1ccncc1CC(=O)N1CCC[C@H](C(N)=O)C1 |a:15|,5.534026193176526,6.232760000000001,2,2,A71EV2A-x4827a; A71EV2A-x4827b
gnina_crystal_minimised,CSc1ccncc1NC(=O)N1CCC[C@H](C(N)=O)C1 |a:15|,5.452530294347775,6.59717,2,2,A71EV2A-x4826a; A71EV2A-x4826b
gnina_crystal_minimised,CSc1ccncc1NS(=O)(=O)N1CCC[C@H](C(N)=O)C1 |a:16|,4.881756561812204,6.75803,1,1,A71EV2A-x5182a
gnina_crystal_minimised,CSc1cn(C)nc1NC(=O)N1CCC[C@H](C(N)=O)C1 |a:15|,3.761033004441306,6.33834,1,1,A71EV2A-x4703a
gnina_crystal_minimised,CSc1cnccc1CC(=O)N1CCC[C@H](C(N)=O)C1 |a:15|,4.407893372233542,6.27456,1,1,A71EV2A-x4689a
gnina_crystal_minimised,CSc1cncnc1CC(=O)N1CCC[C@H](C(N)=O)C1 |a:15|,4.176969771296364,6.2215,1,1,A71EV2A-x4812a
gnina_crystal_minimised,CSc1cscc1CC(=O)N1CCC[C@H](C(N)=O)C1 |a:14|,5.073475651835252,6.28724,1,1,A71EV2A-x4935a
gnina_crystal_minimised,CSc1nc2c(cc1NC(=O)N1CCC[C@H](C(N)=O)C1)CCCC2 |a:15|,4.217527375833714,7.193244999999999,2,2,A71EV2A-x5022a; A71EV2A-x5022b
gnina_crystal_minimised,CSc1ncccc1CC(=O)N1CCC[C@H](C(N)=O)C1 |a:15|,5.072700933344527,6.21137,1,1,A71EV2A-x4918a
gnina_crystal_minimised,CSc1ncccc1NC(=O)N1CCC[C@H](C(N)=O)C1 |a:15|,4.2209855861319525,6.471055,2,2,A71EV2A-x4883a; A71EV2A-x4883b
gnina_crystal_minimised,CSc1nccnc1CC(=O)N1CCC[C@H](C(N)=O)C1 |a:15|,4.781195179900988,6.38673,1,1,A71EV2A-x4774a
gnina_crystal_minimised,CSc1ncnc(-c2cn[nH]c2)c1CC(=O)N1CCC[C@H](C(N)=O)C1 |a:20|,5.579850424620521,6.96297,1,1,A71EV2A-x5544a
gnina_crystal_minimised,CSc1ncnc(N(C)C)c1CC(=O)N1CCC[C@H](C(N)=O)C1 |a:18|,6.393012805332465,6.764514999999999,2,2,A71EV2A-x7545a; A71EV2A-x7545b
gnina_crystal_minimised,"CSc1ncnc(N(C)C)c1CC(=O)N1C[C@H](C(N)=O)C[C@@H]2C[C@@H]21 |&1:16,21,23|",6.073633599517659,6.9438949999999995,2,2,A71EV2A-x7580a; A71EV2A-x7580b
gnina_crystal_minimised,CSc1ncnc(N(C)C2CCC2)c1CC(=O)N1CCC[C@H](C(N)=O)C1 |a:21|,6.323397411601913,6.87728,1,1,A71EV2A-x7172a
gnina_crystal_minimised,CSc1ncnc(N(C)C2CCOCC2)c1CC(=O)N1CCC[C@H](C(N)=O)C1 |a:23|,5.7864475040867696,6.98609,1,1,A71EV2A-x7424a
gnina_crystal_minimised,CSc1ncnc(N(C)CC(C)(C)O)c1CC(=O)N1CCC[C@H](C(N)=O)C1 |a:22|,6.134728951225614,6.83621,1,1,A71EV2A-x7251a
gnina_crystal_minimised,CSc1ncnc(N(C)CC(C)(F)F)c1CC(=O)N1CCC[C@H](C(N)=O)C1 |a:22|,6.994328024624508,7.13105,1,1,A71EV2A-x7333a
gnina_crystal_minimised,"CSc1ncnc(N(C)CC(F)(F)F)c1CC(=O)N1C[C@H](C(N)=O)C[C@H]2C[C@H]21 |&1:20,25,27|",6.794695728715816,7.21072,1,1,A71EV2A-x7608a
gnina_crystal_minimised,CSc1ncnc(N(C)CC2CCCC2)c1CC(=O)N1CCC[C@H](C(N)=O)C1 |a:23|,6.3046606911348375,7.09817,1,1,A71EV2A-x7254a
gnina_crystal_minimised,CSc1ncnc(N(C)CCC(F)(F)F)c1CC(=O)N1CCC[C@H](C(N)=O)C1 |a:23|,5.748786440007784,6.98694,1,1,A71EV2A-x7338a
gnina_crystal_minimised,CSc1ncnc(N(C)Cc2cc(F)c(F)c(F)c2)c1CC(=O)N1CCC[C@H](C(N)=O)C1 |a:27|,6.244997927316081,7.29495,1,1,A71EV2A-x7176a
gnina_crystal_minimised,CSc1ncnc(N(C)Cc2nn(C)cc2Cl)c1CC(=O)N1CCC[C@H](C(N)=O)C1 |a:25|,7.150528408418002,7.35325,1,1,A71EV2A-x6914a
gnina_crystal_minimised,"CSc1ncnc(N(C)[C@@H](C)c2ccccc2)c1CC(=O)N1CCC[C@H](C(N)=O)C1 |a:9,25|",6.580678113068668,7.141575,2,2,A71EV2A-x7436a; A71EV2A-x7436b
gnina_crystal_minimised,CSc1ncnc(N2CC(C)(c3ccccc3F)C2)c1CC(=O)N1CCC[C@H](C(N)=O)C1 |a:27|,6.439151337818832,7.59193,1,1,A71EV2A-x7263a
gnina_crystal_minimised,CSc1ncnc(N2CC(C)C2)c1CC(=O)N1CCC[C@H](C(N)=O)C1 |a:20|,6.526908295764941,6.95443,1,1,A71EV2A-x6920a
gnina_crystal_minimised,CSc1ncnc(N2CC(CC3CCC3)C2)c1CC(=O)N1CCC[C@H](C(N)=O)C1 |a:24|,5.692662147010851,7.03249,1,1,A71EV2A-x6895a
gnina_crystal_minimised,CSc1ncnc(N2CC(O)C2)c1CC(=O)N1CCC[C@H](C(N)=O)C1 |a:20|,6.426194047786621,6.722476666666666,3,3,A71EV2A-x7334a; A71EV2A-x7334b; A71EV2A-x7389a
gnina_crystal_minimised,CSc1ncnc(N2CC(Oc3ccccc3Cl)C2)c1CC(=O)N1CCC[C@H](C(N)=O)C1 |a:27|,6.078663358532402,7.52032,1,1,A71EV2A-x7095a
gnina_crystal_minimised,CSc1ncnc(N2CC(c3nncn3C)C2)c1CC(=O)N1CCC[C@H](C(N)=O)C1 |a:25|,6.326170396191348,7.2515,2,2,A71EV2A-x5808a; A71EV2A-x5808b
gnina_crystal_minimised,CSc1ncnc(N2CCC(C#N)(CC(C)C)CC2)c1CC(=O)N1CCC[C@H](C(N)=O)C1 |a:27|,6.265062352283818,7.43075,1,1,A71EV2A-x7170a
gnina_crystal_minimised,CSc1ncnc(N2CCC(C(=O)N(C(C)C)C(C)C)CC2)c1CC(=O)N1CCC[C@H](C(N)=O)C1 |a:30|,6.225268032740376,7.43095,1,1,A71EV2A-x7096a
gnina_crystal_minimised,CSc1ncnc(N2CCC(N(C)S(C)(=O)=O)CC2)c1CC(=O)N1CCC[C@H](C(N)=O)C1 |a:27|,6.512183700381108,7.24147,1,1,A71EV2A-x7008a
gnina_crystal_minimised,CSc1ncnc(N2CCC(N3CCOC3=O)CC2)c1CC(=O)N1CCC[C@H](C(N)=O)C1 |a:27|,5.923489528000301,7.44081,1,1,A71EV2A-x7154a
gnina_crystal_minimised,CSc1ncnc(N2CCC3(CCC3)C2)c1CC(=O)N1CCC[C@H](C(N)=O)C1 |a:23|,6.131209779277596,7.10108,1,1,A71EV2A-x7056a
gnina_crystal_minimised,CSc1ncnc(N2CCC3(CCCC3)C2)c1CC(=O)N1CCC[C@H](C(N)=O)C1 |a:24|,6.462158164196289,7.18918,1,1,A71EV2A-x7024a
gnina_crystal_minimised,CSc1ncnc(N2CCC3(CCCCC3)C2)c1CC(=O)N1CCC[C@H](C(N)=O)C1 |a:25|,6.388555177157266,7.28489,1,1,A71EV2A-x7101a
gnina_crystal_minimised,CSc1ncnc(N2CCC3(CCCO3)CC2)c1CC(=O)N1CCC[C@H](C(N)=O)C1 |a:25|,6.466683163263606,7.16562,1,1,A71EV2A-x7284a
gnina_crystal_minimised,"CSc1ncnc(N2CCCC2)c1CC(=O)N1C[C@H](C(N)=O)C[C@H]2C[C@H]21 |&1:18,23,25|",6.5697284843589205,7.13725,1,1,A71EV2A-x6838a
gnina_crystal_minimised,"CSc1ncnc(N2CCCC2)c1NC(=O)N1C[C@H](C(N)=O)C[C@H]2C[C@H]21 |&1:18,23,25|",5.928304705589599,6.97837,1,1,A71EV2A-x7622a
gnina_crystal_minimised,CSc1ncnc(N2CCCCCC2)c1CC(=O)N1CCC[C@H](C(N)=O)C1 |a:22|,7.1865084765696,7.12289,2,2,A71EV2A-x7560a; A71EV2A-x7560b
gnina_crystal_minimised,"CSc1ncnc(N2CCCC[C@@H]2C(C)C)c1CC(=O)N1CCC[C@H](C(N)=O)C1 |a:12,24|",6.372178760973441,7.11312,1,1,A71EV2A-x7420a
gnina_crystal_minimised,"CSc1ncnc(N2CCCC[C@H]2CO)c1CC(=O)N1CCC[C@H](C(N)=O)C1 |a:12,23|",5.867264623808438,7.14901,1,1,A71EV2A-x7430a
gnina_crystal_minimised,"CSc1ncnc(N2CCC[C@@H]2C(=O)N(C)C)c1CC(=O)N1CCC[C@H](C(N)=O)C1 |a:11,25|",6.66771737227654,7.16696,1,1,A71EV2A-x7309a
gnina_crystal_minimised,"CSc1ncnc(N2CCC[C@@H]2C(C)C)c1CC(=O)N1CCC[C@H](C(N)=O)C1 |a:11,23|",7.76022176714164,7.11146,1,1,A71EV2A-x7135a
gnina_crystal_minimised,"CSc1ncnc(N2CCC[C@@H]2C)c1CC(=O)N1CCC[C@H](C(N)=O)C1 |a:11,21|",6.616555737163779,7.026529999999999,2,2,A71EV2A-x7533a; A71EV2A-x7533b
gnina_crystal_minimised,"CSc1ncnc(N2CCC[C@@H]2C2CC2)c1CC(=O)N1CCC[C@H](C(N)=O)C1 |a:11,23|",7.937951041727581,7.08371,1,1,A71EV2A-x7259a
gnina_crystal_minimised,"CSc1ncnc(N2CCC[C@@H]2CC(C)C)c1CC(=O)N1CCC[C@H](C(N)=O)C1 |a:11,24|",7.199879115817523,7.13999,1,1,A71EV2A-x7147a
gnina_crystal_minimised,"CSc1ncnc(N2CCC[C@@H]2Cc2ccccc2)c1CC(=O)N1CCC[C@H](C(N)=O)C1 |a:11,27|",5.138183874676179,7.46232,1,1,A71EV2A-x7433a
gnina_crystal_minimised,"CSc1ncnc(N2CCC[C@@H]2Cc2ccnn2C)c1CC(=O)N1CCC[C@H](C(N)=O)C1 |a:11,27|",7.359361237098654,7.33617,1,1,A71EV2A-x7132a
gnina_crystal_minimised,"CSc1ncnc(N2CCC[C@@H]2Cn2cccn2)c1CC(=O)N1CCC[C@H](C(N)=O)C1 |a:11,26|",6.189334160880994,7.31696,1,1,A71EV2A-x7127a
gnina_crystal_minimised,"CSc1ncnc(N2CCC[C@@H]2c2ccccc2)c1CC(=O)N1CCC[C@H](C(N)=O)C1 |a:11,26|",7.13169634555566,7.18496,1,1,A71EV2A-x7570a
gnina_crystal_minimised,"CSc1ncnc(N2CCC[C@H](C(F)(F)F)C2)c1CC(=O)N1CCC[C@H](C(N)=O)C1 |a:11,25|",6.211100724659235,7.15121,1,1,A71EV2A-x7246a
gnina_crystal_minimised,"CSc1ncnc(N2CCC[C@H](C)C2)c1CC(=O)N1CCC[C@H](C(N)=O)C1 |a:11,22|",6.173854131618843,7.20883,1,1,A71EV2A-x7250a
gnina_crystal_minimised,"CSc1ncnc(N2CCC[C@H]2C(C)C)c1CC(=O)N1CCC[C@H](C(N)=O)C1 |a:11,23|",5.331449457260316,7.36642,2,2,A71EV2A-x7491a; A71EV2A-x7491b
gnina_crystal_minimised,CSc1ncnc(N2CCC[C@H]2C(N)=O)c1CC(=O)N1CCC[C@H](C(N)=O)C1 |&1:11|,7.714442690992226,7.01196,1,1,A71EV2A-x6832a
gnina_crystal_minimised,"CSc1ncnc(N2CCC[C@H]2C)c1CC(=O)N1CCC[C@H](C(N)=O)C1 |a:11,21|",5.244486511545811,7.047345,2,2,A71EV2A-x7501a; A71EV2A-x7501b
gnina_crystal_minimised,"CSc1ncnc(N2CCC[C@H]2C2CC2)c1CC(=O)N1CCC[C@H](C(N)=O)C1 |a:11,23|",5.262032975642954,7.18586,2,2,A71EV2A-x7475a; A71EV2A-x7475b
gnina_crystal_minimised,"CSc1ncnc(N2CCC[C@H]2CC(C)C)c1CC(=O)N1CCC[C@H](C(N)=O)C1 |a:11,24|",5.823789680118151,7.33576,1,1,A71EV2A-x7257a
gnina_crystal_minimised,"CSc1ncnc(N2CCC[C@H]2Cc2ccnn2C)c1CC(=O)N1CCC[C@H](C(N)=O)C1 |a:11,27|",5.214011302839139,7.57767,1,1,A71EV2A-x7247a
gnina_crystal_minimised,CSc1ncnc(N2CCN(c3ccccn3)CC2)c1CC(=O)N1CCC[C@H](C(N)=O)C1 |a:27|,6.486226948852135,7.28653,1,1,A71EV2A-x6802a
gnina_crystal_minimised,"CSc1ncnc(N2CC[C@@H](OC(F)F)C2)c1CC(=O)N1CCC[C@H](C(N)=O)C1 |a:10,24|",6.048106607275539,7.02349,1,1,A71EV2A-x7025a
gnina_crystal_minimised,"CSc1ncnc(N2CC[C@@H](OC3CC3)C2)c1CC(=O)N1CCC[C@H](C(N)=O)C1 |a:10,24|",7.159468716081884,7.25864,1,1,A71EV2A-x7316a
gnina_crystal_minimised,"CSc1ncnc(N2CC[C@H](C(=O)N(C)C)C2)c1CC(=O)N1CCC[C@H](C(N)=O)C1 |a:10,25|",5.974361680056222,7.28458,1,1,A71EV2A-x7427a
gnina_crystal_minimised,"CSc1ncnc(N2CC[C@H](C(=O)N3CCC(C)CC3)C2)c1CC(=O)N1CCC[C@H](C(N)=O)C1 |a:10,29|",6.08170819903569,7.44022,1,1,A71EV2A-x7190a
gnina_crystal_minimised,"CSc1ncnc(N2CC[C@H](C)C2)c1CC(=O)N1CCC[C@H](C(N)=O)C1 |a:10,21|",6.293489458676176,6.9314599999999995,2,2,A71EV2A-x7026a; A71EV2A-x7026b
gnina_crystal_minimised,"CSc1ncnc(N2CC[C@H](OC(F)F)C2)c1CC(=O)N1CCC[C@H](C(N)=O)C1 |a:10,24|",6.925751444530095,7.0348,1,1,A71EV2A-x7031a
gnina_crystal_minimised,"CSc1ncnc(N2CC[C@H](SC)C2)c1CC(=O)N1CCC[C@H](C(N)=O)C1 |a:10,22|",6.9071041930964325,7.1419,1,1,A71EV2A-x7093a
gnina_crystal_minimised,"CSc1ncnc(N2CC[C@H]2C)c1CC(=O)N1CCC[C@H](C(N)=O)C1 |a:10,20|",6.695497686202032,7.00312,1,1,A71EV2A-x7339a
gnina_crystal_minimised,CSc1ncnc(N2CCc3ccccc3CC2)c1CC(=O)N1CCC[C@H](C(N)=O)C1 |a:26|,6.483018872150272,7.38027,1,1,A71EV2A-x7015a
gnina_crystal_minimised,CSc1ncnc(N2CCc3ccsc3C2)c1CC(=O)N1CCC[C@H](C(N)=O)C1 |a:24|,5.794648268341138,7.14785,1,1,A71EV2A-x5666a
gnina_crystal_minimised,CSc1ncnc(N2CCc3cnc(C(C)C)nc3C2)c1CC(=O)N1CCC[C@H](C(N)=O)C1 |a:28|,5.912659591908459,7.38217,1,1,A71EV2A-x7151a
gnina_crystal_minimised,CSc1ncnc(N2CCn3nc4c(c3C2)CCC4)c1CC(=O)N1CCC[C@H](C(N)=O)C1 |a:27|,5.601864484742403,7.437785,2,2,A71EV2A-x7043a; A71EV2A-x7043b
gnina_crystal_minimised,CSc1ncnc(N2CCn3ncc(C#N)c3C2)c1CC(=O)N1CCC[C@H](C(N)=O)C1 |a:26|,6.13113891891355,7.21306,1,1,A71EV2A-x7130a
gnina_crystal_minimised,"CSc1ncnc(N2C[C@H]3C[C@H]3C2)c1CC(=O)N1CCC[C@H](C(N)=O)C1 |&1:9,&2:11|",6.558486174447746,6.94269,3,3,A71EV2A-x7317a; A71EV2A-x7317b; A71EV2A-x7372a
gnina_crystal_minimised,CSc1ncnc(N2Cc3ccccc3C2)c1CC(=O)N1CCC[C@H](C(N)=O)C1 |a:24|,6.006913143117045,7.07811,1,1,A71EV2A-x6808a
gnina_crystal_minimised,CSc1ncnc(SC)c1CC(=O)N1CCC[C@H](C(N)=O)C1 |a:17|,5.699017277769941,6.68771,1,1,A71EV2A-x5581a
gnina_crystal_minimised,CSc1ncncc1CC(=O)N1CCC[C@H](C(N)=O)C1 |a:15|,5.186217598084144,6.24541,2,2,A71EV2A-x5039a; A71EV2A-x5039b
gnina_crystal_minimised,C[C@H](C(=O)N1CCC[C@H](C(N)=O)C1)c1cn(C)nc1C(F)(F)F |&1:1|,4.462842099070634,6.386005,2,2,A71EV2A-x4510a; A71EV2A-x4571a
gnina_crystal_minimised,C[C@H](C(=O)N1CCC[C@H](C(N)=O)C1)c1nc(F)ccc1Cl |&1:1|,4.277445359017488,6.48571,2,2,A71EV2A-x4895a; A71EV2A-x4895b
gnina_crystal_minimised,C[C@H](Cc1cocn1)NC(=O)c1nn(C)c2ccccc12 |&1:1|,4.9657785438458255,5.595495,2,2,A71EV2A-x3379a; A71EV2A-x3593a
gnina_crystal_minimised,"C[C@H](c1ccc(Cl)c(Br)c1)N1C[C@H](C(N)=O)CCC1=O |&1:1,&2:12|",4.041436116778033,6.59145,1,1,A71EV2A-x5556a
gnina_crystal_minimised,"C[C@H](c1ccc2[nH]ncc2c1)N1C[C@H](C(N)=O)CCC1=O |&1:1,&2:13|",4.180071698767357,6.67846,1,1,A71EV2A-x5744a
gnina_crystal_minimised,"C[C@H](c1cccc(Cl)c1F)N1C[C@H](C(N)=O)CCC1=O |&1:1,&2:12|",4.632644078973981,6.41658,1,1,A71EV2A-x5673a
gnina_crystal_minimised,"C[C@H]1CC(=O)N(Cc2ccc3cnn(C)c3c2)C[C@@H]1C(N)=O |o1:1,18|",4.76433957251824,6.420895,2,2,A71EV2A-x5777a; A71EV2A-x5777b
gnina_crystal_minimised,"C[C@H]1CC(=O)N(Cc2ccc3cnn(C)c3c2)C[C@H]1C(N)=O |o1:1,18|",4.207870191519494,6.35642,1,1,A71EV2A-x5766a
gnina_crystal_minimised,Cc1cc(C)c(CC(=O)N2CCC[C@H](C(N)=O)C2)c(=O)[nH]1 |a:13|,4.306273051076353,6.201,1,1,A71EV2A-x4291a
gnina_crystal_minimised,Cc1cc(C)c(Nc2ccn(C)n2)c(C)c1,5.3072486987698415,4.04818,1,1,A71EV2A-x3279a
gnina_crystal_minimised,Cc1cc(C)c(Nc2ccn(C3COC3)n2)c(C)c1,5.016824927962187,4.33468,1,1,A71EV2A-x3234a
gnina_crystal_minimised,Cc1cc(CNC(=O)c2cn(C)c3ccccc23)on1,4.953569528330592,4.72867,1,1,A71EV2A-x3175a
gnina_crystal_minimised,Cc1cc2sccc2c(Cl)c1OC(=O)N1CCC[C@H](C(N)=O)C1 |a:18|,4.215114698485657,6.46988,1,1,A71EV2A-x5482a
gnina_crystal_minimised,Cc1ccc(CC(=O)N2CCC[C@H](C(N)=O)C2)s1 |&1:12|,4.633044431676764,5.75427,2,2,A71EV2A-x5424a; A71EV2A-x5424b
gnina_crystal_minimised,Cc1ccc2c(C(=O)NCCc3cocn3)c[nH]c2c1,5.10808214227103,5.71767,1,1,A71EV2A-x3568a
gnina_crystal_minimised,Cc1ccc2c(c1OC(=O)N1CCC[C@H](C(N)=O)C1)CCC2 |a:14|,4.479326279665005,6.37744,2,2,A71EV2A-x5599a; A71EV2A-x5599b
gnina_crystal_minimised,Cc1ccc2c(cnn2C)c1Nc1ccn([C@H]2CCNC2=O)n1 |&1:16|,4.937001727490601,6.31306,1,1,A71EV2A-x3305a
gnina_crystal_minimised,Cc1ccc2ccccc2c1N1C[C@H](C(N)=O)CCC1=O |&1:13|,3.942576835487996,6.53938,1,1,A71EV2A-x5572a
gnina_crystal_minimised,Cc1ccc2cccnc2c1OC(=O)N1CCC[C@H](C(N)=O)C1 |a:18|,4.597502408486665,6.28361,1,1,A71EV2A-x5479a
gnina_crystal_minimised,Cc1cccc(CC(=O)N2CCC[C@H](C(N)=O)C2)c1 |&1:13|,4.290127690297292,6.0724149999999995,2,2,A71EV2A-x4020a; A71EV2A-x4020b
gnina_crystal_minimised,Cc1cccc(CNC(=O)N2CCC[C@H](C(N)=O)C2)c1 |a:14|,4.967584368389079,6.33741,2,2,A71EV2A-x3706a; A71EV2A-x3706b
gnina_crystal_minimised,Cc1cccc(N(CC(=O)N2CCCCC2)C(=O)N2CCC[C@H](C(N)=O)C2)c1 |a:22|,4.627087997029894,6.81153,1,1,A71EV2A-x3908a
gnina_crystal_minimised,Cc1cccc(N2CCCN(CCC(N)=O)C2=O)c1,4.911546516921495,5.70577,1,1,A71EV2A-x4402a
gnina_crystal_minimised,Cc1cccc(NC(=O)N2CCC[C@H](C(N)=O)C2)c1 |a:13|,4.246416941107094,6.1156,1,1,A71EV2A-x3054a
gnina_crystal_minimised,Cc1ccccc1CNC(=O)N1CCC[C@H](C(N)=O)C1 |a:15|,4.978810700930062,6.283605,2,2,A71EV2A-x3616a; A71EV2A-x3616b
gnina_crystal_minimised,Cc1ccccc1NC(=O)N1CCC[C@H](C(N)=O)C1 |a:14|,4.386163320168128,6.01098,1,1,A71EV2A-x3510a
gnina_crystal_minimised,Cc1ccccc1NC(=O)c1ccc(C)c(C(N)=O)c1,4.804100347590766,5.92019,1,1,A71EV2A-x3867a
gnina_crystal_minimised,Cc1ccccc1NC(=O)c1cncc(C(N)=O)c1,4.632644078973981,6.01704,1,1,A71EV2A-x3564a
gnina_crystal_minimised,Cc1cnc(CNS(=O)(=O)C[C@H](C)c2ccccc2)o1 |&1:11|,4.8184062698439085,4.15196,1,1,A71EV2A-x3623a
gnina_crystal_minimised,Cc1nc(C)c(CC(=O)N2CCC[C@H](C(N)=O)C2)[nH]1 |a:13|,5.409458546594426,5.79019,1,1,A71EV2A-x3221a
gnina_crystal_minimised,Cc1nc2ccccc2n1CC(=O)N1CCC[C@H](C(N)=O)C1 |&1:17|,4.137777547252243,6.07925,1,1,A71EV2A-x3225a
gnina_crystal_minimised,Cc1nc2n(c1CC(=O)N1CCC[C@H](C(N)=O)C1)CCCC2 |&1:13|,5.221581099702723,6.01521,1,1,A71EV2A-x3489a
gnina_crystal_minimised,Cc1ncnc(C)c1CC(=O)N1CCC[C@H](C(N)=O)C1 |a:15|,3.654064344980796,6.15733,1,1,A71EV2A-x4464a
gnina_crystal_minimised,Cc1nn(C)c(C)c1CC(=O)N[C@H](CNC(=O)CCl)c1ccc2ccccc2c1 |&1:12|,4.660785023463071,5.67793,1,1,A71EV2A-x1346a
gnina_crystal_minimised,Cc1nn(C)c2cc(C(=O)NCCc3cocn3)ccc12,4.945173530861923,5.57614,1,1,A71EV2A-x3410a
gnina_crystal_minimised,Cc1ocnc1CCNC(=O)c1nn(C)c2ccccc12,5.09799710864927,5.7817,1,1,A71EV2A-x3286a
gnina_crystal_minimised,"Cc1sc([C@H](C)N2C[C@H](C(N)=O)CCC2=O)nc1-c1ccco1 |&1:4,&2:8|",4.604279969816917,6.48235,1,1,A71EV2A-x6730a
gnina_crystal_minimised,"Cn1cc(CC(=O)N2C[C@H](C(N)=O)C[C@@H]3C[C@@H]32)cn1 |&1:9,14,16|",4.608000737058194,6.16133,1,1,A71EV2A-x4992a
gnina_crystal_minimised,Cn1cc(NS(=O)(=O)N2CCC[C@H](C(N)=O)C2)cn1 |a:12|,5.738140147629213,6.03445,2,2,A71EV2A-x5090a; A71EV2A-x5150a
gnina_crystal_minimised,Cn1cc2c(CC(=O)N3CCC[C@H](C(N)=O)C3)cccc2n1 |o1:12|,4.405607449624573,6.62427,1,1,A71EV2A-x3914a
gnina_crystal_minimised,Cn1cc2c(CC(=O)N3CC[C@H](C(N)=O)C3)cccc2n1 |&1:11|,4.410050398674293,6.57261,1,1,A71EV2A-x3556a
gnina_crystal_minimised,Cn1cc2c(n1)CCC[C@H]2C(=O)N1CCC[C@H](C(N)=O)C1 |&1:9|,3.749590923528832,6.43908,1,1,A71EV2A-x4608a
gnina_crystal_minimised,Cn1cc2cccc(NC(=O)Cc3cocn3)c2n1,4.662403924407542,5.52583,1,1,A71EV2A-x3403a
gnina_crystal_minimised,"Cn1ccnc1[C@H](c1ccccc1)N1C[C@H](C(N)=O)CC1=O |&1:6,&2:15|",4.649751981665837,6.29659,1,1,A71EV2A-x5106a
gnina_crystal_minimised,Cn1cnc(CCNC(=O)c2nn(C)c3ccccc23)c1,5.2372107018718905,5.8901,1,1,A71EV2A-x3371a
gnina_crystal_minimised,Cn1cnc2c(NC(=O)N3CCC[C@H](C(N)=O)C3)cccc21 |a:13|,5.398637148380375,6.6046,2,2,A71EV2A-x4447a; A71EV2A-x4447b
gnina_crystal_minimised,Cn1nc(C(=O)N2Cc3ccccc3C[C@H]2CN)c2ccccc21 |&1:15|,5.041436116778033,6.78995,1,1,A71EV2A-x2293a
gnina_crystal_minimised,Cn1nc(C(=O)NC2CC2)c2cc(F)ccc21,4.887413111043684,4.61674,1,1,A71EV2A-x2339a
gnina_crystal_minimised,Cn1nc(C(=O)NCC(F)(F)c2ccccn2)c2ccccc21,5.168134464700943,5.87289,1,1,A71EV2A-x3280a
gnina_crystal_minimised,Cn1nc(C(=O)NCCc2ccc(S(C)(=O)=O)cc2)c2ccccc21,4.84887783952492,5.99903,1,1,A71EV2A-x3324a
gnina_crystal_minimised,Cn1nc(C(=O)NCCc2cocn2)c2ccccc2c1=O,5.170374765613669,5.55841,1,1,A71EV2A-x3419a
gnina_crystal_minimised,Cn1nc(C(=O)NCCc2cocn2)c2cccnc21,4.981705511622298,5.60386,1,1,A71EV2A-x3264a
gnina_crystal_minimised,Cn1nc(C(=O)NCCc2cscn2)c2ccccc21,5.337951414156192,5.84797,1,1,A71EV2A-x3306a
gnina_crystal_minimised,Cn1nc(C(=O)NCCn2cncn2)c2ccccc21,4.939565029910406,4.890335,2,2,A71EV2A-x3181a; A71EV2A-x3181b
gnina_crystal_minimised,Cn1nc(C(=O)N[C@H]2CCOC2)c2ccccc21 |&1:7|,5.062339877849264,4.88353,1,1,A71EV2A-x3178a
gnina_crystal_minimised,"Cn1nc(C(=O)N[C@H]2C[C@H]2CO)c2ccccc21 |&1:7,9|",4.895875462550428,4.94664,1,1,A71EV2A-x3177a
gnina_crystal_minimised,Cn1nc(C(=O)Nc2cn[nH]c2)c2ccccc21,4.7783685062706525,5.68825,1,1,A71EV2A-x2304a
gnina_crystal_minimised,Cn1nc(C(N)=O)c2cc(F)ccc21,5.050703769890054,4.14498,1,1,A71EV2A-x2351a
gnina_crystal_minimised,Cn1nc(CC(=O)N2CC(C(N)=O)C2)c2ccccc21,4.610833915635467,5.89994,1,1,A71EV2A-x4994a
gnina_crystal_minimised,Cn1nc(CN2C[C@H](C(N)=O)CCC2=O)c2ccccc21 |&1:7|,5.116903441948165,6.5017,1,1,A71EV2A-x4547a
gnina_crystal_minimised,Cn1ncc(-c2cc(Cl)cc(Cl)c2)c1CC(=O)N1CCC[C@H](C(N)=O)C1 |&1:21|,4.958377726777354,7.15012,1,1,A71EV2A-x3606a
gnina_crystal_minimised,Cn1ncc(C(=O)NCCc2cocn2)n1,5.545714601514328,4.32252,1,1,A71EV2A-x3436a
gnina_crystal_minimised,Cn1ncc2ccc(CN3C[C@H](C(N)=O)CC(C)(C)C3=O)cc21 |&1:11|,4.005682847330363,6.66775,2,2,A71EV2A-x5721a; A71EV2A-x5721b
gnina_crystal_minimised,Cn1ncc2ccc(CN3C[C@H](C(N)=O)CCC3=O)cc21 |o1:11|,4.026655009457717,6.38607,1,1,A71EV2A-x4974a
gnina_crystal_minimised,N#CC1CC(NC(=O)C2(c3ccc(Cl)cc3Cl)CCOCC2)C1,4.726469830785563,4.8932,1,1,A71EV2A-x3521a
gnina_crystal_minimised,N#CCc1cccc(NC(=O)N2CCC[C@H](C(N)=O)C2)c1 |a:15|,5.356959172517914,5.91312,1,1,A71EV2A-x3480a
gnina_crystal_minimised,N#CCc1ccccc1CC(=O)N1CCC[C@H](C(N)=O)C1 |a:16|,5.101757238648579,6.507095,2,2,A71EV2A-x4321a; A71EV2A-x4321b
gnina_crystal_minimised,N#Cc1ccc(Br)cc1OC(=O)N1CCC[C@H](C(N)=O)C1 |a:16|,4.421371068072836,6.24709,1,1,A71EV2A-x5559a
gnina_crystal_minimised,N#Cc1cccc(CC(=O)N2CCC[C@H](C(N)=O)C2)n1 |a:14|,4.625197671079573,6.227065,2,2,A71EV2A-x5082a; A71EV2A-x5082b
gnina_crystal_minimised,N#Cc1cccc(NC(=O)N2CCC[C@H](C(N)=O)C2)c1 |a:14|,5.189128446912704,6.322,2,2,A71EV2A-x3509a; A71EV2A-x3509b
gnina_crystal_minimised,N#Cc1ccncc1OC(=O)N1CCC[C@H](C(N)=O)C1 |a:15|,4.504331180271011,5.961225,2,2,A71EV2A-x5594a; A71EV2A-x5594b
gnina_crystal_minimised,N#Cc1nccc(CC(=O)N2CCC[C@H](C(N)=O)C2)n1 |a:14|,4.006352818021342,6.12072,1,1,A71EV2A-x5448a
gnina_crystal_minimised,N#Cc1ncncc1CC(=O)N1CCC[C@H](C(N)=O)C1 |a:15|,4.424812155072339,6.12351,1,1,A71EV2A-x5212a
gnina_crystal_minimised,N#Cc1sccc1CC(=O)N1CCC[C@H](C(N)=O)C1 |a:14|,5.008444067750377,6.05433,1,1,A71EV2A-x3450a
gnina_crystal_minimised,NC(=O)CC1CCN(C(=O)c2cccc(F)c2)CC1,4.597746280949512,5.972535,2,2,A71EV2A-x5409a; A71EV2A-x5409b
gnina_crystal_minimised,NC(=O)C[C@H]1CCCN(c2ncnc3ccccc23)C1 |&1:4|,4.959254335737151,6.07522,1,1,A71EV2A-x4351a
gnina_crystal_minimised,NC(=O)[C@H]1CC(=O)N(Cc2cccc3c2OCC3)C1 |&1:3|,5.0762380391713,5.8262,1,1,A71EV2A-x4312a
gnina_crystal_minimised,"NC(=O)[C@H]1CCC(=O)N(C[C@H]2CCOc3ccccc32)C1 |&1:3,&2:10|",4.620443689892642,6.24635,1,1,A71EV2A-x4409a
gnina_crystal_minimised,NC(=O)[C@H]1CCC(=O)N(Cc2cc(F)cnc2C(F)(F)F)C1 |&1:3|,4.315546325758652,6.43249,2,2,A71EV2A-x5635a; A71EV2A-x5635b
gnina_crystal_minimised,NC(=O)[C@H]1CCC(=O)N(Cc2ccc3cc[nH]c3c2)C1 |&1:3|,4.611743840379951,6.012615,2,2,A71EV2A-x4596a; A71EV2A-x4596b
gnina_crystal_minimised,NC(=O)[C@H]1CCC(=O)N(Cc2cccc(F)c2)C1 |&1:3|,4.255233465290414,5.94192,1,1,A71EV2A-x4924a
gnina_crystal_minimised,NC(=O)[C@H]1CCC(=O)N(Cc2ccsc2)C1 |&1:3|,3.774068781319247,5.572915,2,2,A71EV2A-x5608a; A71EV2A-x5608b
gnina_crystal_minimised,NC(=O)[C@H]1CCC(=O)N([C@@H]2CCCc3ccccc32)C1 |o1:3|,4.5934598195660445,6.50436,1,1,A71EV2A-x5052a
gnina_crystal_minimised,"NC(=O)[C@H]1CCC(=O)N([C@H](CC(F)(F)F)c2cc(Cl)cc(Cl)c2)C1 |&1:3,&2:9|",4.327996747928408,6.89675,1,1,A71EV2A-x5665a
gnina_crystal_minimised,NC(=O)[C@H]1CCC(=O)N([C@H]2CCCc3ccccc32)C1 |o1:3|,4.631937259138866,6.38345,2,2,A71EV2A-x5210a; A71EV2A-x5210b
gnina_crystal_minimised,NC(=O)[C@H]1CCC(=O)N(c2cc3cnccc3c(F)c2F)C1 |&1:3|,4.801706220928761,6.54896,1,1,A71EV2A-x6714a
gnina_crystal_minimised,NC(=O)[C@H]1CCCN(C(=O)C(c2ccccc2)c2ccccc2)C1 |a:3|,5.179858685151659,6.53369,1,1,A71EV2A-x3982a
gnina_crystal_minimised,NC(=O)[C@H]1CCCN(C(=O)C2(O)CCSCC2)C1 |a:3|,4.388276691992658,5.30786,1,1,A71EV2A-x4708a
gnina_crystal_minimised,NC(=O)[C@H]1CCCN(C(=O)C2(c3ccoc3)CCC2)C1 |a:3|,4.618930913825583,6.113675000000001,2,2,A71EV2A-x4514a; A71EV2A-x4575a
gnina_crystal_minimised,NC(=O)[C@H]1CCCN(C(=O)C2CCSCC2)C1 |a:3|,4.603800652904264,5.37645,1,1,A71EV2A-x4706a
gnina_crystal_minimised,NC(=O)[C@H]1CCCN(C(=O)CC2CSC2)C1 |a:3|,4.607306606035202,5.69024,1,1,A71EV2A-x4707a
gnina_crystal_minimised,NC(=O)[C@H]1CCCN(C(=O)Cc2cc(C(F)(F)F)ccc2C(F)(F)F)C1 |a:3|,3.806800765395556,6.51739,1,1,A71EV2A-x4381a
gnina_crystal_minimised,NC(=O)[C@H]1CCCN(C(=O)Cc2cc(C(F)(F)F)ccc2Cl)C1 |&1:3|,4.906948150425689,6.46894,1,1,A71EV2A-x3208a
gnina_crystal_minimised,NC(=O)[C@H]1CCCN(C(=O)Cc2cc3c(cc2Cl)OCCO3)C1 |a:3|,4.037176387439713,6.332784999999999,2,2,A71EV2A-x4669a; A71EV2A-x4669b
gnina_crystal_minimised,NC(=O)[C@H]1CCCN(C(=O)Cc2ccc3c(c2)CCC(=O)N3)C1 |a:3|,4.349692476868063,5.7441,1,1,A71EV2A-x4320a
gnina_crystal_minimised,NC(=O)[C@H]1CCCN(C(=O)Cc2cccc(Cl)c2Cl)C1 |a:3|,4.065026720650614,6.85904,1,1,A71EV2A-x4336a
gnina_crystal_minimised,NC(=O)[C@H]1CCCN(C(=O)Cc2cccc3c2CCC3)C1 |a:3|,3.9502403164313615,6.40141,1,1,A71EV2A-x4344a
gnina_crystal_minimised,NC(=O)[C@H]1CCCN(C(=O)Cc2cccc3c2SCC3)C1 |a:3|,3.551812748385584,6.5626,1,1,A71EV2A-x5151a
gnina_crystal_minimised,NC(=O)[C@H]1CCCN(C(=O)Cc2cccc3cn[nH]c23)C1 |&1:3|,5.011185771310347,6.45032,1,1,A71EV2A-x3210a
gnina_crystal_minimised,NC(=O)[C@H]1CCCN(C(=O)Cc2cccc3ncsc23)C1 |a:3|,3.9648133085158968,6.76442,1,1,A71EV2A-x5221a
gnina_crystal_minimised,NC(=O)[C@H]1CCCN(C(=O)Cc2cccc3nsnc23)C1 |a:3|,4.492392502728005,6.57722,1,1,A71EV2A-x4463a
gnina_crystal_minimised,NC(=O)[C@H]1CCCN(C(=O)Cc2cccc3occc23)C1 |&1:3|,3.960269771303526,5.81044,1,1,A71EV2A-x3191a
gnina_crystal_minimised,NC(=O)[C@H]1CCCN(C(=O)Cc2cccc3sccc23)C1 |a:3|,3.9387751065420735,6.54007,1,1,A71EV2A-x4341a
gnina_crystal_minimised,NC(=O)[C@H]1CCCN(C(=O)Cc2ccccc2CO)C1 |a:3|,4.345773777137761,5.930664999999999,2,2,A71EV2A-x4374a; A71EV2A-x4374b
gnina_crystal_minimised,NC(=O)[C@H]1CCCN(C(=O)Cc2ccccc2CS(N)(=O)=O)C1 |a:3|,4.135380979941972,5.80572,1,1,A71EV2A-x4403a
gnina_crystal_minimised,NC(=O)[C@H]1CCCN(C(=O)Cc2ccccc2OC(F)F)C1 |a:3|,4.229666366474778,5.53413,1,1,A71EV2A-x4319a
gnina_crystal_minimised,NC(=O)[C@H]1CCCN(C(=O)Cc2cccnc2Cl)C1 |a:3|,3.43690985073048,6.03554,2,2,A71EV2A-x5079a; A71EV2A-x5079b
gnina_crystal_minimised,NC(=O)[C@H]1CCCN(C(=O)Cc2cccnc2O)C1 |a:3|,5.153756287657022,5.35897,1,1,A71EV2A-x4372a
gnina_crystal_minimised,NC(=O)[C@H]1CCCN(C(=O)Cc2ccnc(Cl)c2Br)C1 |&1:3|,4.162204305054052,6.75992,1,1,A71EV2A-x3193a
gnina_crystal_minimised,NC(=O)[C@H]1CCCN(C(=O)Cc2ccnc(Cl)n2)C1 |a:3|,4.653647025549361,6.102785,2,2,A71EV2A-x5213a; A71EV2A-x5213b
gnina_crystal_minimised,NC(=O)[C@H]1CCCN(C(=O)Cc2ccncc2Cl)C1 |a:3|,5.18523404082538,6.07912,1,1,A71EV2A-x4461a
gnina_crystal_minimised,NC(=O)[C@H]1CCCN(C(=O)Cc2ccsc2)C1 |&1:3|,4.589713631215067,5.6520399999999995,2,2,A71EV2A-x5425a; A71EV2A-x5425b
gnina_crystal_minimised,NC(=O)[C@H]1CCCN(C(=O)Cc2cncnc2Cl)C1 |a:3|,4.037630664329979,6.114895000000001,2,2,A71EV2A-x5081a; A71EV2A-x5081b
gnina_crystal_minimised,NC(=O)[C@H]1CCCN(C(=O)Cc2ncc3ccc(Br)cn23)C1 |a:3|,4.424218724311264,6.88851,4,4,A71EV2A-x4519a; A71EV2A-x4519b; A71EV2A-x4580a; A71EV2A-x4580b
gnina_crystal_minimised,NC(=O)[C@H]1CCCN(C(=O)Cc2ncncc2Cl)C1 |a:3|,4.03673794170959,6.17614,2,2,A71EV2A-x4979a; A71EV2A-x4979b
gnina_crystal_minimised,NC(=O)[C@H]1CCCN(C(=O)Cn2cc(Br)cc(Cl)c2=O)C1 |a:3|,3.7253509633996433,6.21922,1,1,A71EV2A-x4540a
gnina_crystal_minimised,NC(=O)[C@H]1CCCN(C(=O)NCC2CC2)C1 |a:3|,5.064884396650843,5.66118,1,1,A71EV2A-x3417a
gnina_crystal_minimised,NC(=O)[C@H]1CCCN(C(=O)Nc2cc3c(cc2Cl)OCO3)C1 |a:3|,4.6271423700874985,6.23124,1,1,A71EV2A-x4308a
gnina_crystal_minimised,NC(=O)[C@H]1CCCN(C(=O)Nc2cccc3c2S(=O)(=O)CCC3)C1 |a:3|,4.616184634019569,6.71755,1,1,A71EV2A-x4654a
gnina_crystal_minimised,NC(=O)[C@H]1CCCN(C(=O)Nc2cccc3c2SCCC3)C1 |a:3|,4.5141394746468695,6.952483333333333,3,3,A71EV2A-x4674a; A71EV2A-x4674b; A71EV2A-x4674c
gnina_crystal_minimised,NC(=O)[C@H]1CCCN(C(=O)Nc2ccccc2F)C1 |a:3|,4.851286884122841,6.09997,1,1,A71EV2A-x3612a
gnina_crystal_minimised,NC(=O)[C@H]1CCCN(C(=O)Nc2ccccc2OCC(F)(F)F)C1 |a:3|,5.15661038833037,6.6216,1,1,A71EV2A-x4306a
gnina_crystal_minimised,NC(=O)[C@H]1CCCN(C(=O)Nc2ccccc2SC(F)F)C1 |a:3|,4.325140144305149,6.52896,1,1,A71EV2A-x4656a
gnina_crystal_minimised,NC(=O)[C@H]1CCCN(C(=O)OC2CCCCC2)C1 |a:3|,4.042264201974706,5.26624,1,1,A71EV2A-x5351a
gnina_crystal_minimised,NC(=O)[C@H]1CCCN(C(=O)[C@H](CN2CCCC2)c2ccccc2)C1 |&1:10|,5.024630533433036,6.52038,1,1,A71EV2A-x3975a
gnina_crystal_minimised,NC(=O)[C@H]1CCCN(C(=O)[C@H](Cc2ccc(F)cc2)c2ccccc2)C1 |&1:10|,5.478592246479633,6.6460475,4,4,A71EV2A-x4237a; A71EV2A-x4237b; A71EV2A-x4237c; A71EV2A-x4237d
gnina_crystal_minimised,NC(=O)[C@H]1CCCN(C(=O)[C@H](OCC2CCCC2)c2ccccc2)C1 |&1:10|,5.567003508658591,6.06612,1,1,A71EV2A-x3968a
gnina_crystal_minimised,NC(=O)[C@H]1CCCN(C(=O)[C@H](Sc2ccccc2)c2ccccc2)C1 |&1:10|,5.135488918941608,6.181515,2,2,A71EV2A-x3986a; A71EV2A-x3986b
gnina_crystal_minimised,NC(=O)[C@H]1CCCN(C(=O)[C@H](c2ccccc2)n2cccn2)C1 |&1:10|,4.869666231504994,6.28556,2,2,A71EV2A-x4451a; A71EV2A-x4451b
gnina_crystal_minimised,"NC(=O)[C@H]1CCCN(C(=O)[C@H]2CCNc3[nH]ncc32)C1 |&1:3,&2:10|",5.556193958463214,6.08828,1,1,A71EV2A-x3218a
gnina_crystal_minimised,NC(=O)[C@H]1CCCN(C(=O)[C@H]2CCOc3ccc(Cl)cc32)C1 |&1:10|,5.28547334915742,6.46814,1,1,A71EV2A-x4260a
gnina_crystal_minimised,NC(=O)[C@H]1CCCN(C(=O)[C@H]2CCSc3ccccc32)C1 |o1:10|,4.826813731587726,6.506045,2,2,A71EV2A-x4943a; A71EV2A-x4943b
gnina_crystal_minimised,"NC(=O)[C@H]1CCCN(C(=O)[C@H]2CC[C@H]2c2ccc(Cl)cc2)C1 |&1:10,&2:13|",4.000869458712629,6.65167,1,1,A71EV2A-x5550a
gnina_crystal_minimised,NC(=O)[C@H]1CCCN(C(=O)[C@H]2CCc3cccc(Br)c32)C1 |&1:10|,4.479401524821051,6.654445,2,2,A71EV2A-x4202a; A71EV2A-x4202b
gnina_crystal_minimised,NC(=O)[C@H]1CCCN(C(=O)[C@H]2CCc3cccc(O)c32)C1 |&1:10|,5.148337017678052,6.2995,2,2,A71EV2A-x4456a; A71EV2A-x4456b
gnina_crystal_minimised,NC(=O)[C@H]1CCCN(C(=O)[C@H]2CCc3snnc32)C1 |&1:10|,4.667561540084395,5.66078,1,1,A71EV2A-x4472a
gnina_crystal_minimised,NC(=O)[C@H]1CCCN(C(=O)[C@H]2SCc3cccnc32)C1 |&1:10|,4.60382166833978,5.886044999999999,2,2,A71EV2A-x4606a; A71EV2A-x4606b
gnina_crystal_minimised,"NC(=O)[C@H]1CCCN(C(=O)[C@]2(Cc3ccc(F)cc3)CCCCO2)C1 |&1:3,&2:10|",4.609064892896621,6.70517,1,1,A71EV2A-x4416a
gnina_crystal_minimised,NC(=O)[C@H]1CCCN(C(=O)c2ccnc3[nH]ncc23)C1 |&1:3|,4.787812395596042,6.07731,1,1,A71EV2A-x3223a
gnina_crystal_minimised,NC(=O)[C@H]1CCN(C(=O)Cc2c(Cl)cccc2Cl)C1 |&1:3|,4.7544873321858505,6.37543,1,1,A71EV2A-x5427a
gnina_crystal_minimised,NC(=O)[C@H]1CCN(C(=O)Cc2cc(C(F)(F)F)ccc2Cl)C1 |&1:3|,5.04901488179868,6.5097,1,1,A71EV2A-x3989a
gnina_crystal_minimised,NC(=O)[C@H]1CCN(C(=O)Cn2c(=O)sc3ccc(Cl)cc32)C1 |a:3|,4.001740661576301,6.674385,2,2,A71EV2A-x5824a; A71EV2A-x5824b
gnina_crystal_minimised,NC(=O)[C@H]1CCN(C(=O)Cn2cc(Br)cc(Cl)c2=O)C1 |a:3|,4.024899837282849,6.60888,1,1,A71EV2A-x5779a
gnina_crystal_minimised,NC(=O)[C@H]1CCN(C(=O)[C@H]2CCCN2C(=O)c2cccs2)C1 |&1:9|,5.012334272309165,6.680435,2,2,A71EV2A-x5705a; A71EV2A-x5705b
gnina_crystal_minimised,NC(=O)[C@H]1CCN(C(=O)[C@H]2CCOc3ccc(Cl)cc32)C1 |&1:9|,4.437172628708407,6.43696,1,1,A71EV2A-x5728a
gnina_crystal_minimised,NC(=O)[C@H]1CCN(C(=O)[C@H]2CSc3ccccc32)C1 |&1:9|,4.129009644321656,6.36882,1,1,A71EV2A-x5570a
gnina_crystal_minimised,"NC(=O)[C@H]1CCN(C(=O)[C@H]2SCCc3sccc32)C1 |&1:3,&2:9|",4.430090742898188,6.39153,1,1,A71EV2A-x5431a
gnina_crystal_minimised,"NC(=O)[C@H]1C[C@@H]2C[C@@H]2N(C(=O)Cc2ccccc2Cl)C1 |&1:3,5,7|",4.5796822958876815,6.40841,2,2,A71EV2A-x5802a; A71EV2A-x5802b
gnina_crystal_minimised,"NC(=O)[C@H]1C[C@H]2C[C@H]2N(C(=O)Cc2ccccc2Cl)C1 |&1:3,5,7|",4.476253533188435,6.4326550000000005,2,2,A71EV2A-x5798a; A71EV2A-x5798b
gnina_crystal_minimised,NC(=O)[C@]12CN(C(=O)Cc3ccccc3Cl)C[C@@H](C1)C2 |&1:3|,4.0045909104114665,6.56356,1,1,A71EV2A-x5277a
gnina_crystal_minimised,NC(=O)c1ccccc1CC(=O)N1CCC[C@H](C(N)=O)C1 |a:16|,3.660111973943557,6.34014,1,1,A71EV2A-x4840a
gnina_crystal_minimised,O=C(NCCc1cocn1)N1CCc2ccccc21,5.162973800773931,5.42886,1,1,A71EV2A-x3392a
gnina_crystal_minimised,O=C(NCCc1cocn1)c1ccccc1,5.093196163745395,4.17085,1,1,A71EV2A-x3435a
gnina_fragment_crossdock,C#C[C@H](NCCc1cocn1)c1nn(C)c2ccccc12 |&1:2|,4.716801953096995,4.7313790321,1,1,A71EV2A-x4426a
gnina_fragment_crossdock,"C#C[C@H]1CCCC[C@@H]1OC(=O)N1CCC[C@H](C(N)=O)C1 |o1:2,7|",4.011869615687259,5.7504901886,1,1,A71EV2A-x5747a
gnina_fragment_crossdock,C#Cc1ccc(C)c(OC(=O)N2CCC[C@H](C(N)=O)C2)c1 |a:15|,3.8964015060220634,5.7074160576,1,1,A71EV2A-x5466a
gnina_fragment_crossdock,C=C(C)c1cccc(SC)c1CC(=O)N1CCC[C@H](C(N)=O)C1 |a:18|,5.435913722030655,6.0408167839,1,1,A71EV2A-x6027a
gnina_fragment_crossdock,C=CS(=O)(=O)N1CCC[C@H](C(N)=O)C1 |&1:9|,5.1938200260161125,4.4984936714,1,1,A71EV2A-x3408a
gnina_fragment_crossdock,C=Cc1cccc(CC(=O)N2CCC[C@H](C(N)=O)C2)n1 |a:14|,5.099072631333438,5.99673390385,2,2,A71EV2A-x5015a; A71EV2A-x5015b
gnina_fragment_crossdock,C=Cc1ccccc1CS(=O)(=O)N1CCC[C@H](C(N)=O)C1 |a:16|,4.5951662833800615,5.6051974297,1,1,A71EV2A-x5359a
gnina_fragment_crossdock,CC(=O)Nc1cccc(NC(N)=O)c1,4.943095148663527,3.8373491764,1,1,A71EV2A-x2454a
gnina_fragment_crossdock,CC(=O)Nc1ccccc1CC(=O)N1CCC[C@H](C(N)=O)C1 |a:17|,4.265200170411153,5.3961410522,1,1,A71EV2A-x4322a
gnina_fragment_crossdock,CC(C)(C)c1ccccc1NC(=O)N1CCC[C@H](C(N)=O)C1 |a:17|,4.916961547867879,6.011241436,1,1,A71EV2A-x4311a
gnina_fragment_crossdock,CC(C)Oc1ccccc1NC(=O)N1CCC[C@H](C(N)=O)C1 |a:17|,4.877787213913532,4.6633114815,1,1,A71EV2A-x4305a
gnina_fragment_crossdock,"CC(C)[C@H](c1cc(Cl)cc(Br)c1)N1C[C@H](C(N)=O)CCC1=O |&1:3,&2:14|",4.564352412519983,6.7682089806,1,1,A71EV2A-x5868a
gnina_fragment_crossdock,CCC(=O)N[C@H](C(=O)N1CC[C@H](C(N)=O)C1)c1ccccc1SC |&1:5|,4.556507378095548,6.4387860298,1,1,A71EV2A-x6853a
gnina_fragment_crossdock,CCC1(CC)CCN(c2ncnc(SC)c2CC(=O)N2CCC[C@H](C(N)=O)C2)C1 |a:23|,6.266038858073333,6.5057835579,1,1,A71EV2A-x6738a
gnina_fragment_crossdock,CCC1(CC)CN(c2ncnc(SC)c2CC(=O)N2CCC[C@H](C(N)=O)C2)CCS1(=O)=O |a:22|,6.0703717346625785,6.5481133461,1,1,A71EV2A-x7169a
gnina_fragment_crossdock,CCCSc1cccc(OC)c1NC(=O)N1CCC[C@H](C(N)=O)C1 |a:19|,3.79526753551538,4.4394135475,2,2,A71EV2A-x5288a; A71EV2A-x5288b
gnina_fragment_crossdock,CCN(CC1CC1)C(=O)c1cccc(CC(=O)N2CCC[C@H](C(N)=O)C2)c1 |a:21|,4.908336601699183,6.2370638847,1,1,A71EV2A-x3944a
gnina_fragment_crossdock,CCN(c1ncnc(SC)c1CC(=O)N1CCC[C@H](C(N)=O)C1)C(C)C |a:18|,5.941351132986486,6.3162403107,1,1,A71EV2A-x7432a
gnina_fragment_crossdock,CCOC(=O)N[C@H](C(=O)N1CC[C@H](C(N)=O)C1)c1ccccc1SC |o1:6|,4.606251898190906,5.6039881706,1,1,A71EV2A-x6844a
gnina_fragment_crossdock,"CCS(=O)(=O)N1CCN(c2ncnc(SC)c2CC(=O)N2CCC[C@H](C(N)=O)C2)[C@H](C)C1 |a:24,29|",5.887521899626527,6.6226677895,1,1,A71EV2A-x7446a
gnina_fragment_crossdock,CCS(=O)(=O)c1ccc(OC)c(NC(=O)N2CCC[C@H](C(N)=O)C2)c1 |a:19|,4.09366495819491,4.8629922867,2,2,A71EV2A-x4309a; A71EV2A-x4309b
gnina_fragment_crossdock,"CC[C@@H]1CCCN1c1ncnc(SC)c1CC(=O)N1CCC[C@H](C(N)=O)C1 |a:2,22|",5.359471394334077,6.3524198532,2,2,A71EV2A-x7510a; A71EV2A-x7510b
gnina_fragment_crossdock,"CC[C@@H]1CS[C@H](C(N)=O)CN1C(=O)Oc1cc(Br)ccc1SC |o1:2,5|",4.170150986564742,5.0747051239,1,1,A71EV2A-x7321a
gnina_fragment_crossdock,"CC[C@H](c1cc(F)cc(Br)c1)N1C[C@H](C(N)=O)CCC1=O |&1:2,&2:13|",4.7121982700697735,6.3525314331,1,1,A71EV2A-x5699a
gnina_fragment_crossdock,"CC[C@H](c1ccc(Cl)c(Cl)c1)N1C[C@H](C(N)=O)CCC1=O |&1:2,&2:13|",4.012372581165862,6.0660877228,1,1,A71EV2A-x5676a
gnina_fragment_crossdock,"CC[C@H]1CCCN1c1ncnc(SC)c1CC(=O)N1CCC[C@H](C(N)=O)C1 |a:2,22|",7.302627133357621,6.3692603111,1,1,A71EV2A-x7011a
gnina_fragment_crossdock,"CC[C@H]1CS[C@H](C(N)=O)CN1C(=O)Oc1cc(Br)ccc1SC |o1:2,5|",7.112683897314732,4.4988102913,1,1,A71EV2A-x7613a
gnina_fragment_crossdock,CCc1ccsc1CN1C[C@H](C(N)=O)CCC1=O |&1:10|,4.668737062060432,5.5357666016,1,1,A71EV2A-x4954a
gnina_fragment_crossdock,CCn1nccc1C(=O)N[C@H](C(=O)N1CC[C@H](C(N)=O)C1)c1ccccc1SC |&1:10|,4.197688573451602,6.9029593468,1,1,A71EV2A-x6945a
gnina_fragment_crossdock,CN(C)C(=O)[C@@H](c1ccccc1)N1C[C@H](C(N)=O)CC1=O |o1:14|,4.003097753980533,5.9702739716,1,1,A71EV2A-x5497a
gnina_fragment_crossdock,CN(C)S(=O)(=O)c1cccnc1,5.10745472442027,3.0126285553,2,2,A71EV2A-x2448a; A71EV2A-x2448b
gnina_fragment_crossdock,CN1c2ccccc2C[C@H]1C(=O)N1CCC[C@H](C(N)=O)C1 |&1:9|,4.598941671349912,5.02413272855,2,2,A71EV2A-x4583a; A71EV2A-x4583b
gnina_fragment_crossdock,"CNC(=O)[C@@H](c1cccc(C)c1)N1C[C@H](C(N)=O)CC1=O |&1:4,14|",4.596879478824183,6.1033082008,1,1,A71EV2A-x5317a
gnina_fragment_crossdock,"CNC(=O)[C@@H]1CCN1c1ncnc(SC)c1CC(=O)N1CCC[C@H](C(N)=O)C1 |a:4,23|",5.553061207453266,6.6859765053,1,1,A71EV2A-x7297a
gnina_fragment_crossdock,CNC(=O)c1cn(C)c2ccccc12,4.822826736702125,4.512447834,1,1,A71EV2A-x3066a
gnina_fragment_crossdock,CNC(=O)c1nn(C)c2ccccc12,5.376184576266073,4.4950070381,1,1,A71EV2A-x2290a
gnina_fragment_crossdock,CNC(=O)c1oc2ccccc2c1CN1C[C@H](C(N)=O)CCC1=O |&1:16|,4.027340564735919,6.1621899605,1,1,A71EV2A-x5226a
gnina_fragment_crossdock,CNS(=O)(=O)c1ccccc1Cl,6.034867358576641,3.5637409687,1,1,A71EV2A-x2458a
gnina_fragment_crossdock,CNc1ncnc(SC)c1CC(=O)N1CCC[C@H](C(N)=O)C1 |a:17|,5.471985787685622,5.9643135071,1,1,A71EV2A-x6021a
gnina_fragment_crossdock,COC(=O)N1CCCN(c2ncnc(SC)c2CC(=O)N2CCC[C@H](C(N)=O)C2)CC1 |a:24|,5.745487997043694,6.5154309273,1,1,A71EV2A-x7018a
gnina_fragment_crossdock,"COC(=O)N[C@H]1CCN(c2ncnc(SC)c2CC(=O)N2CCC[C@H](C(N)=O)C2)C1 |a:5,24|",7.272545074821092,6.7257843018,1,1,A71EV2A-x7589a
gnina_fragment_crossdock,COCC(=O)Nc1c(Cl)cc(C)cc1OCc1ncccn1,4.858392228943246,5.1521074771999995,2,2,A71EV2A-x3522a; A71EV2A-x3522b
gnina_fragment_crossdock,COCC(=O)Nc1c(Cl)cc(C)cc1Oc1cccc(C(N)=O)c1,4.822657723022635,4.9806461334,1,1,A71EV2A-x3488a
gnina_fragment_crossdock,"COC[C@@H]1CCCN1c1ncnc(SC)c1CC(=O)N1CCC[C@H](C(N)=O)C1 |a:3,23|",5.028984985837811,6.1783027649,1,1,A71EV2A-x7161a
gnina_fragment_crossdock,"COC[C@@H]1CCN1c1ncnc(SC)c1CC(=O)N1CCC[C@H](C(N)=O)C1 |a:3,22|",5.357972475219064,6.49595189095,2,2,A71EV2A-x7353a; A71EV2A-x7353b
gnina_fragment_crossdock,"COC[C@@]1(C)C[C@H](C(N)=O)CN1C(=O)Cc1cc(Br)ccc1SC |&1:3,6|",5.510062512868513,5.662127018,1,1,A71EV2A-x5398a
gnina_fragment_crossdock,COC[C@H](C)NC(=O)c1nn(C)c2ccccc12 |&1:3|,4.747146969020107,4.1679377556,1,1,A71EV2A-x3176a
gnina_fragment_crossdock,"COC[C@H]1CCCN1c1ncnc(SC)c1CC(=O)N1CCC[C@H](C(N)=O)C1 |a:3,23|",7.197280846039433,6.554913044,1,1,A71EV2A-x7175a
gnina_fragment_crossdock,"COC[C@H]1CC[C@H](C(N)=O)CN1C(=O)Cc1ccccc1SC |o1:3,6|",4.011460574435142,5.9642195702,1,1,A71EV2A-x5488a
gnina_fragment_crossdock,"COC[C@]1(C(=O)N2CCC[C@H](C(N)=O)C2)CCCCO1 |&1:3,&2:10|",6.0,5.0810217857,1,1,A71EV2A-x3936a
gnina_fragment_crossdock,COC[C@]12C[C@@](C(N)=O)(CN1C(=O)Cc1ccccc1OC)C2 |o1:3|,4.028724151261895,5.03673696515,2,2,A71EV2A-x4963a; A71EV2A-x4963b
gnina_fragment_crossdock,COCc1ccccc1CC(=O)N1CCC[C@H](C(N)=O)C1 |a:16|,4.576757218249551,5.206474781,1,1,A71EV2A-x4368a
gnina_fragment_crossdock,COCc1ccccc1NC(=O)N1CCC[C@H](C(N)=O)C1 |a:16|,4.816470464384151,6.0976061821,1,1,A71EV2A-x3483a
gnina_fragment_crossdock,"CO[C@@H]1CCCN(c2ncnc(SC)c2CC(=O)N2CCC[C@H](C(N)=O)C2)C1 |a:2,22|",6.170052776781682,6.4357800484,1,1,A71EV2A-x7238a
gnina_fragment_crossdock,CO[C@H](C(=O)N1CCC[C@H](C(N)=O)C1)c1ccccc1C |&1:2|,4.928117992693875,5.4802880287,1,1,A71EV2A-x3939a
gnina_fragment_crossdock,"CO[C@H](C(=O)N1CCC[C@H](C(N)=O)C1)c1cccnc1 |&1:2,&2:9|",4.227015096629662,5.3929867744,1,1,A71EV2A-x3937a
gnina_fragment_crossdock,COc1c(NC(=O)N2CCC[C@H](C(N)=O)C2)cccc1C(F)(F)F |a:11|,5.032452023781138,5.4449133873,2,2,A71EV2A-x4310a; A71EV2A-x4310b
gnina_fragment_crossdock,COc1cc(Br)c(CC(=O)N2CCC[C@H](C(N)=O)C2)cc1OC |a:14|,3.720229830921272,6.0731568336,1,1,A71EV2A-x4845a
gnina_fragment_crossdock,COc1cc(Cl)ccc1CC(=O)N1CCC[C@H](C(N)=O)C1 |a:16|,4.018634490921456,5.2753453255,1,1,A71EV2A-x4203a
gnina_fragment_crossdock,COc1cc(NC(=O)C[C@H](C)C(F)(F)F)n(C)n1 |&1:9|,4.632048101200719,3.9876257181000003,2,2,A71EV2A-x1445a; A71EV2A-x1445b
gnina_fragment_crossdock,COc1ccc(C(F)(F)F)cc1CC(=O)N1CCC[C@H](C(N)=O)C1 |a:19|,4.449959375475284,5.8330483437,1,1,A71EV2A-x4028a
gnina_fragment_crossdock,COc1ccc(C(F)(F)F)cc1CC(=O)N1CCS[C@H](C(N)=O)C1 |o1:19|,4.828494707777949,5.5800213814,1,1,A71EV2A-x4778a
gnina_fragment_crossdock,COc1ccc(C(F)(F)F)cc1N(C)C(=O)N1CCC[C@H](C(N)=O)C1 |a:20|,4.561127532480804,4.5695900917,1,1,A71EV2A-x4843a
gnina_fragment_crossdock,COc1ccc(C(F)(F)F)cc1NC(=O)N1CCC[C@H](C(N)=O)C1 |a:19|,4.069229199277436,5.5352511406,1,1,A71EV2A-x4429a
gnina_fragment_crossdock,COc1ccc(CC(=O)N2CCC[C@H](C(N)=O)C2)c(OC)c1 |a:13|,4.635207042042172,5.44877815245,2,2,A71EV2A-x3557a; A71EV2A-x3557b
gnina_fragment_crossdock,COc1ccc(Cl)c2c1C(=O)C(=O)N2,4.628932137728264,3.6293945312,1,1,A71EV2A-x2513a
gnina_fragment_crossdock,COc1ccc(Cl)cc1CC(=O)N1CCC[C@H](C(N)=O)C1 |a:16|,4.727236212379233,5.3014297485,1,1,A71EV2A-x3940a
gnina_fragment_crossdock,COc1ccc(Cl)cc1NS(=O)(=O)N1CCC[C@H](C(N)=O)C1 |a:17|,3.989247537499024,5.2494449615,1,1,A71EV2A-x5278a
gnina_fragment_crossdock,COc1ccc(Cl)cc1OC(=O)N1CCC[C@H](C(N)=O)C1 |a:16|,5.262803072736122,5.1199914217,4,4,A71EV2A-x4829a; A71EV2A-x4829b; A71EV2A-x4903a; A71EV2A-x4903b
gnina_fragment_crossdock,COc1ccc(F)cc1CC(=O)N1CCC[C@H](C(N)=O)C1 |a:16|,4.2094239507757765,5.6823635101,1,1,A71EV2A-x3546a
gnina_fragment_crossdock,COc1ccc2c(n1)[C@H](C(=O)N1CCC[C@H](C(N)=O)C1)CC2 |&1:8|,4.452380443994761,5.7537536621,1,1,A71EV2A-x3954a
gnina_fragment_crossdock,COc1cccc(CN2C[C@H](C(N)=O)CCC2=O)c1 |&1:10|,4.608183969818477,5.151443958250001,2,2,A71EV2A-x5036a; A71EV2A-x5036b
gnina_fragment_crossdock,COc1cccc(Cl)c1CC(=O)N1CCC[C@@H](C(N)=O)C1 |a:16|,4.620456050805198,5.647805690749999,2,2,A71EV2A-x3858a; A71EV2A-x3858b
gnina_fragment_crossdock,COc1cccc(Cl)c1CC(=O)N1CCC[C@H](C(N)=O)C1 |a:16|,4.78560502978966,5.7151398659,1,1,A71EV2A-x3942a
gnina_fragment_crossdock,COc1cccc(Cl)c1CC(=O)N1CCC[C@H](C(N)=O)C1 |o1:16|,4.37828501116997,5.4449081421,1,1,A71EV2A-x4209a
gnina_fragment_crossdock,"COc1cccc(Cl)c1CC(=O)N1C[C@H](C(N)=O)C[C@H](C(=O)NC2CC2)C1 |o1:14,19|",4.899323290233971,6.5676383972,2,2,A71EV2A-x3993a; A71EV2A-x3993b
gnina_fragment_crossdock,"COc1cccc(Cl)c1CC(=O)N1C[C@H](C(N)=O)[C@H]2CCC[C@H]21 |&1:14,&2:18,22|",4.819608655063361,5.7112598419,1,1,A71EV2A-x4239a
gnina_fragment_crossdock,COc1cccc(Cl)c1NC(=O)N1CCC[C@H](C(N)=O)C1 |a:16|,4.465918205168407,6.2964880466499995,2,2,A71EV2A-x4035a; A71EV2A-x4035b
gnina_fragment_crossdock,COc1cccc(Cl)c1NC(=O)N1CC[C@H](C(N)=O)C1 |a:15|,4.612119831707907,5.072392225250001,2,2,A71EV2A-x3992a; A71EV2A-x3992b
gnina_fragment_crossdock,COc1cccc(NC(=O)N2CCC[C@H](C(N)=O)C2)c1 |a:14|,4.956109291095229,5.5342202187,1,1,A71EV2A-x3485a
gnina_fragment_crossdock,COc1cccc(NC(=O)N2CCC[C@H](C(N)=O)C2)c1Cl |a:14|,4.612661045864782,5.989105383566667,3,3,A71EV2A-x4524a; A71EV2A-x4873a; A71EV2A-x4873b
gnina_fragment_crossdock,COc1cccc(NC(=O)N2CCC[C@H](C(N)=O)C2)n1 |a:14|,5.072431269429168,5.4573845863,1,1,A71EV2A-x4298a
gnina_fragment_crossdock,COc1cccc(SC(C)C)c1NC(=O)N1CCC[C@H](C(N)=O)C1 |a:19|,5.313218576201494,6.2295076847,2,2,A71EV2A-x5289a; A71EV2A-x5289b
gnina_fragment_crossdock,COc1cccc(SC)c1NC(=O)N1CCC[C@H](C(N)=O)C1 |a:17|,5.161195917717353,5.1173839569,1,1,A71EV2A-x4554a
gnina_fragment_crossdock,"COc1cccc2c1CC[C@H]2N1C[C@H](C(N)=O)CCC1=O |&1:10,&2:13|",4.789637072991269,5.9391198158,1,1,A71EV2A-x4316a
gnina_fragment_crossdock,COc1cccc2c1N(C(=O)N1CCC[C@H](C(N)=O)C1)CCS2 |a:15|,4.29598340377612,5.7465519905,1,1,A71EV2A-x5389a
gnina_fragment_crossdock,COc1ccccc1CC(=O)N(C)CCC(N)=O,4.935542010773082,5.6195759773,1,1,A71EV2A-x3977a
gnina_fragment_crossdock,COc1ccccc1CC(=O)N1CCCC[C@H](C(N)=O)C1 |&1:16|,4.952204384072568,5.34553980825,2,2,A71EV2A-x3571a; A71EV2A-x3571b
gnina_fragment_crossdock,COc1ccccc1CC(=O)N1CCC[C@H](C(N)=O)C1 |&1:15|,4.128427064454121,5.6130833626,1,1,A71EV2A-x3186a
gnina_fragment_crossdock,COc1ccccc1CC(=O)N1CCC[C@H](C(N)=O)CC1 |&1:15|,4.952188702489189,5.6364517212,2,2,A71EV2A-x4018a; A71EV2A-x4018b
gnina_fragment_crossdock,COc1ccccc1CC(=O)N1CCN[C@H](C(N)=O)C1 |&1:15|,5.622664040174432,5.2471232414,1,1,A71EV2A-x3901a
gnina_fragment_crossdock,COc1ccccc1CC(=O)N1CCO[C@@H](C(N)=O)C1 |a:15|,4.615695746966642,4.7609329224,1,1,A71EV2A-x3663a
gnina_fragment_crossdock,COc1ccccc1CC(=O)N1CC[C@@H](O)C1 |a:14|,4.951406063714552,4.0447974205,1,1,A71EV2A-x3621a
gnina_fragment_crossdock,COc1ccccc1CC(=O)N1CC[C@H](CC(N)=O)C1 |&1:14|,5.055150304924533,5.3758552074249994,4,4,A71EV2A-x3694a; A71EV2A-x3694b; A71EV2A-x4032a; A71EV2A-x4032b
gnina_fragment_crossdock,COc1ccccc1CC(=O)N1CC[C@H](NC(N)=O)C1 |&1:14|,5.056011124926228,5.7520918846,1,1,A71EV2A-x3685a
gnina_fragment_crossdock,COc1ccccc1CC(=O)N1C[C@H](C(N)=O)CC(F)(F)C1 |&1:13|,5.41096889227547,4.6290874481,1,1,A71EV2A-x3665a
gnina_fragment_crossdock,"COc1ccccc1CC(=O)N1C[C@H](C(N)=O)CC[C@@H]1C |&1:13,19|",4.411260481653311,5.5618610382,1,1,A71EV2A-x3550a
gnina_fragment_crossdock,"COc1ccccc1CC(=O)N1C[C@H](C(N)=O)[C@@H](C(F)(F)F)C1 |&1:13,17|",5.110698297493689,4.7503046989,1,1,A71EV2A-x3990a
gnina_fragment_crossdock,"COc1ccccc1CC(=O)N1C[C@H](C)[C@@H](C(N)=O)C1 |&1:13,15|",5.303920706565589,4.7925949097,1,1,A71EV2A-x3634a
gnina_fragment_crossdock,"COc1ccccc1CC(=O)N1C[C@]2(C(N)=O)CC[C@H]1C2 |a:13,19|",4.621697158125564,4.7062935829,1,1,A71EV2A-x4476a
gnina_fragment_crossdock,COc1ccccc1CCN1C[C@H](C(N)=O)CC1=O |&1:12|,5.044970753420985,5.2304458618,1,1,A71EV2A-x3956a
gnina_fragment_crossdock,COc1ccccc1CN1C[C@H](C(N)=O)CC1=O |&1:11|,4.62709189585908,5.4082016945,1,1,A71EV2A-x3895a
gnina_fragment_crossdock,COc1ccccc1CN1C[C@H](C(N)=O)CCC1=O |&1:11|,4.956855685489159,5.23138785365,2,2,A71EV2A-x3579a; A71EV2A-x4029a
gnina_fragment_crossdock,COc1ccccc1NC(=O)Nc1cccnc1,4.740875707793589,4.280725956,1,1,A71EV2A-x2629a
gnina_fragment_crossdock,COc1ccccc1S(=O)(=O)N1CCC[C@H](C(N)=O)C1 |a:15|,5.161780778092374,4.96416711805,2,2,A71EV2A-x4214a; A71EV2A-x4214b
gnina_fragment_crossdock,COc1ccccc1[C@H](C)C(=O)N1CCC[C@H](C(N)=O)C1 |o1:8|,5.415903931859735,5.568568706500001,2,2,A71EV2A-x4445a; A71EV2A-x4445b
gnina_fragment_crossdock,"COc1ccccc1[C@H](C)CN1C[C@H](C(N)=O)CC1=O |&1:8,&2:13|",4.917407524166997,5.3815617561,1,1,A71EV2A-x4313a
gnina_fragment_crossdock,"COc1ccccc1[C@H](C)N1C[C@H](C(N)=O)CCC1=O |&1:8,&2:12|",5.565980102355844,5.5789756775,1,1,A71EV2A-x4661a
gnina_fragment_crossdock,COc1ccccc1[C@H](N)C(=O)N1CCC[C@H](C(N)=O)C1 |o1:8|,5.349983835684398,5.3723750114,1,1,A71EV2A-x3890a
gnina_fragment_crossdock,COc1ccccc1[C@H](NC(=O)OC(C)(C)C)C(=O)N1CCC[C@H](C(N)=O)C1 |o1:8|,4.930769702637148,6.4752676487,2,2,A71EV2A-x3884a; A71EV2A-x3884b
gnina_fragment_crossdock,COc1ccccc1[C@H](NC(C)=O)C(=O)N1CCC[C@H](C(N)=O)C1 |o1:8|,5.238439218136987,5.6549631357,4,4,A71EV2A-x4207a; A71EV2A-x4207b; A71EV2A-x4449a; A71EV2A-x4449b
gnina_fragment_crossdock,"COc1ccccc1[C@H](O)CN1C[C@H](C(N)=O)CC1=O |&1:8,&2:13|",5.276902343492681,4.67588377,1,1,A71EV2A-x4295a
gnina_fragment_crossdock,"COc1ccccc1[C@H](O)CN1C[C@H](C(N)=O)CCC1=O |&1:8,&2:13|",5.212129340035951,5.2454800606,1,1,A71EV2A-x4406a
gnina_fragment_crossdock,COc1ccccc1[C@H](OC)C(=O)N1CCC[C@H](C(N)=O)C1 |o1:8|,5.523700643055132,5.2573604584,2,2,A71EV2A-x3862a; A71EV2A-x3883a
gnina_fragment_crossdock,COc1cccnc1CC(=O)N1CCC[C@H](C(N)=O)C1 |a:15|,4.648165195719463,5.616566658,2,2,A71EV2A-x4283a; A71EV2A-x4283b
gnina_fragment_crossdock,COc1cccnc1CN1CCC[C@H](C(N)=O)C1 |a:13|,5.576653344896242,4.9965145587999995,2,2,A71EV2A-x4274a; A71EV2A-x4274b
gnina_fragment_crossdock,COc1ccncc1CC(=O)N1CCC[C@H](C(N)=O)C1 |&1:15|,4.443671499997475,4.8718094826,1,1,A71EV2A-x3229a
gnina_fragment_crossdock,COc1ccncc1CC(=O)N1CCC[C@H](C(N)=O)C1 |a:15|,4.7516996536545095,4.9707274437,1,1,A71EV2A-x3548a
gnina_fragment_crossdock,COc1ncc(-c2ccc(SC)c(CC(=O)N3CCC[C@H](C(N)=O)C3)c2)cc1C#N |a:20|,5.612933991649193,6.1193709373,1,1,A71EV2A-x5877a
gnina_fragment_crossdock,COc1ncc(Br)cc1CC(=O)N1CCC[C@H](C(N)=O)C1 |a:16|,4.832067775571805,5.7787513733,1,1,A71EV2A-x4388a
gnina_fragment_crossdock,COc1ncccc1-c1ccc(SC)c(CC(=O)N2CCC[C@H](C(N)=O)C2)c1 |a:22|,5.926316446103106,6.4689121246,1,1,A71EV2A-x6736a
gnina_fragment_crossdock,COc1ncccc1CC(=O)N1CCC[C@H](C(N)=O)C1 |&1:15|,4.324153048333832,5.8205375671,1,1,A71EV2A-x3201a
gnina_fragment_crossdock,COc1ncccc1CC(=O)N1CCC[C@H](C(N)=O)C1 |a:15|,4.286509456906058,5.9278903008,1,1,A71EV2A-x4347a
gnina_fragment_crossdock,COc1ncccc1CC(=O)N1CCC[C@H](C(N)=O)C1 |o1:15|,4.939681121858298,5.2137913704,2,2,A71EV2A-x3849a; A71EV2A-x3869a
gnina_fragment_crossdock,COc1ncccc1NC(=O)N1CCC[C@H](C(N)=O)C1 |a:15|,4.487273331768478,5.3052375316500004,2,2,A71EV2A-x4031a; A71EV2A-x4031b
gnina_fragment_crossdock,COc1ncccc1NC(=O)N1CC[C@H](C(N)=O)C1 |a:14|,4.618016608302379,4.4743499756,1,1,A71EV2A-x4418a
gnina_fragment_crossdock,COc1ncccc1NS(=O)(=O)N1CCC[C@H](C(N)=O)C1 |a:16|,4.601213898998983,5.42115974425,2,2,A71EV2A-x4899a; A71EV2A-x4899b
gnina_fragment_crossdock,CS(=O)(=O)c1ccccc1CC(=O)N1CCC[C@H](C(N)=O)C1 |a:17|,4.018181392829336,5.8122735023,1,1,A71EV2A-x4675a
gnina_fragment_crossdock,CSCC1(CC(=O)N2CCC[C@H](C(N)=O)C2)CC1 |a:11|,4.0270354434741735,5.1542563438,1,1,A71EV2A-x4701a
gnina_fragment_crossdock,"CSC[C@H]1C[C@H]1C(=O)N1CCC[C@H](C(N)=O)C1 |&1:3,5|",4.808721339045607,5.3184685707,1,1,A71EV2A-x4736a
gnina_fragment_crossdock,"CS[C@@H]1CCCC[C@H]1OC(=O)N1CCC[C@H](C(N)=O)C1 |o1:2,7|",3.5961527992975952,5.5729689598,1,1,A71EV2A-x5231a
gnina_fragment_crossdock,CSc1c(Br)cccc1CC(=O)N1CCC[C@H](C(N)=O)C1 |a:16|,4.472492797097293,6.1968073845,1,1,A71EV2A-x4290a
gnina_fragment_crossdock,CSc1c(F)cccc1NC(=O)N1CCC[C@H](C(N)=O)C1 |a:16|,4.319967775442991,5.2701706886,1,1,A71EV2A-x4851a
gnina_fragment_crossdock,CSc1c(NC(=O)N2CCC[C@H](C(N)=O)C2)c(C)nn1C |a:11|,4.6073172842698655,5.3361682892,1,1,A71EV2A-x4727a
gnina_fragment_crossdock,CSc1ccc(-c2cc(C#N)ncc2F)cc1CC(=O)N1CCC[C@H](C(N)=O)C1 |a:24|,5.682717212000788,6.4211096764,1,1,A71EV2A-x6769a
gnina_fragment_crossdock,CSc1ccc(-c2cc(C)c(=O)n(C)c2)cc1CC(=O)N1CCC[C@H](C(N)=O)C1 |a:24|,6.031014087429405,6.191704988450001,2,2,A71EV2A-x5879a; A71EV2A-x5879b
gnina_fragment_crossdock,CSc1ccc(-c2cc(C)nn2C)cc1OC(=O)N1CCC[C@H](C(N)=O)C1 |a:22|,5.436862866226505,6.5322494507,1,1,A71EV2A-x7260a
gnina_fragment_crossdock,CSc1ccc(-c2cc[nH]n2)cc1CC(=O)N1CCC[C@H](C(N)=O)C1 |a:20|,5.955905430140241,6.13264513015,2,2,A71EV2A-x5525a; A71EV2A-x5525b
gnina_fragment_crossdock,"CSc1ccc(-c2cc[nH]n2)cc1CC(=O)N1C[C@H](C(N)=O)C[C@H]2C[C@H]21 |&1:18,23,25|",6.340503680200894,6.20350956915,2,2,A71EV2A-x7576a; A71EV2A-x7576b
gnina_fragment_crossdock,CSc1ccc(-c2cc[nH]n2)cc1OC(=O)N1CCC[C@H](C(N)=O)C1 |a:20|,6.343392058545723,6.4272480011,1,1,A71EV2A-x7597a
gnina_fragment_crossdock,CSc1ccc(-c2ccc(N3CCN(C)CC3)nc2)cc1OC(=O)N1CCC[C@H](C(N)=O)C1 |a:28|,6.646304383229654,5.910577774,1,1,A71EV2A-x7261a
gnina_fragment_crossdock,CSc1ccc(-c2cccc3cnn(C)c23)cc1CC(=O)N1CCC[C@H](C(N)=O)C1 |a:25|,4.852511447271943,6.8798294067,1,1,A71EV2A-x6025a
gnina_fragment_crossdock,CSc1ccc(-c2ccccc2)cc1CC(=O)N1CCC[C@H](C(N)=O)C1 |a:21|,5.7575850142068425,5.654340744,1,1,A71EV2A-x5526a
gnina_fragment_crossdock,CSc1ccc(-c2ccccn2)cc1OC(=O)N1CCC[C@H](C(N)=O)C1 |a:21|,6.363385275343752,6.2948250771,1,1,A71EV2A-x7442a
gnina_fragment_crossdock,"CSc1ccc(-c2ccccn2)cc1OC(=O)N1C[C@H](C(N)=O)C[C@H]2C[C@H]21 |&1:19,24,26|",6.770247859071493,6.3193514347,2,2,A71EV2A-x7350a; A71EV2A-x7350b
gnina_fragment_crossdock,"CSc1ccc(-c2cccnc2)cc1OC(=O)N1C[C@H](C(N)=O)C[C@@H]2C[C@@H]21 |&1:19,24,26|",6.025403843721281,6.352408886,1,1,A71EV2A-x7032a
gnina_fragment_crossdock,"CSc1ccc(-c2cccnc2)cc1OC(=O)N1C[C@H](C(N)=O)C[C@H]2C[C@H]21 |&1:19,24,26|",6.615017621163278,6.506289959,1,1,A71EV2A-x7070a
gnina_fragment_crossdock,CSc1ccc(-c2cccnc2C(C)C)cc1CC(=O)N1CCC[C@H](C(N)=O)C1 |a:24|,5.633026106559719,6.4913158417,1,1,A71EV2A-x6778a
gnina_fragment_crossdock,CSc1ccc(-c2cccnc2N)cc1OC(=O)N1CCC[C@H](C(N)=O)C1 |a:22|,6.467825319983038,6.904188394549999,2,2,A71EV2A-x7301a; A71EV2A-x7301b
gnina_fragment_crossdock,CSc1ccc(-c2ccnc(N(C)C)c2)cc1CC(=O)N1CCC[C@H](C(N)=O)C1 |a:24|,6.212710086334884,6.9412388802,1,1,A71EV2A-x6791a
gnina_fragment_crossdock,CSc1ccc(-c2ccncc2)cc1CC(=O)N1CCC[C@H](C(N)=O)C1 |a:21|,5.983523026568097,6.1465859413,1,1,A71EV2A-x5509a
gnina_fragment_crossdock,"CSc1ccc(-c2ccncc2)cc1CC(=O)N1C[C@H](C(N)=O)C[C@H]2C[C@H]21 |&1:19,24,26|",6.743785006270056,5.0557632446,1,1,A71EV2A-x7256a
gnina_fragment_crossdock,"CSc1ccc(-c2ccncc2)cc1CC(=O)N1C[C@H](C(N)=O)C[C@H]2C[C@H]21 |o1:19,24,26|",4.917388969413124,6.228749752,1,1,A71EV2A-x7445a
gnina_fragment_crossdock,"CSc1ccc(-c2ccncc2)cc1NC(=O)N1C[C@H](C(N)=O)C[C@H]2C[C@H]21 |&1:19,24,26|",5.742028204896328,5.503888607,1,1,A71EV2A-x6746a
gnina_fragment_crossdock,"CSc1ccc(-c2ccncc2)cc1OC(=O)N1C[C@H](C(N)=O)C[C@H]2C[C@H]21 |&1:19,24,26|",6.058389757043434,6.0724730492,1,1,A71EV2A-x7184a
gnina_fragment_crossdock,CSc1ccc(-c2ccnn2C(C)(C)C)cc1OC(=O)N1CCC[C@H](C(N)=O)C1 |a:24|,4.912085112444354,5.98664760585,2,2,A71EV2A-x7167a; A71EV2A-x7167b
gnina_fragment_crossdock,"CSc1ccc(-c2ccnn2C2CCC2)cc1OC(=O)N1C[C@H](C(N)=O)C[C@H]2C[C@H]21 |&1:22,27,29|",6.6437811411974925,6.6646227837,1,1,A71EV2A-x7044a
gnina_fragment_crossdock,"CSc1ccc(-c2cn[nH]c2)cc1CC(=O)N1C[C@H](C(N)=O)C[C@H]2C[C@H]21 |&1:18,23,25|",6.438312682607372,7.0229225159,1,1,A71EV2A-x5836a
gnina_fragment_crossdock,"CSc1ccc(-c2cn[nH]c2)cc1OC(=O)N1C[C@H](C(N)=O)C[C@@H]2C[C@@H]21 |&1:18,23,25|",5.626220997937759,6.0593094826,1,1,A71EV2A-x7379a
gnina_fragment_crossdock,"CSc1ccc(-c2cn[nH]c2)cc1OC(=O)N1C[C@H](C(N)=O)C[C@H]2C[C@H]21 |&1:18,23,25|",6.775141043530828,5.957678318,1,1,A71EV2A-x7323a
gnina_fragment_crossdock,CSc1ccc(-c2cncc(C)c2C)cc1CC(=O)N1CCC[C@H](C(N)=O)C1 |a:23|,5.401951923140469,6.9025840759,1,1,A71EV2A-x6032a
gnina_fragment_crossdock,CSc1ccc(-c2cncc(S(C)(=O)=O)c2)cc1CC(=O)N1CCC[C@H](C(N)=O)C1 |a:25|,5.687762124194347,5.8996653557,2,2,A71EV2A-x6948a; A71EV2A-x6948b
gnina_fragment_crossdock,CSc1ccc(-c2cncc3ccccc23)cc1CC(=O)N1CCC[C@H](C(N)=O)C1 |a:25|,5.484126156288321,6.4208197594,1,1,A71EV2A-x6035a
gnina_fragment_crossdock,"CSc1ccc(-c2cnco2)cc1OC(=O)N1C[C@H](C(N)=O)C[C@H]2C[C@H]21 |&1:18,23,25|",6.622961397710664,5.916973114,1,1,A71EV2A-x7002a
gnina_fragment_crossdock,"CSc1ccc(-c2cnn[nH]2)cc1OC(=O)N1C[C@H](C(N)=O)C[C@H]2C[C@H]21 |&1:18,23,25|",6.821074156272469,6.5870666504,1,1,A71EV2A-x7410a
gnina_fragment_crossdock,CSc1ccc(-c2cnnn2C)cc1CC(=O)N1CCC[C@H](C(N)=O)C1 |a:21|,5.437915347454481,6.3991703987,1,1,A71EV2A-x6925a
gnina_fragment_crossdock,CSc1ccc(-c2csc(C(F)F)c2)cc1CC(=O)N1CCC[C@H](C(N)=O)C1 |a:23|,6.104588372500485,6.1005759239,1,1,A71EV2A-x5864a
gnina_fragment_crossdock,"CSc1ccc(-c2ocnc2C)cc1OC(=O)N1C[C@H](C(N)=O)C[C@H]2C[C@H]21 |&1:19,24,26|",5.964275769895213,7.0232701302,1,1,A71EV2A-x7287a
gnina_fragment_crossdock,CSc1ccc(-n2cccn2)cc1CC(=O)N1CCC[C@H](C(N)=O)C1 |a:20|,6.017614181634599,6.486436367,1,1,A71EV2A-x5604a
gnina_fragment_crossdock,CSc1ccc(-n2ccnc2)cc1CC(=O)N1CCC[C@H](C(N)=O)C1 |a:20|,5.816743356703912,5.1046714783,1,1,A71EV2A-x5833a
gnina_fragment_crossdock,CSc1ccc(Br)cc1CC(=O)N1CCC[C@H](C(N)=O)C1 |a:16|,6.504803930407411,5.0739178658,1,1,A71EV2A-x4431a
gnina_fragment_crossdock,CSc1ccc(Br)cc1CC(=O)N1CCC[C@H](C(N)=O)CC1 |&1:16|,4.084730020129478,6.0070037842,2,2,A71EV2A-x5203a; A71EV2A-x5203b
gnina_fragment_crossdock,"CSc1ccc(Br)cc1CC(=O)N1CCC[C@H](C(N)=O)[C@@H]1C |o1:16,20|",4.01122507362837,5.3994174004,1,1,A71EV2A-x5494a
gnina_fragment_crossdock,CSc1ccc(Br)cc1CC(=O)N1CC[C@H](C(N)=O)C1 |a:15|,4.166573738364501,5.2587666512,1,1,A71EV2A-x4856a
gnina_fragment_crossdock,"CSc1ccc(Br)cc1CC(=O)N1C[C@H](C(N)=O)CC[C@@H]1C |o1:14,20|",5.370420577541523,6.03406095505,2,2,A71EV2A-x5247a; A71EV2A-x5247b
gnina_fragment_crossdock,"CSc1ccc(Br)cc1CC(=O)N1C[C@H](C(N)=O)CC[C@H]1C |o1:14,20|",5.163175522827518,5.862524151775,4,4,A71EV2A-x5339a; A71EV2A-x5339b; A71EV2A-x5366a; A71EV2A-x5366b
gnina_fragment_crossdock,"CSc1ccc(Br)cc1CC(=O)N1C[C@H](C(N)=O)[C@H]2C[C@H]21 |o1:14,18,20|",4.590066876668706,5.4102249146,1,1,A71EV2A-x7359a
gnina_fragment_crossdock,"CSc1ccc(Br)cc1CC(=O)N1[C@H]2CC[C@H](C(N)=O)[C@@H]1CC2 |o1:13,16,20|",4.022734028686543,4.6016263962,2,2,A71EV2A-x5758a; A71EV2A-x5758b
gnina_fragment_crossdock,"CSc1ccc(Br)cc1OC(=O)N1C[C@H](C(N)=O)CC[C@@H]1C |o1:14,20|",4.757850080326607,5.8952682018,2,2,A71EV2A-x5819a; A71EV2A-x5819b
gnina_fragment_crossdock,"CSc1ccc(Br)cc1OC(=O)N1C[C@H](C(N)=O)CC[C@@H]1CO |&1:14,20|",5.994964027913848,4.7918739319,1,1,A71EV2A-x7558a
gnina_fragment_crossdock,"CSc1ccc(Br)cc1OC(=O)N1C[C@H](C(N)=O)C[C@@H]2C[C@@H]21 |&1:14,19,21|",6.134970625328986,4.830728054,1,1,A71EV2A-x5830a
gnina_fragment_crossdock,"CSc1ccc(Br)cc1OC(=O)N1C[C@H](C(N)=O)C[C@H]2C[C@H]21 |&1:14,19,21|",6.442779415416162,5.2373957634,1,1,A71EV2A-x6932a
gnina_fragment_crossdock,CSc1ccc(Br)cc1[C@H](NC(=O)OC(C)(C)C)C(=O)N1CC[C@H](C(N)=O)C1 |&1:9|,4.616253373468555,5.2727775574,1,1,A71EV2A-x5891a
gnina_fragment_crossdock,CSc1ccc(C(=O)N(C)C2CCC(C)(C)CC2)cc1CC(=O)N1CCC[C@H](C(N)=O)C1 |a:27|,4.8542464945359285,7.1428031921,1,1,A71EV2A-x7307a
gnina_fragment_crossdock,CSc1ccc(C(=O)N2CC=CCC23CCC3)cc1CC(=O)N1CCC[C@H](C(N)=O)C1 |a:26|,5.727326160448949,6.1841278076,1,1,A71EV2A-x7318a
gnina_fragment_crossdock,CSc1ccc(C(=O)N2Cc3nccc(C)c3C2)cc1CC(=O)N1CCC[C@H](C(N)=O)C1 |a:27|,5.732131922180389,6.9974522591,1,1,A71EV2A-x6739a
gnina_fragment_crossdock,CSc1ccc(C(=O)Nc2ccncc2)cc1CC(=O)N1CCC[C@H](C(N)=O)C1 |a:24|,6.058292496038209,6.5972206592500005,2,2,A71EV2A-x5512a; A71EV2A-x5512b
gnina_fragment_crossdock,"CSc1ccc(C2=CCN(C)CC2)cc1CC(=O)N1C[C@H](C(N)=O)C[C@H]2C[C@H]21 |o1:20,25,27|",6.217987758487747,6.38577914235,2,2,A71EV2A-x7369a; A71EV2A-x7369b
gnina_fragment_crossdock,"CSc1ccc(C2=CCN(C)CC2)cc1OC(=O)N1C[C@H](C(N)=O)C[C@@H]2C[C@@H]21 |&1:20,25,27|",6.4554495427646055,5.983027935,1,1,A71EV2A-x7046a
gnina_fragment_crossdock,"CSc1ccc(C2=CCN(C)CC2)cc1OC(=O)N1C[C@H](C(N)=O)C[C@H]2C[C@H]21 |&1:20,25,27|",6.616789569053188,6.2279105186,1,1,A71EV2A-x7368a
gnina_fragment_crossdock,CSc1ccc(C2=CCNCC2)cc1CC(=O)N1CCC[C@H](C(N)=O)C1 |a:21|,6.359785941635829,5.732984066,1,1,A71EV2A-x6827a
gnina_fragment_crossdock,"CSc1ccc(C2=CCOCC2)cc1OC(=O)N1C[C@H](C(N)=O)C[C@H]2C[C@H]21 |&1:19,24,26|",6.278226151900541,6.4707489014,1,1,A71EV2A-x7021a
gnina_fragment_crossdock,CSc1ccc(C2CC2)cc1CC(=O)N1CCC[C@H](C(N)=O)C1 |a:18|,5.527677465814104,5.9346833229,1,1,A71EV2A-x5276a
gnina_fragment_crossdock,CSc1ccc(N2CCCC2=O)cc1NC(=O)N1CCC[C@H](C(N)=O)C1 |a:21|,5.06227649451538,6.0125951767,2,2,A71EV2A-x4986a; A71EV2A-x4986b
gnina_fragment_crossdock,CSc1ccc(N2CCOCC2)cc1NC(=O)N1CCC[C@H](C(N)=O)C1 |a:21|,4.924868863339022,5.7310245037000005,2,2,A71EV2A-x5598a; A71EV2A-x5598b
gnina_fragment_crossdock,CSc1ccc(OC2CC2)cc1NC(=O)N1CCC[C@H](C(N)=O)C1 |a:19|,4.674438823846753,5.2669887543,1,1,A71EV2A-x5533a
gnina_fragment_crossdock,CSc1ccc(S(C)(=O)=O)cc1CC(=O)N1CCC[C@H](C(N)=O)C1 |a:19|,5.609697925694327,5.8253853321,2,2,A71EV2A-x5449a; A71EV2A-x5449b
gnina_fragment_crossdock,CSc1ccc(SC(C)(C)C)cc1CC(=O)N1CCC[C@H](C(N)=O)C1 |a:20|,5.111221489644668,6.5194563866,1,1,A71EV2A-x5403a
gnina_fragment_crossdock,CSc1ccc2c(c1)[C@H](C(=O)N1CCC[C@H](C(N)=O)C1)CCO2 |o1:8|,4.060454118763697,5.9763338566,2,2,A71EV2A-x5475a; A71EV2A-x5475b
gnina_fragment_crossdock,CSc1ccc2cnccc2c1NC(=O)N1CCC[C@H](C(N)=O)C1 |a:19|,5.772572568212773,5.9975008965,1,1,A71EV2A-x5261a
gnina_fragment_crossdock,CSc1ccc2ncccc2c1NC(=O)N1CCC[C@H](C(N)=O)C1 |a:19|,6.128863936621021,4.8160772323500005,2,2,A71EV2A-x4977a; A71EV2A-x4977b
gnina_fragment_crossdock,"CSc1ccc2ncccc2c1NC(=O)N1C[C@H](C(N)=O)C[C@@H]2C[C@@H]21 |o1:17,22,24|",5.669481598088156,4.94270157815,2,2,A71EV2A-x6877a; A71EV2A-x6980a
gnina_fragment_crossdock,"CSc1ccc2ncccc2c1NC(=O)N1C[C@H](C(N)=O)C[C@H]2C[C@H]21 |&1:17,22,24|",6.155618588158782,4.9830584526,1,1,A71EV2A-x5854a
gnina_fragment_crossdock,"CSc1ccc2ncccc2c1OC(=O)N1C[C@H](C(N)=O)C[C@@H]2C[C@@H]21 |o1:17,22,24|",6.223231835566202,6.14553880695,2,2,A71EV2A-x7459a; A71EV2A-x7461a
gnina_fragment_crossdock,"CSc1ccc2ncccc2c1OC(=O)N1C[C@H](C(N)=O)C[C@H]2C[C@H]21 |o1:17,22,24|",6.55419279444554,6.238214015933333,3,3,A71EV2A-x7465a; A71EV2A-x7465b; A71EV2A-x7515a
gnina_fragment_crossdock,CSc1ccc2scnc2c1NC(=O)N1CCC[C@H](C(N)=O)C1 |a:18|,5.775683273773221,5.731339693100001,2,2,A71EV2A-x5283a; A71EV2A-x5283b
gnina_fragment_crossdock,CSc1cccc(-c2cc(C(F)(F)F)nn2C)c1CC(=O)N1CCC[C@H](C(N)=O)C1 |a:25|,5.150667872559956,7.01093697545,2,2,A71EV2A-x6955a; A71EV2A-x6955b
gnina_fragment_crossdock,CSc1cccc(-c2ccc(C(F)(F)F)cc2C#N)c1CC(=O)N1CCC[C@H](C(N)=O)C1 |a:27|,5.656918950334414,6.1799492836,1,1,A71EV2A-x5884a
gnina_fragment_crossdock,CSc1cccc(-c2ccc(C(F)(F)F)o2)c1CC(=O)N1CCC[C@H](C(N)=O)C1 |a:24|,5.785803993839482,6.5105500221,1,1,A71EV2A-x5857a
gnina_fragment_crossdock,CSc1cccc(-c2cn(C)c(=O)c3ccccc23)c1CC(=O)N1CCC[C@H](C(N)=O)C1 |a:27|,6.086272291520818,6.8918671608,1,1,A71EV2A-x6028a
gnina_fragment_crossdock,CSc1cccc(-c2sccc2C2CC2)c1CC(=O)N1CCC[C@H](C(N)=O)C1 |a:23|,5.508648103412354,6.8391060829,1,1,A71EV2A-x6794a
gnina_fragment_crossdock,CSc1cccc(-n2ccnc2)c1CC(=O)N1CCC[C@H](C(N)=O)C1 |a:20|,5.508866053332301,6.0473647118,1,1,A71EV2A-x5788a
gnina_fragment_crossdock,CSc1cccc(Br)c1CC(=O)N1CCC[C@H](C(N)=O)C1 |a:16|,5.23959580735841,6.2650761604,1,1,A71EV2A-x4670a
gnina_fragment_crossdock,CSc1cccc(C2=CCCCC2)c1CC(=O)N1CCC[C@H](C(N)=O)C1 |a:21|,5.358458624958955,6.414504528,1,1,A71EV2A-x6938a
gnina_fragment_crossdock,CSc1cccc(CC(=O)N2CCC[C@H](C(N)=O)C2)c1 |a:14|,4.165030350472351,5.691298484800001,2,2,A71EV2A-x4334a; A71EV2A-x4334b
gnina_fragment_crossdock,CSc1cccc(CN2C[C@H](C(N)=O)CCC2=O)c1 |o1:10|,4.610891805164698,5.1316256523,1,1,A71EV2A-x4710a
gnina_fragment_crossdock,CSc1cccc2c1N(C(=O)N1CCC[C@H](C(N)=O)C1)CCCO2 |a:15|,3.9795272089559,4.0437202454,1,1,A71EV2A-x5249a
gnina_fragment_crossdock,"CSc1cccc2c1[C@@H](C(=O)N1C[C@H](C(N)=O)C[C@H]3C[C@H]31)CC2 |&1:8,13,18,20|",6.317002294422829,4.4431729317,1,1,A71EV2A-x7448a
gnina_fragment_crossdock,CSc1cccc2c1[C@H](C(=O)N1CCC[C@H](C(N)=O)C1)CC2 |o1:8|,6.105065909655473,6.0744080544,1,1,A71EV2A-x5687a
gnina_fragment_crossdock,CSc1cccc2c1[C@H](C(=O)N1CCC[C@H](C(N)=O)C1)CCC2 |o1:8|,4.913179132164633,6.651971817,3,3,A71EV2A-x5850a; A71EV2A-x5995a; A71EV2A-x5995b
gnina_fragment_crossdock,CSc1ccccc1CC(=O)N1CCC(F)(F)[C@H](C(N)=O)C1 |&1:17|,4.92096962924201,6.2396893501,1,1,A71EV2A-x4724a
gnina_fragment_crossdock,CSc1ccccc1CC(=O)N1CCC[C@H](C(F)F)C1 |&1:15|,3.883316455303125,4.1607952118,1,1,A71EV2A-x4746a
gnina_fragment_crossdock,CSc1ccccc1CC(=O)N1CCC[C@H](C(N)=O)C1 |a:15|,5.393063563669464,6.0919032097,1,1,A71EV2A-x4386a
gnina_fragment_crossdock,CSc1ccccc1CC(=O)N1CCC[C@H](CCO)C1 |&1:15|,3.7794804346789226,5.0216236115,1,1,A71EV2A-x4809a
gnina_fragment_crossdock,CSc1ccccc1CC(=O)N1CCC[C@H](CF)C1 |&1:15|,4.015189894778023,4.5768089294,1,1,A71EV2A-x4751a
gnina_fragment_crossdock,CSc1ccccc1CC(=O)N1CCC[C@H](O)C1 |&1:15|,4.025488307262672,4.3667197227,1,1,A71EV2A-x4794a
gnina_fragment_crossdock,CSc1ccccc1CC(=O)N1CCC[C@H](S(N)(=O)=O)C1 |&1:15|,4.603800652904264,4.369207859,1,1,A71EV2A-x4745a
gnina_fragment_crossdock,CSc1ccccc1CC(=O)N1CCC[C@H]1c1cnc[nH]1 |&1:15|,4.853871964321762,6.0977845192,1,1,A71EV2A-x4735a
gnina_fragment_crossdock,"CSc1ccccc1CC(=O)N1CCC[C@H]2C(=O)NC[C@H]21 |&1:15,20|",4.035167674220528,4.7972621918,1,1,A71EV2A-x4791a
gnina_fragment_crossdock,CSc1ccccc1CC(=O)N1CCC[C@](F)(C(N)=O)C1 |&1:15|,3.839782551369189,6.0559439659,1,1,A71EV2A-x4753a
gnina_fragment_crossdock,CSc1ccccc1CC(=O)N1CCC[C@](O)(C(N)=O)C1 |&1:15|,3.955966436496336,5.78198862075,2,2,A71EV2A-x4894a; A71EV2A-x4940a
gnina_fragment_crossdock,CSc1ccccc1CC(=O)N1CCNC(=O)C1,4.006123085058789,4.9360222816,1,1,A71EV2A-x4721a
gnina_fragment_crossdock,"CSc1ccccc1CC(=O)N1CC[C@H]2[C@H](C1)[C@H]2C(N)=O |&1:14,&2:15,&3:17|",4.558200508454535,6.2582316399,1,1,A71EV2A-x4739a
gnina_fragment_crossdock,"CSc1ccccc1CC(=O)N1C[C@H](C(N)=O)CC[C@H]1CO |o1:13,19|",4.599655204790009,6.077192306500001,2,2,A71EV2A-x5992a; A71EV2A-x5992b
gnina_fragment_crossdock,"CSc1ccccc1CC(=O)N1C[C@H](C(N)=O)C[C@H](C(N)=O)C1 |a:13,18|",5.207231875935455,5.7191231251,2,2,A71EV2A-x5171a; A71EV2A-x5171b
gnina_fragment_crossdock,"CSc1ccccc1CC(=O)N1C[C@H](C(N)=O)C[C@H]2C[C@H]21 |o1:13,18,20|",5.676463453677816,5.83584618565,2,2,A71EV2A-x5177a; A71EV2A-x7631a
gnina_fragment_crossdock,"CSc1ccccc1CC(=O)N1C[C@H](C)C[C@@H](C(N)=O)C1 |o1:13,16|",4.494060495927921,5.4276232719,1,1,A71EV2A-x5200a
gnina_fragment_crossdock,"CSc1ccccc1CC(=O)N1C[C@H](C)C[C@H](C(N)=O)C1 |&1:13,&2:16|",4.1315895194873935,5.70758104325,2,2,A71EV2A-x4885a; A71EV2A-x4885b
gnina_fragment_crossdock,"CSc1ccccc1CC(=O)N1C[C@H](C)C[C@H](C(N)=O)C1 |o1:13,16|",4.006585256974127,5.5949368477,1,1,A71EV2A-x5268a
gnina_fragment_crossdock,"CSc1ccccc1CC(=O)N1C[C@H](O)C[C@@H](C(N)=O)C1 |&1:13,16|",3.66094239119996,5.8772687912,2,2,A71EV2A-x5387a; A71EV2A-x5387b
gnina_fragment_crossdock,CSc1ccccc1CC(=O)N1C[C@H]2C[C@@]1(CC(N)=O)C2 |&1:15|,4.051345937463026,6.1043431758499995,2,2,A71EV2A-x5262a; A71EV2A-x5262b
gnina_fragment_crossdock,CSc1ccccc1CN1C[C@H](C(N)=O)CCC1=O |o1:11|,4.6439741428068775,5.2447838783,1,1,A71EV2A-x4694a
gnina_fragment_crossdock,CSc1ccccc1N(C)C(=O)N1CCC[C@H](C(N)=O)C1 |a:16|,4.601955140820748,5.5013995171,1,1,A71EV2A-x4712a
gnina_fragment_crossdock,CSc1ccccc1N(C)C(=O)N1CC[C@H](C(N)=O)C1 |a:15|,4.640164517660112,5.8617148399,1,1,A71EV2A-x4684a
gnina_fragment_crossdock,CSc1ccccc1N1C[C@H](C(N)=O)CCC1=O |o1:10|,4.6020599913279625,5.4402441978,1,1,A71EV2A-x4922a
gnina_fragment_crossdock,CSc1ccccc1OC(=O)N1CCC[C@H](C(N)=O)C1 |a:15|,5.826838634714068,5.4261233807,2,2,A71EV2A-x4824a; A71EV2A-x4824b
gnina_fragment_crossdock,CSc1ccccc1[C@H](C(=O)N1CC[C@H](C(N)=O)C1)N1CCCC1=O |o1:8|,7.194299872872455,6.4556946754,1,1,A71EV2A-x7038a
gnina_fragment_crossdock,CSc1ccccc1[C@H](NC(=O)C(C)C)C(=O)N1CC[C@H](C(N)=O)C1 |&1:8|,4.616633749466019,5.56498909,1,1,A71EV2A-x7035a
gnina_fragment_crossdock,CSc1ccccc1[C@H](NC(=O)C1(C)CCC1)C(=O)N1CC[C@H](C(N)=O)C1 |&1:8|,4.6108664765966765,4.7909340858,1,1,A71EV2A-x6991a
gnina_fragment_crossdock,CSc1ccccc1[C@H](NC(=O)C1CC1)C(=O)N1CC[C@H](C(N)=O)C1 |&1:8|,4.612020519224207,5.6678090096,1,1,A71EV2A-x6934a
gnina_fragment_crossdock,CSc1ccccc1[C@H](NC(=O)CC(F)(F)F)C(=O)N1CC[C@H](C(N)=O)C1 |&1:8|,4.15694990903351,5.8667087555,1,1,A71EV2A-x6818a
gnina_fragment_crossdock,CSc1ccccc1[C@H](NC(=O)CC1CC1)C(=O)N1CC[C@H](C(N)=O)C1 |&1:8|,4.287343084176254,5.8802075386,1,1,A71EV2A-x6726a
gnina_fragment_crossdock,CSc1ccccc1[C@H](NC(=O)CNC(C)=O)C(=O)N1CC[C@H](C(N)=O)C1 |&1:8|,5.199617314652804,5.9010410309,1,1,A71EV2A-x6821a
gnina_fragment_crossdock,CSc1ccccc1[C@H](NC(=O)Cc1ccccc1)C(=O)N1CC[C@H](C(N)=O)C1 |&1:8|,4.505347154054938,6.6559233665,1,1,A71EV2A-x6819a
gnina_fragment_crossdock,CSc1ccccc1[C@H](NC(=O)Cc1cccnc1)C(=O)N1CC[C@H](C(N)=O)C1 |&1:8|,4.6077519100900055,6.764775753,1,1,A71EV2A-x6856a
gnina_fragment_crossdock,CSc1ccccc1[C@H](NC(=O)Cn1cccn1)C(=O)N1CC[C@H](C(N)=O)C1 |&1:8|,4.730497044785864,6.9112830162000005,2,2,A71EV2A-x6816a; A71EV2A-x6816b
gnina_fragment_crossdock,CSc1ccccc1[C@H](NC(=O)OC(C)(C)C)C(=O)N1CC[C@H](C(N)=O)C1 |o1:8|,4.621638788259481,6.4305410385,2,2,A71EV2A-x6847a; A71EV2A-x6851a
gnina_fragment_crossdock,CSc1ccccc1[C@H](NC(C)=O)C(=O)N1CC[C@H](C(N)=O)C1 |&1:8|,5.186061162833519,5.8865265846,1,1,A71EV2A-x5383a
gnina_fragment_crossdock,CSc1cccnc1CC(=O)N1CCC[C@H](C(N)=O)C1 |a:15|,5.097431091411007,6.1519088745,1,1,A71EV2A-x4914a
gnina_fragment_crossdock,CSc1ccncc1CC(=O)N1CCC[C@H](C(N)=O)C1 |a:15|,5.534026193176526,5.978741884250001,2,2,A71EV2A-x4827a; A71EV2A-x4827b
gnina_fragment_crossdock,CSc1ccncc1NC(=O)N1CCC[C@H](C(N)=O)C1 |a:15|,5.452530294347775,4.828991413100001,2,2,A71EV2A-x4826a; A71EV2A-x4826b
gnina_fragment_crossdock,CSc1ccncc1NS(=O)(=O)N1CCC[C@H](C(N)=O)C1 |a:16|,4.881756561812204,5.9897041321,1,1,A71EV2A-x5182a
gnina_fragment_crossdock,CSc1cn(C)nc1NC(=O)N1CCC[C@H](C(N)=O)C1 |a:15|,3.761033004441306,5.6938247681,1,1,A71EV2A-x4703a
gnina_fragment_crossdock,CSc1cnccc1CC(=O)N1CCC[C@H](C(N)=O)C1 |a:15|,4.407893372233542,6.1070046425,1,1,A71EV2A-x4689a
gnina_fragment_crossdock,CSc1cncnc1CC(=O)N1CCC[C@H](C(N)=O)C1 |a:15|,4.176969771296364,5.508746624,1,1,A71EV2A-x4812a
gnina_fragment_crossdock,CSc1cscc1CC(=O)N1CCC[C@H](C(N)=O)C1 |a:14|,5.073475651835252,5.4680142403,1,1,A71EV2A-x4935a
gnina_fragment_crossdock,CSc1nc2c(cc1NC(=O)N1CCC[C@H](C(N)=O)C1)CCCC2 |a:15|,4.217527375833714,5.394709825550001,2,2,A71EV2A-x5022a; A71EV2A-x5022b
gnina_fragment_crossdock,CSc1ncccc1CC(=O)N1CCC[C@H](C(N)=O)C1 |a:15|,5.072700933344527,5.9122633934,1,1,A71EV2A-x4918a
gnina_fragment_crossdock,CSc1ncccc1NC(=O)N1CCC[C@H](C(N)=O)C1 |a:15|,4.2209855861319525,5.18489599225,2,2,A71EV2A-x4883a; A71EV2A-x4883b
gnina_fragment_crossdock,CSc1nccnc1CC(=O)N1CCC[C@H](C(N)=O)C1 |a:15|,4.781195179900988,5.3340148926,1,1,A71EV2A-x4774a
gnina_fragment_crossdock,CSc1ncnc(-c2cn[nH]c2)c1CC(=O)N1CCC[C@H](C(N)=O)C1 |a:20|,5.579850424620521,5.8826107979,1,1,A71EV2A-x5544a
gnina_fragment_crossdock,CSc1ncnc(N(C)C)c1CC(=O)N1CCC[C@H](C(N)=O)C1 |a:18|,6.393012805332465,5.9512195587,2,2,A71EV2A-x7545a; A71EV2A-x7545b
gnina_fragment_crossdock,"CSc1ncnc(N(C)C)c1CC(=O)N1C[C@H](C(N)=O)C[C@@H]2C[C@@H]21 |&1:16,21,23|",6.073633599517659,5.1962881088,2,2,A71EV2A-x7580a; A71EV2A-x7580b
gnina_fragment_crossdock,CSc1ncnc(N(C)C2CCC2)c1CC(=O)N1CCC[C@H](C(N)=O)C1 |a:21|,6.323397411601913,6.1092338562,1,1,A71EV2A-x7172a
gnina_fragment_crossdock,CSc1ncnc(N(C)C2CCOCC2)c1CC(=O)N1CCC[C@H](C(N)=O)C1 |a:23|,5.7864475040867696,6.2010645866,1,1,A71EV2A-x7424a
gnina_fragment_crossdock,CSc1ncnc(N(C)CC(C)(C)O)c1CC(=O)N1CCC[C@H](C(N)=O)C1 |a:22|,6.134728951225614,6.2952370644,1,1,A71EV2A-x7251a
gnina_fragment_crossdock,CSc1ncnc(N(C)CC(C)(F)F)c1CC(=O)N1CCC[C@H](C(N)=O)C1 |a:22|,6.994328024624508,6.6293349266,1,1,A71EV2A-x7333a
gnina_fragment_crossdock,"CSc1ncnc(N(C)CC(F)(F)F)c1CC(=O)N1C[C@H](C(N)=O)C[C@H]2C[C@H]21 |&1:20,25,27|",6.794695728715816,6.6407546997,1,1,A71EV2A-x7608a
gnina_fragment_crossdock,CSc1ncnc(N(C)CC2CCCC2)c1CC(=O)N1CCC[C@H](C(N)=O)C1 |a:23|,6.3046606911348375,6.4609007835,1,1,A71EV2A-x7254a
gnina_fragment_crossdock,CSc1ncnc(N(C)CCC(F)(F)F)c1CC(=O)N1CCC[C@H](C(N)=O)C1 |a:23|,5.748786440007784,6.7530174255,1,1,A71EV2A-x7338a
gnina_fragment_crossdock,CSc1ncnc(N(C)Cc2cc(F)c(F)c(F)c2)c1CC(=O)N1CCC[C@H](C(N)=O)C1 |a:27|,6.244997927316081,6.136341095,1,1,A71EV2A-x7176a
gnina_fragment_crossdock,CSc1ncnc(N(C)Cc2nn(C)cc2Cl)c1CC(=O)N1CCC[C@H](C(N)=O)C1 |a:25|,7.150528408418002,6.5013413429,1,1,A71EV2A-x6914a
gnina_fragment_crossdock,"CSc1ncnc(N(C)[C@@H](C)c2ccccc2)c1CC(=O)N1CCC[C@H](C(N)=O)C1 |a:9,25|",6.580678113068668,6.286562919650001,2,2,A71EV2A-x7436a; A71EV2A-x7436b
gnina_fragment_crossdock,CSc1ncnc(N2CC(C)(c3ccccc3F)C2)c1CC(=O)N1CCC[C@H](C(N)=O)C1 |a:27|,6.439151337818832,5.9148831367,1,1,A71EV2A-x7263a
gnina_fragment_crossdock,CSc1ncnc(N2CC(C)C2)c1CC(=O)N1CCC[C@H](C(N)=O)C1 |a:20|,6.526908295764941,6.408305645,1,1,A71EV2A-x6920a
gnina_fragment_crossdock,CSc1ncnc(N2CC(CC3CCC3)C2)c1CC(=O)N1CCC[C@H](C(N)=O)C1 |a:24|,5.692662147010851,6.1945462227,1,1,A71EV2A-x6895a
gnina_fragment_crossdock,CSc1ncnc(N2CC(O)C2)c1CC(=O)N1CCC[C@H](C(N)=O)C1 |a:20|,6.426194047786621,5.355613231666666,3,3,A71EV2A-x7334a; A71EV2A-x7334b; A71EV2A-x7389a
gnina_fragment_crossdock,CSc1ncnc(N2CC(Oc3ccccc3Cl)C2)c1CC(=O)N1CCC[C@H](C(N)=O)C1 |a:27|,6.078663358532402,6.7400727272,1,1,A71EV2A-x7095a
gnina_fragment_crossdock,CSc1ncnc(N2CC(c3nncn3C)C2)c1CC(=O)N1CCC[C@H](C(N)=O)C1 |a:25|,6.326170396191348,6.477913856500001,2,2,A71EV2A-x5808a; A71EV2A-x5808b
gnina_fragment_crossdock,CSc1ncnc(N2CCC(C#N)(CC(C)C)CC2)c1CC(=O)N1CCC[C@H](C(N)=O)C1 |a:27|,6.265062352283818,6.8611035347,1,1,A71EV2A-x7170a
gnina_fragment_crossdock,CSc1ncnc(N2CCC(C(=O)N(C(C)C)C(C)C)CC2)c1CC(=O)N1CCC[C@H](C(N)=O)C1 |a:30|,6.225268032740376,6.7594070435,1,1,A71EV2A-x7096a
gnina_fragment_crossdock,CSc1ncnc(N2CCC(N(C)S(C)(=O)=O)CC2)c1CC(=O)N1CCC[C@H](C(N)=O)C1 |a:27|,6.512183700381108,5.9495220184,1,1,A71EV2A-x7008a
gnina_fragment_crossdock,CSc1ncnc(N2CCC(N3CCOC3=O)CC2)c1CC(=O)N1CCC[C@H](C(N)=O)C1 |a:27|,5.923489528000301,5.7640843391,1,1,A71EV2A-x7154a
gnina_fragment_crossdock,CSc1ncnc(N2CCC3(CCC3)C2)c1CC(=O)N1CCC[C@H](C(N)=O)C1 |a:23|,6.131209779277596,6.7738528252,1,1,A71EV2A-x7056a
gnina_fragment_crossdock,CSc1ncnc(N2CCC3(CCCC3)C2)c1CC(=O)N1CCC[C@H](C(N)=O)C1 |a:24|,6.462158164196289,6.7395057678,1,1,A71EV2A-x7024a
gnina_fragment_crossdock,CSc1ncnc(N2CCC3(CCCCC3)C2)c1CC(=O)N1CCC[C@H](C(N)=O)C1 |a:25|,6.388555177157266,6.5741119385,1,1,A71EV2A-x7101a
gnina_fragment_crossdock,CSc1ncnc(N2CCC3(CCCO3)CC2)c1CC(=O)N1CCC[C@H](C(N)=O)C1 |a:25|,6.466683163263606,5.9459457397,1,1,A71EV2A-x7284a
gnina_fragment_crossdock,"CSc1ncnc(N2CCCC2)c1CC(=O)N1C[C@H](C(N)=O)C[C@H]2C[C@H]21 |&1:18,23,25|",6.5697284843589205,7.0842022896,1,1,A71EV2A-x6838a
gnina_fragment_crossdock,"CSc1ncnc(N2CCCC2)c1NC(=O)N1C[C@H](C(N)=O)C[C@H]2C[C@H]21 |&1:18,23,25|",5.928304705589599,5.0609583855,1,1,A71EV2A-x7622a
gnina_fragment_crossdock,CSc1ncnc(N2CCCCCC2)c1CC(=O)N1CCC[C@H](C(N)=O)C1 |a:22|,7.1865084765696,6.90229535105,2,2,A71EV2A-x7560a; A71EV2A-x7560b
gnina_fragment_crossdock,"CSc1ncnc(N2CCCC[C@@H]2C(C)C)c1CC(=O)N1CCC[C@H](C(N)=O)C1 |a:12,24|",6.372178760973441,6.5464234352,1,1,A71EV2A-x7420a
gnina_fragment_crossdock,"CSc1ncnc(N2CCCC[C@H]2CO)c1CC(=O)N1CCC[C@H](C(N)=O)C1 |a:12,23|",5.867264623808438,6.6750483513,1,1,A71EV2A-x7430a
gnina_fragment_crossdock,"CSc1ncnc(N2CCC[C@@H]2C(=O)N(C)C)c1CC(=O)N1CCC[C@H](C(N)=O)C1 |a:11,25|",6.66771737227654,5.728705883,1,1,A71EV2A-x7309a
gnina_fragment_crossdock,"CSc1ncnc(N2CCC[C@@H]2C(C)C)c1CC(=O)N1CCC[C@H](C(N)=O)C1 |a:11,23|",7.76022176714164,6.4752850533,1,1,A71EV2A-x7135a
gnina_fragment_crossdock,"CSc1ncnc(N2CCC[C@@H]2C)c1CC(=O)N1CCC[C@H](C(N)=O)C1 |a:11,21|",6.616555737163779,6.45927214625,2,2,A71EV2A-x7533a; A71EV2A-x7533b
gnina_fragment_crossdock,"CSc1ncnc(N2CCC[C@@H]2C2CC2)c1CC(=O)N1CCC[C@H](C(N)=O)C1 |a:11,23|",7.937951041727581,6.4239726067,1,1,A71EV2A-x7259a
gnina_fragment_crossdock,"CSc1ncnc(N2CCC[C@@H]2CC(C)C)c1CC(=O)N1CCC[C@H](C(N)=O)C1 |a:11,24|",7.199879115817523,6.5963153839,1,1,A71EV2A-x7147a
gnina_fragment_crossdock,"CSc1ncnc(N2CCC[C@@H]2Cc2ccccc2)c1CC(=O)N1CCC[C@H](C(N)=O)C1 |a:11,27|",5.138183874676179,6.5265440941,1,1,A71EV2A-x7433a
gnina_fragment_crossdock,"CSc1ncnc(N2CCC[C@@H]2Cc2ccnn2C)c1CC(=O)N1CCC[C@H](C(N)=O)C1 |a:11,27|",7.359361237098654,6.6317920685,1,1,A71EV2A-x7132a
gnina_fragment_crossdock,"CSc1ncnc(N2CCC[C@@H]2Cn2cccn2)c1CC(=O)N1CCC[C@H](C(N)=O)C1 |a:11,26|",6.189334160880994,6.6696681976,1,1,A71EV2A-x7127a
gnina_fragment_crossdock,"CSc1ncnc(N2CCC[C@@H]2c2ccccc2)c1CC(=O)N1CCC[C@H](C(N)=O)C1 |a:11,26|",7.13169634555566,6.184191227,1,1,A71EV2A-x7570a
gnina_fragment_crossdock,"CSc1ncnc(N2CCC[C@H](C(F)(F)F)C2)c1CC(=O)N1CCC[C@H](C(N)=O)C1 |a:11,25|",6.211100724659235,6.724627018,1,1,A71EV2A-x7246a
gnina_fragment_crossdock,"CSc1ncnc(N2CCC[C@H](C)C2)c1CC(=O)N1CCC[C@H](C(N)=O)C1 |a:11,22|",6.173854131618843,6.2577185631,1,1,A71EV2A-x7250a
gnina_fragment_crossdock,"CSc1ncnc(N2CCC[C@H]2C(C)C)c1CC(=O)N1CCC[C@H](C(N)=O)C1 |a:11,23|",5.331449457260316,6.3311049938499995,2,2,A71EV2A-x7491a; A71EV2A-x7491b
gnina_fragment_crossdock,CSc1ncnc(N2CCC[C@H]2C(N)=O)c1CC(=O)N1CCC[C@H](C(N)=O)C1 |&1:11|,7.714442690992226,5.5677733421,1,1,A71EV2A-x6832a
gnina_fragment_crossdock,"CSc1ncnc(N2CCC[C@H]2C)c1CC(=O)N1CCC[C@H](C(N)=O)C1 |a:11,21|",5.244486511545811,6.32875728605,2,2,A71EV2A-x7501a; A71EV2A-x7501b
gnina_fragment_crossdock,"CSc1ncnc(N2CCC[C@H]2C2CC2)c1CC(=O)N1CCC[C@H](C(N)=O)C1 |a:11,23|",5.262032975642954,6.5135059357,2,2,A71EV2A-x7475a; A71EV2A-x7475b
gnina_fragment_crossdock,"CSc1ncnc(N2CCC[C@H]2CC(C)C)c1CC(=O)N1CCC[C@H](C(N)=O)C1 |a:11,24|",5.823789680118151,6.3626770973,1,1,A71EV2A-x7257a
gnina_fragment_crossdock,"CSc1ncnc(N2CCC[C@H]2Cc2ccnn2C)c1CC(=O)N1CCC[C@H](C(N)=O)C1 |a:11,27|",5.214011302839139,6.7213401794,1,1,A71EV2A-x7247a
gnina_fragment_crossdock,CSc1ncnc(N2CCN(c3ccccn3)CC2)c1CC(=O)N1CCC[C@H](C(N)=O)C1 |a:27|,6.486226948852135,6.7748436928,1,1,A71EV2A-x6802a
gnina_fragment_crossdock,"CSc1ncnc(N2CC[C@@H](OC(F)F)C2)c1CC(=O)N1CCC[C@H](C(N)=O)C1 |a:10,24|",6.048106607275539,6.1843905449,1,1,A71EV2A-x7025a
gnina_fragment_crossdock,"CSc1ncnc(N2CC[C@@H](OC3CC3)C2)c1CC(=O)N1CCC[C@H](C(N)=O)C1 |a:10,24|",7.159468716081884,6.6407356262,1,1,A71EV2A-x7316a
gnina_fragment_crossdock,"CSc1ncnc(N2CC[C@H](C(=O)N(C)C)C2)c1CC(=O)N1CCC[C@H](C(N)=O)C1 |a:10,25|",5.974361680056222,6.4864406586,1,1,A71EV2A-x7427a
gnina_fragment_crossdock,"CSc1ncnc(N2CC[C@H](C(=O)N3CCC(C)CC3)C2)c1CC(=O)N1CCC[C@H](C(N)=O)C1 |a:10,29|",6.08170819903569,7.4213557243,1,1,A71EV2A-x7190a
gnina_fragment_crossdock,"CSc1ncnc(N2CC[C@H](C)C2)c1CC(=O)N1CCC[C@H](C(N)=O)C1 |a:10,21|",6.293489458676176,6.21652030945,2,2,A71EV2A-x7026a; A71EV2A-x7026b
gnina_fragment_crossdock,"CSc1ncnc(N2CC[C@H](OC(F)F)C2)c1CC(=O)N1CCC[C@H](C(N)=O)C1 |a:10,24|",6.925751444530095,5.9642829895,1,1,A71EV2A-x7031a
gnina_fragment_crossdock,"CSc1ncnc(N2CC[C@H](SC)C2)c1CC(=O)N1CCC[C@H](C(N)=O)C1 |a:10,22|",6.9071041930964325,6.4649887085,1,1,A71EV2A-x7093a
gnina_fragment_crossdock,"CSc1ncnc(N2CC[C@H]2C)c1CC(=O)N1CCC[C@H](C(N)=O)C1 |a:10,20|",6.695497686202032,6.3255515099,1,1,A71EV2A-x7339a
gnina_fragment_crossdock,CSc1ncnc(N2CCc3ccccc3CC2)c1CC(=O)N1CCC[C@H](C(N)=O)C1 |a:26|,6.483018872150272,6.477350235,1,1,A71EV2A-x7015a
gnina_fragment_crossdock,CSc1ncnc(N2CCc3ccsc3C2)c1CC(=O)N1CCC[C@H](C(N)=O)C1 |a:24|,5.794648268341138,6.2258944511,1,1,A71EV2A-x5666a
gnina_fragment_crossdock,CSc1ncnc(N2CCc3cnc(C(C)C)nc3C2)c1CC(=O)N1CCC[C@H](C(N)=O)C1 |a:28|,5.912659591908459,6.80119133,1,1,A71EV2A-x7151a
gnina_fragment_crossdock,CSc1ncnc(N2CCn3nc4c(c3C2)CCC4)c1CC(=O)N1CCC[C@H](C(N)=O)C1 |a:27|,5.601864484742403,6.62935829165,2,2,A71EV2A-x7043a; A71EV2A-x7043b
gnina_fragment_crossdock,CSc1ncnc(N2CCn3ncc(C#N)c3C2)c1CC(=O)N1CCC[C@H](C(N)=O)C1 |a:26|,6.13113891891355,7.0254912376,1,1,A71EV2A-x7130a
gnina_fragment_crossdock,"CSc1ncnc(N2C[C@H]3C[C@H]3C2)c1CC(=O)N1CCC[C@H](C(N)=O)C1 |&1:9,&2:11|",6.558486174447746,6.579948743199999,3,3,A71EV2A-x7317a; A71EV2A-x7317b; A71EV2A-x7372a
gnina_fragment_crossdock,CSc1ncnc(N2Cc3ccccc3C2)c1CC(=O)N1CCC[C@H](C(N)=O)C1 |a:24|,6.006913143117045,6.241985321,1,1,A71EV2A-x6808a
gnina_fragment_crossdock,CSc1ncnc(SC)c1CC(=O)N1CCC[C@H](C(N)=O)C1 |a:17|,5.699017277769941,5.8414187431,1,1,A71EV2A-x5581a
gnina_fragment_crossdock,CSc1ncncc1CC(=O)N1CCC[C@H](C(N)=O)C1 |a:15|,5.186217598084144,5.92099428175,2,2,A71EV2A-x5039a; A71EV2A-x5039b
gnina_fragment_crossdock,C[C@H](C(=O)N1CCC[C@H](C(N)=O)C1)c1cn(C)nc1C(F)(F)F |&1:1|,4.462842099070634,6.14527368545,2,2,A71EV2A-x4510a; A71EV2A-x4571a
gnina_fragment_crossdock,C[C@H](C(=O)N1CCC[C@H](C(N)=O)C1)c1nc(F)ccc1Cl |&1:1|,4.277445359017488,5.1685616969999995,2,2,A71EV2A-x4895a; A71EV2A-x4895b
gnina_fragment_crossdock,C[C@H](Cc1cocn1)NC(=O)c1nn(C)c2ccccc12 |&1:1|,4.9657785438458255,5.12676119805,2,2,A71EV2A-x3379a; A71EV2A-x3593a
gnina_fragment_crossdock,"C[C@H](c1ccc(Cl)c(Br)c1)N1C[C@H](C(N)=O)CCC1=O |&1:1,&2:12|",4.041436116778033,5.3532371521,1,1,A71EV2A-x5556a
gnina_fragment_crossdock,"C[C@H](c1ccc2[nH]ncc2c1)N1C[C@H](C(N)=O)CCC1=O |&1:1,&2:13|",4.180071698767357,5.3860487938,1,1,A71EV2A-x5744a
gnina_fragment_crossdock,"C[C@H](c1cccc(Cl)c1F)N1C[C@H](C(N)=O)CCC1=O |&1:1,&2:12|",4.632644078973981,5.8944149017,1,1,A71EV2A-x5673a
gnina_fragment_crossdock,"C[C@H]1CC(=O)N(Cc2ccc3cnn(C)c3c2)C[C@@H]1C(N)=O |o1:1,18|",4.76433957251824,4.0244907141,2,2,A71EV2A-x5777a; A71EV2A-x5777b
gnina_fragment_crossdock,"C[C@H]1CC(=O)N(Cc2ccc3cnn(C)c3c2)C[C@H]1C(N)=O |o1:1,18|",4.207870191519494,5.0486760139,1,1,A71EV2A-x5766a
gnina_fragment_crossdock,Cc1cc(C)c(CC(=O)N2CCC[C@H](C(N)=O)C2)c(=O)[nH]1 |a:13|,4.306273051076353,5.1823291779,1,1,A71EV2A-x4291a
gnina_fragment_crossdock,Cc1cc(C)c(Nc2ccn(C)n2)c(C)c1,5.3072486987698415,3.6810057163,1,1,A71EV2A-x3279a
gnina_fragment_crossdock,Cc1cc(C)c(Nc2ccn(C3COC3)n2)c(C)c1,5.016824927962187,4.3855271339,1,1,A71EV2A-x3234a
gnina_fragment_crossdock,Cc1cc(CNC(=O)c2cn(C)c3ccccc23)on1,4.953569528330592,4.0849556923,1,1,A71EV2A-x3175a
gnina_fragment_crossdock,Cc1cc2sccc2c(Cl)c1OC(=O)N1CCC[C@H](C(N)=O)C1 |a:18|,4.215114698485657,5.830842495,1,1,A71EV2A-x5482a
gnina_fragment_crossdock,Cc1ccc(CC(=O)N2CCC[C@H](C(N)=O)C2)s1 |&1:12|,4.633044431676764,5.4314339161,2,2,A71EV2A-x5424a; A71EV2A-x5424b
gnina_fragment_crossdock,Cc1ccc2c(C(=O)NCCc3cocn3)c[nH]c2c1,5.10808214227103,4.6869978905,1,1,A71EV2A-x3568a
gnina_fragment_crossdock,Cc1ccc2c(c1OC(=O)N1CCC[C@H](C(N)=O)C1)CCC2 |a:14|,4.479326279665005,5.9043405056000005,2,2,A71EV2A-x5599a; A71EV2A-x5599b
gnina_fragment_crossdock,Cc1ccc2c(cnn2C)c1Nc1ccn([C@H]2CCNC2=O)n1 |&1:16|,4.937001727490601,5.50284338,1,1,A71EV2A-x3305a
gnina_fragment_crossdock,Cc1ccc2ccccc2c1N1C[C@H](C(N)=O)CCC1=O |&1:13|,3.942576835487996,6.0827212334,1,1,A71EV2A-x5572a
gnina_fragment_crossdock,Cc1ccc2cccnc2c1OC(=O)N1CCC[C@H](C(N)=O)C1 |a:18|,4.597502408486665,5.6466369629,1,1,A71EV2A-x5479a
gnina_fragment_crossdock,Cc1cccc(CC(=O)N2CCC[C@H](C(N)=O)C2)c1 |&1:13|,4.290127690297292,5.3897228241,2,2,A71EV2A-x4020a; A71EV2A-x4020b
gnina_fragment_crossdock,Cc1cccc(CNC(=O)N2CCC[C@H](C(N)=O)C2)c1 |a:14|,4.967584368389079,5.1501352787,2,2,A71EV2A-x3706a; A71EV2A-x3706b
gnina_fragment_crossdock,Cc1cccc(N(CC(=O)N2CCCCC2)C(=O)N2CCC[C@H](C(N)=O)C2)c1 |a:22|,4.627087997029894,6.1584415436,1,1,A71EV2A-x3908a
gnina_fragment_crossdock,Cc1cccc(N2CCCN(CCC(N)=O)C2=O)c1,4.911546516921495,4.7933592796,1,1,A71EV2A-x4402a
gnina_fragment_crossdock,Cc1cccc(NC(=O)N2CCC[C@H](C(N)=O)C2)c1 |a:13|,4.246416941107094,4.8524823189,1,1,A71EV2A-x3054a
gnina_fragment_crossdock,Cc1ccccc1CNC(=O)N1CCC[C@H](C(N)=O)C1 |a:15|,4.978810700930062,5.40644836425,2,2,A71EV2A-x3616a; A71EV2A-x3616b
gnina_fragment_crossdock,Cc1ccccc1NC(=O)N1CCC[C@H](C(N)=O)C1 |a:14|,4.386163320168128,5.6914620399,1,1,A71EV2A-x3510a
gnina_fragment_crossdock,Cc1ccccc1NC(=O)c1ccc(C)c(C(N)=O)c1,4.804100347590766,5.7752575874,1,1,A71EV2A-x3867a
gnina_fragment_crossdock,Cc1ccccc1NC(=O)c1cncc(C(N)=O)c1,4.632644078973981,5.3553833961,1,1,A71EV2A-x3564a
gnina_fragment_crossdock,Cc1cnc(CNS(=O)(=O)C[C@H](C)c2ccccc2)o1 |&1:11|,4.8184062698439085,4.5333456993,1,1,A71EV2A-x3623a
gnina_fragment_crossdock,Cc1nc(C)c(CC(=O)N2CCC[C@H](C(N)=O)C2)[nH]1 |a:13|,5.409458546594426,5.6420688629,1,1,A71EV2A-x3221a
gnina_fragment_crossdock,Cc1nc2ccccc2n1CC(=O)N1CCC[C@H](C(N)=O)C1 |&1:17|,4.137777547252243,5.8580536842,1,1,A71EV2A-x3225a
gnina_fragment_crossdock,Cc1nc2n(c1CC(=O)N1CCC[C@H](C(N)=O)C1)CCCC2 |&1:13|,5.221581099702723,5.3753609657,1,1,A71EV2A-x3489a
gnina_fragment_crossdock,Cc1ncnc(C)c1CC(=O)N1CCC[C@H](C(N)=O)C1 |a:15|,3.654064344980796,5.5697593689,1,1,A71EV2A-x4464a
gnina_fragment_crossdock,Cc1nn(C)c(C)c1CC(=O)N[C@H](CNC(=O)CCl)c1ccc2ccccc2c1 |&1:12|,4.660785023463071,5.2351431847,1,1,A71EV2A-x1346a
gnina_fragment_crossdock,Cc1nn(C)c2cc(C(=O)NCCc3cocn3)ccc12,4.945173530861923,4.6380829811,1,1,A71EV2A-x3410a
gnina_fragment_crossdock,Cc1ocnc1CCNC(=O)c1nn(C)c2ccccc12,5.09799710864927,4.9737553596,1,1,A71EV2A-x3286a
gnina_fragment_crossdock,"Cc1sc([C@H](C)N2C[C@H](C(N)=O)CCC2=O)nc1-c1ccco1 |&1:4,&2:8|",4.604279969816917,5.9379906654,1,1,A71EV2A-x6730a
gnina_fragment_crossdock,"Cn1cc(CC(=O)N2C[C@H](C(N)=O)C[C@@H]3C[C@@H]32)cn1 |&1:9,14,16|",4.608000737058194,5.201941967,1,1,A71EV2A-x4992a
gnina_fragment_crossdock,Cn1cc(NS(=O)(=O)N2CCC[C@H](C(N)=O)C2)cn1 |a:12|,5.738140147629213,5.587962388999999,2,2,A71EV2A-x5090a; A71EV2A-x5150a
gnina_fragment_crossdock,Cn1cc2c(CC(=O)N3CCC[C@H](C(N)=O)C3)cccc2n1 |o1:12|,4.405607449624573,6.2322449684,1,1,A71EV2A-x3914a
gnina_fragment_crossdock,Cn1cc2c(CC(=O)N3CC[C@H](C(N)=O)C3)cccc2n1 |&1:11|,4.410050398674293,5.8332538605,1,1,A71EV2A-x3556a
gnina_fragment_crossdock,Cn1cc2c(n1)CCC[C@H]2C(=O)N1CCC[C@H](C(N)=O)C1 |&1:9|,3.749590923528832,6.5920715332,1,1,A71EV2A-x4608a
gnina_fragment_crossdock,Cn1cc2cccc(NC(=O)Cc3cocn3)c2n1,4.662403924407542,4.3317327499,1,1,A71EV2A-x3403a
gnina_fragment_crossdock,"Cn1ccnc1[C@H](c1ccccc1)N1C[C@H](C(N)=O)CC1=O |&1:6,&2:15|",4.649751981665837,5.9957976341,1,1,A71EV2A-x5106a
gnina_fragment_crossdock,Cn1cnc(CCNC(=O)c2nn(C)c3ccccc23)c1,5.2372107018718905,4.547832489,1,1,A71EV2A-x3371a
gnina_fragment_crossdock,Cn1cnc2c(NC(=O)N3CCC[C@H](C(N)=O)C3)cccc21 |a:13|,5.398637148380375,5.7260568142,2,2,A71EV2A-x4447a; A71EV2A-x4447b
gnina_fragment_crossdock,Cn1nc(C(=O)N2Cc3ccccc3C[C@H]2CN)c2ccccc21 |&1:15|,5.041436116778033,6.1455364227,1,1,A71EV2A-x2293a
gnina_fragment_crossdock,Cn1nc(C(=O)NC2CC2)c2cc(F)ccc21,4.887413111043684,3.8336136341,1,1,A71EV2A-x2339a
gnina_fragment_crossdock,Cn1nc(C(=O)NCC(F)(F)c2ccccn2)c2ccccc21,5.168134464700943,5.7845301628,1,1,A71EV2A-x3280a
gnina_fragment_crossdock,Cn1nc(C(=O)NCCc2ccc(S(C)(=O)=O)cc2)c2ccccc21,4.84887783952492,3.690246582,1,1,A71EV2A-x3324a
gnina_fragment_crossdock,Cn1nc(C(=O)NCCc2cocn2)c2ccccc2c1=O,5.170374765613669,4.7619495392,1,1,A71EV2A-x3419a
gnina_fragment_crossdock,Cn1nc(C(=O)NCCc2cocn2)c2cccnc21,4.981705511622298,5.01704216,1,1,A71EV2A-x3264a
gnina_fragment_crossdock,Cn1nc(C(=O)NCCc2cscn2)c2ccccc21,5.337951414156192,4.3958492279,1,1,A71EV2A-x3306a
gnina_fragment_crossdock,Cn1nc(C(=O)NCCn2cncn2)c2ccccc21,4.939565029910406,4.7419502735000005,2,2,A71EV2A-x3181a; A71EV2A-x3181b
gnina_fragment_crossdock,Cn1nc(C(=O)N[C@H]2CCOC2)c2ccccc21 |&1:7|,5.062339877849264,5.3974356651,1,1,A71EV2A-x3178a
gnina_fragment_crossdock,"Cn1nc(C(=O)N[C@H]2C[C@H]2CO)c2ccccc21 |&1:7,9|",4.895875462550428,4.3575634956,1,1,A71EV2A-x3177a
gnina_fragment_crossdock,Cn1nc(C(=O)Nc2cn[nH]c2)c2ccccc21,4.7783685062706525,5.4130859375,1,1,A71EV2A-x2304a
gnina_fragment_crossdock,Cn1nc(C(N)=O)c2cc(F)ccc21,5.050703769890054,4.8777942657,1,1,A71EV2A-x2351a
gnina_fragment_crossdock,Cn1nc(CC(=O)N2CC(C(N)=O)C2)c2ccccc21,4.610833915635467,5.9010410309,1,1,A71EV2A-x4994a
gnina_fragment_crossdock,Cn1nc(CN2C[C@H](C(N)=O)CCC2=O)c2ccccc21 |&1:7|,5.116903441948165,4.8200149536,1,1,A71EV2A-x4547a
gnina_fragment_crossdock,Cn1ncc(-c2cc(Cl)cc(Cl)c2)c1CC(=O)N1CCC[C@H](C(N)=O)C1 |&1:21|,4.958377726777354,7.2172584534,1,1,A71EV2A-x3606a
gnina_fragment_crossdock,Cn1ncc(C(=O)NCCc2cocn2)n1,5.545714601514328,4.2138981819,1,1,A71EV2A-x3436a
gnina_fragment_crossdock,Cn1ncc2ccc(CN3C[C@H](C(N)=O)CC(C)(C)C3=O)cc21 |&1:11|,4.005682847330363,4.65812253955,2,2,A71EV2A-x5721a; A71EV2A-x5721b
gnina_fragment_crossdock,Cn1ncc2ccc(CN3C[C@H](C(N)=O)CCC3=O)cc21 |o1:11|,4.026655009457717,4.8340587616,1,1,A71EV2A-x4974a
gnina_fragment_crossdock,N#CC1CC(NC(=O)C2(c3ccc(Cl)cc3Cl)CCOCC2)C1,4.726469830785563,5.8682174683,1,1,A71EV2A-x3521a
gnina_fragment_crossdock,N#CCc1cccc(NC(=O)N2CCC[C@H](C(N)=O)C2)c1 |a:15|,5.356959172517914,5.4638004303,1,1,A71EV2A-x3480a
gnina_fragment_crossdock,N#CCc1ccccc1CC(=O)N1CCC[C@H](C(N)=O)C1 |a:16|,5.101757238648579,6.46058273315,2,2,A71EV2A-x4321a; A71EV2A-x4321b
gnina_fragment_crossdock,N#Cc1ccc(Br)cc1OC(=O)N1CCC[C@H](C(N)=O)C1 |a:16|,4.421371068072836,6.0152931213,1,1,A71EV2A-x5559a
gnina_fragment_crossdock,N#Cc1cccc(CC(=O)N2CCC[C@H](C(N)=O)C2)n1 |a:14|,4.625197671079573,5.732161521949999,2,2,A71EV2A-x5082a; A71EV2A-x5082b
gnina_fragment_crossdock,N#Cc1cccc(NC(=O)N2CCC[C@H](C(N)=O)C2)c1 |a:14|,5.189128446912704,5.05107545855,2,2,A71EV2A-x3509a; A71EV2A-x3509b
gnina_fragment_crossdock,N#Cc1ccncc1OC(=O)N1CCC[C@H](C(N)=O)C1 |a:15|,4.504331180271011,5.0516531467500005,2,2,A71EV2A-x5594a; A71EV2A-x5594b
gnina_fragment_crossdock,N#Cc1nccc(CC(=O)N2CCC[C@H](C(N)=O)C2)n1 |a:14|,4.006352818021342,5.8286571503,1,1,A71EV2A-x5448a
gnina_fragment_crossdock,N#Cc1ncncc1CC(=O)N1CCC[C@H](C(N)=O)C1 |a:15|,4.424812155072339,5.6822543144,1,1,A71EV2A-x5212a
gnina_fragment_crossdock,N#Cc1sccc1CC(=O)N1CCC[C@H](C(N)=O)C1 |a:14|,5.008444067750377,5.2276496887,1,1,A71EV2A-x3450a
gnina_fragment_crossdock,NC(=O)CC1CCN(C(=O)c2cccc(F)c2)CC1,4.597746280949512,5.9632546902,2,2,A71EV2A-x5409a; A71EV2A-x5409b
gnina_fragment_crossdock,NC(=O)C[C@H]1CCCN(c2ncnc3ccccc23)C1 |&1:4|,4.959254335737151,6.6424021721,1,1,A71EV2A-x4351a
gnina_fragment_crossdock,NC(=O)[C@H]1CC(=O)N(Cc2cccc3c2OCC3)C1 |&1:3|,5.0762380391713,5.2305665016,1,1,A71EV2A-x4312a
gnina_fragment_crossdock,"NC(=O)[C@H]1CCC(=O)N(C[C@H]2CCOc3ccccc32)C1 |&1:3,&2:10|",4.620443689892642,5.5072903633,1,1,A71EV2A-x4409a
gnina_fragment_crossdock,NC(=O)[C@H]1CCC(=O)N(Cc2cc(F)cnc2C(F)(F)F)C1 |&1:3|,4.315546325758652,6.0828528404,2,2,A71EV2A-x5635a; A71EV2A-x5635b
gnina_fragment_crossdock,NC(=O)[C@H]1CCC(=O)N(Cc2ccc3cc[nH]c3c2)C1 |&1:3|,4.611743840379951,4.944220304450001,2,2,A71EV2A-x4596a; A71EV2A-x4596b
gnina_fragment_crossdock,NC(=O)[C@H]1CCC(=O)N(Cc2cccc(F)c2)C1 |&1:3|,4.255233465290414,5.516067028,1,1,A71EV2A-x4924a
gnina_fragment_crossdock,NC(=O)[C@H]1CCC(=O)N(Cc2ccsc2)C1 |&1:3|,3.774068781319247,5.2021574974,2,2,A71EV2A-x5608a; A71EV2A-x5608b
gnina_fragment_crossdock,NC(=O)[C@H]1CCC(=O)N([C@@H]2CCCc3ccccc32)C1 |o1:3|,4.5934598195660445,5.6275997162,1,1,A71EV2A-x5052a
gnina_fragment_crossdock,"NC(=O)[C@H]1CCC(=O)N([C@H](CC(F)(F)F)c2cc(Cl)cc(Cl)c2)C1 |&1:3,&2:9|",4.327996747928408,6.7487487793,1,1,A71EV2A-x5665a
gnina_fragment_crossdock,NC(=O)[C@H]1CCC(=O)N([C@H]2CCCc3ccccc32)C1 |o1:3|,4.631937259138866,5.72858619685,2,2,A71EV2A-x5210a; A71EV2A-x5210b
gnina_fragment_crossdock,NC(=O)[C@H]1CCC(=O)N(c2cc3cnccc3c(F)c2F)C1 |&1:3|,4.801706220928761,6.1448512077,1,1,A71EV2A-x6714a
gnina_fragment_crossdock,NC(=O)[C@H]1CCCN(C(=O)C(c2ccccc2)c2ccccc2)C1 |a:3|,5.179858685151659,4.9551239014,1,1,A71EV2A-x3982a
gnina_fragment_crossdock,NC(=O)[C@H]1CCCN(C(=O)C2(O)CCSCC2)C1 |a:3|,4.388276691992658,4.4328026772,1,1,A71EV2A-x4708a
gnina_fragment_crossdock,NC(=O)[C@H]1CCCN(C(=O)C2(c3ccoc3)CCC2)C1 |a:3|,4.618930913825583,5.4323775768,2,2,A71EV2A-x4514a; A71EV2A-x4575a
gnina_fragment_crossdock,NC(=O)[C@H]1CCCN(C(=O)C2CCSCC2)C1 |a:3|,4.603800652904264,4.7961630821,1,1,A71EV2A-x4706a
gnina_fragment_crossdock,NC(=O)[C@H]1CCCN(C(=O)CC2CSC2)C1 |a:3|,4.607306606035202,4.9355254173,1,1,A71EV2A-x4707a
gnina_fragment_crossdock,NC(=O)[C@H]1CCCN(C(=O)Cc2cc(C(F)(F)F)ccc2C(F)(F)F)C1 |a:3|,3.806800765395556,5.2370276451,1,1,A71EV2A-x4381a
gnina_fragment_crossdock,NC(=O)[C@H]1CCCN(C(=O)Cc2cc(C(F)(F)F)ccc2Cl)C1 |&1:3|,4.906948150425689,4.4362120628,1,1,A71EV2A-x3208a
gnina_fragment_crossdock,NC(=O)[C@H]1CCCN(C(=O)Cc2cc3c(cc2Cl)OCCO3)C1 |a:3|,4.037176387439713,6.0254840851,2,2,A71EV2A-x4669a; A71EV2A-x4669b
gnina_fragment_crossdock,NC(=O)[C@H]1CCCN(C(=O)Cc2ccc3c(c2)CCC(=O)N3)C1 |a:3|,4.349692476868063,5.455640316,1,1,A71EV2A-x4320a
gnina_fragment_crossdock,NC(=O)[C@H]1CCCN(C(=O)Cc2cccc(Cl)c2Cl)C1 |a:3|,4.065026720650614,5.6349177361,1,1,A71EV2A-x4336a
gnina_fragment_crossdock,NC(=O)[C@H]1CCCN(C(=O)Cc2cccc3c2CCC3)C1 |a:3|,3.9502403164313615,6.3232598305,1,1,A71EV2A-x4344a
gnina_fragment_crossdock,NC(=O)[C@H]1CCCN(C(=O)Cc2cccc3c2SCC3)C1 |a:3|,3.551812748385584,5.5706748962,1,1,A71EV2A-x5151a
gnina_fragment_crossdock,NC(=O)[C@H]1CCCN(C(=O)Cc2cccc3cn[nH]c23)C1 |&1:3|,5.011185771310347,6.3617324829,1,1,A71EV2A-x3210a
gnina_fragment_crossdock,NC(=O)[C@H]1CCCN(C(=O)Cc2cccc3ncsc23)C1 |a:3|,3.9648133085158968,6.1146140099,1,1,A71EV2A-x5221a
gnina_fragment_crossdock,NC(=O)[C@H]1CCCN(C(=O)Cc2cccc3nsnc23)C1 |a:3|,4.492392502728005,4.7725172043,1,1,A71EV2A-x4463a
gnina_fragment_crossdock,NC(=O)[C@H]1CCCN(C(=O)Cc2cccc3occc23)C1 |&1:3|,3.960269771303526,5.6622338295,1,1,A71EV2A-x3191a
gnina_fragment_crossdock,NC(=O)[C@H]1CCCN(C(=O)Cc2cccc3sccc23)C1 |a:3|,3.9387751065420735,5.7677283287,1,1,A71EV2A-x4341a
gnina_fragment_crossdock,NC(=O)[C@H]1CCCN(C(=O)Cc2ccccc2CO)C1 |a:3|,4.345773777137761,4.9714126587,2,2,A71EV2A-x4374a; A71EV2A-x4374b
gnina_fragment_crossdock,NC(=O)[C@H]1CCCN(C(=O)Cc2ccccc2CS(N)(=O)=O)C1 |a:3|,4.135380979941972,5.4644293785,1,1,A71EV2A-x4403a
gnina_fragment_crossdock,NC(=O)[C@H]1CCCN(C(=O)Cc2ccccc2OC(F)F)C1 |a:3|,4.229666366474778,5.5947012901,1,1,A71EV2A-x4319a
gnina_fragment_crossdock,NC(=O)[C@H]1CCCN(C(=O)Cc2cccnc2Cl)C1 |a:3|,3.43690985073048,5.5107018948,2,2,A71EV2A-x5079a; A71EV2A-x5079b
gnina_fragment_crossdock,NC(=O)[C@H]1CCCN(C(=O)Cc2cccnc2O)C1 |a:3|,5.153756287657022,5.1203231812,1,1,A71EV2A-x4372a
gnina_fragment_crossdock,NC(=O)[C@H]1CCCN(C(=O)Cc2ccnc(Cl)c2Br)C1 |&1:3|,4.162204305054052,6.1037583351,1,1,A71EV2A-x3193a
gnina_fragment_crossdock,NC(=O)[C@H]1CCCN(C(=O)Cc2ccnc(Cl)n2)C1 |a:3|,4.653647025549361,5.0001232624,2,2,A71EV2A-x5213a; A71EV2A-x5213b
gnina_fragment_crossdock,NC(=O)[C@H]1CCCN(C(=O)Cc2ccncc2Cl)C1 |a:3|,5.18523404082538,5.6194186211,1,1,A71EV2A-x4461a
gnina_fragment_crossdock,NC(=O)[C@H]1CCCN(C(=O)Cc2ccsc2)C1 |&1:3|,4.589713631215067,4.9678478241,2,2,A71EV2A-x5425a; A71EV2A-x5425b
gnina_fragment_crossdock,NC(=O)[C@H]1CCCN(C(=O)Cc2cncnc2Cl)C1 |a:3|,4.037630664329979,5.8009228706,2,2,A71EV2A-x5081a; A71EV2A-x5081b
gnina_fragment_crossdock,NC(=O)[C@H]1CCCN(C(=O)Cc2ncc3ccc(Br)cn23)C1 |a:3|,4.424218724311264,6.20247006415,4,4,A71EV2A-x4519a; A71EV2A-x4519b; A71EV2A-x4580a; A71EV2A-x4580b
gnina_fragment_crossdock,NC(=O)[C@H]1CCCN(C(=O)Cc2ncncc2Cl)C1 |a:3|,4.03673794170959,5.29827213285,2,2,A71EV2A-x4979a; A71EV2A-x4979b
gnina_fragment_crossdock,NC(=O)[C@H]1CCCN(C(=O)Cn2cc(Br)cc(Cl)c2=O)C1 |a:3|,3.7253509633996433,6.0302910805,1,1,A71EV2A-x4540a
gnina_fragment_crossdock,NC(=O)[C@H]1CCCN(C(=O)NCC2CC2)C1 |a:3|,5.064884396650843,4.9664707184,1,1,A71EV2A-x3417a
gnina_fragment_crossdock,NC(=O)[C@H]1CCCN(C(=O)Nc2cc3c(cc2Cl)OCO3)C1 |a:3|,4.6271423700874985,6.1254782677,1,1,A71EV2A-x4308a
gnina_fragment_crossdock,NC(=O)[C@H]1CCCN(C(=O)Nc2cccc3c2S(=O)(=O)CCC3)C1 |a:3|,4.616184634019569,6.0202946663,1,1,A71EV2A-x4654a
gnina_fragment_crossdock,NC(=O)[C@H]1CCCN(C(=O)Nc2cccc3c2SCCC3)C1 |a:3|,4.5141394746468695,5.313756783833333,3,3,A71EV2A-x4674a; A71EV2A-x4674b; A71EV2A-x4674c
gnina_fragment_crossdock,NC(=O)[C@H]1CCCN(C(=O)Nc2ccccc2F)C1 |a:3|,4.851286884122841,5.5967307091,1,1,A71EV2A-x3612a
gnina_fragment_crossdock,NC(=O)[C@H]1CCCN(C(=O)Nc2ccccc2OCC(F)(F)F)C1 |a:3|,5.15661038833037,6.0566077232,1,1,A71EV2A-x4306a
gnina_fragment_crossdock,NC(=O)[C@H]1CCCN(C(=O)Nc2ccccc2SC(F)F)C1 |a:3|,4.325140144305149,4.5797905922,1,1,A71EV2A-x4656a
gnina_fragment_crossdock,NC(=O)[C@H]1CCCN(C(=O)OC2CCCCC2)C1 |a:3|,4.042264201974706,5.164870739,1,1,A71EV2A-x5351a
gnina_fragment_crossdock,NC(=O)[C@H]1CCCN(C(=O)[C@H](CN2CCCC2)c2ccccc2)C1 |&1:10|,5.024630533433036,4.945122242,1,1,A71EV2A-x3975a
gnina_fragment_crossdock,NC(=O)[C@H]1CCCN(C(=O)[C@H](Cc2ccc(F)cc2)c2ccccc2)C1 |&1:10|,5.478592246479633,6.263504743575,4,4,A71EV2A-x4237a; A71EV2A-x4237b; A71EV2A-x4237c; A71EV2A-x4237d
gnina_fragment_crossdock,NC(=O)[C@H]1CCCN(C(=O)[C@H](OCC2CCCC2)c2ccccc2)C1 |&1:10|,5.567003508658591,5.8062005043,1,1,A71EV2A-x3968a
gnina_fragment_crossdock,NC(=O)[C@H]1CCCN(C(=O)[C@H](Sc2ccccc2)c2ccccc2)C1 |&1:10|,5.135488918941608,6.3223702907499995,2,2,A71EV2A-x3986a; A71EV2A-x3986b
gnina_fragment_crossdock,NC(=O)[C@H]1CCCN(C(=O)[C@H](c2ccccc2)n2cccn2)C1 |&1:10|,4.869666231504994,5.66720890995,2,2,A71EV2A-x4451a; A71EV2A-x4451b
gnina_fragment_crossdock,"NC(=O)[C@H]1CCCN(C(=O)[C@H]2CCNc3[nH]ncc32)C1 |&1:3,&2:10|",5.556193958463214,5.283246994,1,1,A71EV2A-x3218a
gnina_fragment_crossdock,NC(=O)[C@H]1CCCN(C(=O)[C@H]2CCOc3ccc(Cl)cc32)C1 |&1:10|,5.28547334915742,4.2478289604,1,1,A71EV2A-x4260a
gnina_fragment_crossdock,NC(=O)[C@H]1CCCN(C(=O)[C@H]2CCSc3ccccc32)C1 |o1:10|,4.826813731587726,6.21508955955,2,2,A71EV2A-x4943a; A71EV2A-x4943b
gnina_fragment_crossdock,"NC(=O)[C@H]1CCCN(C(=O)[C@H]2CC[C@H]2c2ccc(Cl)cc2)C1 |&1:10,&2:13|",4.000869458712629,6.2043356895,1,1,A71EV2A-x5550a
gnina_fragment_crossdock,NC(=O)[C@H]1CCCN(C(=O)[C@H]2CCc3cccc(Br)c32)C1 |&1:10|,4.479401524821051,5.9681313038,2,2,A71EV2A-x4202a; A71EV2A-x4202b
gnina_fragment_crossdock,NC(=O)[C@H]1CCCN(C(=O)[C@H]2CCc3cccc(O)c32)C1 |&1:10|,5.148337017678052,5.50119423865,2,2,A71EV2A-x4456a; A71EV2A-x4456b
gnina_fragment_crossdock,NC(=O)[C@H]1CCCN(C(=O)[C@H]2CCc3snnc32)C1 |&1:10|,4.667561540084395,4.919960022,1,1,A71EV2A-x4472a
gnina_fragment_crossdock,NC(=O)[C@H]1CCCN(C(=O)[C@H]2SCc3cccnc32)C1 |&1:10|,4.60382166833978,5.288568735149999,2,2,A71EV2A-x4606a; A71EV2A-x4606b
gnina_fragment_crossdock,"NC(=O)[C@H]1CCCN(C(=O)[C@]2(Cc3ccc(F)cc3)CCCCO2)C1 |&1:3,&2:10|",4.609064892896621,6.1307644844,1,1,A71EV2A-x4416a
gnina_fragment_crossdock,NC(=O)[C@H]1CCCN(C(=O)c2ccnc3[nH]ncc23)C1 |&1:3|,4.787812395596042,5.2356219292,1,1,A71EV2A-x3223a
gnina_fragment_crossdock,NC(=O)[C@H]1CCN(C(=O)Cc2c(Cl)cccc2Cl)C1 |&1:3|,4.7544873321858505,6.0105948448,1,1,A71EV2A-x5427a
gnina_fragment_crossdock,NC(=O)[C@H]1CCN(C(=O)Cc2cc(C(F)(F)F)ccc2Cl)C1 |&1:3|,5.04901488179868,5.3994903564,1,1,A71EV2A-x3989a
gnina_fragment_crossdock,NC(=O)[C@H]1CCN(C(=O)Cn2c(=O)sc3ccc(Cl)cc32)C1 |a:3|,4.001740661576301,6.1624839306000005,2,2,A71EV2A-x5824a; A71EV2A-x5824b
gnina_fragment_crossdock,NC(=O)[C@H]1CCN(C(=O)Cn2cc(Br)cc(Cl)c2=O)C1 |a:3|,4.024899837282849,5.7595572472,1,1,A71EV2A-x5779a
gnina_fragment_crossdock,NC(=O)[C@H]1CCN(C(=O)[C@H]2CCCN2C(=O)c2cccs2)C1 |&1:9|,5.012334272309165,5.74044799805,2,2,A71EV2A-x5705a; A71EV2A-x5705b
gnina_fragment_crossdock,NC(=O)[C@H]1CCN(C(=O)[C@H]2CCOc3ccc(Cl)cc32)C1 |&1:9|,4.437172628708407,5.802298069,1,1,A71EV2A-x5728a
gnina_fragment_crossdock,NC(=O)[C@H]1CCN(C(=O)[C@H]2CSc3ccccc32)C1 |&1:9|,4.129009644321656,5.5674171448,1,1,A71EV2A-x5570a
gnina_fragment_crossdock,"NC(=O)[C@H]1CCN(C(=O)[C@H]2SCCc3sccc32)C1 |&1:3,&2:9|",4.430090742898188,5.3197999001,1,1,A71EV2A-x5431a
gnina_fragment_crossdock,"NC(=O)[C@H]1C[C@@H]2C[C@@H]2N(C(=O)Cc2ccccc2Cl)C1 |&1:3,5,7|",4.5796822958876815,6.39552140235,2,2,A71EV2A-x5802a; A71EV2A-x5802b
gnina_fragment_crossdock,"NC(=O)[C@H]1C[C@H]2C[C@H]2N(C(=O)Cc2ccccc2Cl)C1 |&1:3,5,7|",4.476253533188435,5.90480208395,2,2,A71EV2A-x5798a; A71EV2A-x5798b
gnina_fragment_crossdock,NC(=O)[C@]12CN(C(=O)Cc3ccccc3Cl)C[C@@H](C1)C2 |&1:3|,4.0045909104114665,6.6013236046,1,1,A71EV2A-x5277a
gnina_fragment_crossdock,NC(=O)c1ccccc1CC(=O)N1CCC[C@H](C(N)=O)C1 |a:16|,3.660111973943557,5.8864197731,1,1,A71EV2A-x4840a
gnina_fragment_crossdock,O=C(NCCc1cocn1)N1CCc2ccccc21,5.162973800773931,5.0321707726,1,1,A71EV2A-x3392a
gnina_fragment_crossdock,O=C(NCCc1cocn1)c1ccccc1,5.093196163745395,4.126188755,1,1,A71EV2A-x3435a
gnina_redock,C#C[C@H](NCCc1cocn1)c1nn(C)c2ccccc12 |&1:2|,4.716801953096995,5.8973927498,1,1,A71EV2A-x4426a
gnina_redock,"C#C[C@H]1CCCC[C@@H]1OC(=O)N1CCC[C@H](C(N)=O)C1 |o1:2,7|",4.011869615687259,5.6047224998,1,1,A71EV2A-x5747a
gnina_redock,C#Cc1ccc(C)c(OC(=O)N2CCC[C@H](C(N)=O)C2)c1 |a:15|,3.8964015060220634,6.1137218475,1,1,A71EV2A-x5466a
gnina_redock,C=C(C)c1cccc(SC)c1CC(=O)N1CCC[C@H](C(N)=O)C1 |a:18|,5.435913722030655,6.681830883,1,1,A71EV2A-x6027a
gnina_redock,C=CS(=O)(=O)N1CCC[C@H](C(N)=O)C1 |&1:9|,5.1938200260161125,5.0537023544,1,1,A71EV2A-x3408a
gnina_redock,C=Cc1cccc(CC(=O)N2CCC[C@H](C(N)=O)C2)n1 |a:14|,5.099072631333438,5.9847650528,2,2,A71EV2A-x5015a; A71EV2A-x5015b
gnina_redock,C=Cc1ccccc1CS(=O)(=O)N1CCC[C@H](C(N)=O)C1 |a:16|,4.5951662833800615,6.2583565712,1,1,A71EV2A-x5359a
gnina_redock,CC(=O)Nc1cccc(NC(N)=O)c1,4.943095148663527,3.3628463745,1,1,A71EV2A-x2454a
gnina_redock,CC(=O)Nc1ccccc1CC(=O)N1CCC[C@H](C(N)=O)C1 |a:17|,4.265200170411153,5.9608588219,1,1,A71EV2A-x4322a
gnina_redock,CC(C)(C)c1ccccc1NC(=O)N1CCC[C@H](C(N)=O)C1 |a:17|,4.916961547867879,6.1914100647,1,1,A71EV2A-x4311a
gnina_redock,CC(C)Oc1ccccc1NC(=O)N1CCC[C@H](C(N)=O)C1 |a:17|,4.877787213913532,6.3269715309,1,1,A71EV2A-x4305a
gnina_redock,"CC(C)[C@H](c1cc(Cl)cc(Br)c1)N1C[C@H](C(N)=O)CCC1=O |&1:3,&2:14|",4.564352412519983,6.8804144859,1,1,A71EV2A-x5868a
gnina_redock,CCC(=O)N[C@H](C(=O)N1CC[C@H](C(N)=O)C1)c1ccccc1SC |&1:5|,4.556507378095548,6.8656497002,1,1,A71EV2A-x6853a
gnina_redock,CCC1(CC)CCN(c2ncnc(SC)c2CC(=O)N2CCC[C@H](C(N)=O)C2)C1 |a:23|,6.266038858073333,7.0984635353,1,1,A71EV2A-x6738a
gnina_redock,CCC1(CC)CN(c2ncnc(SC)c2CC(=O)N2CCC[C@H](C(N)=O)C2)CCS1(=O)=O |a:22|,6.0703717346625785,7.2564921379,1,1,A71EV2A-x7169a
gnina_redock,CCCSc1cccc(OC)c1NC(=O)N1CCC[C@H](C(N)=O)C1 |a:19|,3.79526753551538,6.7345585823,2,2,A71EV2A-x5288a; A71EV2A-x5288b
gnina_redock,CCN(CC1CC1)C(=O)c1cccc(CC(=O)N2CCC[C@H](C(N)=O)C2)c1 |a:21|,4.908336601699183,5.9459271431,1,1,A71EV2A-x3944a
gnina_redock,CCN(c1ncnc(SC)c1CC(=O)N1CCC[C@H](C(N)=O)C1)C(C)C |a:18|,5.941351132986486,6.9519886971,1,1,A71EV2A-x7432a
gnina_redock,CCOC(=O)N[C@H](C(=O)N1CC[C@H](C(N)=O)C1)c1ccccc1SC |o1:6|,4.606251898190906,6.2087745667,1,1,A71EV2A-x6844a
gnina_redock,"CCS(=O)(=O)N1CCN(c2ncnc(SC)c2CC(=O)N2CCC[C@H](C(N)=O)C2)[C@H](C)C1 |a:24,29|",5.887521899626527,7.0538935661,1,1,A71EV2A-x7446a
gnina_redock,CCS(=O)(=O)c1ccc(OC)c(NC(=O)N2CCC[C@H](C(N)=O)C2)c1 |a:19|,4.09366495819491,6.72700071335,2,2,A71EV2A-x4309a; A71EV2A-x4309b
gnina_redock,"CC[C@@H]1CCCN1c1ncnc(SC)c1CC(=O)N1CCC[C@H](C(N)=O)C1 |a:2,22|",5.359471394334077,7.0347709656,2,2,A71EV2A-x7510a; A71EV2A-x7510b
gnina_redock,"CC[C@@H]1CS[C@H](C(N)=O)CN1C(=O)Oc1cc(Br)ccc1SC |o1:2,5|",4.170150986564742,6.6780295372,1,1,A71EV2A-x7321a
gnina_redock,"CC[C@H](c1cc(F)cc(Br)c1)N1C[C@H](C(N)=O)CCC1=O |&1:2,&2:13|",4.7121982700697735,6.4216313362,1,1,A71EV2A-x5699a
gnina_redock,"CC[C@H](c1ccc(Cl)c(Cl)c1)N1C[C@H](C(N)=O)CCC1=O |&1:2,&2:13|",4.012372581165862,6.6773757935,1,1,A71EV2A-x5676a
gnina_redock,"CC[C@H]1CCCN1c1ncnc(SC)c1CC(=O)N1CCC[C@H](C(N)=O)C1 |a:2,22|",7.302627133357621,7.1030845642,1,1,A71EV2A-x7011a
gnina_redock,"CC[C@H]1CS[C@H](C(N)=O)CN1C(=O)Oc1cc(Br)ccc1SC |o1:2,5|",7.112683897314732,6.4992146492,1,1,A71EV2A-x7613a
gnina_redock,CCc1ccsc1CN1C[C@H](C(N)=O)CCC1=O |&1:10|,4.668737062060432,5.9679584503,1,1,A71EV2A-x4954a
gnina_redock,CCn1nccc1C(=O)N[C@H](C(=O)N1CC[C@H](C(N)=O)C1)c1ccccc1SC |&1:10|,4.197688573451602,7.2770485878,1,1,A71EV2A-x6945a
gnina_redock,CN(C)C(=O)[C@@H](c1ccccc1)N1C[C@H](C(N)=O)CC1=O |o1:14|,4.003097753980533,5.524204731,1,1,A71EV2A-x5497a
gnina_redock,CN(C)S(=O)(=O)c1cccnc1,5.10745472442027,3.10381245615,2,2,A71EV2A-x2448a; A71EV2A-x2448b
gnina_redock,CN1c2ccccc2C[C@H]1C(=O)N1CCC[C@H](C(N)=O)C1 |&1:9|,4.598941671349912,6.2021095753,2,2,A71EV2A-x4583a; A71EV2A-x4583b
gnina_redock,"CNC(=O)[C@@H](c1cccc(C)c1)N1C[C@H](C(N)=O)CC1=O |&1:4,14|",4.596879478824183,6.0733356476,1,1,A71EV2A-x5317a
gnina_redock,"CNC(=O)[C@@H]1CCN1c1ncnc(SC)c1CC(=O)N1CCC[C@H](C(N)=O)C1 |a:4,23|",5.553061207453266,7.134282589,1,1,A71EV2A-x7297a
gnina_redock,CNC(=O)c1cn(C)c2ccccc12,4.822826736702125,4.533680439,1,1,A71EV2A-x3066a
gnina_redock,CNC(=O)c1nn(C)c2ccccc12,5.376184576266073,4.5187220573,1,1,A71EV2A-x2290a
gnina_redock,CNC(=O)c1oc2ccccc2c1CN1C[C@H](C(N)=O)CCC1=O |&1:16|,4.027340564735919,6.2978625298,1,1,A71EV2A-x5226a
gnina_redock,CNS(=O)(=O)c1ccccc1Cl,6.034867358576641,3.5242805481,1,1,A71EV2A-x2458a
gnina_redock,CNc1ncnc(SC)c1CC(=O)N1CCC[C@H](C(N)=O)C1 |a:17|,5.471985787685622,6.4074110985,1,1,A71EV2A-x6021a
gnina_redock,COC(=O)N1CCCN(c2ncnc(SC)c2CC(=O)N2CCC[C@H](C(N)=O)C2)CC1 |a:24|,5.745487997043694,7.1250052452,1,1,A71EV2A-x7018a
gnina_redock,"COC(=O)N[C@H]1CCN(c2ncnc(SC)c2CC(=O)N2CCC[C@H](C(N)=O)C2)C1 |a:5,24|",7.272545074821092,6.8247337341,1,1,A71EV2A-x7589a
gnina_redock,COCC(=O)Nc1c(Cl)cc(C)cc1OCc1ncccn1,4.858392228943246,4.7347829342,2,2,A71EV2A-x3522a; A71EV2A-x3522b
gnina_redock,COCC(=O)Nc1c(Cl)cc(C)cc1Oc1cccc(C(N)=O)c1,4.822657723022635,6.3399682045,1,1,A71EV2A-x3488a
gnina_redock,"COC[C@@H]1CCCN1c1ncnc(SC)c1CC(=O)N1CCC[C@H](C(N)=O)C1 |a:3,23|",5.028984985837811,6.6949648857,1,1,A71EV2A-x7161a
gnina_redock,"COC[C@@H]1CCN1c1ncnc(SC)c1CC(=O)N1CCC[C@H](C(N)=O)C1 |a:3,22|",5.357972475219064,6.58447766305,2,2,A71EV2A-x7353a; A71EV2A-x7353b
gnina_redock,"COC[C@@]1(C)C[C@H](C(N)=O)CN1C(=O)Cc1cc(Br)ccc1SC |&1:3,6|",5.510062512868513,6.8656258583,1,1,A71EV2A-x5398a
gnina_redock,COC[C@H](C)NC(=O)c1nn(C)c2ccccc12 |&1:3|,4.747146969020107,4.5872077942,1,1,A71EV2A-x3176a
gnina_redock,"COC[C@H]1CCCN1c1ncnc(SC)c1CC(=O)N1CCC[C@H](C(N)=O)C1 |a:3,23|",7.197280846039433,6.8255820274,1,1,A71EV2A-x7175a
gnina_redock,"COC[C@H]1CC[C@H](C(N)=O)CN1C(=O)Cc1ccccc1SC |o1:3,6|",4.011460574435142,6.415661335,1,1,A71EV2A-x5488a
gnina_redock,"COC[C@]1(C(=O)N2CCC[C@H](C(N)=O)C2)CCCCO1 |&1:3,&2:10|",6.0,5.3200969696,1,1,A71EV2A-x3936a
gnina_redock,COC[C@]12C[C@@](C(N)=O)(CN1C(=O)Cc1ccccc1OC)C2 |o1:3|,4.028724151261895,6.48675775525,2,2,A71EV2A-x4963a; A71EV2A-x4963b
gnina_redock,COCc1ccccc1CC(=O)N1CCC[C@H](C(N)=O)C1 |a:16|,4.576757218249551,5.8035354614,1,1,A71EV2A-x4368a
gnina_redock,COCc1ccccc1NC(=O)N1CCC[C@H](C(N)=O)C1 |a:16|,4.816470464384151,5.7995028496,1,1,A71EV2A-x3483a
gnina_redock,"CO[C@@H]1CCCN(c2ncnc(SC)c2CC(=O)N2CCC[C@H](C(N)=O)C2)C1 |a:2,22|",6.170052776781682,6.9725308418,1,1,A71EV2A-x7238a
gnina_redock,CO[C@H](C(=O)N1CCC[C@H](C(N)=O)C1)c1ccccc1C |&1:2|,4.928117992693875,5.4637904167,1,1,A71EV2A-x3939a
gnina_redock,"CO[C@H](C(=O)N1CCC[C@H](C(N)=O)C1)c1cccnc1 |&1:2,&2:9|",4.227015096629662,5.2634148598,1,1,A71EV2A-x3937a
gnina_redock,COc1c(NC(=O)N2CCC[C@H](C(N)=O)C2)cccc1C(F)(F)F |a:11|,5.032452023781138,6.600010633449999,2,2,A71EV2A-x4310a; A71EV2A-x4310b
gnina_redock,COc1cc(Br)c(CC(=O)N2CCC[C@H](C(N)=O)C2)cc1OC |a:14|,3.720229830921272,6.0487294197,1,1,A71EV2A-x4845a
gnina_redock,COc1cc(Cl)ccc1CC(=O)N1CCC[C@H](C(N)=O)C1 |a:16|,4.018634490921456,5.9707274437,1,1,A71EV2A-x4203a
gnina_redock,COc1cc(NC(=O)C[C@H](C)C(F)(F)F)n(C)n1 |&1:9|,4.632048101200719,4.2074801922,2,2,A71EV2A-x1445a; A71EV2A-x1445b
gnina_redock,COc1ccc(C(F)(F)F)cc1CC(=O)N1CCC[C@H](C(N)=O)C1 |a:19|,4.449959375475284,6.0020728111,1,1,A71EV2A-x4028a
gnina_redock,COc1ccc(C(F)(F)F)cc1CC(=O)N1CCS[C@H](C(N)=O)C1 |o1:19|,4.828494707777949,6.3046946526,1,1,A71EV2A-x4778a
gnina_redock,COc1ccc(C(F)(F)F)cc1N(C)C(=O)N1CCC[C@H](C(N)=O)C1 |a:20|,4.561127532480804,6.4485054016,1,1,A71EV2A-x4843a
gnina_redock,COc1ccc(C(F)(F)F)cc1NC(=O)N1CCC[C@H](C(N)=O)C1 |a:19|,4.069229199277436,6.1555228233,1,1,A71EV2A-x4429a
gnina_redock,COc1ccc(CC(=O)N2CCC[C@H](C(N)=O)C2)c(OC)c1 |a:13|,4.635207042042172,5.7650177479,2,2,A71EV2A-x3557a; A71EV2A-x3557b
gnina_redock,COc1ccc(Cl)c2c1C(=O)C(=O)N2,4.628932137728264,3.3505573273,1,1,A71EV2A-x2513a
gnina_redock,COc1ccc(Cl)cc1CC(=O)N1CCC[C@H](C(N)=O)C1 |a:16|,4.727236212379233,6.2828440666,1,1,A71EV2A-x3940a
gnina_redock,COc1ccc(Cl)cc1NS(=O)(=O)N1CCC[C@H](C(N)=O)C1 |a:17|,3.989247537499024,6.5204520226,1,1,A71EV2A-x5278a
gnina_redock,COc1ccc(Cl)cc1OC(=O)N1CCC[C@H](C(N)=O)C1 |a:16|,5.262803072736122,5.490015268325,4,4,A71EV2A-x4829a; A71EV2A-x4829b; A71EV2A-x4903a; A71EV2A-x4903b
gnina_redock,COc1ccc(F)cc1CC(=O)N1CCC[C@H](C(N)=O)C1 |a:16|,4.2094239507757765,6.0176739693,1,1,A71EV2A-x3546a
gnina_redock,COc1ccc2c(n1)[C@H](C(=O)N1CCC[C@H](C(N)=O)C1)CC2 |&1:8|,4.452380443994761,6.1536540985,1,1,A71EV2A-x3954a
gnina_redock,COc1cccc(CN2C[C@H](C(N)=O)CCC2=O)c1 |&1:10|,4.608183969818477,5.6876325607,2,2,A71EV2A-x5036a; A71EV2A-x5036b
gnina_redock,COc1cccc(Cl)c1CC(=O)N1CCC[C@@H](C(N)=O)C1 |a:16|,4.620456050805198,5.5871257782,2,2,A71EV2A-x3858a; A71EV2A-x3858b
gnina_redock,COc1cccc(Cl)c1CC(=O)N1CCC[C@H](C(N)=O)C1 |a:16|,4.78560502978966,6.1122264862,1,1,A71EV2A-x3942a
gnina_redock,COc1cccc(Cl)c1CC(=O)N1CCC[C@H](C(N)=O)C1 |o1:16|,4.37828501116997,6.0550041199,1,1,A71EV2A-x4209a
gnina_redock,"COc1cccc(Cl)c1CC(=O)N1C[C@H](C(N)=O)C[C@H](C(=O)NC2CC2)C1 |o1:14,19|",4.899323290233971,6.9656391144,2,2,A71EV2A-x3993a; A71EV2A-x3993b
gnina_redock,"COc1cccc(Cl)c1CC(=O)N1C[C@H](C(N)=O)[C@H]2CCC[C@H]21 |&1:14,&2:18,22|",4.819608655063361,6.8026862144,1,1,A71EV2A-x4239a
gnina_redock,COc1cccc(Cl)c1NC(=O)N1CCC[C@H](C(N)=O)C1 |a:16|,4.465918205168407,6.1355552673,2,2,A71EV2A-x4035a; A71EV2A-x4035b
gnina_redock,COc1cccc(Cl)c1NC(=O)N1CC[C@H](C(N)=O)C1 |a:15|,4.612119831707907,6.2744708061,2,2,A71EV2A-x3992a; A71EV2A-x3992b
gnina_redock,COc1cccc(NC(=O)N2CCC[C@H](C(N)=O)C2)c1 |a:14|,4.956109291095229,5.6864190102,1,1,A71EV2A-x3485a
gnina_redock,COc1cccc(NC(=O)N2CCC[C@H](C(N)=O)C2)c1Cl |a:14|,4.612661045864782,6.370797316233333,3,3,A71EV2A-x4524a; A71EV2A-x4873a; A71EV2A-x4873b
gnina_redock,COc1cccc(NC(=O)N2CCC[C@H](C(N)=O)C2)n1 |a:14|,5.072431269429168,5.5867381096,1,1,A71EV2A-x4298a
gnina_redock,COc1cccc(SC(C)C)c1NC(=O)N1CCC[C@H](C(N)=O)C1 |a:19|,5.313218576201494,6.825984239549999,2,2,A71EV2A-x5289a; A71EV2A-x5289b
gnina_redock,COc1cccc(SC)c1NC(=O)N1CCC[C@H](C(N)=O)C1 |a:17|,5.161195917717353,6.652841568,1,1,A71EV2A-x4554a
gnina_redock,"COc1cccc2c1CC[C@H]2N1C[C@H](C(N)=O)CCC1=O |&1:10,&2:13|",4.789637072991269,5.0564026833,1,1,A71EV2A-x4316a
gnina_redock,COc1cccc2c1N(C(=O)N1CCC[C@H](C(N)=O)C1)CCS2 |a:15|,4.29598340377612,6.3317751884,1,1,A71EV2A-x5389a
gnina_redock,COc1ccccc1CC(=O)N(C)CCC(N)=O,4.935542010773082,5.1490149498,1,1,A71EV2A-x3977a
gnina_redock,COc1ccccc1CC(=O)N1CCCC[C@H](C(N)=O)C1 |&1:16|,4.952204384072568,6.0750439167,2,2,A71EV2A-x3571a; A71EV2A-x3571b
gnina_redock,COc1ccccc1CC(=O)N1CCC[C@H](C(N)=O)C1 |&1:15|,4.128427064454121,5.9301600456,1,1,A71EV2A-x3186a
gnina_redock,COc1ccccc1CC(=O)N1CCC[C@H](C(N)=O)CC1 |&1:15|,4.952188702489189,6.58635783195,2,2,A71EV2A-x4018a; A71EV2A-x4018b
gnina_redock,COc1ccccc1CC(=O)N1CCN[C@H](C(N)=O)C1 |&1:15|,5.622664040174432,6.2052383423,1,1,A71EV2A-x3901a
gnina_redock,COc1ccccc1CC(=O)N1CCO[C@@H](C(N)=O)C1 |a:15|,4.615695746966642,5.5718283653,1,1,A71EV2A-x3663a
gnina_redock,COc1ccccc1CC(=O)N1CC[C@@H](O)C1 |a:14|,4.951406063714552,4.3656635284,1,1,A71EV2A-x3621a
gnina_redock,COc1ccccc1CC(=O)N1CC[C@H](CC(N)=O)C1 |&1:14|,5.055150304924533,5.780223965625,4,4,A71EV2A-x3694a; A71EV2A-x3694b; A71EV2A-x4032a; A71EV2A-x4032b
gnina_redock,COc1ccccc1CC(=O)N1CC[C@H](NC(N)=O)C1 |&1:14|,5.056011124926228,6.1350135803,1,1,A71EV2A-x3685a
gnina_redock,COc1ccccc1CC(=O)N1C[C@H](C(N)=O)CC(F)(F)C1 |&1:13|,5.41096889227547,5.0749144554,1,1,A71EV2A-x3665a
gnina_redock,"COc1ccccc1CC(=O)N1C[C@H](C(N)=O)CC[C@@H]1C |&1:13,19|",4.411260481653311,5.9934334755,1,1,A71EV2A-x3550a
gnina_redock,"COc1ccccc1CC(=O)N1C[C@H](C(N)=O)[C@@H](C(F)(F)F)C1 |&1:13,17|",5.110698297493689,6.1269187927,1,1,A71EV2A-x3990a
gnina_redock,"COc1ccccc1CC(=O)N1C[C@H](C)[C@@H](C(N)=O)C1 |&1:13,15|",5.303920706565589,5.7074246407,1,1,A71EV2A-x3634a
gnina_redock,"COc1ccccc1CC(=O)N1C[C@]2(C(N)=O)CC[C@H]1C2 |a:13,19|",4.621697158125564,5.9747948647,1,1,A71EV2A-x4476a
gnina_redock,COc1ccccc1CCN1C[C@H](C(N)=O)CC1=O |&1:12|,5.044970753420985,5.5154361725,1,1,A71EV2A-x3956a
gnina_redock,COc1ccccc1CN1C[C@H](C(N)=O)CC1=O |&1:11|,4.62709189585908,5.41142416,1,1,A71EV2A-x3895a
gnina_redock,COc1ccccc1CN1C[C@H](C(N)=O)CCC1=O |&1:11|,4.956855685489159,5.6495075226,2,2,A71EV2A-x3579a; A71EV2A-x4029a
gnina_redock,COc1ccccc1NC(=O)Nc1cccnc1,4.740875707793589,4.9273791313,1,1,A71EV2A-x2629a
gnina_redock,COc1ccccc1S(=O)(=O)N1CCC[C@H](C(N)=O)C1 |a:15|,5.161780778092374,5.752992391599999,2,2,A71EV2A-x4214a; A71EV2A-x4214b
gnina_redock,COc1ccccc1[C@H](C)C(=O)N1CCC[C@H](C(N)=O)C1 |o1:8|,5.415903931859735,5.8785328865,2,2,A71EV2A-x4445a; A71EV2A-x4445b
gnina_redock,"COc1ccccc1[C@H](C)CN1C[C@H](C(N)=O)CC1=O |&1:8,&2:13|",4.917407524166997,4.9723310471,1,1,A71EV2A-x4313a
gnina_redock,"COc1ccccc1[C@H](C)N1C[C@H](C(N)=O)CCC1=O |&1:8,&2:12|",5.565980102355844,5.8503775597,1,1,A71EV2A-x4661a
gnina_redock,COc1ccccc1[C@H](N)C(=O)N1CCC[C@H](C(N)=O)C1 |o1:8|,5.349983835684398,5.9894542694,1,1,A71EV2A-x3890a
gnina_redock,COc1ccccc1[C@H](NC(=O)OC(C)(C)C)C(=O)N1CCC[C@H](C(N)=O)C1 |o1:8|,4.930769702637148,7.0576505660999995,2,2,A71EV2A-x3884a; A71EV2A-x3884b
gnina_redock,COc1ccccc1[C@H](NC(C)=O)C(=O)N1CCC[C@H](C(N)=O)C1 |o1:8|,5.238439218136987,5.98994350435,4,4,A71EV2A-x4207a; A71EV2A-x4207b; A71EV2A-x4449a; A71EV2A-x4449b
gnina_redock,"COc1ccccc1[C@H](O)CN1C[C@H](C(N)=O)CC1=O |&1:8,&2:13|",5.276902343492681,4.6374535561,1,1,A71EV2A-x4295a
gnina_redock,"COc1ccccc1[C@H](O)CN1C[C@H](C(N)=O)CCC1=O |&1:8,&2:13|",5.212129340035951,5.2769904137,1,1,A71EV2A-x4406a
gnina_redock,COc1ccccc1[C@H](OC)C(=O)N1CCC[C@H](C(N)=O)C1 |o1:8|,5.523700643055132,5.6242971420500005,2,2,A71EV2A-x3862a; A71EV2A-x3883a
gnina_redock,COc1cccnc1CC(=O)N1CCC[C@H](C(N)=O)C1 |a:15|,4.648165195719463,5.5897288322000005,2,2,A71EV2A-x4283a; A71EV2A-x4283b
gnina_redock,COc1cccnc1CN1CCC[C@H](C(N)=O)C1 |a:13|,5.576653344896242,5.6515910625500005,2,2,A71EV2A-x4274a; A71EV2A-x4274b
gnina_redock,COc1ccncc1CC(=O)N1CCC[C@H](C(N)=O)C1 |&1:15|,4.443671499997475,5.6364836693,1,1,A71EV2A-x3229a
gnina_redock,COc1ccncc1CC(=O)N1CCC[C@H](C(N)=O)C1 |a:15|,4.7516996536545095,5.6353554726,1,1,A71EV2A-x3548a
gnina_redock,COc1ncc(-c2ccc(SC)c(CC(=O)N3CCC[C@H](C(N)=O)C3)c2)cc1C#N |a:20|,5.612933991649193,7.2404785156,1,1,A71EV2A-x5877a
gnina_redock,COc1ncc(Br)cc1CC(=O)N1CCC[C@H](C(N)=O)C1 |a:16|,4.832067775571805,6.0885004997,1,1,A71EV2A-x4388a
gnina_redock,COc1ncccc1-c1ccc(SC)c(CC(=O)N2CCC[C@H](C(N)=O)C2)c1 |a:22|,5.926316446103106,6.2215132713,1,1,A71EV2A-x6736a
gnina_redock,COc1ncccc1CC(=O)N1CCC[C@H](C(N)=O)C1 |&1:15|,4.324153048333832,5.8502755165,1,1,A71EV2A-x3201a
gnina_redock,COc1ncccc1CC(=O)N1CCC[C@H](C(N)=O)C1 |a:15|,4.286509456906058,5.6600861549,1,1,A71EV2A-x4347a
gnina_redock,COc1ncccc1CC(=O)N1CCC[C@H](C(N)=O)C1 |o1:15|,4.939681121858298,5.59848618505,2,2,A71EV2A-x3849a; A71EV2A-x3869a
gnina_redock,COc1ncccc1NC(=O)N1CCC[C@H](C(N)=O)C1 |a:15|,4.487273331768478,6.15324020385,2,2,A71EV2A-x4031a; A71EV2A-x4031b
gnina_redock,COc1ncccc1NC(=O)N1CC[C@H](C(N)=O)C1 |a:14|,4.618016608302379,5.6950073242,1,1,A71EV2A-x4418a
gnina_redock,COc1ncccc1NS(=O)(=O)N1CCC[C@H](C(N)=O)C1 |a:16|,4.601213898998983,6.0469043255,2,2,A71EV2A-x4899a; A71EV2A-x4899b
gnina_redock,CS(=O)(=O)c1ccccc1CC(=O)N1CCC[C@H](C(N)=O)C1 |a:17|,4.018181392829336,6.0367145538,1,1,A71EV2A-x4675a
gnina_redock,CSCC1(CC(=O)N2CCC[C@H](C(N)=O)C2)CC1 |a:11|,4.0270354434741735,5.4708099365,1,1,A71EV2A-x4701a
gnina_redock,"CSC[C@H]1C[C@H]1C(=O)N1CCC[C@H](C(N)=O)C1 |&1:3,5|",4.808721339045607,5.2647147179,1,1,A71EV2A-x4736a
gnina_redock,"CS[C@@H]1CCCC[C@H]1OC(=O)N1CCC[C@H](C(N)=O)C1 |o1:2,7|",3.5961527992975952,5.9349608421,1,1,A71EV2A-x5231a
gnina_redock,CSc1c(Br)cccc1CC(=O)N1CCC[C@H](C(N)=O)C1 |a:16|,4.472492797097293,6.5153598785,1,1,A71EV2A-x4290a
gnina_redock,CSc1c(F)cccc1NC(=O)N1CCC[C@H](C(N)=O)C1 |a:16|,4.319967775442991,6.2233791351,1,1,A71EV2A-x4851a
gnina_redock,CSc1c(NC(=O)N2CCC[C@H](C(N)=O)C2)c(C)nn1C |a:11|,4.6073172842698655,6.2285046577,1,1,A71EV2A-x4727a
gnina_redock,CSc1ccc(-c2cc(C#N)ncc2F)cc1CC(=O)N1CCC[C@H](C(N)=O)C1 |a:24|,5.682717212000788,7.2305431366,1,1,A71EV2A-x6769a
gnina_redock,CSc1ccc(-c2cc(C)c(=O)n(C)c2)cc1CC(=O)N1CCC[C@H](C(N)=O)C1 |a:24|,6.031014087429405,6.5102367401,2,2,A71EV2A-x5879a; A71EV2A-x5879b
gnina_redock,CSc1ccc(-c2cc(C)nn2C)cc1OC(=O)N1CCC[C@H](C(N)=O)C1 |a:22|,5.436862866226505,6.7301864624,1,1,A71EV2A-x7260a
gnina_redock,CSc1ccc(-c2cc[nH]n2)cc1CC(=O)N1CCC[C@H](C(N)=O)C1 |a:20|,5.955905430140241,6.88155055045,2,2,A71EV2A-x5525a; A71EV2A-x5525b
gnina_redock,"CSc1ccc(-c2cc[nH]n2)cc1CC(=O)N1C[C@H](C(N)=O)C[C@H]2C[C@H]21 |&1:18,23,25|",6.340503680200894,6.9274535179,2,2,A71EV2A-x7576a; A71EV2A-x7576b
gnina_redock,CSc1ccc(-c2cc[nH]n2)cc1OC(=O)N1CCC[C@H](C(N)=O)C1 |a:20|,6.343392058545723,6.5857181549,1,1,A71EV2A-x7597a
gnina_redock,CSc1ccc(-c2ccc(N3CCN(C)CC3)nc2)cc1OC(=O)N1CCC[C@H](C(N)=O)C1 |a:28|,6.646304383229654,6.5544877052,1,1,A71EV2A-x7261a
gnina_redock,CSc1ccc(-c2cccc3cnn(C)c23)cc1CC(=O)N1CCC[C@H](C(N)=O)C1 |a:25|,4.852511447271943,7.0705180168,1,1,A71EV2A-x6025a
gnina_redock,CSc1ccc(-c2ccccc2)cc1CC(=O)N1CCC[C@H](C(N)=O)C1 |a:21|,5.7575850142068425,6.8892130852,1,1,A71EV2A-x5526a
gnina_redock,CSc1ccc(-c2ccccn2)cc1OC(=O)N1CCC[C@H](C(N)=O)C1 |a:21|,6.363385275343752,6.1889204979,1,1,A71EV2A-x7442a
gnina_redock,"CSc1ccc(-c2ccccn2)cc1OC(=O)N1C[C@H](C(N)=O)C[C@H]2C[C@H]21 |&1:19,24,26|",6.770247859071493,6.8320696354,2,2,A71EV2A-x7350a; A71EV2A-x7350b
gnina_redock,"CSc1ccc(-c2cccnc2)cc1OC(=O)N1C[C@H](C(N)=O)C[C@@H]2C[C@@H]21 |&1:19,24,26|",6.025403843721281,6.6300029755,1,1,A71EV2A-x7032a
gnina_redock,"CSc1ccc(-c2cccnc2)cc1OC(=O)N1C[C@H](C(N)=O)C[C@H]2C[C@H]21 |&1:19,24,26|",6.615017621163278,6.8543763161,1,1,A71EV2A-x7070a
gnina_redock,CSc1ccc(-c2cccnc2C(C)C)cc1CC(=O)N1CCC[C@H](C(N)=O)C1 |a:24|,5.633026106559719,5.590593338,1,1,A71EV2A-x6778a
gnina_redock,CSc1ccc(-c2cccnc2N)cc1OC(=O)N1CCC[C@H](C(N)=O)C1 |a:22|,6.467825319983038,6.6813035011499995,2,2,A71EV2A-x7301a; A71EV2A-x7301b
gnina_redock,CSc1ccc(-c2ccnc(N(C)C)c2)cc1CC(=O)N1CCC[C@H](C(N)=O)C1 |a:24|,6.212710086334884,7.2949886322,1,1,A71EV2A-x6791a
gnina_redock,CSc1ccc(-c2ccncc2)cc1CC(=O)N1CCC[C@H](C(N)=O)C1 |a:21|,5.983523026568097,6.9375476837,1,1,A71EV2A-x5509a
gnina_redock,"CSc1ccc(-c2ccncc2)cc1CC(=O)N1C[C@H](C(N)=O)C[C@H]2C[C@H]21 |&1:19,24,26|",6.743785006270056,7.0228366852,1,1,A71EV2A-x7256a
gnina_redock,"CSc1ccc(-c2ccncc2)cc1CC(=O)N1C[C@H](C(N)=O)C[C@H]2C[C@H]21 |o1:19,24,26|",4.917388969413124,6.6863651276,1,1,A71EV2A-x7445a
gnina_redock,"CSc1ccc(-c2ccncc2)cc1NC(=O)N1C[C@H](C(N)=O)C[C@H]2C[C@H]21 |&1:19,24,26|",5.742028204896328,7.4671607018,1,1,A71EV2A-x6746a
gnina_redock,"CSc1ccc(-c2ccncc2)cc1OC(=O)N1C[C@H](C(N)=O)C[C@H]2C[C@H]21 |&1:19,24,26|",6.058389757043434,6.8625183105,1,1,A71EV2A-x7184a
gnina_redock,CSc1ccc(-c2ccnn2C(C)(C)C)cc1OC(=O)N1CCC[C@H](C(N)=O)C1 |a:24|,4.912085112444354,6.71805906295,2,2,A71EV2A-x7167a; A71EV2A-x7167b
gnina_redock,"CSc1ccc(-c2ccnn2C2CCC2)cc1OC(=O)N1C[C@H](C(N)=O)C[C@H]2C[C@H]21 |&1:22,27,29|",6.6437811411974925,6.9967689514,1,1,A71EV2A-x7044a
gnina_redock,"CSc1ccc(-c2cn[nH]c2)cc1CC(=O)N1C[C@H](C(N)=O)C[C@H]2C[C@H]21 |&1:18,23,25|",6.438312682607372,6.7620472908,1,1,A71EV2A-x5836a
gnina_redock,"CSc1ccc(-c2cn[nH]c2)cc1OC(=O)N1C[C@H](C(N)=O)C[C@@H]2C[C@@H]21 |&1:18,23,25|",5.626220997937759,6.6445217133,1,1,A71EV2A-x7379a
gnina_redock,"CSc1ccc(-c2cn[nH]c2)cc1OC(=O)N1C[C@H](C(N)=O)C[C@H]2C[C@H]21 |&1:18,23,25|",6.775141043530828,6.7990908623,1,1,A71EV2A-x7323a
gnina_redock,CSc1ccc(-c2cncc(C)c2C)cc1CC(=O)N1CCC[C@H](C(N)=O)C1 |a:23|,5.401951923140469,7.1685137749,1,1,A71EV2A-x6032a
gnina_redock,CSc1ccc(-c2cncc(S(C)(=O)=O)c2)cc1CC(=O)N1CCC[C@H](C(N)=O)C1 |a:25|,5.687762124194347,7.29336214065,2,2,A71EV2A-x6948a; A71EV2A-x6948b
gnina_redock,CSc1ccc(-c2cncc3ccccc23)cc1CC(=O)N1CCC[C@H](C(N)=O)C1 |a:25|,5.484126156288321,7.109597683,1,1,A71EV2A-x6035a
gnina_redock,"CSc1ccc(-c2cnco2)cc1OC(=O)N1C[C@H](C(N)=O)C[C@H]2C[C@H]21 |&1:18,23,25|",6.622961397710664,6.4100689888,1,1,A71EV2A-x7002a
gnina_redock,"CSc1ccc(-c2cnn[nH]2)cc1OC(=O)N1C[C@H](C(N)=O)C[C@H]2C[C@H]21 |&1:18,23,25|",6.821074156272469,6.4014015198,1,1,A71EV2A-x7410a
gnina_redock,CSc1ccc(-c2cnnn2C)cc1CC(=O)N1CCC[C@H](C(N)=O)C1 |a:21|,5.437915347454481,6.6910462379,1,1,A71EV2A-x6925a
gnina_redock,CSc1ccc(-c2csc(C(F)F)c2)cc1CC(=O)N1CCC[C@H](C(N)=O)C1 |a:23|,6.104588372500485,6.978823185,1,1,A71EV2A-x5864a
gnina_redock,"CSc1ccc(-c2ocnc2C)cc1OC(=O)N1C[C@H](C(N)=O)C[C@H]2C[C@H]21 |&1:19,24,26|",5.964275769895213,6.7672748566,1,1,A71EV2A-x7287a
gnina_redock,CSc1ccc(-n2cccn2)cc1CC(=O)N1CCC[C@H](C(N)=O)C1 |a:20|,6.017614181634599,6.6660609245,1,1,A71EV2A-x5604a
gnina_redock,CSc1ccc(-n2ccnc2)cc1CC(=O)N1CCC[C@H](C(N)=O)C1 |a:20|,5.816743356703912,6.2661933899,1,1,A71EV2A-x5833a
gnina_redock,CSc1ccc(Br)cc1CC(=O)N1CCC[C@H](C(N)=O)C1 |a:16|,6.504803930407411,6.4307866096,1,1,A71EV2A-x4431a
gnina_redock,CSc1ccc(Br)cc1CC(=O)N1CCC[C@H](C(N)=O)CC1 |&1:16|,4.084730020129478,6.67880988125,2,2,A71EV2A-x5203a; A71EV2A-x5203b
gnina_redock,"CSc1ccc(Br)cc1CC(=O)N1CCC[C@H](C(N)=O)[C@@H]1C |o1:16,20|",4.01122507362837,6.888256073,1,1,A71EV2A-x5494a
gnina_redock,CSc1ccc(Br)cc1CC(=O)N1CC[C@H](C(N)=O)C1 |a:15|,4.166573738364501,6.1457018852,1,1,A71EV2A-x4856a
gnina_redock,"CSc1ccc(Br)cc1CC(=O)N1C[C@H](C(N)=O)CC[C@@H]1C |o1:14,20|",5.370420577541523,6.6565105915,2,2,A71EV2A-x5247a; A71EV2A-x5247b
gnina_redock,"CSc1ccc(Br)cc1CC(=O)N1C[C@H](C(N)=O)CC[C@H]1C |o1:14,20|",5.163175522827518,6.879584074025,4,4,A71EV2A-x5339a; A71EV2A-x5339b; A71EV2A-x5366a; A71EV2A-x5366b
gnina_redock,"CSc1ccc(Br)cc1CC(=O)N1C[C@H](C(N)=O)[C@H]2C[C@H]21 |o1:14,18,20|",4.590066876668706,6.0786995888,1,1,A71EV2A-x7359a
gnina_redock,"CSc1ccc(Br)cc1CC(=O)N1[C@H]2CC[C@H](C(N)=O)[C@@H]1CC2 |o1:13,16,20|",4.022734028686543,6.6228094101,2,2,A71EV2A-x5758a; A71EV2A-x5758b
gnina_redock,"CSc1ccc(Br)cc1OC(=O)N1C[C@H](C(N)=O)CC[C@@H]1C |o1:14,20|",4.757850080326607,6.3085114955999995,2,2,A71EV2A-x5819a; A71EV2A-x5819b
gnina_redock,"CSc1ccc(Br)cc1OC(=O)N1C[C@H](C(N)=O)CC[C@@H]1CO |&1:14,20|",5.994964027913848,6.5909562111,1,1,A71EV2A-x7558a
gnina_redock,"CSc1ccc(Br)cc1OC(=O)N1C[C@H](C(N)=O)C[C@@H]2C[C@@H]21 |&1:14,19,21|",6.134970625328986,6.3914394379,1,1,A71EV2A-x5830a
gnina_redock,"CSc1ccc(Br)cc1OC(=O)N1C[C@H](C(N)=O)C[C@H]2C[C@H]21 |&1:14,19,21|",6.442779415416162,6.2174377441,1,1,A71EV2A-x6932a
gnina_redock,CSc1ccc(Br)cc1[C@H](NC(=O)OC(C)(C)C)C(=O)N1CC[C@H](C(N)=O)C1 |&1:9|,4.616253373468555,6.9639830589,1,1,A71EV2A-x5891a
gnina_redock,CSc1ccc(C(=O)N(C)C2CCC(C)(C)CC2)cc1CC(=O)N1CCC[C@H](C(N)=O)C1 |a:27|,4.8542464945359285,7.4859523773,1,1,A71EV2A-x7307a
gnina_redock,CSc1ccc(C(=O)N2CC=CCC23CCC3)cc1CC(=O)N1CCC[C@H](C(N)=O)C1 |a:26|,5.727326160448949,6.8841252327,1,1,A71EV2A-x7318a
gnina_redock,CSc1ccc(C(=O)N2Cc3nccc(C)c3C2)cc1CC(=O)N1CCC[C@H](C(N)=O)C1 |a:27|,5.732131922180389,7.083594799,1,1,A71EV2A-x6739a
gnina_redock,CSc1ccc(C(=O)Nc2ccncc2)cc1CC(=O)N1CCC[C@H](C(N)=O)C1 |a:24|,6.058292496038209,6.9812679290999995,2,2,A71EV2A-x5512a; A71EV2A-x5512b
gnina_redock,"CSc1ccc(C2=CCN(C)CC2)cc1CC(=O)N1C[C@H](C(N)=O)C[C@H]2C[C@H]21 |o1:20,25,27|",6.217987758487747,7.12433099745,2,2,A71EV2A-x7369a; A71EV2A-x7369b
gnina_redock,"CSc1ccc(C2=CCN(C)CC2)cc1OC(=O)N1C[C@H](C(N)=O)C[C@@H]2C[C@@H]21 |&1:20,25,27|",6.4554495427646055,6.4727320671,1,1,A71EV2A-x7046a
gnina_redock,"CSc1ccc(C2=CCN(C)CC2)cc1OC(=O)N1C[C@H](C(N)=O)C[C@H]2C[C@H]21 |&1:20,25,27|",6.616789569053188,6.7792782784,1,1,A71EV2A-x7368a
gnina_redock,CSc1ccc(C2=CCNCC2)cc1CC(=O)N1CCC[C@H](C(N)=O)C1 |a:21|,6.359785941635829,6.9639420509,1,1,A71EV2A-x6827a
gnina_redock,"CSc1ccc(C2=CCOCC2)cc1OC(=O)N1C[C@H](C(N)=O)C[C@H]2C[C@H]21 |&1:19,24,26|",6.278226151900541,6.7301864624,1,1,A71EV2A-x7021a
gnina_redock,CSc1ccc(C2CC2)cc1CC(=O)N1CCC[C@H](C(N)=O)C1 |a:18|,5.527677465814104,7.1001009941,1,1,A71EV2A-x5276a
gnina_redock,CSc1ccc(N2CCCC2=O)cc1NC(=O)N1CCC[C@H](C(N)=O)C1 |a:21|,5.06227649451538,7.04708886145,2,2,A71EV2A-x4986a; A71EV2A-x4986b
gnina_redock,CSc1ccc(N2CCOCC2)cc1NC(=O)N1CCC[C@H](C(N)=O)C1 |a:21|,4.924868863339022,7.02338409425,2,2,A71EV2A-x5598a; A71EV2A-x5598b
gnina_redock,CSc1ccc(OC2CC2)cc1NC(=O)N1CCC[C@H](C(N)=O)C1 |a:19|,4.674438823846753,6.486553669,1,1,A71EV2A-x5533a
gnina_redock,CSc1ccc(S(C)(=O)=O)cc1CC(=O)N1CCC[C@H](C(N)=O)C1 |a:19|,5.609697925694327,6.698311567299999,2,2,A71EV2A-x5449a; A71EV2A-x5449b
gnina_redock,CSc1ccc(SC(C)(C)C)cc1CC(=O)N1CCC[C@H](C(N)=O)C1 |a:20|,5.111221489644668,6.5148434639,1,1,A71EV2A-x5403a
gnina_redock,CSc1ccc2c(c1)[C@H](C(=O)N1CCC[C@H](C(N)=O)C1)CCO2 |o1:8|,4.060454118763697,6.293123245249999,2,2,A71EV2A-x5475a; A71EV2A-x5475b
gnina_redock,CSc1ccc2cnccc2c1NC(=O)N1CCC[C@H](C(N)=O)C1 |a:19|,5.772572568212773,6.9518761635,1,1,A71EV2A-x5261a
gnina_redock,CSc1ccc2ncccc2c1NC(=O)N1CCC[C@H](C(N)=O)C1 |a:19|,6.128863936621021,6.97176384925,2,2,A71EV2A-x4977a; A71EV2A-x4977b
gnina_redock,"CSc1ccc2ncccc2c1NC(=O)N1C[C@H](C(N)=O)C[C@@H]2C[C@@H]21 |o1:17,22,24|",5.669481598088156,5.7556915283,2,2,A71EV2A-x6877a; A71EV2A-x6980a
gnina_redock,"CSc1ccc2ncccc2c1NC(=O)N1C[C@H](C(N)=O)C[C@H]2C[C@H]21 |&1:17,22,24|",6.155618588158782,7.2106938362,1,1,A71EV2A-x5854a
gnina_redock,"CSc1ccc2ncccc2c1OC(=O)N1C[C@H](C(N)=O)C[C@@H]2C[C@@H]21 |o1:17,22,24|",6.223231835566202,6.6409802437,2,2,A71EV2A-x7459a; A71EV2A-x7461a
gnina_redock,"CSc1ccc2ncccc2c1OC(=O)N1C[C@H](C(N)=O)C[C@H]2C[C@H]21 |o1:17,22,24|",6.55419279444554,6.612649599733333,3,3,A71EV2A-x7465a; A71EV2A-x7465b; A71EV2A-x7515a
gnina_redock,CSc1ccc2scnc2c1NC(=O)N1CCC[C@H](C(N)=O)C1 |a:18|,5.775683273773221,7.1714575290500004,2,2,A71EV2A-x5283a; A71EV2A-x5283b
gnina_redock,CSc1cccc(-c2cc(C(F)(F)F)nn2C)c1CC(=O)N1CCC[C@H](C(N)=O)C1 |a:25|,5.150667872559956,6.306785821949999,2,2,A71EV2A-x6955a; A71EV2A-x6955b
gnina_redock,CSc1cccc(-c2ccc(C(F)(F)F)cc2C#N)c1CC(=O)N1CCC[C@H](C(N)=O)C1 |a:27|,5.656918950334414,7.010207653,1,1,A71EV2A-x5884a
gnina_redock,CSc1cccc(-c2ccc(C(F)(F)F)o2)c1CC(=O)N1CCC[C@H](C(N)=O)C1 |a:24|,5.785803993839482,7.3950500488,1,1,A71EV2A-x5857a
gnina_redock,CSc1cccc(-c2cn(C)c(=O)c3ccccc23)c1CC(=O)N1CCC[C@H](C(N)=O)C1 |a:27|,6.086272291520818,7.254322052,1,1,A71EV2A-x6028a
gnina_redock,CSc1cccc(-c2sccc2C2CC2)c1CC(=O)N1CCC[C@H](C(N)=O)C1 |a:23|,5.508648103412354,7.2158679962,1,1,A71EV2A-x6794a
gnina_redock,CSc1cccc(-n2ccnc2)c1CC(=O)N1CCC[C@H](C(N)=O)C1 |a:20|,5.508866053332301,5.9733581543,1,1,A71EV2A-x5788a
gnina_redock,CSc1cccc(Br)c1CC(=O)N1CCC[C@H](C(N)=O)C1 |a:16|,5.23959580735841,6.5678658485,1,1,A71EV2A-x4670a
gnina_redock,CSc1cccc(C2=CCCCC2)c1CC(=O)N1CCC[C@H](C(N)=O)C1 |a:21|,5.358458624958955,6.836933136,1,1,A71EV2A-x6938a
gnina_redock,CSc1cccc(CC(=O)N2CCC[C@H](C(N)=O)C2)c1 |a:14|,4.165030350472351,5.9833202362,2,2,A71EV2A-x4334a; A71EV2A-x4334b
gnina_redock,CSc1cccc(CN2C[C@H](C(N)=O)CCC2=O)c1 |o1:10|,4.610891805164698,6.0608100891,1,1,A71EV2A-x4710a
gnina_redock,CSc1cccc2c1N(C(=O)N1CCC[C@H](C(N)=O)C1)CCCO2 |a:15|,3.9795272089559,6.7743458748,1,1,A71EV2A-x5249a
gnina_redock,"CSc1cccc2c1[C@@H](C(=O)N1C[C@H](C(N)=O)C[C@H]3C[C@H]31)CC2 |&1:8,13,18,20|",6.317002294422829,6.605363369,1,1,A71EV2A-x7448a
gnina_redock,CSc1cccc2c1[C@H](C(=O)N1CCC[C@H](C(N)=O)C1)CC2 |o1:8|,6.105065909655473,6.1557393074,1,1,A71EV2A-x5687a
gnina_redock,CSc1cccc2c1[C@H](C(=O)N1CCC[C@H](C(N)=O)C1)CCC2 |o1:8|,4.913179132164633,6.522514979033333,3,3,A71EV2A-x5850a; A71EV2A-x5995a; A71EV2A-x5995b
gnina_redock,CSc1ccccc1CC(=O)N1CCC(F)(F)[C@H](C(N)=O)C1 |&1:17|,4.92096962924201,6.5071263313,1,1,A71EV2A-x4724a
gnina_redock,CSc1ccccc1CC(=O)N1CCC[C@H](C(F)F)C1 |&1:15|,3.883316455303125,4.6948871613,1,1,A71EV2A-x4746a
gnina_redock,CSc1ccccc1CC(=O)N1CCC[C@H](C(N)=O)C1 |a:15|,5.393063563669464,6.3815627098,1,1,A71EV2A-x4386a
gnina_redock,CSc1ccccc1CC(=O)N1CCC[C@H](CCO)C1 |&1:15|,3.7794804346789226,5.3583388329,1,1,A71EV2A-x4809a
gnina_redock,CSc1ccccc1CC(=O)N1CCC[C@H](CF)C1 |&1:15|,4.015189894778023,5.2832827568,1,1,A71EV2A-x4751a
gnina_redock,CSc1ccccc1CC(=O)N1CCC[C@H](O)C1 |&1:15|,4.025488307262672,4.4958839417,1,1,A71EV2A-x4794a
gnina_redock,CSc1ccccc1CC(=O)N1CCC[C@H](S(N)(=O)=O)C1 |&1:15|,4.603800652904264,6.652671814,1,1,A71EV2A-x4745a
gnina_redock,CSc1ccccc1CC(=O)N1CCC[C@H]1c1cnc[nH]1 |&1:15|,4.853871964321762,6.0099487305,1,1,A71EV2A-x4735a
gnina_redock,"CSc1ccccc1CC(=O)N1CCC[C@H]2C(=O)NC[C@H]21 |&1:15,20|",4.035167674220528,4.5358176231,1,1,A71EV2A-x4791a
gnina_redock,CSc1ccccc1CC(=O)N1CCC[C@](F)(C(N)=O)C1 |&1:15|,3.839782551369189,5.957763195,1,1,A71EV2A-x4753a
gnina_redock,CSc1ccccc1CC(=O)N1CCC[C@](O)(C(N)=O)C1 |&1:15|,3.955966436496336,6.58228969575,2,2,A71EV2A-x4894a; A71EV2A-x4940a
gnina_redock,CSc1ccccc1CC(=O)N1CCNC(=O)C1,4.006123085058789,5.5686454773,1,1,A71EV2A-x4721a
gnina_redock,"CSc1ccccc1CC(=O)N1CC[C@H]2[C@H](C1)[C@H]2C(N)=O |&1:14,&2:15,&3:17|",4.558200508454535,6.5333652496,1,1,A71EV2A-x4739a
gnina_redock,"CSc1ccccc1CC(=O)N1C[C@H](C(N)=O)CC[C@H]1CO |o1:13,19|",4.599655204790009,6.5756943225499995,2,2,A71EV2A-x5992a; A71EV2A-x5992b
gnina_redock,"CSc1ccccc1CC(=O)N1C[C@H](C(N)=O)C[C@H](C(N)=O)C1 |a:13,18|",5.207231875935455,6.5950984955,2,2,A71EV2A-x5171a; A71EV2A-x5171b
gnina_redock,"CSc1ccccc1CC(=O)N1C[C@H](C(N)=O)C[C@H]2C[C@H]21 |o1:13,18,20|",5.676463453677816,6.4065904617000005,2,2,A71EV2A-x5177a; A71EV2A-x7631a
gnina_redock,"CSc1ccccc1CC(=O)N1C[C@H](C)C[C@@H](C(N)=O)C1 |o1:13,16|",4.494060495927921,6.3078322411,1,1,A71EV2A-x5200a
gnina_redock,"CSc1ccccc1CC(=O)N1C[C@H](C)C[C@H](C(N)=O)C1 |&1:13,&2:16|",4.1315895194873935,6.13867211345,2,2,A71EV2A-x4885a; A71EV2A-x4885b
gnina_redock,"CSc1ccccc1CC(=O)N1C[C@H](C)C[C@H](C(N)=O)C1 |o1:13,16|",4.006585256974127,6.4523301125,1,1,A71EV2A-x5268a
gnina_redock,"CSc1ccccc1CC(=O)N1C[C@H](O)C[C@@H](C(N)=O)C1 |&1:13,16|",3.66094239119996,6.74366736415,2,2,A71EV2A-x5387a; A71EV2A-x5387b
gnina_redock,CSc1ccccc1CC(=O)N1C[C@H]2C[C@@]1(CC(N)=O)C2 |&1:15|,4.051345937463026,6.4940237999,2,2,A71EV2A-x5262a; A71EV2A-x5262b
gnina_redock,CSc1ccccc1CN1C[C@H](C(N)=O)CCC1=O |o1:11|,4.6439741428068775,6.2395567894,1,1,A71EV2A-x4694a
gnina_redock,CSc1ccccc1N(C)C(=O)N1CCC[C@H](C(N)=O)C1 |a:16|,4.601955140820748,6.1491971016,1,1,A71EV2A-x4712a
gnina_redock,CSc1ccccc1N(C)C(=O)N1CC[C@H](C(N)=O)C1 |a:15|,4.640164517660112,6.3831233978,1,1,A71EV2A-x4684a
gnina_redock,CSc1ccccc1N1C[C@H](C(N)=O)CCC1=O |o1:10|,4.6020599913279625,5.7833609581,1,1,A71EV2A-x4922a
gnina_redock,CSc1ccccc1OC(=O)N1CCC[C@H](C(N)=O)C1 |a:15|,5.826838634714068,5.98538184165,2,2,A71EV2A-x4824a; A71EV2A-x4824b
gnina_redock,CSc1ccccc1[C@H](C(=O)N1CC[C@H](C(N)=O)C1)N1CCCC1=O |o1:8|,7.194299872872455,7.2057232857,1,1,A71EV2A-x7038a
gnina_redock,CSc1ccccc1[C@H](NC(=O)C(C)C)C(=O)N1CC[C@H](C(N)=O)C1 |&1:8|,4.616633749466019,6.991209507,1,1,A71EV2A-x7035a
gnina_redock,CSc1ccccc1[C@H](NC(=O)C1(C)CCC1)C(=O)N1CC[C@H](C(N)=O)C1 |&1:8|,4.6108664765966765,7.3174057007,1,1,A71EV2A-x6991a
gnina_redock,CSc1ccccc1[C@H](NC(=O)C1CC1)C(=O)N1CC[C@H](C(N)=O)C1 |&1:8|,4.612020519224207,7.0563430786,1,1,A71EV2A-x6934a
gnina_redock,CSc1ccccc1[C@H](NC(=O)CC(F)(F)F)C(=O)N1CC[C@H](C(N)=O)C1 |&1:8|,4.15694990903351,6.5383858681,1,1,A71EV2A-x6818a
gnina_redock,CSc1ccccc1[C@H](NC(=O)CC1CC1)C(=O)N1CC[C@H](C(N)=O)C1 |&1:8|,4.287343084176254,7.0255427361,1,1,A71EV2A-x6726a
gnina_redock,CSc1ccccc1[C@H](NC(=O)CNC(C)=O)C(=O)N1CC[C@H](C(N)=O)C1 |&1:8|,5.199617314652804,6.4692463875,1,1,A71EV2A-x6821a
gnina_redock,CSc1ccccc1[C@H](NC(=O)Cc1ccccc1)C(=O)N1CC[C@H](C(N)=O)C1 |&1:8|,4.505347154054938,7.3187294006,1,1,A71EV2A-x6819a
gnina_redock,CSc1ccccc1[C@H](NC(=O)Cc1cccnc1)C(=O)N1CC[C@H](C(N)=O)C1 |&1:8|,4.6077519100900055,6.8254566193,1,1,A71EV2A-x6856a
gnina_redock,CSc1ccccc1[C@H](NC(=O)Cn1cccn1)C(=O)N1CC[C@H](C(N)=O)C1 |&1:8|,4.730497044785864,7.38651371,2,2,A71EV2A-x6816a; A71EV2A-x6816b
gnina_redock,CSc1ccccc1[C@H](NC(=O)OC(C)(C)C)C(=O)N1CC[C@H](C(N)=O)C1 |o1:8|,4.621638788259481,7.116857051849999,2,2,A71EV2A-x6847a; A71EV2A-x6851a
gnina_redock,CSc1ccccc1[C@H](NC(C)=O)C(=O)N1CC[C@H](C(N)=O)C1 |&1:8|,5.186061162833519,6.7814660072,1,1,A71EV2A-x5383a
gnina_redock,CSc1cccnc1CC(=O)N1CCC[C@H](C(N)=O)C1 |a:15|,5.097431091411007,6.6530914307,1,1,A71EV2A-x4914a
gnina_redock,CSc1ccncc1CC(=O)N1CCC[C@H](C(N)=O)C1 |a:15|,5.534026193176526,6.1561272144,2,2,A71EV2A-x4827a; A71EV2A-x4827b
gnina_redock,CSc1ccncc1NC(=O)N1CCC[C@H](C(N)=O)C1 |a:15|,5.452530294347775,6.4924204349500005,2,2,A71EV2A-x4826a; A71EV2A-x4826b
gnina_redock,CSc1ccncc1NS(=O)(=O)N1CCC[C@H](C(N)=O)C1 |a:16|,4.881756561812204,6.6015896797,1,1,A71EV2A-x5182a
gnina_redock,CSc1cn(C)nc1NC(=O)N1CCC[C@H](C(N)=O)C1 |a:15|,3.761033004441306,6.049911499,1,1,A71EV2A-x4703a
gnina_redock,CSc1cnccc1CC(=O)N1CCC[C@H](C(N)=O)C1 |a:15|,4.407893372233542,6.2082533836,1,1,A71EV2A-x4689a
gnina_redock,CSc1cncnc1CC(=O)N1CCC[C@H](C(N)=O)C1 |a:15|,4.176969771296364,6.1035041809,1,1,A71EV2A-x4812a
gnina_redock,CSc1cscc1CC(=O)N1CCC[C@H](C(N)=O)C1 |a:14|,5.073475651835252,6.2145180702,1,1,A71EV2A-x4935a
gnina_redock,CSc1nc2c(cc1NC(=O)N1CCC[C@H](C(N)=O)C1)CCCC2 |a:15|,4.217527375833714,6.98442411425,2,2,A71EV2A-x5022a; A71EV2A-x5022b
gnina_redock,CSc1ncccc1CC(=O)N1CCC[C@H](C(N)=O)C1 |a:15|,5.072700933344527,6.1098189354,1,1,A71EV2A-x4918a
gnina_redock,CSc1ncccc1NC(=O)N1CCC[C@H](C(N)=O)C1 |a:15|,4.2209855861319525,6.3424739838,2,2,A71EV2A-x4883a; A71EV2A-x4883b
gnina_redock,CSc1nccnc1CC(=O)N1CCC[C@H](C(N)=O)C1 |a:15|,4.781195179900988,6.2213587761,1,1,A71EV2A-x4774a
gnina_redock,CSc1ncnc(-c2cn[nH]c2)c1CC(=O)N1CCC[C@H](C(N)=O)C1 |a:20|,5.579850424620521,6.4839820862,1,1,A71EV2A-x5544a
gnina_redock,CSc1ncnc(N(C)C)c1CC(=O)N1CCC[C@H](C(N)=O)C1 |a:18|,6.393012805332465,6.02735209465,2,2,A71EV2A-x7545a; A71EV2A-x7545b
gnina_redock,"CSc1ncnc(N(C)C)c1CC(=O)N1C[C@H](C(N)=O)C[C@@H]2C[C@@H]21 |&1:16,21,23|",6.073633599517659,6.8914988041,2,2,A71EV2A-x7580a; A71EV2A-x7580b
gnina_redock,CSc1ncnc(N(C)C2CCC2)c1CC(=O)N1CCC[C@H](C(N)=O)C1 |a:21|,6.323397411601913,6.9877533913,1,1,A71EV2A-x7172a
gnina_redock,CSc1ncnc(N(C)C2CCOCC2)c1CC(=O)N1CCC[C@H](C(N)=O)C1 |a:23|,5.7864475040867696,7.03002882,1,1,A71EV2A-x7424a
gnina_redock,CSc1ncnc(N(C)CC(C)(C)O)c1CC(=O)N1CCC[C@H](C(N)=O)C1 |a:22|,6.134728951225614,7.016644001,1,1,A71EV2A-x7251a
gnina_redock,CSc1ncnc(N(C)CC(C)(F)F)c1CC(=O)N1CCC[C@H](C(N)=O)C1 |a:22|,6.994328024624508,6.4978804588,1,1,A71EV2A-x7333a
gnina_redock,"CSc1ncnc(N(C)CC(F)(F)F)c1CC(=O)N1C[C@H](C(N)=O)C[C@H]2C[C@H]21 |&1:20,25,27|",6.794695728715816,7.0116152763,1,1,A71EV2A-x7608a
gnina_redock,CSc1ncnc(N(C)CC2CCCC2)c1CC(=O)N1CCC[C@H](C(N)=O)C1 |a:23|,6.3046606911348375,7.3209342957,1,1,A71EV2A-x7254a
gnina_redock,CSc1ncnc(N(C)CCC(F)(F)F)c1CC(=O)N1CCC[C@H](C(N)=O)C1 |a:23|,5.748786440007784,7.1059889793,1,1,A71EV2A-x7338a
gnina_redock,CSc1ncnc(N(C)Cc2cc(F)c(F)c(F)c2)c1CC(=O)N1CCC[C@H](C(N)=O)C1 |a:27|,6.244997927316081,7.5285663605,1,1,A71EV2A-x7176a
gnina_redock,CSc1ncnc(N(C)Cc2nn(C)cc2Cl)c1CC(=O)N1CCC[C@H](C(N)=O)C1 |a:25|,7.150528408418002,7.3782639503,1,1,A71EV2A-x6914a
gnina_redock,"CSc1ncnc(N(C)[C@@H](C)c2ccccc2)c1CC(=O)N1CCC[C@H](C(N)=O)C1 |a:9,25|",6.580678113068668,7.26342344285,2,2,A71EV2A-x7436a; A71EV2A-x7436b
gnina_redock,CSc1ncnc(N2CC(C)(c3ccccc3F)C2)c1CC(=O)N1CCC[C@H](C(N)=O)C1 |a:27|,6.439151337818832,7.0397486687,1,1,A71EV2A-x7263a
gnina_redock,CSc1ncnc(N2CC(C)C2)c1CC(=O)N1CCC[C@H](C(N)=O)C1 |a:20|,6.526908295764941,6.6100392342,1,1,A71EV2A-x6920a
gnina_redock,CSc1ncnc(N2CC(CC3CCC3)C2)c1CC(=O)N1CCC[C@H](C(N)=O)C1 |a:24|,5.692662147010851,6.9395661354,1,1,A71EV2A-x6895a
gnina_redock,CSc1ncnc(N2CC(O)C2)c1CC(=O)N1CCC[C@H](C(N)=O)C1 |a:20|,6.426194047786621,6.716271241533334,3,3,A71EV2A-x7334a; A71EV2A-x7334b; A71EV2A-x7389a
gnina_redock,CSc1ncnc(N2CC(Oc3ccccc3Cl)C2)c1CC(=O)N1CCC[C@H](C(N)=O)C1 |a:27|,6.078663358532402,7.4700188637,1,1,A71EV2A-x7095a
gnina_redock,CSc1ncnc(N2CC(c3nncn3C)C2)c1CC(=O)N1CCC[C@H](C(N)=O)C1 |a:25|,6.326170396191348,6.9073395729,2,2,A71EV2A-x5808a; A71EV2A-x5808b
gnina_redock,CSc1ncnc(N2CCC(C#N)(CC(C)C)CC2)c1CC(=O)N1CCC[C@H](C(N)=O)C1 |a:27|,6.265062352283818,7.3947482109,1,1,A71EV2A-x7170a
gnina_redock,CSc1ncnc(N2CCC(C(=O)N(C(C)C)C(C)C)CC2)c1CC(=O)N1CCC[C@H](C(N)=O)C1 |a:30|,6.225268032740376,7.4076213837,1,1,A71EV2A-x7096a
gnina_redock,CSc1ncnc(N2CCC(N(C)S(C)(=O)=O)CC2)c1CC(=O)N1CCC[C@H](C(N)=O)C1 |a:27|,6.512183700381108,7.1230187416,1,1,A71EV2A-x7008a
gnina_redock,CSc1ncnc(N2CCC(N3CCOC3=O)CC2)c1CC(=O)N1CCC[C@H](C(N)=O)C1 |a:27|,5.923489528000301,7.1601967812,1,1,A71EV2A-x7154a
gnina_redock,CSc1ncnc(N2CCC3(CCC3)C2)c1CC(=O)N1CCC[C@H](C(N)=O)C1 |a:23|,6.131209779277596,7.0218634605,1,1,A71EV2A-x7056a
gnina_redock,CSc1ncnc(N2CCC3(CCCC3)C2)c1CC(=O)N1CCC[C@H](C(N)=O)C1 |a:24|,6.462158164196289,6.7733454704,1,1,A71EV2A-x7024a
gnina_redock,CSc1ncnc(N2CCC3(CCCCC3)C2)c1CC(=O)N1CCC[C@H](C(N)=O)C1 |a:25|,6.388555177157266,7.3170247078,1,1,A71EV2A-x7101a
gnina_redock,CSc1ncnc(N2CCC3(CCCO3)CC2)c1CC(=O)N1CCC[C@H](C(N)=O)C1 |a:25|,6.466683163263606,6.7988219261,1,1,A71EV2A-x7284a
gnina_redock,"CSc1ncnc(N2CCCC2)c1CC(=O)N1C[C@H](C(N)=O)C[C@H]2C[C@H]21 |&1:18,23,25|",6.5697284843589205,7.140894413,1,1,A71EV2A-x6838a
gnina_redock,"CSc1ncnc(N2CCCC2)c1NC(=O)N1C[C@H](C(N)=O)C[C@H]2C[C@H]21 |&1:18,23,25|",5.928304705589599,6.9678721428,1,1,A71EV2A-x7622a
gnina_redock,CSc1ncnc(N2CCCCCC2)c1CC(=O)N1CCC[C@H](C(N)=O)C1 |a:22|,7.1865084765696,6.98909950255,2,2,A71EV2A-x7560a; A71EV2A-x7560b
gnina_redock,"CSc1ncnc(N2CCCC[C@@H]2C(C)C)c1CC(=O)N1CCC[C@H](C(N)=O)C1 |a:12,24|",6.372178760973441,7.2014346123,1,1,A71EV2A-x7420a
gnina_redock,"CSc1ncnc(N2CCCC[C@H]2CO)c1CC(=O)N1CCC[C@H](C(N)=O)C1 |a:12,23|",5.867264623808438,7.0083861351,1,1,A71EV2A-x7430a
gnina_redock,"CSc1ncnc(N2CCC[C@@H]2C(=O)N(C)C)c1CC(=O)N1CCC[C@H](C(N)=O)C1 |a:11,25|",6.66771737227654,7.0403323174,1,1,A71EV2A-x7309a
gnina_redock,"CSc1ncnc(N2CCC[C@@H]2C(C)C)c1CC(=O)N1CCC[C@H](C(N)=O)C1 |a:11,23|",7.76022176714164,7.1073441505,1,1,A71EV2A-x7135a
gnina_redock,"CSc1ncnc(N2CCC[C@@H]2C)c1CC(=O)N1CCC[C@H](C(N)=O)C1 |a:11,21|",6.616555737163779,6.9480895996,2,2,A71EV2A-x7533a; A71EV2A-x7533b
gnina_redock,"CSc1ncnc(N2CCC[C@@H]2C2CC2)c1CC(=O)N1CCC[C@H](C(N)=O)C1 |a:11,23|",7.937951041727581,7.1207795143,1,1,A71EV2A-x7259a
gnina_redock,"CSc1ncnc(N2CCC[C@@H]2CC(C)C)c1CC(=O)N1CCC[C@H](C(N)=O)C1 |a:11,24|",7.199879115817523,7.036567688,1,1,A71EV2A-x7147a
gnina_redock,"CSc1ncnc(N2CCC[C@@H]2Cc2ccccc2)c1CC(=O)N1CCC[C@H](C(N)=O)C1 |a:11,27|",5.138183874676179,6.9990115166,1,1,A71EV2A-x7433a
gnina_redock,"CSc1ncnc(N2CCC[C@@H]2Cc2ccnn2C)c1CC(=O)N1CCC[C@H](C(N)=O)C1 |a:11,27|",7.359361237098654,7.2290325165,1,1,A71EV2A-x7132a
gnina_redock,"CSc1ncnc(N2CCC[C@@H]2Cn2cccn2)c1CC(=O)N1CCC[C@H](C(N)=O)C1 |a:11,26|",6.189334160880994,7.2613449097,1,1,A71EV2A-x7127a
gnina_redock,"CSc1ncnc(N2CCC[C@@H]2c2ccccc2)c1CC(=O)N1CCC[C@H](C(N)=O)C1 |a:11,26|",7.13169634555566,7.2675004005,1,1,A71EV2A-x7570a
gnina_redock,"CSc1ncnc(N2CCC[C@H](C(F)(F)F)C2)c1CC(=O)N1CCC[C@H](C(N)=O)C1 |a:11,25|",6.211100724659235,6.9195461273,1,1,A71EV2A-x7246a
gnina_redock,"CSc1ncnc(N2CCC[C@H](C)C2)c1CC(=O)N1CCC[C@H](C(N)=O)C1 |a:11,22|",6.173854131618843,7.1660084724,1,1,A71EV2A-x7250a
gnina_redock,"CSc1ncnc(N2CCC[C@H]2C(C)C)c1CC(=O)N1CCC[C@H](C(N)=O)C1 |a:11,23|",5.331449457260316,6.93207645415,2,2,A71EV2A-x7491a; A71EV2A-x7491b
gnina_redock,CSc1ncnc(N2CCC[C@H]2C(N)=O)c1CC(=O)N1CCC[C@H](C(N)=O)C1 |&1:11|,7.714442690992226,7.216486454,1,1,A71EV2A-x6832a
gnina_redock,"CSc1ncnc(N2CCC[C@H]2C)c1CC(=O)N1CCC[C@H](C(N)=O)C1 |a:11,21|",5.244486511545811,6.8460123539,2,2,A71EV2A-x7501a; A71EV2A-x7501b
gnina_redock,"CSc1ncnc(N2CCC[C@H]2C2CC2)c1CC(=O)N1CCC[C@H](C(N)=O)C1 |a:11,23|",5.262032975642954,7.1348514557,2,2,A71EV2A-x7475a; A71EV2A-x7475b
gnina_redock,"CSc1ncnc(N2CCC[C@H]2CC(C)C)c1CC(=O)N1CCC[C@H](C(N)=O)C1 |a:11,24|",5.823789680118151,7.4543433189,1,1,A71EV2A-x7257a
gnina_redock,"CSc1ncnc(N2CCC[C@H]2Cc2ccnn2C)c1CC(=O)N1CCC[C@H](C(N)=O)C1 |a:11,27|",5.214011302839139,7.679754734,1,1,A71EV2A-x7247a
gnina_redock,CSc1ncnc(N2CCN(c3ccccn3)CC2)c1CC(=O)N1CCC[C@H](C(N)=O)C1 |a:27|,6.486226948852135,7.2789006233,1,1,A71EV2A-x6802a
gnina_redock,"CSc1ncnc(N2CC[C@@H](OC(F)F)C2)c1CC(=O)N1CCC[C@H](C(N)=O)C1 |a:10,24|",6.048106607275539,6.8881134987,1,1,A71EV2A-x7025a
gnina_redock,"CSc1ncnc(N2CC[C@@H](OC3CC3)C2)c1CC(=O)N1CCC[C@H](C(N)=O)C1 |a:10,24|",7.159468716081884,6.7798085213,1,1,A71EV2A-x7316a
gnina_redock,"CSc1ncnc(N2CC[C@H](C(=O)N(C)C)C2)c1CC(=O)N1CCC[C@H](C(N)=O)C1 |a:10,25|",5.974361680056222,7.2558250427,1,1,A71EV2A-x7427a
gnina_redock,"CSc1ncnc(N2CC[C@H](C(=O)N3CCC(C)CC3)C2)c1CC(=O)N1CCC[C@H](C(N)=O)C1 |a:10,29|",6.08170819903569,7.322198391,1,1,A71EV2A-x7190a
gnina_redock,"CSc1ncnc(N2CC[C@H](C)C2)c1CC(=O)N1CCC[C@H](C(N)=O)C1 |a:10,21|",6.293489458676176,7.0004866123,2,2,A71EV2A-x7026a; A71EV2A-x7026b
gnina_redock,"CSc1ncnc(N2CC[C@H](OC(F)F)C2)c1CC(=O)N1CCC[C@H](C(N)=O)C1 |a:10,24|",6.925751444530095,6.9625878334,1,1,A71EV2A-x7031a
gnina_redock,"CSc1ncnc(N2CC[C@H](SC)C2)c1CC(=O)N1CCC[C@H](C(N)=O)C1 |a:10,22|",6.9071041930964325,7.1000790596,1,1,A71EV2A-x7093a
gnina_redock,"CSc1ncnc(N2CC[C@H]2C)c1CC(=O)N1CCC[C@H](C(N)=O)C1 |a:10,20|",6.695497686202032,6.8502807617,1,1,A71EV2A-x7339a
gnina_redock,CSc1ncnc(N2CCc3ccccc3CC2)c1CC(=O)N1CCC[C@H](C(N)=O)C1 |a:26|,6.483018872150272,7.2347931862,1,1,A71EV2A-x7015a
gnina_redock,CSc1ncnc(N2CCc3ccsc3C2)c1CC(=O)N1CCC[C@H](C(N)=O)C1 |a:24|,5.794648268341138,7.0343995094,1,1,A71EV2A-x5666a
gnina_redock,CSc1ncnc(N2CCc3cnc(C(C)C)nc3C2)c1CC(=O)N1CCC[C@H](C(N)=O)C1 |a:28|,5.912659591908459,7.4311823845,1,1,A71EV2A-x7151a
gnina_redock,CSc1ncnc(N2CCn3nc4c(c3C2)CCC4)c1CC(=O)N1CCC[C@H](C(N)=O)C1 |a:27|,5.601864484742403,6.8204231262,2,2,A71EV2A-x7043a; A71EV2A-x7043b
gnina_redock,CSc1ncnc(N2CCn3ncc(C#N)c3C2)c1CC(=O)N1CCC[C@H](C(N)=O)C1 |a:26|,6.13113891891355,7.286588192,1,1,A71EV2A-x7130a
gnina_redock,"CSc1ncnc(N2C[C@H]3C[C@H]3C2)c1CC(=O)N1CCC[C@H](C(N)=O)C1 |&1:9,&2:11|",6.558486174447746,6.628356456733333,3,3,A71EV2A-x7317a; A71EV2A-x7317b; A71EV2A-x7372a
gnina_redock,CSc1ncnc(N2Cc3ccccc3C2)c1CC(=O)N1CCC[C@H](C(N)=O)C1 |a:24|,6.006913143117045,6.9193797112,1,1,A71EV2A-x6808a
gnina_redock,CSc1ncnc(SC)c1CC(=O)N1CCC[C@H](C(N)=O)C1 |a:17|,5.699017277769941,6.5056495667,1,1,A71EV2A-x5581a
gnina_redock,CSc1ncncc1CC(=O)N1CCC[C@H](C(N)=O)C1 |a:15|,5.186217598084144,6.30451822285,2,2,A71EV2A-x5039a; A71EV2A-x5039b
gnina_redock,C[C@H](C(=O)N1CCC[C@H](C(N)=O)C1)c1cn(C)nc1C(F)(F)F |&1:1|,4.462842099070634,6.545878171949999,2,2,A71EV2A-x4510a; A71EV2A-x4571a
gnina_redock,C[C@H](C(=O)N1CCC[C@H](C(N)=O)C1)c1nc(F)ccc1Cl |&1:1|,4.277445359017488,6.0998311043,2,2,A71EV2A-x4895a; A71EV2A-x4895b
gnina_redock,C[C@H](Cc1cocn1)NC(=O)c1nn(C)c2ccccc12 |&1:1|,4.9657785438458255,5.648492097849999,2,2,A71EV2A-x3379a; A71EV2A-x3593a
gnina_redock,"C[C@H](c1ccc(Cl)c(Br)c1)N1C[C@H](C(N)=O)CCC1=O |&1:1,&2:12|",4.041436116778033,6.4746575356,1,1,A71EV2A-x5556a
gnina_redock,"C[C@H](c1ccc2[nH]ncc2c1)N1C[C@H](C(N)=O)CCC1=O |&1:1,&2:13|",4.180071698767357,6.5226225853,1,1,A71EV2A-x5744a
gnina_redock,"C[C@H](c1cccc(Cl)c1F)N1C[C@H](C(N)=O)CCC1=O |&1:1,&2:12|",4.632644078973981,6.3823504448,1,1,A71EV2A-x5673a
gnina_redock,"C[C@H]1CC(=O)N(Cc2ccc3cnn(C)c3c2)C[C@@H]1C(N)=O |o1:1,18|",4.76433957251824,6.491629362099999,2,2,A71EV2A-x5777a; A71EV2A-x5777b
gnina_redock,"C[C@H]1CC(=O)N(Cc2ccc3cnn(C)c3c2)C[C@H]1C(N)=O |o1:1,18|",4.207870191519494,6.2130589485,1,1,A71EV2A-x5766a
gnina_redock,Cc1cc(C)c(CC(=O)N2CCC[C@H](C(N)=O)C2)c(=O)[nH]1 |a:13|,4.306273051076353,6.0159816742,1,1,A71EV2A-x4291a
gnina_redock,Cc1cc(C)c(Nc2ccn(C)n2)c(C)c1,5.3072486987698415,4.5001749992,1,1,A71EV2A-x3279a
gnina_redock,Cc1cc(C)c(Nc2ccn(C3COC3)n2)c(C)c1,5.016824927962187,4.3054671288,1,1,A71EV2A-x3234a
gnina_redock,Cc1cc(CNC(=O)c2cn(C)c3ccccc23)on1,4.953569528330592,4.3719105721,1,1,A71EV2A-x3175a
gnina_redock,Cc1cc2sccc2c(Cl)c1OC(=O)N1CCC[C@H](C(N)=O)C1 |a:18|,4.215114698485657,6.6431918144,1,1,A71EV2A-x5482a
gnina_redock,Cc1ccc(CC(=O)N2CCC[C@H](C(N)=O)C2)s1 |&1:12|,4.633044431676764,5.7725932598,2,2,A71EV2A-x5424a; A71EV2A-x5424b
gnina_redock,Cc1ccc2c(C(=O)NCCc3cocn3)c[nH]c2c1,5.10808214227103,5.5621542931,1,1,A71EV2A-x3568a
gnina_redock,Cc1ccc2c(c1OC(=O)N1CCC[C@H](C(N)=O)C1)CCC2 |a:14|,4.479326279665005,6.6847655773,2,2,A71EV2A-x5599a; A71EV2A-x5599b
gnina_redock,Cc1ccc2c(cnn2C)c1Nc1ccn([C@H]2CCNC2=O)n1 |&1:16|,4.937001727490601,6.2337479591,1,1,A71EV2A-x3305a
gnina_redock,Cc1ccc2ccccc2c1N1C[C@H](C(N)=O)CCC1=O |&1:13|,3.942576835487996,6.5574188232,1,1,A71EV2A-x5572a
gnina_redock,Cc1ccc2cccnc2c1OC(=O)N1CCC[C@H](C(N)=O)C1 |a:18|,4.597502408486665,6.2275214195,1,1,A71EV2A-x5479a
gnina_redock,Cc1cccc(CC(=O)N2CCC[C@H](C(N)=O)C2)c1 |&1:13|,4.290127690297292,5.87728595735,2,2,A71EV2A-x4020a; A71EV2A-x4020b
gnina_redock,Cc1cccc(CNC(=O)N2CCC[C@H](C(N)=O)C2)c1 |a:14|,4.967584368389079,6.16638565065,2,2,A71EV2A-x3706a; A71EV2A-x3706b
gnina_redock,Cc1cccc(N(CC(=O)N2CCCCC2)C(=O)N2CCC[C@H](C(N)=O)C2)c1 |a:22|,4.627087997029894,6.6460766792,1,1,A71EV2A-x3908a
gnina_redock,Cc1cccc(N2CCCN(CCC(N)=O)C2=O)c1,4.911546516921495,5.5873856544,1,1,A71EV2A-x4402a
gnina_redock,Cc1cccc(NC(=O)N2CCC[C@H](C(N)=O)C2)c1 |a:13|,4.246416941107094,5.6834335327,1,1,A71EV2A-x3054a
gnina_redock,Cc1ccccc1CNC(=O)N1CCC[C@H](C(N)=O)C1 |a:15|,4.978810700930062,6.0533065796,2,2,A71EV2A-x3616a; A71EV2A-x3616b
gnina_redock,Cc1ccccc1NC(=O)N1CCC[C@H](C(N)=O)C1 |a:14|,4.386163320168128,5.9459815025,1,1,A71EV2A-x3510a
gnina_redock,Cc1ccccc1NC(=O)c1ccc(C)c(C(N)=O)c1,4.804100347590766,5.9333591461,1,1,A71EV2A-x3867a
gnina_redock,Cc1ccccc1NC(=O)c1cncc(C(N)=O)c1,4.632644078973981,5.1519675255,1,1,A71EV2A-x3564a
gnina_redock,Cc1cnc(CNS(=O)(=O)C[C@H](C)c2ccccc2)o1 |&1:11|,4.8184062698439085,4.3072319031,1,1,A71EV2A-x3623a
gnina_redock,Cc1nc(C)c(CC(=O)N2CCC[C@H](C(N)=O)C2)[nH]1 |a:13|,5.409458546594426,6.0042643547,1,1,A71EV2A-x3221a
gnina_redock,Cc1nc2ccccc2n1CC(=O)N1CCC[C@H](C(N)=O)C1 |&1:17|,4.137777547252243,6.0735287666,1,1,A71EV2A-x3225a
gnina_redock,Cc1nc2n(c1CC(=O)N1CCC[C@H](C(N)=O)C1)CCCC2 |&1:13|,5.221581099702723,5.7130970955,1,1,A71EV2A-x3489a
gnina_redock,Cc1ncnc(C)c1CC(=O)N1CCC[C@H](C(N)=O)C1 |a:15|,3.654064344980796,6.234556675,1,1,A71EV2A-x4464a
gnina_redock,Cc1nn(C)c(C)c1CC(=O)N[C@H](CNC(=O)CCl)c1ccc2ccccc2c1 |&1:12|,4.660785023463071,6.2475266457,1,1,A71EV2A-x1346a
gnina_redock,Cc1nn(C)c2cc(C(=O)NCCc3cocn3)ccc12,4.945173530861923,4.7948794365,1,1,A71EV2A-x3410a
gnina_redock,Cc1ocnc1CCNC(=O)c1nn(C)c2ccccc12,5.09799710864927,5.0091099739,1,1,A71EV2A-x3286a
gnina_redock,"Cc1sc([C@H](C)N2C[C@H](C(N)=O)CCC2=O)nc1-c1ccco1 |&1:4,&2:8|",4.604279969816917,6.5707240105,1,1,A71EV2A-x6730a
gnina_redock,"Cn1cc(CC(=O)N2C[C@H](C(N)=O)C[C@@H]3C[C@@H]32)cn1 |&1:9,14,16|",4.608000737058194,5.6723618507,1,1,A71EV2A-x4992a
gnina_redock,Cn1cc(NS(=O)(=O)N2CCC[C@H](C(N)=O)C2)cn1 |a:12|,5.738140147629213,5.95468020435,2,2,A71EV2A-x5090a; A71EV2A-x5150a
gnina_redock,Cn1cc2c(CC(=O)N3CCC[C@H](C(N)=O)C3)cccc2n1 |o1:12|,4.405607449624573,6.3159313202,1,1,A71EV2A-x3914a
gnina_redock,Cn1cc2c(CC(=O)N3CC[C@H](C(N)=O)C3)cccc2n1 |&1:11|,4.410050398674293,5.7645316124,1,1,A71EV2A-x3556a
gnina_redock,Cn1cc2c(n1)CCC[C@H]2C(=O)N1CCC[C@H](C(N)=O)C1 |&1:9|,3.749590923528832,6.4359259605,1,1,A71EV2A-x4608a
gnina_redock,Cn1cc2cccc(NC(=O)Cc3cocn3)c2n1,4.662403924407542,5.6427874565,1,1,A71EV2A-x3403a
gnina_redock,"Cn1ccnc1[C@H](c1ccccc1)N1C[C@H](C(N)=O)CC1=O |&1:6,&2:15|",4.649751981665837,5.9198822975,1,1,A71EV2A-x5106a
gnina_redock,Cn1cnc(CCNC(=O)c2nn(C)c3ccccc23)c1,5.2372107018718905,5.8821544647,1,1,A71EV2A-x3371a
gnina_redock,Cn1cnc2c(NC(=O)N3CCC[C@H](C(N)=O)C3)cccc21 |a:13|,5.398637148380375,6.31706929205,2,2,A71EV2A-x4447a; A71EV2A-x4447b
gnina_redock,Cn1nc(C(=O)N2Cc3ccccc3C[C@H]2CN)c2ccccc21 |&1:15|,5.041436116778033,6.0249042511,1,1,A71EV2A-x2293a
gnina_redock,Cn1nc(C(=O)NC2CC2)c2cc(F)ccc21,4.887413111043684,4.4854998589,1,1,A71EV2A-x2339a
gnina_redock,Cn1nc(C(=O)NCC(F)(F)c2ccccn2)c2ccccc21,5.168134464700943,5.0586075783,1,1,A71EV2A-x3280a
gnina_redock,Cn1nc(C(=O)NCCc2ccc(S(C)(=O)=O)cc2)c2ccccc21,4.84887783952492,6.2079200745,1,1,A71EV2A-x3324a
gnina_redock,Cn1nc(C(=O)NCCc2cocn2)c2ccccc2c1=O,5.170374765613669,5.6239933968,1,1,A71EV2A-x3419a
gnina_redock,Cn1nc(C(=O)NCCc2cocn2)c2cccnc21,4.981705511622298,4.7761330605,1,1,A71EV2A-x3264a
gnina_redock,Cn1nc(C(=O)NCCc2cscn2)c2ccccc21,5.337951414156192,5.9011363983,1,1,A71EV2A-x3306a
gnina_redock,Cn1nc(C(=O)NCCn2cncn2)c2ccccc21,4.939565029910406,5.006520748150001,2,2,A71EV2A-x3181a; A71EV2A-x3181b
gnina_redock,Cn1nc(C(=O)N[C@H]2CCOC2)c2ccccc21 |&1:7|,5.062339877849264,4.8982448578,1,1,A71EV2A-x3178a
gnina_redock,"Cn1nc(C(=O)N[C@H]2C[C@H]2CO)c2ccccc21 |&1:7,9|",4.895875462550428,4.8112273216,1,1,A71EV2A-x3177a
gnina_redock,Cn1nc(C(=O)Nc2cn[nH]c2)c2ccccc21,4.7783685062706525,5.6375260353,1,1,A71EV2A-x2304a
gnina_redock,Cn1nc(C(N)=O)c2cc(F)ccc21,5.050703769890054,4.5438423157,1,1,A71EV2A-x2351a
gnina_redock,Cn1nc(CC(=O)N2CC(C(N)=O)C2)c2ccccc21,4.610833915635467,6.0147781372,1,1,A71EV2A-x4994a
gnina_redock,Cn1nc(CN2C[C@H](C(N)=O)CCC2=O)c2ccccc21 |&1:7|,5.116903441948165,6.5860543251,1,1,A71EV2A-x4547a
gnina_redock,Cn1ncc(-c2cc(Cl)cc(Cl)c2)c1CC(=O)N1CCC[C@H](C(N)=O)C1 |&1:21|,4.958377726777354,6.8064684868,1,1,A71EV2A-x3606a
gnina_redock,Cn1ncc(C(=O)NCCc2cocn2)n1,5.545714601514328,4.0122303963,1,1,A71EV2A-x3436a
gnina_redock,Cn1ncc2ccc(CN3C[C@H](C(N)=O)CC(C)(C)C3=O)cc21 |&1:11|,4.005682847330363,6.6592144966,2,2,A71EV2A-x5721a; A71EV2A-x5721b
gnina_redock,Cn1ncc2ccc(CN3C[C@H](C(N)=O)CCC3=O)cc21 |o1:11|,4.026655009457717,6.333878994,1,1,A71EV2A-x4974a
gnina_redock,N#CC1CC(NC(=O)C2(c3ccc(Cl)cc3Cl)CCOCC2)C1,4.726469830785563,5.2698154449,1,1,A71EV2A-x3521a
gnina_redock,N#CCc1cccc(NC(=O)N2CCC[C@H](C(N)=O)C2)c1 |a:15|,5.356959172517914,5.7743954659,1,1,A71EV2A-x3480a
gnina_redock,N#CCc1ccccc1CC(=O)N1CCC[C@H](C(N)=O)C1 |a:16|,5.101757238648579,6.5363817215,2,2,A71EV2A-x4321a; A71EV2A-x4321b
gnina_redock,N#Cc1ccc(Br)cc1OC(=O)N1CCC[C@H](C(N)=O)C1 |a:16|,4.421371068072836,5.8725447655,1,1,A71EV2A-x5559a
gnina_redock,N#Cc1cccc(CC(=O)N2CCC[C@H](C(N)=O)C2)n1 |a:14|,4.625197671079573,5.9012296200000005,2,2,A71EV2A-x5082a; A71EV2A-x5082b
gnina_redock,N#Cc1cccc(NC(=O)N2CCC[C@H](C(N)=O)C2)c1 |a:14|,5.189128446912704,6.106610298150001,2,2,A71EV2A-x3509a; A71EV2A-x3509b
gnina_redock,N#Cc1ccncc1OC(=O)N1CCC[C@H](C(N)=O)C1 |a:15|,4.504331180271011,5.8490502834,2,2,A71EV2A-x5594a; A71EV2A-x5594b
gnina_redock,N#Cc1nccc(CC(=O)N2CCC[C@H](C(N)=O)C2)n1 |a:14|,4.006352818021342,6.0543532372,1,1,A71EV2A-x5448a
gnina_redock,N#Cc1ncncc1CC(=O)N1CCC[C@H](C(N)=O)C1 |a:15|,4.424812155072339,6.1932549477,1,1,A71EV2A-x5212a
gnina_redock,N#Cc1sccc1CC(=O)N1CCC[C@H](C(N)=O)C1 |a:14|,5.008444067750377,6.0436420441,1,1,A71EV2A-x3450a
gnina_redock,NC(=O)CC1CCN(C(=O)c2cccc(F)c2)CC1,4.597746280949512,5.2062988281500004,2,2,A71EV2A-x5409a; A71EV2A-x5409b
gnina_redock,NC(=O)C[C@H]1CCCN(c2ncnc3ccccc23)C1 |&1:4|,4.959254335737151,6.1719002724,1,1,A71EV2A-x4351a
gnina_redock,NC(=O)[C@H]1CC(=O)N(Cc2cccc3c2OCC3)C1 |&1:3|,5.0762380391713,5.0031204224,1,1,A71EV2A-x4312a
gnina_redock,"NC(=O)[C@H]1CCC(=O)N(C[C@H]2CCOc3ccccc32)C1 |&1:3,&2:10|",4.620443689892642,5.6807723045,1,1,A71EV2A-x4409a
gnina_redock,NC(=O)[C@H]1CCC(=O)N(Cc2cc(F)cnc2C(F)(F)F)C1 |&1:3|,4.315546325758652,6.438164711000001,2,2,A71EV2A-x5635a; A71EV2A-x5635b
gnina_redock,NC(=O)[C@H]1CCC(=O)N(Cc2ccc3cc[nH]c3c2)C1 |&1:3|,4.611743840379951,6.01970481875,2,2,A71EV2A-x4596a; A71EV2A-x4596b
gnina_redock,NC(=O)[C@H]1CCC(=O)N(Cc2cccc(F)c2)C1 |&1:3|,4.255233465290414,5.8629021645,1,1,A71EV2A-x4924a
gnina_redock,NC(=O)[C@H]1CCC(=O)N(Cc2ccsc2)C1 |&1:3|,3.774068781319247,5.5370349884,2,2,A71EV2A-x5608a; A71EV2A-x5608b
gnina_redock,NC(=O)[C@H]1CCC(=O)N([C@@H]2CCCc3ccccc32)C1 |o1:3|,4.5934598195660445,5.9749851227,1,1,A71EV2A-x5052a
gnina_redock,"NC(=O)[C@H]1CCC(=O)N([C@H](CC(F)(F)F)c2cc(Cl)cc(Cl)c2)C1 |&1:3,&2:9|",4.327996747928408,6.7129349709,1,1,A71EV2A-x5665a
gnina_redock,NC(=O)[C@H]1CCC(=O)N([C@H]2CCCc3ccccc32)C1 |o1:3|,4.631937259138866,6.245872020749999,2,2,A71EV2A-x5210a; A71EV2A-x5210b
gnina_redock,NC(=O)[C@H]1CCC(=O)N(c2cc3cnccc3c(F)c2F)C1 |&1:3|,4.801706220928761,6.4845657349,1,1,A71EV2A-x6714a
gnina_redock,NC(=O)[C@H]1CCCN(C(=O)C(c2ccccc2)c2ccccc2)C1 |a:3|,5.179858685151659,6.3907542229,1,1,A71EV2A-x3982a
gnina_redock,NC(=O)[C@H]1CCCN(C(=O)C2(O)CCSCC2)C1 |a:3|,4.388276691992658,5.1031441689,1,1,A71EV2A-x4708a
gnina_redock,NC(=O)[C@H]1CCCN(C(=O)C2(c3ccoc3)CCC2)C1 |a:3|,4.618930913825583,5.918361187,2,2,A71EV2A-x4514a; A71EV2A-x4575a
gnina_redock,NC(=O)[C@H]1CCCN(C(=O)C2CCSCC2)C1 |a:3|,4.603800652904264,5.4287338257,1,1,A71EV2A-x4706a
gnina_redock,NC(=O)[C@H]1CCCN(C(=O)CC2CSC2)C1 |a:3|,4.607306606035202,5.6591038704,1,1,A71EV2A-x4707a
gnina_redock,NC(=O)[C@H]1CCCN(C(=O)Cc2cc(C(F)(F)F)ccc2C(F)(F)F)C1 |a:3|,3.806800765395556,6.7693524361,1,1,A71EV2A-x4381a
gnina_redock,NC(=O)[C@H]1CCCN(C(=O)Cc2cc(C(F)(F)F)ccc2Cl)C1 |&1:3|,4.906948150425689,6.6107254028,1,1,A71EV2A-x3208a
gnina_redock,NC(=O)[C@H]1CCCN(C(=O)Cc2cc3c(cc2Cl)OCCO3)C1 |a:3|,4.037176387439713,6.24215221405,2,2,A71EV2A-x4669a; A71EV2A-x4669b
gnina_redock,NC(=O)[C@H]1CCCN(C(=O)Cc2ccc3c(c2)CCC(=O)N3)C1 |a:3|,4.349692476868063,5.6170392036,1,1,A71EV2A-x4320a
gnina_redock,NC(=O)[C@H]1CCCN(C(=O)Cc2cccc(Cl)c2Cl)C1 |a:3|,4.065026720650614,6.2196564674,1,1,A71EV2A-x4336a
gnina_redock,NC(=O)[C@H]1CCCN(C(=O)Cc2cccc3c2CCC3)C1 |a:3|,3.9502403164313615,6.3979430199,1,1,A71EV2A-x4344a
gnina_redock,NC(=O)[C@H]1CCCN(C(=O)Cc2cccc3c2SCC3)C1 |a:3|,3.551812748385584,6.3887686729,1,1,A71EV2A-x5151a
gnina_redock,NC(=O)[C@H]1CCCN(C(=O)Cc2cccc3cn[nH]c23)C1 |&1:3|,5.011185771310347,6.1211838722,1,1,A71EV2A-x3210a
gnina_redock,NC(=O)[C@H]1CCCN(C(=O)Cc2cccc3ncsc23)C1 |a:3|,3.9648133085158968,6.6649565697,1,1,A71EV2A-x5221a
gnina_redock,NC(=O)[C@H]1CCCN(C(=O)Cc2cccc3nsnc23)C1 |a:3|,4.492392502728005,6.2437572479,1,1,A71EV2A-x4463a
gnina_redock,NC(=O)[C@H]1CCCN(C(=O)Cc2cccc3occc23)C1 |&1:3|,3.960269771303526,5.3743224144,1,1,A71EV2A-x3191a
gnina_redock,NC(=O)[C@H]1CCCN(C(=O)Cc2cccc3sccc23)C1 |a:3|,3.9387751065420735,6.4761013985,1,1,A71EV2A-x4341a
gnina_redock,NC(=O)[C@H]1CCCN(C(=O)Cc2ccccc2CO)C1 |a:3|,4.345773777137761,5.8084692955,2,2,A71EV2A-x4374a; A71EV2A-x4374b
gnina_redock,NC(=O)[C@H]1CCCN(C(=O)Cc2ccccc2CS(N)(=O)=O)C1 |a:3|,4.135380979941972,6.103126049,1,1,A71EV2A-x4403a
gnina_redock,NC(=O)[C@H]1CCCN(C(=O)Cc2ccccc2OC(F)F)C1 |a:3|,4.229666366474778,5.8911137581,1,1,A71EV2A-x4319a
gnina_redock,NC(=O)[C@H]1CCCN(C(=O)Cc2cccnc2Cl)C1 |a:3|,3.43690985073048,5.863137006800001,2,2,A71EV2A-x5079a; A71EV2A-x5079b
gnina_redock,NC(=O)[C@H]1CCCN(C(=O)Cc2cccnc2O)C1 |a:3|,5.153756287657022,5.5448260307,1,1,A71EV2A-x4372a
gnina_redock,NC(=O)[C@H]1CCCN(C(=O)Cc2ccnc(Cl)c2Br)C1 |&1:3|,4.162204305054052,7.0021648407,1,1,A71EV2A-x3193a
gnina_redock,NC(=O)[C@H]1CCCN(C(=O)Cc2ccnc(Cl)n2)C1 |a:3|,4.653647025549361,6.1407876014500005,2,2,A71EV2A-x5213a; A71EV2A-x5213b
gnina_redock,NC(=O)[C@H]1CCCN(C(=O)Cc2ccncc2Cl)C1 |a:3|,5.18523404082538,6.3700523376,1,1,A71EV2A-x4461a
gnina_redock,NC(=O)[C@H]1CCCN(C(=O)Cc2ccsc2)C1 |&1:3|,4.589713631215067,5.7367258072,2,2,A71EV2A-x5425a; A71EV2A-x5425b
gnina_redock,NC(=O)[C@H]1CCCN(C(=O)Cc2cncnc2Cl)C1 |a:3|,4.037630664329979,6.1095855236,2,2,A71EV2A-x5081a; A71EV2A-x5081b
gnina_redock,NC(=O)[C@H]1CCCN(C(=O)Cc2ncc3ccc(Br)cn23)C1 |a:3|,4.424218724311264,6.7618972063,4,4,A71EV2A-x4519a; A71EV2A-x4519b; A71EV2A-x4580a; A71EV2A-x4580b
gnina_redock,NC(=O)[C@H]1CCCN(C(=O)Cc2ncncc2Cl)C1 |a:3|,4.03673794170959,6.2058010101,2,2,A71EV2A-x4979a; A71EV2A-x4979b
gnina_redock,NC(=O)[C@H]1CCCN(C(=O)Cn2cc(Br)cc(Cl)c2=O)C1 |a:3|,3.7253509633996433,6.2234330177,1,1,A71EV2A-x4540a
gnina_redock,NC(=O)[C@H]1CCCN(C(=O)NCC2CC2)C1 |a:3|,5.064884396650843,5.333837986,1,1,A71EV2A-x3417a
gnina_redock,NC(=O)[C@H]1CCCN(C(=O)Nc2cc3c(cc2Cl)OCO3)C1 |a:3|,4.6271423700874985,6.3810019493,1,1,A71EV2A-x4308a
gnina_redock,NC(=O)[C@H]1CCCN(C(=O)Nc2cccc3c2S(=O)(=O)CCC3)C1 |a:3|,4.616184634019569,6.4007401466,1,1,A71EV2A-x4654a
gnina_redock,NC(=O)[C@H]1CCCN(C(=O)Nc2cccc3c2SCCC3)C1 |a:3|,4.5141394746468695,6.526645819333333,3,3,A71EV2A-x4674a; A71EV2A-x4674b; A71EV2A-x4674c
gnina_redock,NC(=O)[C@H]1CCCN(C(=O)Nc2ccccc2F)C1 |a:3|,4.851286884122841,6.072663784,1,1,A71EV2A-x3612a
gnina_redock,NC(=O)[C@H]1CCCN(C(=O)Nc2ccccc2OCC(F)(F)F)C1 |a:3|,5.15661038833037,6.4322371483,1,1,A71EV2A-x4306a
gnina_redock,NC(=O)[C@H]1CCCN(C(=O)Nc2ccccc2SC(F)F)C1 |a:3|,4.325140144305149,6.4138278961,1,1,A71EV2A-x4656a
gnina_redock,NC(=O)[C@H]1CCCN(C(=O)OC2CCCCC2)C1 |a:3|,4.042264201974706,5.4176669121,1,1,A71EV2A-x5351a
gnina_redock,NC(=O)[C@H]1CCCN(C(=O)[C@H](CN2CCCC2)c2ccccc2)C1 |&1:10|,5.024630533433036,6.5812263489,1,1,A71EV2A-x3975a
gnina_redock,NC(=O)[C@H]1CCCN(C(=O)[C@H](Cc2ccc(F)cc2)c2ccccc2)C1 |&1:10|,5.478592246479633,6.832625746725,4,4,A71EV2A-x4237a; A71EV2A-x4237b; A71EV2A-x4237c; A71EV2A-x4237d
gnina_redock,NC(=O)[C@H]1CCCN(C(=O)[C@H](OCC2CCCC2)c2ccccc2)C1 |&1:10|,5.567003508658591,6.055170536,1,1,A71EV2A-x3968a
gnina_redock,NC(=O)[C@H]1CCCN(C(=O)[C@H](Sc2ccccc2)c2ccccc2)C1 |&1:10|,5.135488918941608,6.63527441025,2,2,A71EV2A-x3986a; A71EV2A-x3986b
gnina_redock,NC(=O)[C@H]1CCCN(C(=O)[C@H](c2ccccc2)n2cccn2)C1 |&1:10|,4.869666231504994,6.6515715122,2,2,A71EV2A-x4451a; A71EV2A-x4451b
gnina_redock,"NC(=O)[C@H]1CCCN(C(=O)[C@H]2CCNc3[nH]ncc32)C1 |&1:3,&2:10|",5.556193958463214,6.453086853,1,1,A71EV2A-x3218a
gnina_redock,NC(=O)[C@H]1CCCN(C(=O)[C@H]2CCOc3ccc(Cl)cc32)C1 |&1:10|,5.28547334915742,6.1369228363,1,1,A71EV2A-x4260a
gnina_redock,NC(=O)[C@H]1CCCN(C(=O)[C@H]2CCSc3ccccc32)C1 |o1:10|,4.826813731587726,6.3661026954499995,2,2,A71EV2A-x4943a; A71EV2A-x4943b
gnina_redock,"NC(=O)[C@H]1CCCN(C(=O)[C@H]2CC[C@H]2c2ccc(Cl)cc2)C1 |&1:10,&2:13|",4.000869458712629,6.6857533455,1,1,A71EV2A-x5550a
gnina_redock,NC(=O)[C@H]1CCCN(C(=O)[C@H]2CCc3cccc(Br)c32)C1 |&1:10|,4.479401524821051,6.5652947426,2,2,A71EV2A-x4202a; A71EV2A-x4202b
gnina_redock,NC(=O)[C@H]1CCCN(C(=O)[C@H]2CCc3cccc(O)c32)C1 |&1:10|,5.148337017678052,6.037969589199999,2,2,A71EV2A-x4456a; A71EV2A-x4456b
gnina_redock,NC(=O)[C@H]1CCCN(C(=O)[C@H]2CCc3snnc32)C1 |&1:10|,4.667561540084395,5.5718941689,1,1,A71EV2A-x4472a
gnina_redock,NC(=O)[C@H]1CCCN(C(=O)[C@H]2SCc3cccnc32)C1 |&1:10|,4.60382166833978,5.7792289257,2,2,A71EV2A-x4606a; A71EV2A-x4606b
gnina_redock,"NC(=O)[C@H]1CCCN(C(=O)[C@]2(Cc3ccc(F)cc3)CCCCO2)C1 |&1:3,&2:10|",4.609064892896621,6.679412365,1,1,A71EV2A-x4416a
gnina_redock,NC(=O)[C@H]1CCCN(C(=O)c2ccnc3[nH]ncc23)C1 |&1:3|,4.787812395596042,6.1409955025,1,1,A71EV2A-x3223a
gnina_redock,NC(=O)[C@H]1CCN(C(=O)Cc2c(Cl)cccc2Cl)C1 |&1:3|,4.7544873321858505,6.243396759,1,1,A71EV2A-x5427a
gnina_redock,NC(=O)[C@H]1CCN(C(=O)Cc2cc(C(F)(F)F)ccc2Cl)C1 |&1:3|,5.04901488179868,6.0751404762,1,1,A71EV2A-x3989a
gnina_redock,NC(=O)[C@H]1CCN(C(=O)Cn2c(=O)sc3ccc(Cl)cc32)C1 |a:3|,4.001740661576301,6.60696339605,2,2,A71EV2A-x5824a; A71EV2A-x5824b
gnina_redock,NC(=O)[C@H]1CCN(C(=O)Cn2cc(Br)cc(Cl)c2=O)C1 |a:3|,4.024899837282849,6.1162323952,1,1,A71EV2A-x5779a
gnina_redock,NC(=O)[C@H]1CCN(C(=O)[C@H]2CCCN2C(=O)c2cccs2)C1 |&1:9|,5.012334272309165,6.3554186821,2,2,A71EV2A-x5705a; A71EV2A-x5705b
gnina_redock,NC(=O)[C@H]1CCN(C(=O)[C@H]2CCOc3ccc(Cl)cc32)C1 |&1:9|,4.437172628708407,6.2292861938,1,1,A71EV2A-x5728a
gnina_redock,NC(=O)[C@H]1CCN(C(=O)[C@H]2CSc3ccccc32)C1 |&1:9|,4.129009644321656,6.199570179,1,1,A71EV2A-x5570a
gnina_redock,"NC(=O)[C@H]1CCN(C(=O)[C@H]2SCCc3sccc32)C1 |&1:3,&2:9|",4.430090742898188,6.2594027519,1,1,A71EV2A-x5431a
gnina_redock,"NC(=O)[C@H]1C[C@@H]2C[C@@H]2N(C(=O)Cc2ccccc2Cl)C1 |&1:3,5,7|",4.5796822958876815,6.3320631981,2,2,A71EV2A-x5802a; A71EV2A-x5802b
gnina_redock,"NC(=O)[C@H]1C[C@H]2C[C@H]2N(C(=O)Cc2ccccc2Cl)C1 |&1:3,5,7|",4.476253533188435,6.4906330109,2,2,A71EV2A-x5798a; A71EV2A-x5798b
gnina_redock,NC(=O)[C@]12CN(C(=O)Cc3ccccc3Cl)C[C@@H](C1)C2 |&1:3|,4.0045909104114665,6.733979702,1,1,A71EV2A-x5277a
gnina_redock,NC(=O)c1ccccc1CC(=O)N1CCC[C@H](C(N)=O)C1 |a:16|,3.660111973943557,6.3126907349,1,1,A71EV2A-x4840a
gnina_redock,O=C(NCCc1cocn1)N1CCc2ccccc21,5.162973800773931,5.5038151741,1,1,A71EV2A-x3392a
gnina_redock,O=C(NCCc1cocn1)c1ccccc1,5.093196163745395,3.4911239147,1,1,A71EV2A-x3435a
molecular_weight,C#C[C@H](NCCc1cocn1)c1nn(C)c2ccccc12 |&1:2|,4.716801953096995,280.331,1,1,A71EV2A-x4426a
molecular_weight,"C#C[C@H]1CCCC[C@@H]1OC(=O)N1CCC[C@H](C(N)=O)C1 |o1:2,7|",4.011869615687259,278.35200000000003,1,1,A71EV2A-x5747a
molecular_weight,C#Cc1ccc(C)c(OC(=O)N2CCC[C@H](C(N)=O)C2)c1 |a:15|,3.8964015060220634,286.331,1,1,A71EV2A-x5466a
molecular_weight,C=C(C)c1cccc(SC)c1CC(=O)N1CCC[C@H](C(N)=O)C1 |a:18|,5.435913722030655,332.46900000000005,1,1,A71EV2A-x6027a
molecular_weight,C=CS(=O)(=O)N1CCC[C@H](C(N)=O)C1 |&1:9|,5.1938200260161125,218.278,1,1,A71EV2A-x3408a
molecular_weight,C=Cc1cccc(CC(=O)N2CCC[C@H](C(N)=O)C2)n1 |a:14|,5.099072631333438,273.336,2,2,A71EV2A-x5015a; A71EV2A-x5015b
molecular_weight,C=Cc1ccccc1CS(=O)(=O)N1CCC[C@H](C(N)=O)C1 |a:16|,4.5951662833800615,308.403,1,1,A71EV2A-x5359a
molecular_weight,CC(=O)Nc1cccc(NC(N)=O)c1,4.943095148663527,193.206,1,1,A71EV2A-x2454a
molecular_weight,CC(=O)Nc1ccccc1CC(=O)N1CCC[C@H](C(N)=O)C1 |a:17|,4.265200170411153,303.362,1,1,A71EV2A-x4322a
molecular_weight,CC(C)(C)c1ccccc1NC(=O)N1CCC[C@H](C(N)=O)C1 |a:17|,4.916961547867879,303.40600000000006,1,1,A71EV2A-x4311a
molecular_weight,CC(C)Oc1ccccc1NC(=O)N1CCC[C@H](C(N)=O)C1 |a:17|,4.877787213913532,305.37800000000004,1,1,A71EV2A-x4305a
molecular_weight,"CC(C)[C@H](c1cc(Cl)cc(Br)c1)N1C[C@H](C(N)=O)CCC1=O |&1:3,&2:14|",4.564352412519983,387.7050000000002,1,1,A71EV2A-x5868a
molecular_weight,CCC(=O)N[C@H](C(=O)N1CC[C@H](C(N)=O)C1)c1ccccc1SC |&1:5|,4.556507378095548,349.456,1,1,A71EV2A-x6853a
molecular_weight,CCC1(CC)CCN(c2ncnc(SC)c2CC(=O)N2CCC[C@H](C(N)=O)C2)C1 |a:23|,6.266038858073333,419.5950000000003,1,1,A71EV2A-x6738a
molecular_weight,CCC1(CC)CN(c2ncnc(SC)c2CC(=O)N2CCC[C@H](C(N)=O)C2)CCS1(=O)=O |a:22|,6.0703717346625785,483.6600000000004,1,1,A71EV2A-x7169a
molecular_weight,CCCSc1cccc(OC)c1NC(=O)N1CCC[C@H](C(N)=O)C1 |a:19|,3.79526753551538,351.4720000000001,2,2,A71EV2A-x5288a; A71EV2A-x5288b
molecular_weight,CCN(CC1CC1)C(=O)c1cccc(CC(=O)N2CCC[C@H](C(N)=O)C2)c1 |a:21|,4.908336601699183,371.4810000000002,1,1,A71EV2A-x3944a
molecular_weight,CCN(c1ncnc(SC)c1CC(=O)N1CCC[C@H](C(N)=O)C1)C(C)C |a:18|,5.941351132986486,379.53000000000014,1,1,A71EV2A-x7432a
molecular_weight,CCOC(=O)N[C@H](C(=O)N1CC[C@H](C(N)=O)C1)c1ccccc1SC |o1:6|,4.606251898190906,365.455,1,1,A71EV2A-x6844a
molecular_weight,"CCS(=O)(=O)N1CCN(c2ncnc(SC)c2CC(=O)N2CCC[C@H](C(N)=O)C2)[C@H](C)C1 |a:24,29|",5.887521899626527,484.6480000000005,1,1,A71EV2A-x7446a
molecular_weight,CCS(=O)(=O)c1ccc(OC)c(NC(=O)N2CCC[C@H](C(N)=O)C2)c1 |a:19|,4.09366495819491,369.4430000000002,2,2,A71EV2A-x4309a; A71EV2A-x4309b
molecular_weight,"CC[C@@H]1CCCN1c1ncnc(SC)c1CC(=O)N1CCC[C@H](C(N)=O)C1 |a:2,22|",5.359471394334077,391.5410000000003,2,2,A71EV2A-x7510a; A71EV2A-x7510b
molecular_weight,"CC[C@@H]1CS[C@H](C(N)=O)CN1C(=O)Oc1cc(Br)ccc1SC |o1:2,5|",4.170150986564742,419.366,1,1,A71EV2A-x7321a
molecular_weight,"CC[C@H](c1cc(F)cc(Br)c1)N1C[C@H](C(N)=O)CCC1=O |&1:2,&2:13|",4.7121982700697735,357.2230000000002,1,1,A71EV2A-x5699a
molecular_weight,"CC[C@H](c1ccc(Cl)c(Cl)c1)N1C[C@H](C(N)=O)CCC1=O |&1:2,&2:13|",4.012372581165862,329.22700000000015,1,1,A71EV2A-x5676a
molecular_weight,"CC[C@H]1CCCN1c1ncnc(SC)c1CC(=O)N1CCC[C@H](C(N)=O)C1 |a:2,22|",7.302627133357621,391.5410000000003,1,1,A71EV2A-x7011a
molecular_weight,"CC[C@H]1CS[C@H](C(N)=O)CN1C(=O)Oc1cc(Br)ccc1SC |o1:2,5|",7.112683897314732,419.366,1,1,A71EV2A-x7613a
molecular_weight,CCc1ccsc1CN1C[C@H](C(N)=O)CCC1=O |&1:10|,4.668737062060432,266.366,1,1,A71EV2A-x4954a
molecular_weight,CCn1nccc1C(=O)N[C@H](C(=O)N1CC[C@H](C(N)=O)C1)c1ccccc1SC |&1:10|,4.197688573451602,415.5190000000001,1,1,A71EV2A-x6945a
molecular_weight,CN(C)C(=O)[C@@H](c1ccccc1)N1C[C@H](C(N)=O)CC1=O |o1:14|,4.003097753980533,289.33500000000004,1,1,A71EV2A-x5497a
molecular_weight,CN(C)S(=O)(=O)c1cccnc1,5.10745472442027,186.236,2,2,A71EV2A-x2448a; A71EV2A-x2448b
molecular_weight,CN1c2ccccc2C[C@H]1C(=O)N1CCC[C@H](C(N)=O)C1 |&1:9|,4.598941671349912,287.363,2,2,A71EV2A-x4583a; A71EV2A-x4583b
molecular_weight,"CNC(=O)[C@@H](c1cccc(C)c1)N1C[C@H](C(N)=O)CC1=O |&1:4,14|",4.596879478824183,289.33500000000004,1,1,A71EV2A-x5317a
molecular_weight,"CNC(=O)[C@@H]1CCN1c1ncnc(SC)c1CC(=O)N1CCC[C@H](C(N)=O)C1 |a:4,23|",5.553061207453266,406.5120000000003,1,1,A71EV2A-x7297a
molecular_weight,CNC(=O)c1cn(C)c2ccccc12,4.822826736702125,188.23,1,1,A71EV2A-x3066a
molecular_weight,CNC(=O)c1nn(C)c2ccccc12,5.376184576266073,189.218,1,1,A71EV2A-x2290a
molecular_weight,CNC(=O)c1oc2ccccc2c1CN1C[C@H](C(N)=O)CCC1=O |&1:16|,4.027340564735919,329.3560000000001,1,1,A71EV2A-x5226a
molecular_weight,CNS(=O)(=O)c1ccccc1Cl,6.034867358576641,205.666,1,1,A71EV2A-x2458a
molecular_weight,CNc1ncnc(SC)c1CC(=O)N1CCC[C@H](C(N)=O)C1 |a:17|,5.471985787685622,323.422,1,1,A71EV2A-x6021a
molecular_weight,COC(=O)N1CCCN(c2ncnc(SC)c2CC(=O)N2CCC[C@H](C(N)=O)C2)CC1 |a:24|,5.745487997043694,450.56500000000045,1,1,A71EV2A-x7018a
molecular_weight,"COC(=O)N[C@H]1CCN(c2ncnc(SC)c2CC(=O)N2CCC[C@H](C(N)=O)C2)C1 |a:5,24|",7.272545074821092,436.5380000000004,1,1,A71EV2A-x7589a
molecular_weight,COCC(=O)Nc1c(Cl)cc(C)cc1OCc1ncccn1,4.858392228943246,321.76399999999995,2,2,A71EV2A-x3522a; A71EV2A-x3522b
molecular_weight,COCC(=O)Nc1c(Cl)cc(C)cc1Oc1cccc(C(N)=O)c1,4.822657723022635,348.78600000000006,1,1,A71EV2A-x3488a
molecular_weight,"COC[C@@H]1CCCN1c1ncnc(SC)c1CC(=O)N1CCC[C@H](C(N)=O)C1 |a:3,23|",5.028984985837811,407.5400000000003,1,1,A71EV2A-x7161a
molecular_weight,"COC[C@@H]1CCN1c1ncnc(SC)c1CC(=O)N1CCC[C@H](C(N)=O)C1 |a:3,22|",5.357972475219064,393.51300000000026,2,2,A71EV2A-x7353a; A71EV2A-x7353b
molecular_weight,"COC[C@@]1(C)C[C@H](C(N)=O)CN1C(=O)Cc1cc(Br)ccc1SC |&1:3,6|",5.510062512868513,415.35300000000007,1,1,A71EV2A-x5398a
molecular_weight,COC[C@H](C)NC(=O)c1nn(C)c2ccccc12 |&1:3|,4.747146969020107,247.29800000000003,1,1,A71EV2A-x3176a
molecular_weight,"COC[C@H]1CCCN1c1ncnc(SC)c1CC(=O)N1CCC[C@H](C(N)=O)C1 |a:3,23|",7.197280846039433,407.5400000000003,1,1,A71EV2A-x7175a
molecular_weight,"COC[C@H]1CC[C@H](C(N)=O)CN1C(=O)Cc1ccccc1SC |o1:3,6|",4.011460574435142,336.45700000000005,1,1,A71EV2A-x5488a
molecular_weight,"COC[C@]1(C(=O)N2CCC[C@H](C(N)=O)C2)CCCCO1 |&1:3,&2:10|",6.0,284.356,1,1,A71EV2A-x3936a
molecular_weight,COC[C@]12C[C@@](C(N)=O)(CN1C(=O)Cc1ccccc1OC)C2 |o1:3|,4.028724151261895,318.3730000000001,2,2,A71EV2A-x4963a; A71EV2A-x4963b
molecular_weight,COCc1ccccc1CC(=O)N1CCC[C@H](C(N)=O)C1 |a:16|,4.576757218249551,290.363,1,1,A71EV2A-x4368a
molecular_weight,COCc1ccccc1NC(=O)N1CCC[C@H](C(N)=O)C1 |a:16|,4.816470464384151,291.351,1,1,A71EV2A-x3483a
molecular_weight,"CO[C@@H]1CCCN(c2ncnc(SC)c2CC(=O)N2CCC[C@H](C(N)=O)C2)C1 |a:2,22|",6.170052776781682,407.5400000000003,1,1,A71EV2A-x7238a
molecular_weight,CO[C@H](C(=O)N1CCC[C@H](C(N)=O)C1)c1ccccc1C |&1:2|,4.928117992693875,290.36300000000006,1,1,A71EV2A-x3939a
molecular_weight,"CO[C@H](C(=O)N1CCC[C@H](C(N)=O)C1)c1cccnc1 |&1:2,&2:9|",4.227015096629662,277.324,1,1,A71EV2A-x3937a
molecular_weight,COc1c(NC(=O)N2CCC[C@H](C(N)=O)C2)cccc1C(F)(F)F |a:11|,5.032452023781138,345.321,2,2,A71EV2A-x4310a; A71EV2A-x4310b
molecular_weight,COc1cc(Br)c(CC(=O)N2CCC[C@H](C(N)=O)C2)cc1OC |a:14|,3.720229830921272,385.25800000000015,1,1,A71EV2A-x4845a
molecular_weight,COc1cc(Cl)ccc1CC(=O)N1CCC[C@H](C(N)=O)C1 |a:16|,4.018634490921456,310.78100000000006,1,1,A71EV2A-x4203a
molecular_weight,COc1cc(NC(=O)C[C@H](C)C(F)(F)F)n(C)n1 |&1:9|,4.632048101200719,265.235,2,2,A71EV2A-x1445a; A71EV2A-x1445b
molecular_weight,COc1ccc(C(F)(F)F)cc1CC(=O)N1CCC[C@H](C(N)=O)C1 |a:19|,4.449959375475284,344.33300000000014,1,1,A71EV2A-x4028a
molecular_weight,COc1ccc(C(F)(F)F)cc1CC(=O)N1CCS[C@H](C(N)=O)C1 |o1:19|,4.828494707777949,362.3730000000001,1,1,A71EV2A-x4778a
molecular_weight,COc1ccc(C(F)(F)F)cc1N(C)C(=O)N1CCC[C@H](C(N)=O)C1 |a:20|,4.561127532480804,359.34800000000024,1,1,A71EV2A-x4843a
molecular_weight,COc1ccc(C(F)(F)F)cc1NC(=O)N1CCC[C@H](C(N)=O)C1 |a:19|,4.069229199277436,345.3210000000002,1,1,A71EV2A-x4429a
molecular_weight,COc1ccc(CC(=O)N2CCC[C@H](C(N)=O)C2)c(OC)c1 |a:13|,4.635207042042172,306.362,2,2,A71EV2A-x3557a; A71EV2A-x3557b
molecular_weight,COc1ccc(Cl)c2c1C(=O)C(=O)N2,4.628932137728264,211.604,1,1,A71EV2A-x2513a
molecular_weight,COc1ccc(Cl)cc1CC(=O)N1CCC[C@H](C(N)=O)C1 |a:16|,4.727236212379233,310.78100000000006,1,1,A71EV2A-x3940a
molecular_weight,COc1ccc(Cl)cc1NS(=O)(=O)N1CCC[C@H](C(N)=O)C1 |a:17|,3.989247537499024,347.8240000000002,1,1,A71EV2A-x5278a
molecular_weight,COc1ccc(Cl)cc1OC(=O)N1CCC[C@H](C(N)=O)C1 |a:16|,5.262803072736122,312.75300000000004,4,4,A71EV2A-x4829a; A71EV2A-x4829b; A71EV2A-x4903a; A71EV2A-x4903b
molecular_weight,COc1ccc(F)cc1CC(=O)N1CCC[C@H](C(N)=O)C1 |a:16|,4.2094239507757765,294.326,1,1,A71EV2A-x3546a
molecular_weight,COc1ccc2c(n1)[C@H](C(=O)N1CCC[C@H](C(N)=O)C1)CC2 |&1:8|,4.452380443994761,303.3620000000001,1,1,A71EV2A-x3954a
molecular_weight,COc1cccc(CN2C[C@H](C(N)=O)CCC2=O)c1 |&1:10|,4.608183969818477,262.3089999999999,2,2,A71EV2A-x5036a; A71EV2A-x5036b
molecular_weight,COc1cccc(Cl)c1CC(=O)N1CCC[C@@H](C(N)=O)C1 |a:16|,4.620456050805198,310.781,2,2,A71EV2A-x3858a; A71EV2A-x3858b
molecular_weight,COc1cccc(Cl)c1CC(=O)N1CCC[C@H](C(N)=O)C1 |a:16|,4.78560502978966,310.781,1,1,A71EV2A-x3942a
molecular_weight,COc1cccc(Cl)c1CC(=O)N1CCC[C@H](C(N)=O)C1 |o1:16|,4.37828501116997,310.781,1,1,A71EV2A-x4209a
molecular_weight,"COc1cccc(Cl)c1CC(=O)N1C[C@H](C(N)=O)C[C@H](C(=O)NC2CC2)C1 |o1:14,19|",4.899323290233971,393.87100000000015,2,2,A71EV2A-x3993a; A71EV2A-x3993b
molecular_weight,"COc1cccc(Cl)c1CC(=O)N1C[C@H](C(N)=O)[C@H]2CCC[C@H]21 |&1:14,&2:18,22|",4.819608655063361,336.8190000000001,1,1,A71EV2A-x4239a
molecular_weight,COc1cccc(Cl)c1NC(=O)N1CCC[C@H](C(N)=O)C1 |a:16|,4.465918205168407,311.76900000000006,2,2,A71EV2A-x4035a; A71EV2A-x4035b
molecular_weight,COc1cccc(Cl)c1NC(=O)N1CC[C@H](C(N)=O)C1 |a:15|,4.612119831707907,297.742,2,2,A71EV2A-x3992a; A71EV2A-x3992b
molecular_weight,COc1cccc(NC(=O)N2CCC[C@H](C(N)=O)C2)c1 |a:14|,4.956109291095229,277.324,1,1,A71EV2A-x3485a
molecular_weight,COc1cccc(NC(=O)N2CCC[C@H](C(N)=O)C2)c1Cl |a:14|,4.612661045864782,311.769,3,3,A71EV2A-x4524a; A71EV2A-x4873a; A71EV2A-x4873b
molecular_weight,COc1cccc(NC(=O)N2CCC[C@H](C(N)=O)C2)n1 |a:14|,5.072431269429168,278.31199999999995,1,1,A71EV2A-x4298a
molecular_weight,COc1cccc(SC(C)C)c1NC(=O)N1CCC[C@H](C(N)=O)C1 |a:19|,5.313218576201494,351.4720000000001,2,2,A71EV2A-x5289a; A71EV2A-x5289b
molecular_weight,COc1cccc(SC)c1NC(=O)N1CCC[C@H](C(N)=O)C1 |a:17|,5.161195917717353,323.41800000000006,1,1,A71EV2A-x4554a
molecular_weight,"COc1cccc2c1CC[C@H]2N1C[C@H](C(N)=O)CCC1=O |&1:10,&2:13|",4.789637072991269,288.34700000000004,1,1,A71EV2A-x4316a
molecular_weight,COc1cccc2c1N(C(=O)N1CCC[C@H](C(N)=O)C1)CCS2 |a:15|,4.29598340377612,335.4290000000001,1,1,A71EV2A-x5389a
molecular_weight,COc1ccccc1CC(=O)N(C)CCC(N)=O,4.935542010773082,250.29799999999997,1,1,A71EV2A-x3977a
molecular_weight,COc1ccccc1CC(=O)N1CCCC[C@H](C(N)=O)C1 |&1:16|,4.952204384072568,290.363,2,2,A71EV2A-x3571a; A71EV2A-x3571b
molecular_weight,COc1ccccc1CC(=O)N1CCC[C@H](C(N)=O)C1 |&1:15|,4.128427064454121,276.336,1,1,A71EV2A-x3186a
molecular_weight,COc1ccccc1CC(=O)N1CCC[C@H](C(N)=O)CC1 |&1:15|,4.952188702489189,290.36300000000006,2,2,A71EV2A-x4018a; A71EV2A-x4018b
molecular_weight,COc1ccccc1CC(=O)N1CCN[C@H](C(N)=O)C1 |&1:15|,5.622664040174432,277.324,1,1,A71EV2A-x3901a
molecular_weight,COc1ccccc1CC(=O)N1CCO[C@@H](C(N)=O)C1 |a:15|,4.615695746966642,278.308,1,1,A71EV2A-x3663a
molecular_weight,COc1ccccc1CC(=O)N1CC[C@@H](O)C1 |a:14|,4.951406063714552,235.283,1,1,A71EV2A-x3621a
molecular_weight,COc1ccccc1CC(=O)N1CC[C@H](CC(N)=O)C1 |&1:14|,5.055150304924533,276.336,4,4,A71EV2A-x3694a; A71EV2A-x3694b; A71EV2A-x4032a; A71EV2A-x4032b
molecular_weight,COc1ccccc1CC(=O)N1CC[C@H](NC(N)=O)C1 |&1:14|,5.056011124926228,277.324,1,1,A71EV2A-x3685a
molecular_weight,COc1ccccc1CC(=O)N1C[C@H](C(N)=O)CC(F)(F)C1 |&1:13|,5.41096889227547,312.316,1,1,A71EV2A-x3665a
molecular_weight,"COc1ccccc1CC(=O)N1C[C@H](C(N)=O)CC[C@@H]1C |&1:13,19|",4.411260481653311,290.363,1,1,A71EV2A-x3550a
molecular_weight,"COc1ccccc1CC(=O)N1C[C@H](C(N)=O)[C@@H](C(F)(F)F)C1 |&1:13,17|",5.110698297493689,330.306,1,1,A71EV2A-x3990a
molecular_weight,"COc1ccccc1CC(=O)N1C[C@H](C)[C@@H](C(N)=O)C1 |&1:13,15|",5.303920706565589,276.336,1,1,A71EV2A-x3634a
molecular_weight,"COc1ccccc1CC(=O)N1C[C@]2(C(N)=O)CC[C@H]1C2 |a:13,19|",4.621697158125564,288.34700000000004,1,1,A71EV2A-x4476a
molecular_weight,COc1ccccc1CCN1C[C@H](C(N)=O)CC1=O |&1:12|,5.044970753420985,262.309,1,1,A71EV2A-x3956a
molecular_weight,COc1ccccc1CN1C[C@H](C(N)=O)CC1=O |&1:11|,4.62709189585908,248.28199999999995,1,1,A71EV2A-x3895a
molecular_weight,COc1ccccc1CN1C[C@H](C(N)=O)CCC1=O |&1:11|,4.956855685489159,262.3089999999999,2,2,A71EV2A-x3579a; A71EV2A-x4029a
molecular_weight,COc1ccccc1NC(=O)Nc1cccnc1,4.740875707793589,243.266,1,1,A71EV2A-x2629a
molecular_weight,COc1ccccc1S(=O)(=O)N1CCC[C@H](C(N)=O)C1 |a:15|,5.161780778092374,298.36400000000003,2,2,A71EV2A-x4214a; A71EV2A-x4214b
molecular_weight,COc1ccccc1[C@H](C)C(=O)N1CCC[C@H](C(N)=O)C1 |o1:8|,5.415903931859735,290.363,2,2,A71EV2A-x4445a; A71EV2A-x4445b
molecular_weight,"COc1ccccc1[C@H](C)CN1C[C@H](C(N)=O)CC1=O |&1:8,&2:13|",4.917407524166997,276.336,1,1,A71EV2A-x4313a
molecular_weight,"COc1ccccc1[C@H](C)N1C[C@H](C(N)=O)CCC1=O |&1:8,&2:12|",5.565980102355844,276.336,1,1,A71EV2A-x4661a
molecular_weight,COc1ccccc1[C@H](N)C(=O)N1CCC[C@H](C(N)=O)C1 |o1:8|,5.349983835684398,291.351,1,1,A71EV2A-x3890a
molecular_weight,COc1ccccc1[C@H](NC(=O)OC(C)(C)C)C(=O)N1CCC[C@H](C(N)=O)C1 |o1:8|,4.930769702637148,391.4680000000002,2,2,A71EV2A-x3884a; A71EV2A-x3884b
molecular_weight,COc1ccccc1[C@H](NC(C)=O)C(=O)N1CCC[C@H](C(N)=O)C1 |o1:8|,5.238439218136987,333.3880000000001,4,4,A71EV2A-x4207a; A71EV2A-x4207b; A71EV2A-x4449a; A71EV2A-x4449b
molecular_weight,"COc1ccccc1[C@H](O)CN1C[C@H](C(N)=O)CC1=O |&1:8,&2:13|",5.276902343492681,278.308,1,1,A71EV2A-x4295a
molecular_weight,"COc1ccccc1[C@H](O)CN1C[C@H](C(N)=O)CCC1=O |&1:8,&2:13|",5.212129340035951,292.33500000000004,1,1,A71EV2A-x4406a
molecular_weight,COc1ccccc1[C@H](OC)C(=O)N1CCC[C@H](C(N)=O)C1 |o1:8|,5.523700643055132,306.362,2,2,A71EV2A-x3862a; A71EV2A-x3883a
molecular_weight,COc1cccnc1CC(=O)N1CCC[C@H](C(N)=O)C1 |a:15|,4.648165195719463,277.324,2,2,A71EV2A-x4283a; A71EV2A-x4283b
molecular_weight,COc1cccnc1CN1CCC[C@H](C(N)=O)C1 |a:13|,5.576653344896242,249.31399999999996,2,2,A71EV2A-x4274a; A71EV2A-x4274b
molecular_weight,COc1ccncc1CC(=O)N1CCC[C@H](C(N)=O)C1 |&1:15|,4.443671499997475,277.324,1,1,A71EV2A-x3229a
molecular_weight,COc1ccncc1CC(=O)N1CCC[C@H](C(N)=O)C1 |a:15|,4.7516996536545095,277.324,1,1,A71EV2A-x3548a
molecular_weight,COc1ncc(-c2ccc(SC)c(CC(=O)N3CCC[C@H](C(N)=O)C3)c2)cc1C#N |a:20|,5.612933991649193,424.5260000000002,1,1,A71EV2A-x5877a
molecular_weight,COc1ncc(Br)cc1CC(=O)N1CCC[C@H](C(N)=O)C1 |a:16|,4.832067775571805,356.2200000000002,1,1,A71EV2A-x4388a
molecular_weight,COc1ncccc1-c1ccc(SC)c(CC(=O)N2CCC[C@H](C(N)=O)C2)c1 |a:22|,5.926316446103106,399.51600000000025,1,1,A71EV2A-x6736a
molecular_weight,COc1ncccc1CC(=O)N1CCC[C@H](C(N)=O)C1 |&1:15|,4.324153048333832,277.324,1,1,A71EV2A-x3201a
molecular_weight,COc1ncccc1CC(=O)N1CCC[C@H](C(N)=O)C1 |a:15|,4.286509456906058,277.324,1,1,A71EV2A-x4347a
molecular_weight,COc1ncccc1CC(=O)N1CCC[C@H](C(N)=O)C1 |o1:15|,4.939681121858298,277.324,2,2,A71EV2A-x3849a; A71EV2A-x3869a
molecular_weight,COc1ncccc1NC(=O)N1CCC[C@H](C(N)=O)C1 |a:15|,4.487273331768478,278.312,2,2,A71EV2A-x4031a; A71EV2A-x4031b
molecular_weight,COc1ncccc1NC(=O)N1CC[C@H](C(N)=O)C1 |a:14|,4.618016608302379,264.285,1,1,A71EV2A-x4418a
molecular_weight,COc1ncccc1NS(=O)(=O)N1CCC[C@H](C(N)=O)C1 |a:16|,4.601213898998983,314.367,2,2,A71EV2A-x4899a; A71EV2A-x4899b
molecular_weight,CS(=O)(=O)c1ccccc1CC(=O)N1CCC[C@H](C(N)=O)C1 |a:17|,4.018181392829336,324.40200000000004,1,1,A71EV2A-x4675a
molecular_weight,CSCC1(CC(=O)N2CCC[C@H](C(N)=O)C2)CC1 |a:11|,4.0270354434741735,270.398,1,1,A71EV2A-x4701a
molecular_weight,"CSC[C@H]1C[C@H]1C(=O)N1CCC[C@H](C(N)=O)C1 |&1:3,5|",4.808721339045607,256.3709999999999,1,1,A71EV2A-x4736a
molecular_weight,"CS[C@@H]1CCCC[C@H]1OC(=O)N1CCC[C@H](C(N)=O)C1 |o1:2,7|",3.5961527992975952,300.42400000000004,1,1,A71EV2A-x5231a
molecular_weight,CSc1c(Br)cccc1CC(=O)N1CCC[C@H](C(N)=O)C1 |a:16|,4.472492797097293,371.3000000000002,1,1,A71EV2A-x4290a
molecular_weight,CSc1c(F)cccc1NC(=O)N1CCC[C@H](C(N)=O)C1 |a:16|,4.319967775442991,311.38200000000006,1,1,A71EV2A-x4851a
molecular_weight,CSc1c(NC(=O)N2CCC[C@H](C(N)=O)C2)c(C)nn1C |a:11|,4.6073172842698655,311.41099999999994,1,1,A71EV2A-x4727a
molecular_weight,CSc1ccc(-c2cc(C#N)ncc2F)cc1CC(=O)N1CCC[C@H](C(N)=O)C1 |a:24|,5.682717212000788,412.4900000000003,1,1,A71EV2A-x6769a
molecular_weight,CSc1ccc(-c2cc(C)c(=O)n(C)c2)cc1CC(=O)N1CCC[C@H](C(N)=O)C1 |a:24|,6.031014087429405,413.5430000000003,2,2,A71EV2A-x5879a; A71EV2A-x5879b
molecular_weight,CSc1ccc(-c2cc(C)nn2C)cc1OC(=O)N1CCC[C@H](C(N)=O)C1 |a:22|,5.436862866226505,388.4930000000002,1,1,A71EV2A-x7260a
molecular_weight,CSc1ccc(-c2cc[nH]n2)cc1CC(=O)N1CCC[C@H](C(N)=O)C1 |a:20|,5.955905430140241,358.4670000000002,2,2,A71EV2A-x5525a; A71EV2A-x5525b
molecular_weight,"CSc1ccc(-c2cc[nH]n2)cc1CC(=O)N1C[C@H](C(N)=O)C[C@H]2C[C@H]21 |&1:18,23,25|",6.340503680200894,370.4780000000002,2,2,A71EV2A-x7576a; A71EV2A-x7576b
molecular_weight,CSc1ccc(-c2cc[nH]n2)cc1OC(=O)N1CCC[C@H](C(N)=O)C1 |a:20|,6.343392058545723,360.43900000000025,1,1,A71EV2A-x7597a
molecular_weight,CSc1ccc(-c2ccc(N3CCN(C)CC3)nc2)cc1OC(=O)N1CCC[C@H](C(N)=O)C1 |a:28|,6.646304383229654,469.6110000000003,1,1,A71EV2A-x7261a
molecular_weight,CSc1ccc(-c2cccc3cnn(C)c23)cc1CC(=O)N1CCC[C@H](C(N)=O)C1 |a:25|,4.852511447271943,422.5540000000003,1,1,A71EV2A-x6025a
molecular_weight,CSc1ccc(-c2ccccc2)cc1CC(=O)N1CCC[C@H](C(N)=O)C1 |a:21|,5.7575850142068425,368.5020000000002,1,1,A71EV2A-x5526a
molecular_weight,CSc1ccc(-c2ccccn2)cc1OC(=O)N1CCC[C@H](C(N)=O)C1 |a:21|,6.363385275343752,371.4620000000002,1,1,A71EV2A-x7442a
molecular_weight,"CSc1ccc(-c2ccccn2)cc1OC(=O)N1C[C@H](C(N)=O)C[C@H]2C[C@H]21 |&1:19,24,26|",6.770247859071493,383.4730000000002,2,2,A71EV2A-x7350a; A71EV2A-x7350b
molecular_weight,"CSc1ccc(-c2cccnc2)cc1OC(=O)N1C[C@H](C(N)=O)C[C@@H]2C[C@@H]21 |&1:19,24,26|",6.025403843721281,383.4730000000002,1,1,A71EV2A-x7032a
molecular_weight,"CSc1ccc(-c2cccnc2)cc1OC(=O)N1C[C@H](C(N)=O)C[C@H]2C[C@H]21 |&1:19,24,26|",6.615017621163278,383.4730000000002,1,1,A71EV2A-x7070a
molecular_weight,CSc1ccc(-c2cccnc2C(C)C)cc1CC(=O)N1CCC[C@H](C(N)=O)C1 |a:24|,5.633026106559719,411.5710000000003,1,1,A71EV2A-x6778a
molecular_weight,CSc1ccc(-c2cccnc2N)cc1OC(=O)N1CCC[C@H](C(N)=O)C1 |a:22|,6.467825319983038,386.47700000000026,2,2,A71EV2A-x7301a; A71EV2A-x7301b
molecular_weight,CSc1ccc(-c2ccnc(N(C)C)c2)cc1CC(=O)N1CCC[C@H](C(N)=O)C1 |a:24|,6.212710086334884,412.5590000000003,1,1,A71EV2A-x6791a
molecular_weight,CSc1ccc(-c2ccncc2)cc1CC(=O)N1CCC[C@H](C(N)=O)C1 |a:21|,5.983523026568097,369.4900000000002,1,1,A71EV2A-x5509a
molecular_weight,"CSc1ccc(-c2ccncc2)cc1CC(=O)N1C[C@H](C(N)=O)C[C@H]2C[C@H]21 |&1:19,24,26|",6.743785006270056,381.5010000000002,1,1,A71EV2A-x7256a
molecular_weight,"CSc1ccc(-c2ccncc2)cc1CC(=O)N1C[C@H](C(N)=O)C[C@H]2C[C@H]21 |o1:19,24,26|",4.917388969413124,381.5010000000002,1,1,A71EV2A-x7445a
molecular_weight,"CSc1ccc(-c2ccncc2)cc1NC(=O)N1C[C@H](C(N)=O)C[C@H]2C[C@H]21 |&1:19,24,26|",5.742028204896328,382.4890000000002,1,1,A71EV2A-x6746a
molecular_weight,"CSc1ccc(-c2ccncc2)cc1OC(=O)N1C[C@H](C(N)=O)C[C@H]2C[C@H]21 |&1:19,24,26|",6.058389757043434,383.4730000000002,1,1,A71EV2A-x7184a
molecular_weight,CSc1ccc(-c2ccnn2C(C)(C)C)cc1OC(=O)N1CCC[C@H](C(N)=O)C1 |a:24|,4.912085112444354,416.5470000000003,2,2,A71EV2A-x7167a; A71EV2A-x7167b
molecular_weight,"CSc1ccc(-c2ccnn2C2CCC2)cc1OC(=O)N1C[C@H](C(N)=O)C[C@H]2C[C@H]21 |&1:22,27,29|",6.6437811411974925,426.54200000000026,1,1,A71EV2A-x7044a
molecular_weight,"CSc1ccc(-c2cn[nH]c2)cc1CC(=O)N1C[C@H](C(N)=O)C[C@H]2C[C@H]21 |&1:18,23,25|",6.438312682607372,370.4780000000002,1,1,A71EV2A-x5836a
molecular_weight,"CSc1ccc(-c2cn[nH]c2)cc1OC(=O)N1C[C@H](C(N)=O)C[C@@H]2C[C@@H]21 |&1:18,23,25|",5.626220997937759,372.45000000000016,1,1,A71EV2A-x7379a
molecular_weight,"CSc1ccc(-c2cn[nH]c2)cc1OC(=O)N1C[C@H](C(N)=O)C[C@H]2C[C@H]21 |&1:18,23,25|",6.775141043530828,372.45000000000016,1,1,A71EV2A-x7323a
molecular_weight,CSc1ccc(-c2cncc(C)c2C)cc1CC(=O)N1CCC[C@H](C(N)=O)C1 |a:23|,5.401951923140469,397.5440000000002,1,1,A71EV2A-x6032a
molecular_weight,CSc1ccc(-c2cncc(S(C)(=O)=O)c2)cc1CC(=O)N1CCC[C@H](C(N)=O)C1 |a:25|,5.687762124194347,447.58200000000033,2,2,A71EV2A-x6948a; A71EV2A-x6948b
molecular_weight,CSc1ccc(-c2cncc3ccccc23)cc1CC(=O)N1CCC[C@H](C(N)=O)C1 |a:25|,5.484126156288321,419.5500000000003,1,1,A71EV2A-x6035a
molecular_weight,"CSc1ccc(-c2cnco2)cc1OC(=O)N1C[C@H](C(N)=O)C[C@H]2C[C@H]21 |&1:18,23,25|",6.622961397710664,373.43400000000014,1,1,A71EV2A-x7002a
molecular_weight,"CSc1ccc(-c2cnn[nH]2)cc1OC(=O)N1C[C@H](C(N)=O)C[C@H]2C[C@H]21 |&1:18,23,25|",6.821074156272469,373.43800000000016,1,1,A71EV2A-x7410a
molecular_weight,CSc1ccc(-c2cnnn2C)cc1CC(=O)N1CCC[C@H](C(N)=O)C1 |a:21|,5.437915347454481,373.4820000000002,1,1,A71EV2A-x6925a
molecular_weight,CSc1ccc(-c2csc(C(F)F)c2)cc1CC(=O)N1CCC[C@H](C(N)=O)C1 |a:23|,6.104588372500485,424.5380000000003,1,1,A71EV2A-x5864a
molecular_weight,"CSc1ccc(-c2ocnc2C)cc1OC(=O)N1C[C@H](C(N)=O)C[C@H]2C[C@H]21 |&1:19,24,26|",5.964275769895213,387.4610000000002,1,1,A71EV2A-x7287a
molecular_weight,CSc1ccc(-n2cccn2)cc1CC(=O)N1CCC[C@H](C(N)=O)C1 |a:20|,6.017614181634599,358.4670000000002,1,1,A71EV2A-x5604a
molecular_weight,CSc1ccc(-n2ccnc2)cc1CC(=O)N1CCC[C@H](C(N)=O)C1 |a:20|,5.816743356703912,358.4670000000002,1,1,A71EV2A-x5833a
molecular_weight,CSc1ccc(Br)cc1CC(=O)N1CCC[C@H](C(N)=O)C1 |a:16|,6.504803930407411,371.3000000000002,1,1,A71EV2A-x4431a
molecular_weight,CSc1ccc(Br)cc1CC(=O)N1CCC[C@H](C(N)=O)CC1 |&1:16|,4.084730020129478,385.3270000000002,2,2,A71EV2A-x5203a; A71EV2A-x5203b
molecular_weight,"CSc1ccc(Br)cc1CC(=O)N1CCC[C@H](C(N)=O)[C@@H]1C |o1:16,20|",4.01122507362837,385.32700000000017,1,1,A71EV2A-x5494a
molecular_weight,CSc1ccc(Br)cc1CC(=O)N1CC[C@H](C(N)=O)C1 |a:15|,4.166573738364501,357.27300000000014,1,1,A71EV2A-x4856a
molecular_weight,"CSc1ccc(Br)cc1CC(=O)N1C[C@H](C(N)=O)CC[C@@H]1C |o1:14,20|",5.370420577541523,385.32700000000017,2,2,A71EV2A-x5247a; A71EV2A-x5247b
molecular_weight,"CSc1ccc(Br)cc1CC(=O)N1C[C@H](C(N)=O)CC[C@H]1C |o1:14,20|",5.163175522827518,385.32700000000017,4,4,A71EV2A-x5339a; A71EV2A-x5339b; A71EV2A-x5366a; A71EV2A-x5366b
molecular_weight,"CSc1ccc(Br)cc1CC(=O)N1C[C@H](C(N)=O)[C@H]2C[C@H]21 |o1:14,18,20|",4.590066876668706,369.2840000000001,1,1,A71EV2A-x7359a
molecular_weight,"CSc1ccc(Br)cc1CC(=O)N1[C@H]2CC[C@H](C(N)=O)[C@@H]1CC2 |o1:13,16,20|",4.022734028686543,397.3380000000002,2,2,A71EV2A-x5758a; A71EV2A-x5758b
molecular_weight,"CSc1ccc(Br)cc1OC(=O)N1C[C@H](C(N)=O)CC[C@@H]1C |o1:14,20|",4.757850080326607,387.2990000000002,2,2,A71EV2A-x5819a; A71EV2A-x5819b
molecular_weight,"CSc1ccc(Br)cc1OC(=O)N1C[C@H](C(N)=O)CC[C@@H]1CO |&1:14,20|",5.994964027913848,403.2980000000002,1,1,A71EV2A-x7558a
molecular_weight,"CSc1ccc(Br)cc1OC(=O)N1C[C@H](C(N)=O)C[C@@H]2C[C@@H]21 |&1:14,19,21|",6.134970625328986,385.2830000000002,1,1,A71EV2A-x5830a
molecular_weight,"CSc1ccc(Br)cc1OC(=O)N1C[C@H](C(N)=O)C[C@H]2C[C@H]21 |&1:14,19,21|",6.442779415416162,385.2830000000002,1,1,A71EV2A-x6932a
molecular_weight,CSc1ccc(Br)cc1[C@H](NC(=O)OC(C)(C)C)C(=O)N1CC[C@H](C(N)=O)C1 |&1:9|,4.616253373468555,472.4050000000004,1,1,A71EV2A-x5891a
molecular_weight,CSc1ccc(C(=O)N(C)C2CCC(C)(C)CC2)cc1CC(=O)N1CCC[C@H](C(N)=O)C1 |a:27|,4.8542464945359285,459.6560000000004,1,1,A71EV2A-x7307a
molecular_weight,CSc1ccc(C(=O)N2CC=CCC23CCC3)cc1CC(=O)N1CCC[C@H](C(N)=O)C1 |a:26|,5.727326160448949,441.59700000000026,1,1,A71EV2A-x7318a
molecular_weight,CSc1ccc(C(=O)N2Cc3nccc(C)c3C2)cc1CC(=O)N1CCC[C@H](C(N)=O)C1 |a:27|,5.732131922180389,452.5800000000004,1,1,A71EV2A-x6739a
molecular_weight,CSc1ccc(C(=O)Nc2ccncc2)cc1CC(=O)N1CCC[C@H](C(N)=O)C1 |a:24|,6.058292496038209,412.5150000000003,2,2,A71EV2A-x5512a; A71EV2A-x5512b
molecular_weight,"CSc1ccc(C2=CCN(C)CC2)cc1CC(=O)N1C[C@H](C(N)=O)C[C@H]2C[C@H]21 |o1:20,25,27|",6.217987758487747,399.5600000000002,2,2,A71EV2A-x7369a; A71EV2A-x7369b
molecular_weight,"CSc1ccc(C2=CCN(C)CC2)cc1OC(=O)N1C[C@H](C(N)=O)C[C@@H]2C[C@@H]21 |&1:20,25,27|",6.4554495427646055,401.53200000000015,1,1,A71EV2A-x7046a
molecular_weight,"CSc1ccc(C2=CCN(C)CC2)cc1OC(=O)N1C[C@H](C(N)=O)C[C@H]2C[C@H]21 |&1:20,25,27|",6.616789569053188,401.53200000000015,1,1,A71EV2A-x7368a
molecular_weight,CSc1ccc(C2=CCNCC2)cc1CC(=O)N1CCC[C@H](C(N)=O)C1 |a:21|,6.359785941635829,373.52200000000016,1,1,A71EV2A-x6827a
molecular_weight,"CSc1ccc(C2=CCOCC2)cc1OC(=O)N1C[C@H](C(N)=O)C[C@H]2C[C@H]21 |&1:19,24,26|",6.278226151900541,388.48900000000015,1,1,A71EV2A-x7021a
molecular_weight,CSc1ccc(C2CC2)cc1CC(=O)N1CCC[C@H](C(N)=O)C1 |a:18|,5.527677465814104,332.46900000000005,1,1,A71EV2A-x5276a
molecular_weight,CSc1ccc(N2CCCC2=O)cc1NC(=O)N1CCC[C@H](C(N)=O)C1 |a:21|,5.06227649451538,376.4820000000002,2,2,A71EV2A-x4986a; A71EV2A-x4986b
molecular_weight,CSc1ccc(N2CCOCC2)cc1NC(=O)N1CCC[C@H](C(N)=O)C1 |a:21|,4.924868863339022,378.4980000000002,2,2,A71EV2A-x5598a; A71EV2A-x5598b
molecular_weight,CSc1ccc(OC2CC2)cc1NC(=O)N1CCC[C@H](C(N)=O)C1 |a:19|,4.674438823846753,349.45600000000013,1,1,A71EV2A-x5533a
molecular_weight,CSc1ccc(S(C)(=O)=O)cc1CC(=O)N1CCC[C@H](C(N)=O)C1 |a:19|,5.609697925694327,370.4960000000002,2,2,A71EV2A-x5449a; A71EV2A-x5449b
molecular_weight,CSc1ccc(SC(C)(C)C)cc1CC(=O)N1CCC[C@H](C(N)=O)C1 |a:20|,5.111221489644668,380.5790000000002,1,1,A71EV2A-x5403a
molecular_weight,CSc1ccc2c(c1)[C@H](C(=O)N1CCC[C@H](C(N)=O)C1)CCO2 |o1:8|,4.060454118763697,334.44100000000014,2,2,A71EV2A-x5475a; A71EV2A-x5475b
molecular_weight,CSc1ccc2cnccc2c1NC(=O)N1CCC[C@H](C(N)=O)C1 |a:19|,5.772572568212773,344.44000000000017,1,1,A71EV2A-x5261a
molecular_weight,CSc1ccc2ncccc2c1NC(=O)N1CCC[C@H](C(N)=O)C1 |a:19|,6.128863936621021,344.44000000000017,2,2,A71EV2A-x4977a; A71EV2A-x4977b
molecular_weight,"CSc1ccc2ncccc2c1NC(=O)N1C[C@H](C(N)=O)C[C@@H]2C[C@@H]21 |o1:17,22,24|",5.669481598088156,356.45100000000014,2,2,A71EV2A-x6877a; A71EV2A-x6980a
molecular_weight,"CSc1ccc2ncccc2c1NC(=O)N1C[C@H](C(N)=O)C[C@H]2C[C@H]21 |&1:17,22,24|",6.155618588158782,356.45100000000014,1,1,A71EV2A-x5854a
molecular_weight,"CSc1ccc2ncccc2c1OC(=O)N1C[C@H](C(N)=O)C[C@@H]2C[C@@H]21 |o1:17,22,24|",6.223231835566202,357.4350000000001,2,2,A71EV2A-x7459a; A71EV2A-x7461a
molecular_weight,"CSc1ccc2ncccc2c1OC(=O)N1C[C@H](C(N)=O)C[C@H]2C[C@H]21 |o1:17,22,24|",6.55419279444554,357.4350000000001,3,3,A71EV2A-x7465a; A71EV2A-x7465b; A71EV2A-x7515a
molecular_weight,CSc1ccc2scnc2c1NC(=O)N1CCC[C@H](C(N)=O)C1 |a:18|,5.775683273773221,350.46900000000016,2,2,A71EV2A-x5283a; A71EV2A-x5283b
molecular_weight,CSc1cccc(-c2cc(C(F)(F)F)nn2C)c1CC(=O)N1CCC[C@H](C(N)=O)C1 |a:25|,5.150667872559956,440.4910000000003,2,2,A71EV2A-x6955a; A71EV2A-x6955b
molecular_weight,CSc1cccc(-c2ccc(C(F)(F)F)cc2C#N)c1CC(=O)N1CCC[C@H](C(N)=O)C1 |a:27|,5.656918950334414,461.5090000000004,1,1,A71EV2A-x5884a
molecular_weight,CSc1cccc(-c2ccc(C(F)(F)F)o2)c1CC(=O)N1CCC[C@H](C(N)=O)C1 |a:24|,5.785803993839482,426.4600000000003,1,1,A71EV2A-x5857a
molecular_weight,CSc1cccc(-c2cn(C)c(=O)c3ccccc23)c1CC(=O)N1CCC[C@H](C(N)=O)C1 |a:27|,6.086272291520818,449.5760000000004,1,1,A71EV2A-x6028a
molecular_weight,CSc1cccc(-c2sccc2C2CC2)c1CC(=O)N1CCC[C@H](C(N)=O)C1 |a:23|,5.508648103412354,414.5960000000003,1,1,A71EV2A-x6794a
molecular_weight,CSc1cccc(-n2ccnc2)c1CC(=O)N1CCC[C@H](C(N)=O)C1 |a:20|,5.508866053332301,358.4670000000002,1,1,A71EV2A-x5788a
molecular_weight,CSc1cccc(Br)c1CC(=O)N1CCC[C@H](C(N)=O)C1 |a:16|,5.23959580735841,371.3000000000002,1,1,A71EV2A-x4670a
molecular_weight,CSc1cccc(C2=CCCCC2)c1CC(=O)N1CCC[C@H](C(N)=O)C1 |a:21|,5.358458624958955,372.53400000000016,1,1,A71EV2A-x6938a
molecular_weight,CSc1cccc(CC(=O)N2CCC[C@H](C(N)=O)C2)c1 |a:14|,4.165030350472351,292.404,2,2,A71EV2A-x4334a; A71EV2A-x4334b
molecular_weight,CSc1cccc(CN2C[C@H](C(N)=O)CCC2=O)c1 |o1:10|,4.610891805164698,278.37699999999995,1,1,A71EV2A-x4710a
molecular_weight,CSc1cccc2c1N(C(=O)N1CCC[C@H](C(N)=O)C1)CCCO2 |a:15|,3.9795272089559,349.45600000000013,1,1,A71EV2A-x5249a
molecular_weight,"CSc1cccc2c1[C@@H](C(=O)N1C[C@H](C(N)=O)C[C@H]3C[C@H]31)CC2 |&1:8,13,18,20|",6.317002294422829,330.45300000000015,1,1,A71EV2A-x7448a
molecular_weight,CSc1cccc2c1[C@H](C(=O)N1CCC[C@H](C(N)=O)C1)CC2 |o1:8|,6.105065909655473,318.4420000000001,1,1,A71EV2A-x5687a
molecular_weight,CSc1cccc2c1[C@H](C(=O)N1CCC[C@H](C(N)=O)C1)CCC2 |o1:8|,4.913179132164633,332.46900000000016,3,3,A71EV2A-x5850a; A71EV2A-x5995a; A71EV2A-x5995b
molecular_weight,CSc1ccccc1CC(=O)N1CCC(F)(F)[C@H](C(N)=O)C1 |&1:17|,4.92096962924201,328.384,1,1,A71EV2A-x4724a
molecular_weight,CSc1ccccc1CC(=O)N1CCC[C@H](C(F)F)C1 |&1:15|,3.883316455303125,299.386,1,1,A71EV2A-x4746a
molecular_weight,CSc1ccccc1CC(=O)N1CCC[C@H](C(N)=O)C1 |a:15|,5.393063563669464,292.404,1,1,A71EV2A-x4386a
molecular_weight,CSc1ccccc1CC(=O)N1CCC[C@H](CCO)C1 |&1:15|,3.7794804346789226,293.432,1,1,A71EV2A-x4809a
molecular_weight,CSc1ccccc1CC(=O)N1CCC[C@H](CF)C1 |&1:15|,4.015189894778023,281.396,1,1,A71EV2A-x4751a
molecular_weight,CSc1ccccc1CC(=O)N1CCC[C@H](O)C1 |&1:15|,4.025488307262672,265.378,1,1,A71EV2A-x4794a
molecular_weight,CSc1ccccc1CC(=O)N1CCC[C@H](S(N)(=O)=O)C1 |&1:15|,4.603800652904264,328.459,1,1,A71EV2A-x4745a
molecular_weight,CSc1ccccc1CC(=O)N1CCC[C@H]1c1cnc[nH]1 |&1:15|,4.853871964321762,301.4149999999999,1,1,A71EV2A-x4735a
molecular_weight,"CSc1ccccc1CC(=O)N1CCC[C@H]2C(=O)NC[C@H]21 |&1:15,20|",4.035167674220528,304.415,1,1,A71EV2A-x4791a
molecular_weight,CSc1ccccc1CC(=O)N1CCC[C@](F)(C(N)=O)C1 |&1:15|,3.839782551369189,310.394,1,1,A71EV2A-x4753a
molecular_weight,CSc1ccccc1CC(=O)N1CCC[C@](O)(C(N)=O)C1 |&1:15|,3.955966436496336,308.403,2,2,A71EV2A-x4894a; A71EV2A-x4940a
molecular_weight,CSc1ccccc1CC(=O)N1CCNC(=O)C1,4.006123085058789,264.35,1,1,A71EV2A-x4721a
molecular_weight,"CSc1ccccc1CC(=O)N1CC[C@H]2[C@H](C1)[C@H]2C(N)=O |&1:14,&2:15,&3:17|",4.558200508454535,304.415,1,1,A71EV2A-x4739a
molecular_weight,"CSc1ccccc1CC(=O)N1C[C@H](C(N)=O)CC[C@H]1CO |o1:13,19|",4.599655204790009,322.43000000000006,2,2,A71EV2A-x5992a; A71EV2A-x5992b
molecular_weight,"CSc1ccccc1CC(=O)N1C[C@H](C(N)=O)C[C@H](C(N)=O)C1 |a:13,18|",5.207231875935455,335.4290000000001,2,2,A71EV2A-x5171a; A71EV2A-x5171b
molecular_weight,"CSc1ccccc1CC(=O)N1C[C@H](C(N)=O)C[C@H]2C[C@H]21 |o1:13,18,20|",5.676463453677816,304.415,2,2,A71EV2A-x5177a; A71EV2A-x7631a
molecular_weight,"CSc1ccccc1CC(=O)N1C[C@H](C)C[C@@H](C(N)=O)C1 |o1:13,16|",4.494060495927921,306.43100000000004,1,1,A71EV2A-x5200a
molecular_weight,"CSc1ccccc1CC(=O)N1C[C@H](C)C[C@H](C(N)=O)C1 |&1:13,&2:16|",4.1315895194873935,306.43100000000004,2,2,A71EV2A-x4885a; A71EV2A-x4885b
molecular_weight,"CSc1ccccc1CC(=O)N1C[C@H](C)C[C@H](C(N)=O)C1 |o1:13,16|",4.006585256974127,306.43100000000004,1,1,A71EV2A-x5268a
molecular_weight,"CSc1ccccc1CC(=O)N1C[C@H](O)C[C@@H](C(N)=O)C1 |&1:13,16|",3.66094239119996,308.403,2,2,A71EV2A-x5387a; A71EV2A-x5387b
molecular_weight,CSc1ccccc1CC(=O)N1C[C@H]2C[C@@]1(CC(N)=O)C2 |&1:15|,4.051345937463026,304.415,2,2,A71EV2A-x5262a; A71EV2A-x5262b
molecular_weight,CSc1ccccc1CN1C[C@H](C(N)=O)CCC1=O |o1:11|,4.6439741428068775,278.37699999999995,1,1,A71EV2A-x4694a
molecular_weight,CSc1ccccc1N(C)C(=O)N1CCC[C@H](C(N)=O)C1 |a:16|,4.601955140820748,307.41900000000004,1,1,A71EV2A-x4712a
molecular_weight,CSc1ccccc1N(C)C(=O)N1CC[C@H](C(N)=O)C1 |a:15|,4.640164517660112,293.392,1,1,A71EV2A-x4684a
molecular_weight,CSc1ccccc1N1C[C@H](C(N)=O)CCC1=O |o1:10|,4.6020599913279625,264.3499999999999,1,1,A71EV2A-x4922a
molecular_weight,CSc1ccccc1OC(=O)N1CCC[C@H](C(N)=O)C1 |a:15|,5.826838634714068,294.376,2,2,A71EV2A-x4824a; A71EV2A-x4824b
molecular_weight,CSc1ccccc1[C@H](C(=O)N1CC[C@H](C(N)=O)C1)N1CCCC1=O |o1:8|,7.194299872872455,361.46700000000016,1,1,A71EV2A-x7038a
molecular_weight,CSc1ccccc1[C@H](NC(=O)C(C)C)C(=O)N1CC[C@H](C(N)=O)C1 |&1:8|,4.616633749466019,363.4830000000002,1,1,A71EV2A-x7035a
molecular_weight,CSc1ccccc1[C@H](NC(=O)C1(C)CCC1)C(=O)N1CC[C@H](C(N)=O)C1 |&1:8|,4.6108664765966765,389.5210000000002,1,1,A71EV2A-x6991a
molecular_weight,CSc1ccccc1[C@H](NC(=O)C1CC1)C(=O)N1CC[C@H](C(N)=O)C1 |&1:8|,4.612020519224207,361.46700000000016,1,1,A71EV2A-x6934a
molecular_weight,CSc1ccccc1[C@H](NC(=O)CC(F)(F)F)C(=O)N1CC[C@H](C(N)=O)C1 |&1:8|,4.15694990903351,403.4260000000002,1,1,A71EV2A-x6818a
molecular_weight,CSc1ccccc1[C@H](NC(=O)CC1CC1)C(=O)N1CC[C@H](C(N)=O)C1 |&1:8|,4.287343084176254,375.49400000000014,1,1,A71EV2A-x6726a
molecular_weight,CSc1ccccc1[C@H](NC(=O)CNC(C)=O)C(=O)N1CC[C@H](C(N)=O)C1 |&1:8|,5.199617314652804,392.4810000000002,1,1,A71EV2A-x6821a
molecular_weight,CSc1ccccc1[C@H](NC(=O)Cc1ccccc1)C(=O)N1CC[C@H](C(N)=O)C1 |&1:8|,4.505347154054938,411.5270000000002,1,1,A71EV2A-x6819a
molecular_weight,CSc1ccccc1[C@H](NC(=O)Cc1cccnc1)C(=O)N1CC[C@H](C(N)=O)C1 |&1:8|,4.6077519100900055,412.5150000000002,1,1,A71EV2A-x6856a
molecular_weight,CSc1ccccc1[C@H](NC(=O)Cn1cccn1)C(=O)N1CC[C@H](C(N)=O)C1 |&1:8|,4.730497044785864,401.49200000000025,2,2,A71EV2A-x6816a; A71EV2A-x6816b
molecular_weight,CSc1ccccc1[C@H](NC(=O)OC(C)(C)C)C(=O)N1CC[C@H](C(N)=O)C1 |o1:8|,4.621638788259481,393.5090000000002,2,2,A71EV2A-x6847a; A71EV2A-x6851a
molecular_weight,CSc1ccccc1[C@H](NC(C)=O)C(=O)N1CC[C@H](C(N)=O)C1 |&1:8|,5.186061162833519,335.4290000000001,1,1,A71EV2A-x5383a
molecular_weight,CSc1cccnc1CC(=O)N1CCC[C@H](C(N)=O)C1 |a:15|,5.097431091411007,293.392,1,1,A71EV2A-x4914a
molecular_weight,CSc1ccncc1CC(=O)N1CCC[C@H](C(N)=O)C1 |a:15|,5.534026193176526,293.392,2,2,A71EV2A-x4827a; A71EV2A-x4827b
molecular_weight,CSc1ccncc1NC(=O)N1CCC[C@H](C(N)=O)C1 |a:15|,5.452530294347775,294.38,2,2,A71EV2A-x4826a; A71EV2A-x4826b
molecular_weight,CSc1ccncc1NS(=O)(=O)N1CCC[C@H](C(N)=O)C1 |a:16|,4.881756561812204,330.4350000000001,1,1,A71EV2A-x5182a
molecular_weight,CSc1cn(C)nc1NC(=O)N1CCC[C@H](C(N)=O)C1 |a:15|,3.761033004441306,297.384,1,1,A71EV2A-x4703a
molecular_weight,CSc1cnccc1CC(=O)N1CCC[C@H](C(N)=O)C1 |a:15|,4.407893372233542,293.392,1,1,A71EV2A-x4689a
molecular_weight,CSc1cncnc1CC(=O)N1CCC[C@H](C(N)=O)C1 |a:15|,4.176969771296364,294.38,1,1,A71EV2A-x4812a
molecular_weight,CSc1cscc1CC(=O)N1CCC[C@H](C(N)=O)C1 |a:14|,5.073475651835252,298.433,1,1,A71EV2A-x4935a
molecular_weight,CSc1nc2c(cc1NC(=O)N1CCC[C@H](C(N)=O)C1)CCCC2 |a:15|,4.217527375833714,348.4720000000002,2,2,A71EV2A-x5022a; A71EV2A-x5022b
molecular_weight,CSc1ncccc1CC(=O)N1CCC[C@H](C(N)=O)C1 |a:15|,5.072700933344527,293.392,1,1,A71EV2A-x4918a
molecular_weight,CSc1ncccc1NC(=O)N1CCC[C@H](C(N)=O)C1 |a:15|,4.2209855861319525,294.38,2,2,A71EV2A-x4883a; A71EV2A-x4883b
molecular_weight,CSc1nccnc1CC(=O)N1CCC[C@H](C(N)=O)C1 |a:15|,4.781195179900988,294.38,1,1,A71EV2A-x4774a
molecular_weight,CSc1ncnc(-c2cn[nH]c2)c1CC(=O)N1CCC[C@H](C(N)=O)C1 |a:20|,5.579850424620521,360.44300000000027,1,1,A71EV2A-x5544a
molecular_weight,CSc1ncnc(N(C)C)c1CC(=O)N1CCC[C@H](C(N)=O)C1 |a:18|,6.393012805332465,337.4490000000001,2,2,A71EV2A-x7545a; A71EV2A-x7545b
molecular_weight,"CSc1ncnc(N(C)C)c1CC(=O)N1C[C@H](C(N)=O)C[C@@H]2C[C@@H]21 |&1:16,21,23|",6.073633599517659,349.4600000000001,2,2,A71EV2A-x7580a; A71EV2A-x7580b
molecular_weight,CSc1ncnc(N(C)C2CCC2)c1CC(=O)N1CCC[C@H](C(N)=O)C1 |a:21|,6.323397411601913,377.5140000000002,1,1,A71EV2A-x7172a
molecular_weight,CSc1ncnc(N(C)C2CCOCC2)c1CC(=O)N1CCC[C@H](C(N)=O)C1 |a:23|,5.7864475040867696,407.54000000000025,1,1,A71EV2A-x7424a
molecular_weight,CSc1ncnc(N(C)CC(C)(C)O)c1CC(=O)N1CCC[C@H](C(N)=O)C1 |a:22|,6.134728951225614,395.5290000000002,1,1,A71EV2A-x7251a
molecular_weight,CSc1ncnc(N(C)CC(C)(F)F)c1CC(=O)N1CCC[C@H](C(N)=O)C1 |a:22|,6.994328024624508,401.4830000000002,1,1,A71EV2A-x7333a
molecular_weight,"CSc1ncnc(N(C)CC(F)(F)F)c1CC(=O)N1C[C@H](C(N)=O)C[C@H]2C[C@H]21 |&1:20,25,27|",6.794695728715816,417.4570000000002,1,1,A71EV2A-x7608a
molecular_weight,CSc1ncnc(N(C)CC2CCCC2)c1CC(=O)N1CCC[C@H](C(N)=O)C1 |a:23|,6.3046606911348375,405.5680000000002,1,1,A71EV2A-x7254a
molecular_weight,CSc1ncnc(N(C)CCC(F)(F)F)c1CC(=O)N1CCC[C@H](C(N)=O)C1 |a:23|,5.748786440007784,419.4730000000003,1,1,A71EV2A-x7338a
molecular_weight,CSc1ncnc(N(C)Cc2cc(F)c(F)c(F)c2)c1CC(=O)N1CCC[C@H](C(N)=O)C1 |a:27|,6.244997927316081,467.51700000000034,1,1,A71EV2A-x7176a
molecular_weight,CSc1ncnc(N(C)Cc2nn(C)cc2Cl)c1CC(=O)N1CCC[C@H](C(N)=O)C1 |a:25|,7.150528408418002,451.9840000000004,1,1,A71EV2A-x6914a
molecular_weight,"CSc1ncnc(N(C)[C@@H](C)c2ccccc2)c1CC(=O)N1CCC[C@H](C(N)=O)C1 |a:9,25|",6.580678113068668,427.5740000000004,2,2,A71EV2A-x7436a; A71EV2A-x7436b
molecular_weight,CSc1ncnc(N2CC(C)(c3ccccc3F)C2)c1CC(=O)N1CCC[C@H](C(N)=O)C1 |a:27|,6.439151337818832,457.5750000000005,1,1,A71EV2A-x7263a
molecular_weight,CSc1ncnc(N2CC(C)C2)c1CC(=O)N1CCC[C@H](C(N)=O)C1 |a:20|,6.526908295764941,363.4870000000002,1,1,A71EV2A-x6920a
molecular_weight,CSc1ncnc(N2CC(CC3CCC3)C2)c1CC(=O)N1CCC[C@H](C(N)=O)C1 |a:24|,5.692662147010851,417.5790000000003,1,1,A71EV2A-x6895a
molecular_weight,CSc1ncnc(N2CC(O)C2)c1CC(=O)N1CCC[C@H](C(N)=O)C1 |a:20|,6.426194047786621,365.4590000000001,3,3,A71EV2A-x7334a; A71EV2A-x7334b; A71EV2A-x7389a
molecular_weight,CSc1ncnc(N2CC(Oc3ccccc3Cl)C2)c1CC(=O)N1CCC[C@H](C(N)=O)C1 |a:27|,6.078663358532402,476.0020000000004,1,1,A71EV2A-x7095a
molecular_weight,CSc1ncnc(N2CC(c3nncn3C)C2)c1CC(=O)N1CCC[C@H](C(N)=O)C1 |a:25|,6.326170396191348,430.5380000000004,2,2,A71EV2A-x5808a; A71EV2A-x5808b
molecular_weight,CSc1ncnc(N2CCC(C#N)(CC(C)C)CC2)c1CC(=O)N1CCC[C@H](C(N)=O)C1 |a:27|,6.265062352283818,458.6320000000004,1,1,A71EV2A-x7170a
molecular_weight,CSc1ncnc(N2CCC(C(=O)N(C(C)C)C(C)C)CC2)c1CC(=O)N1CCC[C@H](C(N)=O)C1 |a:30|,6.225268032740376,504.7010000000005,1,1,A71EV2A-x7096a
molecular_weight,CSc1ncnc(N2CCC(N(C)S(C)(=O)=O)CC2)c1CC(=O)N1CCC[C@H](C(N)=O)C1 |a:27|,6.512183700381108,484.6480000000005,1,1,A71EV2A-x7008a
molecular_weight,CSc1ncnc(N2CCC(N3CCOC3=O)CC2)c1CC(=O)N1CCC[C@H](C(N)=O)C1 |a:27|,5.923489528000301,462.5760000000004,1,1,A71EV2A-x7154a
molecular_weight,CSc1ncnc(N2CCC3(CCC3)C2)c1CC(=O)N1CCC[C@H](C(N)=O)C1 |a:23|,6.131209779277596,403.5520000000002,1,1,A71EV2A-x7056a
molecular_weight,CSc1ncnc(N2CCC3(CCCC3)C2)c1CC(=O)N1CCC[C@H](C(N)=O)C1 |a:24|,6.462158164196289,417.5790000000002,1,1,A71EV2A-x7024a
molecular_weight,CSc1ncnc(N2CCC3(CCCCC3)C2)c1CC(=O)N1CCC[C@H](C(N)=O)C1 |a:25|,6.388555177157266,431.6060000000003,1,1,A71EV2A-x7101a
molecular_weight,CSc1ncnc(N2CCC3(CCCO3)CC2)c1CC(=O)N1CCC[C@H](C(N)=O)C1 |a:25|,6.466683163263606,433.57800000000026,1,1,A71EV2A-x7284a
molecular_weight,"CSc1ncnc(N2CCCC2)c1CC(=O)N1C[C@H](C(N)=O)C[C@H]2C[C@H]21 |&1:18,23,25|",6.5697284843589205,375.49800000000016,1,1,A71EV2A-x6838a
molecular_weight,"CSc1ncnc(N2CCCC2)c1NC(=O)N1C[C@H](C(N)=O)C[C@H]2C[C@H]21 |&1:18,23,25|",5.928304705589599,376.48600000000016,1,1,A71EV2A-x7622a
molecular_weight,CSc1ncnc(N2CCCCCC2)c1CC(=O)N1CCC[C@H](C(N)=O)C1 |a:22|,7.1865084765696,391.54100000000017,2,2,A71EV2A-x7560a; A71EV2A-x7560b
molecular_weight,"CSc1ncnc(N2CCCC[C@@H]2C(C)C)c1CC(=O)N1CCC[C@H](C(N)=O)C1 |a:12,24|",6.372178760973441,419.5950000000003,1,1,A71EV2A-x7420a
molecular_weight,"CSc1ncnc(N2CCCC[C@H]2CO)c1CC(=O)N1CCC[C@H](C(N)=O)C1 |a:12,23|",5.867264623808438,407.54000000000025,1,1,A71EV2A-x7430a
molecular_weight,"CSc1ncnc(N2CCC[C@@H]2C(=O)N(C)C)c1CC(=O)N1CCC[C@H](C(N)=O)C1 |a:11,25|",6.66771737227654,434.5660000000003,1,1,A71EV2A-x7309a
molecular_weight,"CSc1ncnc(N2CCC[C@@H]2C(C)C)c1CC(=O)N1CCC[C@H](C(N)=O)C1 |a:11,23|",7.76022176714164,405.56800000000027,1,1,A71EV2A-x7135a
molecular_weight,"CSc1ncnc(N2CCC[C@@H]2C)c1CC(=O)N1CCC[C@H](C(N)=O)C1 |a:11,21|",6.616555737163779,377.5140000000002,2,2,A71EV2A-x7533a; A71EV2A-x7533b
molecular_weight,"CSc1ncnc(N2CCC[C@@H]2C2CC2)c1CC(=O)N1CCC[C@H](C(N)=O)C1 |a:11,23|",7.937951041727581,403.55200000000025,1,1,A71EV2A-x7259a
molecular_weight,"CSc1ncnc(N2CCC[C@@H]2CC(C)C)c1CC(=O)N1CCC[C@H](C(N)=O)C1 |a:11,24|",7.199879115817523,419.5950000000003,1,1,A71EV2A-x7147a
molecular_weight,"CSc1ncnc(N2CCC[C@@H]2Cc2ccccc2)c1CC(=O)N1CCC[C@H](C(N)=O)C1 |a:11,27|",5.138183874676179,453.6120000000004,1,1,A71EV2A-x7433a
molecular_weight,"CSc1ncnc(N2CCC[C@@H]2Cc2ccnn2C)c1CC(=O)N1CCC[C@H](C(N)=O)C1 |a:11,27|",7.359361237098654,457.6040000000004,1,1,A71EV2A-x7132a
molecular_weight,"CSc1ncnc(N2CCC[C@@H]2Cn2cccn2)c1CC(=O)N1CCC[C@H](C(N)=O)C1 |a:11,26|",6.189334160880994,443.57700000000034,1,1,A71EV2A-x7127a
molecular_weight,"CSc1ncnc(N2CCC[C@@H]2c2ccccc2)c1CC(=O)N1CCC[C@H](C(N)=O)C1 |a:11,26|",7.13169634555566,439.5850000000004,1,1,A71EV2A-x7570a
molecular_weight,"CSc1ncnc(N2CCC[C@H](C(F)(F)F)C2)c1CC(=O)N1CCC[C@H](C(N)=O)C1 |a:11,25|",6.211100724659235,445.5110000000004,1,1,A71EV2A-x7246a
molecular_weight,"CSc1ncnc(N2CCC[C@H](C)C2)c1CC(=O)N1CCC[C@H](C(N)=O)C1 |a:11,22|",6.173854131618843,391.5410000000002,1,1,A71EV2A-x7250a
molecular_weight,"CSc1ncnc(N2CCC[C@H]2C(C)C)c1CC(=O)N1CCC[C@H](C(N)=O)C1 |a:11,23|",5.331449457260316,405.56800000000027,2,2,A71EV2A-x7491a; A71EV2A-x7491b
molecular_weight,CSc1ncnc(N2CCC[C@H]2C(N)=O)c1CC(=O)N1CCC[C@H](C(N)=O)C1 |&1:11|,7.714442690992226,406.5120000000002,1,1,A71EV2A-x6832a
molecular_weight,"CSc1ncnc(N2CCC[C@H]2C)c1CC(=O)N1CCC[C@H](C(N)=O)C1 |a:11,21|",5.244486511545811,377.5140000000002,2,2,A71EV2A-x7501a; A71EV2A-x7501b
molecular_weight,"CSc1ncnc(N2CCC[C@H]2C2CC2)c1CC(=O)N1CCC[C@H](C(N)=O)C1 |a:11,23|",5.262032975642954,403.55200000000025,2,2,A71EV2A-x7475a; A71EV2A-x7475b
molecular_weight,"CSc1ncnc(N2CCC[C@H]2CC(C)C)c1CC(=O)N1CCC[C@H](C(N)=O)C1 |a:11,24|",5.823789680118151,419.5950000000003,1,1,A71EV2A-x7257a
molecular_weight,"CSc1ncnc(N2CCC[C@H]2Cc2ccnn2C)c1CC(=O)N1CCC[C@H](C(N)=O)C1 |a:11,27|",5.214011302839139,457.6040000000004,1,1,A71EV2A-x7247a
molecular_weight,CSc1ncnc(N2CCN(c3ccccn3)CC2)c1CC(=O)N1CCC[C@H](C(N)=O)C1 |a:27|,6.486226948852135,455.5880000000005,1,1,A71EV2A-x6802a
molecular_weight,"CSc1ncnc(N2CC[C@@H](OC(F)F)C2)c1CC(=O)N1CCC[C@H](C(N)=O)C1 |a:10,24|",6.048106607275539,429.49300000000034,1,1,A71EV2A-x7025a
molecular_weight,"CSc1ncnc(N2CC[C@@H](OC3CC3)C2)c1CC(=O)N1CCC[C@H](C(N)=O)C1 |a:10,24|",7.159468716081884,419.5510000000003,1,1,A71EV2A-x7316a
molecular_weight,"CSc1ncnc(N2CC[C@H](C(=O)N(C)C)C2)c1CC(=O)N1CCC[C@H](C(N)=O)C1 |a:10,25|",5.974361680056222,434.5660000000003,1,1,A71EV2A-x7427a
molecular_weight,"CSc1ncnc(N2CC[C@H](C(=O)N3CCC(C)CC3)C2)c1CC(=O)N1CCC[C@H](C(N)=O)C1 |a:10,29|",6.08170819903569,488.65800000000047,1,1,A71EV2A-x7190a
molecular_weight,"CSc1ncnc(N2CC[C@H](C)C2)c1CC(=O)N1CCC[C@H](C(N)=O)C1 |a:10,21|",6.293489458676176,377.5140000000002,2,2,A71EV2A-x7026a; A71EV2A-x7026b
molecular_weight,"CSc1ncnc(N2CC[C@H](OC(F)F)C2)c1CC(=O)N1CCC[C@H](C(N)=O)C1 |a:10,24|",6.925751444530095,429.49300000000034,1,1,A71EV2A-x7031a
molecular_weight,"CSc1ncnc(N2CC[C@H](SC)C2)c1CC(=O)N1CCC[C@H](C(N)=O)C1 |a:10,22|",6.9071041930964325,409.5810000000002,1,1,A71EV2A-x7093a
molecular_weight,"CSc1ncnc(N2CC[C@H]2C)c1CC(=O)N1CCC[C@H](C(N)=O)C1 |a:10,20|",6.695497686202032,363.4870000000002,1,1,A71EV2A-x7339a
molecular_weight,CSc1ncnc(N2CCc3ccccc3CC2)c1CC(=O)N1CCC[C@H](C(N)=O)C1 |a:26|,6.483018872150272,439.5850000000004,1,1,A71EV2A-x7015a
molecular_weight,CSc1ncnc(N2CCc3ccsc3C2)c1CC(=O)N1CCC[C@H](C(N)=O)C1 |a:24|,5.794648268341138,431.58700000000033,1,1,A71EV2A-x5666a
molecular_weight,CSc1ncnc(N2CCc3cnc(C(C)C)nc3C2)c1CC(=O)N1CCC[C@H](C(N)=O)C1 |a:28|,5.912659591908459,469.6150000000004,1,1,A71EV2A-x7151a
molecular_weight,CSc1ncnc(N2CCn3nc4c(c3C2)CCC4)c1CC(=O)N1CCC[C@H](C(N)=O)C1 |a:27|,5.601864484742403,455.5880000000004,2,2,A71EV2A-x7043a; A71EV2A-x7043b
molecular_weight,CSc1ncnc(N2CCn3ncc(C#N)c3C2)c1CC(=O)N1CCC[C@H](C(N)=O)C1 |a:26|,6.13113891891355,440.5330000000004,1,1,A71EV2A-x7130a
molecular_weight,"CSc1ncnc(N2C[C@H]3C[C@H]3C2)c1CC(=O)N1CCC[C@H](C(N)=O)C1 |&1:9,&2:11|",6.558486174447746,375.4980000000002,3,3,A71EV2A-x7317a; A71EV2A-x7317b; A71EV2A-x7372a
molecular_weight,CSc1ncnc(N2Cc3ccccc3C2)c1CC(=O)N1CCC[C@H](C(N)=O)C1 |a:24|,6.006913143117045,411.5310000000003,1,1,A71EV2A-x6808a
molecular_weight,CSc1ncnc(SC)c1CC(=O)N1CCC[C@H](C(N)=O)C1 |a:17|,5.699017277769941,340.4740000000001,1,1,A71EV2A-x5581a
molecular_weight,CSc1ncncc1CC(=O)N1CCC[C@H](C(N)=O)C1 |a:15|,5.186217598084144,294.38,2,2,A71EV2A-x5039a; A71EV2A-x5039b
molecular_weight,C[C@H](C(=O)N1CCC[C@H](C(N)=O)C1)c1cn(C)nc1C(F)(F)F |&1:1|,4.462842099070634,332.326,2,2,A71EV2A-x4510a; A71EV2A-x4571a
molecular_weight,C[C@H](C(=O)N1CCC[C@H](C(N)=O)C1)c1nc(F)ccc1Cl |&1:1|,4.277445359017488,313.76,2,2,A71EV2A-x4895a; A71EV2A-x4895b
molecular_weight,C[C@H](Cc1cocn1)NC(=O)c1nn(C)c2ccccc12 |&1:1|,4.9657785438458255,284.319,2,2,A71EV2A-x3379a; A71EV2A-x3593a
molecular_weight,"C[C@H](c1ccc(Cl)c(Br)c1)N1C[C@H](C(N)=O)CCC1=O |&1:1,&2:12|",4.041436116778033,359.6510000000002,1,1,A71EV2A-x5556a
molecular_weight,"C[C@H](c1ccc2[nH]ncc2c1)N1C[C@H](C(N)=O)CCC1=O |&1:1,&2:13|",4.180071698767357,286.33500000000004,1,1,A71EV2A-x5744a
molecular_weight,"C[C@H](c1cccc(Cl)c1F)N1C[C@H](C(N)=O)CCC1=O |&1:1,&2:12|",4.632644078973981,298.74500000000006,1,1,A71EV2A-x5673a
molecular_weight,"C[C@H]1CC(=O)N(Cc2ccc3cnn(C)c3c2)C[C@@H]1C(N)=O |o1:1,18|",4.76433957251824,300.3620000000001,2,2,A71EV2A-x5777a; A71EV2A-x5777b
molecular_weight,"C[C@H]1CC(=O)N(Cc2ccc3cnn(C)c3c2)C[C@H]1C(N)=O |o1:1,18|",4.207870191519494,300.3620000000001,1,1,A71EV2A-x5766a
molecular_weight,Cc1cc(C)c(CC(=O)N2CCC[C@H](C(N)=O)C2)c(=O)[nH]1 |a:13|,4.306273051076353,291.35099999999994,1,1,A71EV2A-x4291a
molecular_weight,Cc1cc(C)c(Nc2ccn(C)n2)c(C)c1,5.3072486987698415,215.3,1,1,A71EV2A-x3279a
molecular_weight,Cc1cc(C)c(Nc2ccn(C3COC3)n2)c(C)c1,5.016824927962187,257.337,1,1,A71EV2A-x3234a
molecular_weight,Cc1cc(CNC(=O)c2cn(C)c3ccccc23)on1,4.953569528330592,269.30400000000003,1,1,A71EV2A-x3175a
molecular_weight,Cc1cc2sccc2c(Cl)c1OC(=O)N1CCC[C@H](C(N)=O)C1 |a:18|,4.215114698485657,352.84300000000013,1,1,A71EV2A-x5482a
molecular_weight,Cc1ccc(CC(=O)N2CCC[C@H](C(N)=O)C2)s1 |&1:12|,4.633044431676764,266.366,2,2,A71EV2A-x5424a; A71EV2A-x5424b
molecular_weight,Cc1ccc2c(C(=O)NCCc3cocn3)c[nH]c2c1,5.10808214227103,269.30400000000003,1,1,A71EV2A-x3568a
molecular_weight,Cc1ccc2c(c1OC(=O)N1CCC[C@H](C(N)=O)C1)CCC2 |a:14|,4.479326279665005,302.37400000000014,2,2,A71EV2A-x5599a; A71EV2A-x5599b
molecular_weight,Cc1ccc2c(cnn2C)c1Nc1ccn([C@H]2CCNC2=O)n1 |&1:16|,4.937001727490601,310.36100000000005,1,1,A71EV2A-x3305a
molecular_weight,Cc1ccc2ccccc2c1N1C[C@H](C(N)=O)CCC1=O |&1:13|,3.942576835487996,282.343,1,1,A71EV2A-x5572a
molecular_weight,Cc1ccc2cccnc2c1OC(=O)N1CCC[C@H](C(N)=O)C1 |a:18|,4.597502408486665,313.357,1,1,A71EV2A-x5479a
molecular_weight,Cc1cccc(CC(=O)N2CCC[C@H](C(N)=O)C2)c1 |&1:13|,4.290127690297292,260.33699999999993,2,2,A71EV2A-x4020a; A71EV2A-x4020b
molecular_weight,Cc1cccc(CNC(=O)N2CCC[C@H](C(N)=O)C2)c1 |a:14|,4.967584368389079,275.352,2,2,A71EV2A-x3706a; A71EV2A-x3706b
molecular_weight,Cc1cccc(N(CC(=O)N2CCCCC2)C(=O)N2CCC[C@H](C(N)=O)C2)c1 |a:22|,4.627087997029894,386.4960000000002,1,1,A71EV2A-x3908a
molecular_weight,Cc1cccc(N2CCCN(CCC(N)=O)C2=O)c1,4.911546516921495,261.32499999999993,1,1,A71EV2A-x4402a
molecular_weight,Cc1cccc(NC(=O)N2CCC[C@H](C(N)=O)C2)c1 |a:13|,4.246416941107094,261.32499999999993,1,1,A71EV2A-x3054a
molecular_weight,Cc1ccccc1CNC(=O)N1CCC[C@H](C(N)=O)C1 |a:15|,4.978810700930062,275.35200000000003,2,2,A71EV2A-x3616a; A71EV2A-x3616b
molecular_weight,Cc1ccccc1NC(=O)N1CCC[C@H](C(N)=O)C1 |a:14|,4.386163320168128,261.325,1,1,A71EV2A-x3510a
molecular_weight,Cc1ccccc1NC(=O)c1ccc(C)c(C(N)=O)c1,4.804100347590766,268.316,1,1,A71EV2A-x3867a
molecular_weight,Cc1ccccc1NC(=O)c1cncc(C(N)=O)c1,4.632644078973981,255.277,1,1,A71EV2A-x3564a
molecular_weight,Cc1cnc(CNS(=O)(=O)C[C@H](C)c2ccccc2)o1 |&1:11|,4.8184062698439085,294.37600000000003,1,1,A71EV2A-x3623a
molecular_weight,Cc1nc(C)c(CC(=O)N2CCC[C@H](C(N)=O)C2)[nH]1 |a:13|,5.409458546594426,264.3289999999999,1,1,A71EV2A-x3221a
molecular_weight,Cc1nc2ccccc2n1CC(=O)N1CCC[C@H](C(N)=O)C1 |&1:17|,4.137777547252243,300.362,1,1,A71EV2A-x3225a
molecular_weight,Cc1nc2n(c1CC(=O)N1CCC[C@H](C(N)=O)C1)CCCC2 |&1:13|,5.221581099702723,304.39400000000006,1,1,A71EV2A-x3489a
molecular_weight,Cc1ncnc(C)c1CC(=O)N1CCC[C@H](C(N)=O)C1 |a:15|,3.654064344980796,276.34,1,1,A71EV2A-x4464a
molecular_weight,Cc1nn(C)c(C)c1CC(=O)N[C@H](CNC(=O)CCl)c1ccc2ccccc2c1 |&1:12|,4.660785023463071,412.9210000000001,1,1,A71EV2A-x1346a
molecular_weight,Cc1nn(C)c2cc(C(=O)NCCc3cocn3)ccc12,4.945173530861923,284.319,1,1,A71EV2A-x3410a
molecular_weight,Cc1ocnc1CCNC(=O)c1nn(C)c2ccccc12,5.09799710864927,284.319,1,1,A71EV2A-x3286a
molecular_weight,"Cc1sc([C@H](C)N2C[C@H](C(N)=O)CCC2=O)nc1-c1ccco1 |&1:4,&2:8|",4.604279969816917,333.413,1,1,A71EV2A-x6730a
molecular_weight,"Cn1cc(CC(=O)N2C[C@H](C(N)=O)C[C@@H]3C[C@@H]32)cn1 |&1:9,14,16|",4.608000737058194,262.313,1,1,A71EV2A-x4992a
molecular_weight,Cn1cc(NS(=O)(=O)N2CCC[C@H](C(N)=O)C2)cn1 |a:12|,5.738140147629213,287.345,2,2,A71EV2A-x5090a; A71EV2A-x5150a
molecular_weight,Cn1cc2c(CC(=O)N3CCC[C@H](C(N)=O)C3)cccc2n1 |o1:12|,4.405607449624573,300.362,1,1,A71EV2A-x3914a
molecular_weight,Cn1cc2c(CC(=O)N3CC[C@H](C(N)=O)C3)cccc2n1 |&1:11|,4.410050398674293,286.335,1,1,A71EV2A-x3556a
molecular_weight,Cn1cc2c(n1)CCC[C@H]2C(=O)N1CCC[C@H](C(N)=O)C1 |&1:9|,3.749590923528832,290.3670000000001,1,1,A71EV2A-x4608a
molecular_weight,Cn1cc2cccc(NC(=O)Cc3cocn3)c2n1,4.662403924407542,256.265,1,1,A71EV2A-x3403a
molecular_weight,"Cn1ccnc1[C@H](c1ccccc1)N1C[C@H](C(N)=O)CC1=O |&1:6,&2:15|",4.649751981665837,298.3460000000001,1,1,A71EV2A-x5106a
molecular_weight,Cn1cnc(CCNC(=O)c2nn(C)c3ccccc23)c1,5.2372107018718905,283.33500000000004,1,1,A71EV2A-x3371a
molecular_weight,Cn1cnc2c(NC(=O)N3CCC[C@H](C(N)=O)C3)cccc21 |a:13|,5.398637148380375,301.35,2,2,A71EV2A-x4447a; A71EV2A-x4447b
molecular_weight,Cn1nc(C(=O)N2Cc3ccccc3C[C@H]2CN)c2ccccc21 |&1:15|,5.041436116778033,320.3960000000001,1,1,A71EV2A-x2293a
molecular_weight,Cn1nc(C(=O)NC2CC2)c2cc(F)ccc21,4.887413111043684,233.246,1,1,A71EV2A-x2339a
molecular_weight,Cn1nc(C(=O)NCC(F)(F)c2ccccn2)c2ccccc21,5.168134464700943,316.31100000000004,1,1,A71EV2A-x3280a
molecular_weight,Cn1nc(C(=O)NCCc2ccc(S(C)(=O)=O)cc2)c2ccccc21,4.84887783952492,357.43500000000006,1,1,A71EV2A-x3324a
molecular_weight,Cn1nc(C(=O)NCCc2cocn2)c2ccccc2c1=O,5.170374765613669,298.3020000000001,1,1,A71EV2A-x3419a
molecular_weight,Cn1nc(C(=O)NCCc2cocn2)c2cccnc21,4.981705511622298,271.28000000000003,1,1,A71EV2A-x3264a
molecular_weight,Cn1nc(C(=O)NCCc2cscn2)c2ccccc21,5.337951414156192,286.36000000000007,1,1,A71EV2A-x3306a
molecular_weight,Cn1nc(C(=O)NCCn2cncn2)c2ccccc21,4.939565029910406,270.29600000000005,2,2,A71EV2A-x3181a; A71EV2A-x3181b
molecular_weight,Cn1nc(C(=O)N[C@H]2CCOC2)c2ccccc21 |&1:7|,5.062339877849264,245.282,1,1,A71EV2A-x3178a
molecular_weight,"Cn1nc(C(=O)N[C@H]2C[C@H]2CO)c2ccccc21 |&1:7,9|",4.895875462550428,245.282,1,1,A71EV2A-x3177a
molecular_weight,Cn1nc(C(=O)Nc2cn[nH]c2)c2ccccc21,4.7783685062706525,241.254,1,1,A71EV2A-x2304a
molecular_weight,Cn1nc(C(N)=O)c2cc(F)ccc21,5.050703769890054,193.181,1,1,A71EV2A-x2351a
molecular_weight,Cn1nc(CC(=O)N2CC(C(N)=O)C2)c2ccccc21,4.610833915635467,272.308,1,1,A71EV2A-x4994a
molecular_weight,Cn1nc(CN2C[C@H](C(N)=O)CCC2=O)c2ccccc21 |&1:7|,5.116903441948165,286.335,1,1,A71EV2A-x4547a
molecular_weight,Cn1ncc(-c2cc(Cl)cc(Cl)c2)c1CC(=O)N1CCC[C@H](C(N)=O)C1 |&1:21|,4.958377726777354,395.29000000000025,1,1,A71EV2A-x3606a
molecular_weight,Cn1ncc(C(=O)NCCc2cocn2)n1,5.545714601514328,221.22,1,1,A71EV2A-x3436a
molecular_weight,Cn1ncc2ccc(CN3C[C@H](C(N)=O)CC(C)(C)C3=O)cc21 |&1:11|,4.005682847330363,314.389,2,2,A71EV2A-x5721a; A71EV2A-x5721b
molecular_weight,Cn1ncc2ccc(CN3C[C@H](C(N)=O)CCC3=O)cc21 |o1:11|,4.026655009457717,286.335,1,1,A71EV2A-x4974a
molecular_weight,N#CC1CC(NC(=O)C2(c3ccc(Cl)cc3Cl)CCOCC2)C1,4.726469830785563,353.24900000000025,1,1,A71EV2A-x3521a
molecular_weight,N#CCc1cccc(NC(=O)N2CCC[C@H](C(N)=O)C2)c1 |a:15|,5.356959172517914,286.335,1,1,A71EV2A-x3480a
molecular_weight,N#CCc1ccccc1CC(=O)N1CCC[C@H](C(N)=O)C1 |a:16|,5.101757238648579,285.347,2,2,A71EV2A-x4321a; A71EV2A-x4321b
molecular_weight,N#Cc1ccc(Br)cc1OC(=O)N1CCC[C@H](C(N)=O)C1 |a:16|,4.421371068072836,352.18800000000016,1,1,A71EV2A-x5559a
molecular_weight,N#Cc1cccc(CC(=O)N2CCC[C@H](C(N)=O)C2)n1 |a:14|,4.625197671079573,272.308,2,2,A71EV2A-x5082a; A71EV2A-x5082b
molecular_weight,N#Cc1cccc(NC(=O)N2CCC[C@H](C(N)=O)C2)c1 |a:14|,5.189128446912704,272.308,2,2,A71EV2A-x3509a; A71EV2A-x3509b
molecular_weight,N#Cc1ccncc1OC(=O)N1CCC[C@H](C(N)=O)C1 |a:15|,4.504331180271011,274.28,2,2,A71EV2A-x5594a; A71EV2A-x5594b
molecular_weight,N#Cc1nccc(CC(=O)N2CCC[C@H](C(N)=O)C2)n1 |a:14|,4.006352818021342,273.296,1,1,A71EV2A-x5448a
molecular_weight,N#Cc1ncncc1CC(=O)N1CCC[C@H](C(N)=O)C1 |a:15|,4.424812155072339,273.296,1,1,A71EV2A-x5212a
molecular_weight,N#Cc1sccc1CC(=O)N1CCC[C@H](C(N)=O)C1 |a:14|,5.008444067750377,277.349,1,1,A71EV2A-x3450a
molecular_weight,NC(=O)CC1CCN(C(=O)c2cccc(F)c2)CC1,4.597746280949512,264.3,2,2,A71EV2A-x5409a; A71EV2A-x5409b
molecular_weight,NC(=O)C[C@H]1CCCN(c2ncnc3ccccc23)C1 |&1:4|,4.959254335737151,270.33600000000007,1,1,A71EV2A-x4351a
molecular_weight,NC(=O)[C@H]1CC(=O)N(Cc2cccc3c2OCC3)C1 |&1:3|,5.0762380391713,260.293,1,1,A71EV2A-x4312a
molecular_weight,"NC(=O)[C@H]1CCC(=O)N(C[C@H]2CCOc3ccccc32)C1 |&1:3,&2:10|",4.620443689892642,288.34700000000004,1,1,A71EV2A-x4409a
molecular_weight,NC(=O)[C@H]1CCC(=O)N(Cc2cc(F)cnc2C(F)(F)F)C1 |&1:3|,4.315546325758652,319.25800000000004,2,2,A71EV2A-x5635a; A71EV2A-x5635b
molecular_weight,NC(=O)[C@H]1CCC(=O)N(Cc2ccc3cc[nH]c3c2)C1 |&1:3|,4.611743840379951,271.32000000000005,2,2,A71EV2A-x4596a; A71EV2A-x4596b
molecular_weight,NC(=O)[C@H]1CCC(=O)N(Cc2cccc(F)c2)C1 |&1:3|,4.255233465290414,250.273,1,1,A71EV2A-x4924a
molecular_weight,NC(=O)[C@H]1CCC(=O)N(Cc2ccsc2)C1 |&1:3|,3.774068781319247,238.312,2,2,A71EV2A-x5608a; A71EV2A-x5608b
molecular_weight,NC(=O)[C@H]1CCC(=O)N([C@@H]2CCCc3ccccc32)C1 |o1:3|,4.5934598195660445,272.34800000000007,1,1,A71EV2A-x5052a
molecular_weight,"NC(=O)[C@H]1CCC(=O)N([C@H](CC(F)(F)F)c2cc(Cl)cc(Cl)c2)C1 |&1:3,&2:9|",4.327996747928408,383.1970000000001,1,1,A71EV2A-x5665a
molecular_weight,NC(=O)[C@H]1CCC(=O)N([C@H]2CCCc3ccccc32)C1 |o1:3|,4.631937259138866,272.34800000000007,2,2,A71EV2A-x5210a; A71EV2A-x5210b
molecular_weight,NC(=O)[C@H]1CCC(=O)N(c2cc3cnccc3c(F)c2F)C1 |&1:3|,4.801706220928761,305.2840000000001,1,1,A71EV2A-x6714a
molecular_weight,NC(=O)[C@H]1CCCN(C(=O)C(c2ccccc2)c2ccccc2)C1 |a:3|,5.179858685151659,322.4080000000001,1,1,A71EV2A-x3982a
molecular_weight,NC(=O)[C@H]1CCCN(C(=O)C2(O)CCSCC2)C1 |a:3|,4.388276691992658,272.37000000000006,1,1,A71EV2A-x4708a
molecular_weight,NC(=O)[C@H]1CCCN(C(=O)C2(c3ccoc3)CCC2)C1 |a:3|,4.618930913825583,276.33600000000007,2,2,A71EV2A-x4514a; A71EV2A-x4575a
molecular_weight,NC(=O)[C@H]1CCCN(C(=O)C2CCSCC2)C1 |a:3|,4.603800652904264,256.371,1,1,A71EV2A-x4706a
molecular_weight,NC(=O)[C@H]1CCCN(C(=O)CC2CSC2)C1 |a:3|,4.607306606035202,242.344,1,1,A71EV2A-x4707a
molecular_weight,NC(=O)[C@H]1CCCN(C(=O)Cc2cc(C(F)(F)F)ccc2C(F)(F)F)C1 |a:3|,3.806800765395556,382.304,1,1,A71EV2A-x4381a
molecular_weight,NC(=O)[C@H]1CCCN(C(=O)Cc2cc(C(F)(F)F)ccc2Cl)C1 |&1:3|,4.906948150425689,348.75200000000007,1,1,A71EV2A-x3208a
molecular_weight,NC(=O)[C@H]1CCCN(C(=O)Cc2cc3c(cc2Cl)OCCO3)C1 |a:3|,4.037176387439713,338.79100000000017,2,2,A71EV2A-x4669a; A71EV2A-x4669b
molecular_weight,NC(=O)[C@H]1CCCN(C(=O)Cc2ccc3c(c2)CCC(=O)N3)C1 |a:3|,4.349692476868063,315.3730000000001,1,1,A71EV2A-x4320a
molecular_weight,NC(=O)[C@H]1CCCN(C(=O)Cc2cccc(Cl)c2Cl)C1 |a:3|,4.065026720650614,315.20000000000005,1,1,A71EV2A-x4336a
molecular_weight,NC(=O)[C@H]1CCCN(C(=O)Cc2cccc3c2CCC3)C1 |a:3|,3.9502403164313615,286.3750000000001,1,1,A71EV2A-x4344a
molecular_weight,NC(=O)[C@H]1CCCN(C(=O)Cc2cccc3c2SCC3)C1 |a:3|,3.551812748385584,304.41500000000013,1,1,A71EV2A-x5151a
molecular_weight,NC(=O)[C@H]1CCCN(C(=O)Cc2cccc3cn[nH]c23)C1 |&1:3|,5.011185771310347,286.33500000000004,1,1,A71EV2A-x3210a
molecular_weight,NC(=O)[C@H]1CCCN(C(=O)Cc2cccc3ncsc23)C1 |a:3|,3.9648133085158968,303.38700000000006,1,1,A71EV2A-x5221a
molecular_weight,NC(=O)[C@H]1CCCN(C(=O)Cc2cccc3nsnc23)C1 |a:3|,4.492392502728005,304.37500000000006,1,1,A71EV2A-x4463a
molecular_weight,NC(=O)[C@H]1CCCN(C(=O)Cc2cccc3occc23)C1 |&1:3|,3.960269771303526,286.3310000000001,1,1,A71EV2A-x3191a
molecular_weight,NC(=O)[C@H]1CCCN(C(=O)Cc2cccc3sccc23)C1 |a:3|,3.9387751065420735,302.39900000000006,1,1,A71EV2A-x4341a
molecular_weight,NC(=O)[C@H]1CCCN(C(=O)Cc2ccccc2CO)C1 |a:3|,4.345773777137761,276.336,2,2,A71EV2A-x4374a; A71EV2A-x4374b
molecular_weight,NC(=O)[C@H]1CCCN(C(=O)Cc2ccccc2CS(N)(=O)=O)C1 |a:3|,4.135380979941972,339.4170000000001,1,1,A71EV2A-x4403a
molecular_weight,NC(=O)[C@H]1CCCN(C(=O)Cc2ccccc2OC(F)F)C1 |a:3|,4.229666366474778,312.31600000000003,1,1,A71EV2A-x4319a
molecular_weight,NC(=O)[C@H]1CCCN(C(=O)Cc2cccnc2Cl)C1 |a:3|,3.43690985073048,281.74300000000005,2,2,A71EV2A-x5079a; A71EV2A-x5079b
molecular_weight,NC(=O)[C@H]1CCCN(C(=O)Cc2cccnc2O)C1 |a:3|,5.153756287657022,263.297,1,1,A71EV2A-x4372a
molecular_weight,NC(=O)[C@H]1CCCN(C(=O)Cc2ccnc(Cl)c2Br)C1 |&1:3|,4.162204305054052,360.63900000000007,1,1,A71EV2A-x3193a
molecular_weight,NC(=O)[C@H]1CCCN(C(=O)Cc2ccnc(Cl)n2)C1 |a:3|,4.653647025549361,282.73100000000005,2,2,A71EV2A-x5213a; A71EV2A-x5213b
molecular_weight,NC(=O)[C@H]1CCCN(C(=O)Cc2ccncc2Cl)C1 |a:3|,5.18523404082538,281.74300000000005,1,1,A71EV2A-x4461a
molecular_weight,NC(=O)[C@H]1CCCN(C(=O)Cc2ccsc2)C1 |&1:3|,4.589713631215067,252.339,2,2,A71EV2A-x5425a; A71EV2A-x5425b
molecular_weight,NC(=O)[C@H]1CCCN(C(=O)Cc2cncnc2Cl)C1 |a:3|,4.037630664329979,282.73100000000005,2,2,A71EV2A-x5081a; A71EV2A-x5081b
molecular_weight,NC(=O)[C@H]1CCCN(C(=O)Cc2ncc3ccc(Br)cn23)C1 |a:3|,4.424218724311264,365.2310000000001,4,4,A71EV2A-x4519a; A71EV2A-x4519b; A71EV2A-x4580a; A71EV2A-x4580b
molecular_weight,NC(=O)[C@H]1CCCN(C(=O)Cc2ncncc2Cl)C1 |a:3|,4.03673794170959,282.73100000000005,2,2,A71EV2A-x4979a; A71EV2A-x4979b
molecular_weight,NC(=O)[C@H]1CCCN(C(=O)Cn2cc(Br)cc(Cl)c2=O)C1 |a:3|,3.7253509633996433,376.6380000000001,1,1,A71EV2A-x4540a
molecular_weight,NC(=O)[C@H]1CCCN(C(=O)NCC2CC2)C1 |a:3|,5.064884396650843,225.292,1,1,A71EV2A-x3417a
molecular_weight,NC(=O)[C@H]1CCCN(C(=O)Nc2cc3c(cc2Cl)OCO3)C1 |a:3|,4.6271423700874985,325.7520000000002,1,1,A71EV2A-x4308a
molecular_weight,NC(=O)[C@H]1CCCN(C(=O)Nc2cccc3c2S(=O)(=O)CCC3)C1 |a:3|,4.616184634019569,351.4280000000002,1,1,A71EV2A-x4654a
molecular_weight,NC(=O)[C@H]1CCCN(C(=O)Nc2cccc3c2SCCC3)C1 |a:3|,4.5141394746468695,319.4300000000002,3,3,A71EV2A-x4674a; A71EV2A-x4674b; A71EV2A-x4674c
molecular_weight,NC(=O)[C@H]1CCCN(C(=O)Nc2ccccc2F)C1 |a:3|,4.851286884122841,265.28800000000007,1,1,A71EV2A-x3612a
molecular_weight,NC(=O)[C@H]1CCCN(C(=O)Nc2ccccc2OCC(F)(F)F)C1 |a:3|,5.15661038833037,345.3210000000001,1,1,A71EV2A-x4306a
molecular_weight,NC(=O)[C@H]1CCCN(C(=O)Nc2ccccc2SC(F)F)C1 |a:3|,4.325140144305149,329.37200000000007,1,1,A71EV2A-x4656a
molecular_weight,NC(=O)[C@H]1CCCN(C(=O)OC2CCCCC2)C1 |a:3|,4.042264201974706,254.32999999999996,1,1,A71EV2A-x5351a
molecular_weight,NC(=O)[C@H]1CCCN(C(=O)[C@H](CN2CCCC2)c2ccccc2)C1 |&1:10|,5.024630533433036,329.444,1,1,A71EV2A-x3975a
molecular_weight,NC(=O)[C@H]1CCCN(C(=O)[C@H](Cc2ccc(F)cc2)c2ccccc2)C1 |&1:10|,5.478592246479633,354.42500000000007,4,4,A71EV2A-x4237a; A71EV2A-x4237b; A71EV2A-x4237c; A71EV2A-x4237d
molecular_weight,NC(=O)[C@H]1CCCN(C(=O)[C@H](OCC2CCCC2)c2ccccc2)C1 |&1:10|,5.567003508658591,344.45500000000004,1,1,A71EV2A-x3968a
molecular_weight,NC(=O)[C@H]1CCCN(C(=O)[C@H](Sc2ccccc2)c2ccccc2)C1 |&1:10|,5.135488918941608,354.47500000000014,2,2,A71EV2A-x3986a; A71EV2A-x3986b
molecular_weight,NC(=O)[C@H]1CCCN(C(=O)[C@H](c2ccccc2)n2cccn2)C1 |&1:10|,4.869666231504994,312.3730000000001,2,2,A71EV2A-x4451a; A71EV2A-x4451b
molecular_weight,"NC(=O)[C@H]1CCCN(C(=O)[C@H]2CCNc3[nH]ncc32)C1 |&1:3,&2:10|",5.556193958463214,277.3280000000001,1,1,A71EV2A-x3218a
molecular_weight,NC(=O)[C@H]1CCCN(C(=O)[C@H]2CCOc3ccc(Cl)cc32)C1 |&1:10|,5.28547334915742,322.7920000000001,1,1,A71EV2A-x4260a
molecular_weight,NC(=O)[C@H]1CCCN(C(=O)[C@H]2CCSc3ccccc32)C1 |o1:10|,4.826813731587726,304.4150000000001,2,2,A71EV2A-x4943a; A71EV2A-x4943b
molecular_weight,"NC(=O)[C@H]1CCCN(C(=O)[C@H]2CC[C@H]2c2ccc(Cl)cc2)C1 |&1:10,&2:13|",4.000869458712629,320.82000000000005,1,1,A71EV2A-x5550a
molecular_weight,NC(=O)[C@H]1CCCN(C(=O)[C@H]2CCc3cccc(Br)c32)C1 |&1:10|,4.479401524821051,351.2440000000001,2,2,A71EV2A-x4202a; A71EV2A-x4202b
molecular_weight,NC(=O)[C@H]1CCCN(C(=O)[C@H]2CCc3cccc(O)c32)C1 |&1:10|,5.148337017678052,288.34700000000004,2,2,A71EV2A-x4456a; A71EV2A-x4456b
molecular_weight,NC(=O)[C@H]1CCCN(C(=O)[C@H]2CCc3snnc32)C1 |&1:10|,4.667561540084395,280.35300000000007,1,1,A71EV2A-x4472a
molecular_weight,NC(=O)[C@H]1CCCN(C(=O)[C@H]2SCc3cccnc32)C1 |&1:10|,4.60382166833978,291.3760000000001,2,2,A71EV2A-x4606a; A71EV2A-x4606b
molecular_weight,"NC(=O)[C@H]1CCCN(C(=O)[C@]2(Cc3ccc(F)cc3)CCCCO2)C1 |&1:3,&2:10|",4.609064892896621,348.41800000000023,1,1,A71EV2A-x4416a
molecular_weight,NC(=O)[C@H]1CCCN(C(=O)c2ccnc3[nH]ncc23)C1 |&1:3|,4.787812395596042,273.2960000000001,1,1,A71EV2A-x3223a
molecular_weight,NC(=O)[C@H]1CCN(C(=O)Cc2c(Cl)cccc2Cl)C1 |&1:3|,4.7544873321858505,301.17300000000006,1,1,A71EV2A-x5427a
molecular_weight,NC(=O)[C@H]1CCN(C(=O)Cc2cc(C(F)(F)F)ccc2Cl)C1 |&1:3|,5.04901488179868,334.725,1,1,A71EV2A-x3989a
molecular_weight,NC(=O)[C@H]1CCN(C(=O)Cn2c(=O)sc3ccc(Cl)cc32)C1 |a:3|,4.001740661576301,339.80400000000014,2,2,A71EV2A-x5824a; A71EV2A-x5824b
molecular_weight,NC(=O)[C@H]1CCN(C(=O)Cn2cc(Br)cc(Cl)c2=O)C1 |a:3|,4.024899837282849,362.61100000000016,1,1,A71EV2A-x5779a
molecular_weight,NC(=O)[C@H]1CCN(C(=O)[C@H]2CCCN2C(=O)c2cccs2)C1 |&1:9|,5.012334272309165,321.40200000000004,2,2,A71EV2A-x5705a; A71EV2A-x5705b
molecular_weight,NC(=O)[C@H]1CCN(C(=O)[C@H]2CCOc3ccc(Cl)cc32)C1 |&1:9|,4.437172628708407,308.76500000000004,1,1,A71EV2A-x5728a
molecular_weight,NC(=O)[C@H]1CCN(C(=O)[C@H]2CSc3ccccc32)C1 |&1:9|,4.129009644321656,276.3610000000001,1,1,A71EV2A-x5570a
molecular_weight,"NC(=O)[C@H]1CCN(C(=O)[C@H]2SCCc3sccc32)C1 |&1:3,&2:9|",4.430090742898188,296.4170000000001,1,1,A71EV2A-x5431a
molecular_weight,"NC(=O)[C@H]1C[C@@H]2C[C@@H]2N(C(=O)Cc2ccccc2Cl)C1 |&1:3,5,7|",4.5796822958876815,292.7660000000001,2,2,A71EV2A-x5802a; A71EV2A-x5802b
molecular_weight,"NC(=O)[C@H]1C[C@H]2C[C@H]2N(C(=O)Cc2ccccc2Cl)C1 |&1:3,5,7|",4.476253533188435,292.7660000000001,2,2,A71EV2A-x5798a; A71EV2A-x5798b
molecular_weight,NC(=O)[C@]12CN(C(=O)Cc3ccccc3Cl)C[C@@H](C1)C2 |&1:3|,4.0045909104114665,292.7660000000001,1,1,A71EV2A-x5277a
molecular_weight,NC(=O)c1ccccc1CC(=O)N1CCC[C@H](C(N)=O)C1 |a:16|,3.660111973943557,289.335,1,1,A71EV2A-x4840a
molecular_weight,O=C(NCCc1cocn1)N1CCc2ccccc21,5.162973800773931,257.293,1,1,A71EV2A-x3392a
molecular_weight,O=C(NCCc1cocn1)c1ccccc1,5.093196163745395,216.24,1,1,A71EV2A-x3435a
smina_crystal,C#C[C@H](NCCc1cocn1)c1nn(C)c2ccccc12 |&1:2|,4.716801953096995,4.466090042190246,1,1,A71EV2A-x4426a
smina_crystal,"C#C[C@H]1CCCC[C@@H]1OC(=O)N1CCC[C@H](C(N)=O)C1 |o1:2,7|",4.011869615687259,4.990811733468037,1,1,A71EV2A-x5747a
smina_crystal,C#Cc1ccc(C)c(OC(=O)N2CCC[C@H](C(N)=O)C2)c1 |a:15|,3.8964015060220634,5.5936351167282945,1,1,A71EV2A-x5466a
smina_crystal,C=C(C)c1cccc(SC)c1CC(=O)N1CCC[C@H](C(N)=O)C1 |a:18|,5.435913722030655,5.643501452773036,1,1,A71EV2A-x6027a
smina_crystal,C=CS(=O)(=O)N1CCC[C@H](C(N)=O)C1 |&1:9|,5.1938200260161125,3.3513945468211572,1,1,A71EV2A-x3408a
smina_crystal,C=Cc1cccc(CC(=O)N2CCC[C@H](C(N)=O)C2)n1 |a:14|,5.099072631333438,5.4314027659256725,2,2,A71EV2A-x5015a; A71EV2A-x5015b
smina_crystal,C=Cc1ccccc1CS(=O)(=O)N1CCC[C@H](C(N)=O)C1 |a:16|,4.5951662833800615,5.673979804275907,1,1,A71EV2A-x5359a
smina_crystal,CC(=O)Nc1cccc(NC(N)=O)c1,4.943095148663527,3.037250556835933,1,1,A71EV2A-x2454a
smina_crystal,CC(=O)Nc1ccccc1CC(=O)N1CCC[C@H](C(N)=O)C1 |a:17|,4.265200170411153,5.196053157729798,1,1,A71EV2A-x4322a
smina_crystal,CC(C)(C)c1ccccc1NC(=O)N1CCC[C@H](C(N)=O)C1 |a:17|,4.916961547867879,5.690399118216848,1,1,A71EV2A-x4311a
smina_crystal,CC(C)Oc1ccccc1NC(=O)N1CCC[C@H](C(N)=O)C1 |a:17|,4.877787213913532,6.035043449857543,1,1,A71EV2A-x4305a
smina_crystal,"CC(C)[C@H](c1cc(Cl)cc(Br)c1)N1C[C@H](C(N)=O)CCC1=O |&1:3,&2:14|",4.564352412519983,4.906494158350786,1,1,A71EV2A-x5868a
smina_crystal,CCC(=O)N[C@H](C(=O)N1CC[C@H](C(N)=O)C1)c1ccccc1SC |&1:5|,4.556507378095548,5.946452455085128,1,1,A71EV2A-x6853a
smina_crystal,CCC1(CC)CCN(c2ncnc(SC)c2CC(=O)N2CCC[C@H](C(N)=O)C2)C1 |a:23|,6.266038858073333,5.498622997396832,1,1,A71EV2A-x6738a
smina_crystal,CCC1(CC)CN(c2ncnc(SC)c2CC(=O)N2CCC[C@H](C(N)=O)C2)CCS1(=O)=O |a:22|,6.0703717346625785,5.993592012207535,1,1,A71EV2A-x7169a
smina_crystal,CCCSc1cccc(OC)c1NC(=O)N1CCC[C@H](C(N)=O)C1 |a:19|,3.79526753551538,5.434946845519621,2,2,A71EV2A-x5288a; A71EV2A-x5288b
smina_crystal,CCN(CC1CC1)C(=O)c1cccc(CC(=O)N2CCC[C@H](C(N)=O)C2)c1 |a:21|,4.908336601699183,4.830628131882599,1,1,A71EV2A-x3944a
smina_crystal,CCN(c1ncnc(SC)c1CC(=O)N1CCC[C@H](C(N)=O)C1)C(C)C |a:18|,5.941351132986486,5.336548242687839,1,1,A71EV2A-x7432a
smina_crystal,CCOC(=O)N[C@H](C(=O)N1CC[C@H](C(N)=O)C1)c1ccccc1SC |o1:6|,4.606251898190906,5.4885295173536734,1,1,A71EV2A-x6844a
smina_crystal,"CCS(=O)(=O)N1CCN(c2ncnc(SC)c2CC(=O)N2CCC[C@H](C(N)=O)C2)[C@H](C)C1 |a:24,29|",5.887521899626527,5.892459300402551,1,1,A71EV2A-x7446a
smina_crystal,CCS(=O)(=O)c1ccc(OC)c(NC(=O)N2CCC[C@H](C(N)=O)C2)c1 |a:19|,4.09366495819491,5.650688567647631,2,2,A71EV2A-x4309a; A71EV2A-x4309b
smina_crystal,"CC[C@@H]1CCCN1c1ncnc(SC)c1CC(=O)N1CCC[C@H](C(N)=O)C1 |a:2,22|",5.359471394334077,5.629435085160239,2,2,A71EV2A-x7510a; A71EV2A-x7510b
smina_crystal,"CC[C@@H]1CS[C@H](C(N)=O)CN1C(=O)Oc1cc(Br)ccc1SC |o1:2,5|",4.170150986564742,5.716230217470364,1,1,A71EV2A-x7321a
smina_crystal,"CC[C@H](c1cc(F)cc(Br)c1)N1C[C@H](C(N)=O)CCC1=O |&1:2,&2:13|",4.7121982700697735,5.434507042467631,1,1,A71EV2A-x5699a
smina_crystal,"CC[C@H](c1ccc(Cl)c(Cl)c1)N1C[C@H](C(N)=O)CCC1=O |&1:2,&2:13|",4.012372581165862,4.9210882896259704,1,1,A71EV2A-x5676a
smina_crystal,"CC[C@H]1CCCN1c1ncnc(SC)c1CC(=O)N1CCC[C@H](C(N)=O)C1 |a:2,22|",7.302627133357621,5.724740406526361,1,1,A71EV2A-x7011a
smina_crystal,"CC[C@H]1CS[C@H](C(N)=O)CN1C(=O)Oc1cc(Br)ccc1SC |o1:2,5|",7.112683897314732,5.099728959293234,1,1,A71EV2A-x7613a
smina_crystal,CCc1ccsc1CN1C[C@H](C(N)=O)CCC1=O |&1:10|,4.668737062060432,5.101568802060723,1,1,A71EV2A-x4954a
smina_crystal,CCn1nccc1C(=O)N[C@H](C(=O)N1CC[C@H](C(N)=O)C1)c1ccccc1SC |&1:10|,4.197688573451602,5.941343409631184,1,1,A71EV2A-x6945a
smina_crystal,CN(C)C(=O)[C@@H](c1ccccc1)N1C[C@H](C(N)=O)CC1=O |o1:14|,4.003097753980533,5.373850871547415,1,1,A71EV2A-x5497a
smina_crystal,CN(C)S(=O)(=O)c1cccnc1,5.10745472442027,1.7549534484045177,2,2,A71EV2A-x2448a; A71EV2A-x2448b
smina_crystal,CN1c2ccccc2C[C@H]1C(=O)N1CCC[C@H](C(N)=O)C1 |&1:9|,4.598941671349912,5.809468464492135,2,2,A71EV2A-x4583a; A71EV2A-x4583b
smina_crystal,"CNC(=O)[C@@H](c1cccc(C)c1)N1C[C@H](C(N)=O)CC1=O |&1:4,14|",4.596879478824183,5.512997227146022,1,1,A71EV2A-x5317a
smina_crystal,"CNC(=O)[C@@H]1CCN1c1ncnc(SC)c1CC(=O)N1CCC[C@H](C(N)=O)C1 |a:4,23|",5.553061207453266,5.8408044319463865,1,1,A71EV2A-x7297a
smina_crystal,CNC(=O)c1cn(C)c2ccccc12,4.822826736702125,4.17965364448036,1,1,A71EV2A-x3066a
smina_crystal,CNC(=O)c1nn(C)c2ccccc12,5.376184576266073,4.115757591077154,1,1,A71EV2A-x2290a
smina_crystal,CNC(=O)c1oc2ccccc2c1CN1C[C@H](C(N)=O)CCC1=O |&1:16|,4.027340564735919,5.68082607178521,1,1,A71EV2A-x5226a
smina_crystal,CNS(=O)(=O)c1ccccc1Cl,6.034867358576641,2.2385388942195585,1,1,A71EV2A-x2458a
smina_crystal,CNc1ncnc(SC)c1CC(=O)N1CCC[C@H](C(N)=O)C1 |a:17|,5.471985787685622,5.618330058097504,1,1,A71EV2A-x6021a
smina_crystal,COC(=O)N1CCCN(c2ncnc(SC)c2CC(=O)N2CCC[C@H](C(N)=O)C2)CC1 |a:24|,5.745487997043694,6.338324304458627,1,1,A71EV2A-x7018a
smina_crystal,"COC(=O)N[C@H]1CCN(c2ncnc(SC)c2CC(=O)N2CCC[C@H](C(N)=O)C2)C1 |a:5,24|",7.272545074821092,5.863337008309981,1,1,A71EV2A-x7589a
smina_crystal,COCC(=O)Nc1c(Cl)cc(C)cc1OCc1ncccn1,4.858392228943246,3.4735168592823387,2,2,A71EV2A-x3522a; A71EV2A-x3522b
smina_crystal,COCC(=O)Nc1c(Cl)cc(C)cc1Oc1cccc(C(N)=O)c1,4.822657723022635,5.7429702430313245,1,1,A71EV2A-x3488a
smina_crystal,"COC[C@@H]1CCCN1c1ncnc(SC)c1CC(=O)N1CCC[C@H](C(N)=O)C1 |a:3,23|",5.028984985837811,5.365633884526078,1,1,A71EV2A-x7161a
smina_crystal,"COC[C@@H]1CCN1c1ncnc(SC)c1CC(=O)N1CCC[C@H](C(N)=O)C1 |a:3,22|",5.357972475219064,5.512388832924103,2,2,A71EV2A-x7353a; A71EV2A-x7353b
smina_crystal,"COC[C@@]1(C)C[C@H](C(N)=O)CN1C(=O)Cc1cc(Br)ccc1SC |&1:3,6|",5.510062512868513,5.279916269693326,1,1,A71EV2A-x5398a
smina_crystal,COC[C@H](C)NC(=O)c1nn(C)c2ccccc12 |&1:3|,4.747146969020107,4.324341518534035,1,1,A71EV2A-x3176a
smina_crystal,"COC[C@H]1CCCN1c1ncnc(SC)c1CC(=O)N1CCC[C@H](C(N)=O)C1 |a:3,23|",7.197280846039433,5.350152817096048,1,1,A71EV2A-x7175a
smina_crystal,"COC[C@H]1CC[C@H](C(N)=O)CN1C(=O)Cc1ccccc1SC |o1:3,6|",4.011460574435142,5.638487697980356,1,1,A71EV2A-x5488a
smina_crystal,"COC[C@]1(C(=O)N2CCC[C@H](C(N)=O)C2)CCCCO1 |&1:3,&2:10|",6.0,5.449181804302348,1,1,A71EV2A-x3936a
smina_crystal,COC[C@]12C[C@@](C(N)=O)(CN1C(=O)Cc1ccccc1OC)C2 |o1:3|,4.028724151261895,5.298527268843349,2,2,A71EV2A-x4963a; A71EV2A-x4963b
smina_crystal,COCc1ccccc1CC(=O)N1CCC[C@H](C(N)=O)C1 |a:16|,4.576757218249551,5.698916637323711,1,1,A71EV2A-x4368a
smina_crystal,COCc1ccccc1NC(=O)N1CCC[C@H](C(N)=O)C1 |a:16|,4.816470464384151,5.401455843110622,1,1,A71EV2A-x3483a
smina_crystal,"CO[C@@H]1CCCN(c2ncnc(SC)c2CC(=O)N2CCC[C@H](C(N)=O)C2)C1 |a:2,22|",6.170052776781682,5.721537174297704,1,1,A71EV2A-x7238a
smina_crystal,CO[C@H](C(=O)N1CCC[C@H](C(N)=O)C1)c1ccccc1C |&1:2|,4.928117992693875,5.735764803029564,1,1,A71EV2A-x3939a
smina_crystal,"CO[C@H](C(=O)N1CCC[C@H](C(N)=O)C1)c1cccnc1 |&1:2,&2:9|",4.227015096629662,5.4390223538013895,1,1,A71EV2A-x3937a
smina_crystal,COc1c(NC(=O)N2CCC[C@H](C(N)=O)C2)cccc1C(F)(F)F |a:11|,5.032452023781138,5.666785359350445,2,2,A71EV2A-x4310a; A71EV2A-x4310b
smina_crystal,COc1cc(Br)c(CC(=O)N2CCC[C@H](C(N)=O)C2)cc1OC |a:14|,3.720229830921272,4.875055570184404,1,1,A71EV2A-x4845a
smina_crystal,COc1cc(Cl)ccc1CC(=O)N1CCC[C@H](C(N)=O)C1 |a:16|,4.018634490921456,5.7424571394706705,1,1,A71EV2A-x4203a
smina_crystal,COc1cc(NC(=O)C[C@H](C)C(F)(F)F)n(C)n1 |&1:9|,4.632048101200719,2.9064421340979605,2,2,A71EV2A-x1445a; A71EV2A-x1445b
smina_crystal,COc1ccc(C(F)(F)F)cc1CC(=O)N1CCC[C@H](C(N)=O)C1 |a:19|,4.449959375475284,5.081315871516607,1,1,A71EV2A-x4028a
smina_crystal,COc1ccc(C(F)(F)F)cc1CC(=O)N1CCS[C@H](C(N)=O)C1 |o1:19|,4.828494707777949,5.403354326285043,1,1,A71EV2A-x4778a
smina_crystal,COc1ccc(C(F)(F)F)cc1N(C)C(=O)N1CCC[C@H](C(N)=O)C1 |a:20|,4.561127532480804,4.715539003227817,1,1,A71EV2A-x4843a
smina_crystal,COc1ccc(C(F)(F)F)cc1NC(=O)N1CCC[C@H](C(N)=O)C1 |a:19|,4.069229199277436,6.128032475149855,1,1,A71EV2A-x4429a
smina_crystal,COc1ccc(CC(=O)N2CCC[C@H](C(N)=O)C2)c(OC)c1 |a:13|,4.635207042042172,5.839459367612385,2,2,A71EV2A-x3557a; A71EV2A-x3557b
smina_crystal,COc1ccc(Cl)c2c1C(=O)C(=O)N2,4.628932137728264,2.2793599474950494,1,1,A71EV2A-x2513a
smina_crystal,COc1ccc(Cl)cc1CC(=O)N1CCC[C@H](C(N)=O)C1 |a:16|,4.727236212379233,5.2336636487257655,1,1,A71EV2A-x3940a
smina_crystal,COc1ccc(Cl)cc1NS(=O)(=O)N1CCC[C@H](C(N)=O)C1 |a:17|,3.989247537499024,5.463079580745215,1,1,A71EV2A-x5278a
smina_crystal,COc1ccc(Cl)cc1OC(=O)N1CCC[C@H](C(N)=O)C1 |a:16|,5.262803072736122,5.754529733247781,4,4,A71EV2A-x4829a; A71EV2A-x4829b; A71EV2A-x4903a; A71EV2A-x4903b
smina_crystal,COc1ccc(F)cc1CC(=O)N1CCC[C@H](C(N)=O)C1 |a:16|,4.2094239507757765,5.893888660321518,1,1,A71EV2A-x3546a
smina_crystal,COc1ccc2c(n1)[C@H](C(=O)N1CCC[C@H](C(N)=O)C1)CC2 |&1:8|,4.452380443994761,6.1507922830903095,1,1,A71EV2A-x3954a
smina_crystal,COc1cccc(CN2C[C@H](C(N)=O)CCC2=O)c1 |&1:10|,4.608183969818477,5.227480750819879,2,2,A71EV2A-x5036a; A71EV2A-x5036b
smina_crystal,COc1cccc(Cl)c1CC(=O)N1CCC[C@@H](C(N)=O)C1 |a:16|,4.620456050805198,5.8701026452597524,2,2,A71EV2A-x3858a; A71EV2A-x3858b
smina_crystal,COc1cccc(Cl)c1CC(=O)N1CCC[C@H](C(N)=O)C1 |a:16|,4.78560502978966,6.24977728999141,1,1,A71EV2A-x3942a
smina_crystal,COc1cccc(Cl)c1CC(=O)N1CCC[C@H](C(N)=O)C1 |o1:16|,4.37828501116997,5.2433173257169345,1,1,A71EV2A-x4209a
smina_crystal,"COc1cccc(Cl)c1CC(=O)N1C[C@H](C(N)=O)C[C@H](C(=O)NC2CC2)C1 |o1:14,19|",4.899323290233971,5.716101941580201,2,2,A71EV2A-x3993a; A71EV2A-x3993b
smina_crystal,"COc1cccc(Cl)c1CC(=O)N1C[C@H](C(N)=O)[C@H]2CCC[C@H]21 |&1:14,&2:18,22|",4.819608655063361,6.5793070567454,1,1,A71EV2A-x4239a
smina_crystal,COc1cccc(Cl)c1NC(=O)N1CCC[C@H](C(N)=O)C1 |a:16|,4.465918205168407,6.037924159848075,2,2,A71EV2A-x4035a; A71EV2A-x4035b
smina_crystal,COc1cccc(Cl)c1NC(=O)N1CC[C@H](C(N)=O)C1 |a:15|,4.612119831707907,5.878763100358512,2,2,A71EV2A-x3992a; A71EV2A-x3992b
smina_crystal,COc1cccc(NC(=O)N2CCC[C@H](C(N)=O)C2)c1 |a:14|,4.956109291095229,6.039727352361231,1,1,A71EV2A-x3485a
smina_crystal,COc1cccc(NC(=O)N2CCC[C@H](C(N)=O)C2)c1Cl |a:14|,4.612661045864782,5.535524916809039,3,3,A71EV2A-x4524a; A71EV2A-x4873a; A71EV2A-x4873b
smina_crystal,COc1cccc(NC(=O)N2CCC[C@H](C(N)=O)C2)n1 |a:14|,5.072431269429168,5.924345021671789,1,1,A71EV2A-x4298a
smina_crystal,COc1cccc(SC(C)C)c1NC(=O)N1CCC[C@H](C(N)=O)C1 |a:19|,5.313218576201494,5.583428020896704,2,2,A71EV2A-x5289a; A71EV2A-x5289b
smina_crystal,COc1cccc(SC)c1NC(=O)N1CCC[C@H](C(N)=O)C1 |a:17|,5.161195917717353,4.121291779481355,1,1,A71EV2A-x4554a
smina_crystal,"COc1cccc2c1CC[C@H]2N1C[C@H](C(N)=O)CCC1=O |&1:10,&2:13|",4.789637072991269,3.9433181444429426,1,1,A71EV2A-x4316a
smina_crystal,COc1cccc2c1N(C(=O)N1CCC[C@H](C(N)=O)C1)CCS2 |a:15|,4.29598340377612,6.466387623147099,1,1,A71EV2A-x5389a
smina_crystal,COc1ccccc1CC(=O)N(C)CCC(N)=O,4.935542010773082,4.75990780112269,1,1,A71EV2A-x3977a
smina_crystal,COc1ccccc1CC(=O)N1CCCC[C@H](C(N)=O)C1 |&1:16|,4.952204384072568,5.96935519901748,2,2,A71EV2A-x3571a; A71EV2A-x3571b
smina_crystal,COc1ccccc1CC(=O)N1CCC[C@H](C(N)=O)C1 |&1:15|,4.128427064454121,5.295624568700218,1,1,A71EV2A-x3186a
smina_crystal,COc1ccccc1CC(=O)N1CCC[C@H](C(N)=O)CC1 |&1:15|,4.952188702489189,5.545736899341206,2,2,A71EV2A-x4018a; A71EV2A-x4018b
smina_crystal,COc1ccccc1CC(=O)N1CCN[C@H](C(N)=O)C1 |&1:15|,5.622664040174432,5.416225895606602,1,1,A71EV2A-x3901a
smina_crystal,COc1ccccc1CC(=O)N1CCO[C@@H](C(N)=O)C1 |a:15|,4.615695746966642,5.158252085411302,1,1,A71EV2A-x3663a
smina_crystal,COc1ccccc1CC(=O)N1CC[C@@H](O)C1 |a:14|,4.951406063714552,4.455578749247698,1,1,A71EV2A-x3621a
smina_crystal,COc1ccccc1CC(=O)N1CC[C@H](CC(N)=O)C1 |&1:14|,5.055150304924533,5.666952118007659,4,4,A71EV2A-x3694a; A71EV2A-x3694b; A71EV2A-x4032a; A71EV2A-x4032b
smina_crystal,COc1ccccc1CC(=O)N1CC[C@H](NC(N)=O)C1 |&1:14|,5.056011124926228,5.875871395291681,1,1,A71EV2A-x3685a
smina_crystal,COc1ccccc1CC(=O)N1C[C@H](C(N)=O)CC(F)(F)C1 |&1:13|,5.41096889227547,6.07562261145444,1,1,A71EV2A-x3665a
smina_crystal,"COc1ccccc1CC(=O)N1C[C@H](C(N)=O)CC[C@@H]1C |&1:13,19|",4.411260481653311,5.979870156985463,1,1,A71EV2A-x3550a
smina_crystal,"COc1ccccc1CC(=O)N1C[C@H](C(N)=O)[C@@H](C(F)(F)F)C1 |&1:13,17|",5.110698297493689,5.756244965150541,1,1,A71EV2A-x3990a
smina_crystal,"COc1ccccc1CC(=O)N1C[C@H](C)[C@@H](C(N)=O)C1 |&1:13,15|",5.303920706565589,5.892056147604895,1,1,A71EV2A-x3634a
smina_crystal,"COc1ccccc1CC(=O)N1C[C@]2(C(N)=O)CC[C@H]1C2 |a:13,19|",4.621697158125564,4.810836994543073,1,1,A71EV2A-x4476a
smina_crystal,COc1ccccc1CCN1C[C@H](C(N)=O)CC1=O |&1:12|,5.044970753420985,4.333921895016539,1,1,A71EV2A-x3956a
smina_crystal,COc1ccccc1CN1C[C@H](C(N)=O)CC1=O |&1:11|,4.62709189585908,5.07754822537123,1,1,A71EV2A-x3895a
smina_crystal,COc1ccccc1CN1C[C@H](C(N)=O)CCC1=O |&1:11|,4.956855685489159,5.360579814453631,2,2,A71EV2A-x3579a; A71EV2A-x4029a
smina_crystal,COc1ccccc1NC(=O)Nc1cccnc1,4.740875707793589,4.384550556351395,1,1,A71EV2A-x2629a
smina_crystal,COc1ccccc1S(=O)(=O)N1CCC[C@H](C(N)=O)C1 |a:15|,5.161780778092374,4.921682023746156,2,2,A71EV2A-x4214a; A71EV2A-x4214b
smina_crystal,COc1ccccc1[C@H](C)C(=O)N1CCC[C@H](C(N)=O)C1 |o1:8|,5.415903931859735,5.167997388038302,2,2,A71EV2A-x4445a; A71EV2A-x4445b
smina_crystal,"COc1ccccc1[C@H](C)CN1C[C@H](C(N)=O)CC1=O |&1:8,&2:13|",4.917407524166997,4.191227794798549,1,1,A71EV2A-x4313a
smina_crystal,"COc1ccccc1[C@H](C)N1C[C@H](C(N)=O)CCC1=O |&1:8,&2:12|",5.565980102355844,5.249892381344178,1,1,A71EV2A-x4661a
smina_crystal,COc1ccccc1[C@H](N)C(=O)N1CCC[C@H](C(N)=O)C1 |o1:8|,5.349983835684398,5.61489226424112,1,1,A71EV2A-x3890a
smina_crystal,COc1ccccc1[C@H](NC(=O)OC(C)(C)C)C(=O)N1CCC[C@H](C(N)=O)C1 |o1:8|,4.930769702637148,5.476728135458622,2,2,A71EV2A-x3884a; A71EV2A-x3884b
smina_crystal,COc1ccccc1[C@H](NC(C)=O)C(=O)N1CCC[C@H](C(N)=O)C1 |o1:8|,5.238439218136987,5.614908756855569,4,4,A71EV2A-x4207a; A71EV2A-x4207b; A71EV2A-x4449a; A71EV2A-x4449b
smina_crystal,"COc1ccccc1[C@H](O)CN1C[C@H](C(N)=O)CC1=O |&1:8,&2:13|",5.276902343492681,3.5860148149558166,1,1,A71EV2A-x4295a
smina_crystal,"COc1ccccc1[C@H](O)CN1C[C@H](C(N)=O)CCC1=O |&1:8,&2:13|",5.212129340035951,4.418730583541845,1,1,A71EV2A-x4406a
smina_crystal,COc1ccccc1[C@H](OC)C(=O)N1CCC[C@H](C(N)=O)C1 |o1:8|,5.523700643055132,5.5817054589430795,2,2,A71EV2A-x3862a; A71EV2A-x3883a
smina_crystal,COc1cccnc1CC(=O)N1CCC[C@H](C(N)=O)C1 |a:15|,4.648165195719463,5.7076577229820025,2,2,A71EV2A-x4283a; A71EV2A-x4283b
smina_crystal,COc1cccnc1CN1CCC[C@H](C(N)=O)C1 |a:13|,5.576653344896242,5.164467968546086,2,2,A71EV2A-x4274a; A71EV2A-x4274b
smina_crystal,COc1ccncc1CC(=O)N1CCC[C@H](C(N)=O)C1 |&1:15|,4.443671499997475,5.701870647822907,1,1,A71EV2A-x3229a
smina_crystal,COc1ccncc1CC(=O)N1CCC[C@H](C(N)=O)C1 |a:15|,4.7516996536545095,5.668496926227771,1,1,A71EV2A-x3548a
smina_crystal,COc1ncc(-c2ccc(SC)c(CC(=O)N3CCC[C@H](C(N)=O)C3)c2)cc1C#N |a:20|,5.612933991649193,5.846741773148245,1,1,A71EV2A-x5877a
smina_crystal,COc1ncc(Br)cc1CC(=O)N1CCC[C@H](C(N)=O)C1 |a:16|,4.832067775571805,6.016241869384992,1,1,A71EV2A-x4388a
smina_crystal,COc1ncccc1-c1ccc(SC)c(CC(=O)N2CCC[C@H](C(N)=O)C2)c1 |a:22|,5.926316446103106,6.12359046432476,1,1,A71EV2A-x6736a
smina_crystal,COc1ncccc1CC(=O)N1CCC[C@H](C(N)=O)C1 |&1:15|,4.324153048333832,5.237013481971752,1,1,A71EV2A-x3201a
smina_crystal,COc1ncccc1CC(=O)N1CCC[C@H](C(N)=O)C1 |a:15|,4.286509456906058,5.690435768471181,1,1,A71EV2A-x4347a
smina_crystal,COc1ncccc1CC(=O)N1CCC[C@H](C(N)=O)C1 |o1:15|,4.939681121858298,5.995336564313759,2,2,A71EV2A-x3849a; A71EV2A-x3869a
smina_crystal,COc1ncccc1NC(=O)N1CCC[C@H](C(N)=O)C1 |a:15|,4.487273331768478,6.191422755043272,2,2,A71EV2A-x4031a; A71EV2A-x4031b
smina_crystal,COc1ncccc1NC(=O)N1CC[C@H](C(N)=O)C1 |a:14|,4.618016608302379,4.901018610353517,1,1,A71EV2A-x4418a
smina_crystal,COc1ncccc1NS(=O)(=O)N1CCC[C@H](C(N)=O)C1 |a:16|,4.601213898998983,5.590237638151676,2,2,A71EV2A-x4899a; A71EV2A-x4899b
smina_crystal,CS(=O)(=O)c1ccccc1CC(=O)N1CCC[C@H](C(N)=O)C1 |a:17|,4.018181392829336,5.2065424605197475,1,1,A71EV2A-x4675a
smina_crystal,CSCC1(CC(=O)N2CCC[C@H](C(N)=O)C2)CC1 |a:11|,4.0270354434741735,4.382270910531917,1,1,A71EV2A-x4701a
smina_crystal,"CSC[C@H]1C[C@H]1C(=O)N1CCC[C@H](C(N)=O)C1 |&1:3,5|",4.808721339045607,4.7566899087923,1,1,A71EV2A-x4736a
smina_crystal,"CS[C@@H]1CCCC[C@H]1OC(=O)N1CCC[C@H](C(N)=O)C1 |o1:2,7|",3.5961527992975952,4.6793138918456165,1,1,A71EV2A-x5231a
smina_crystal,CSc1c(Br)cccc1CC(=O)N1CCC[C@H](C(N)=O)C1 |a:16|,4.472492797097293,5.128697320317608,1,1,A71EV2A-x4290a
smina_crystal,CSc1c(F)cccc1NC(=O)N1CCC[C@H](C(N)=O)C1 |a:16|,4.319967775442991,5.902486809987912,1,1,A71EV2A-x4851a
smina_crystal,CSc1c(NC(=O)N2CCC[C@H](C(N)=O)C2)c(C)nn1C |a:11|,4.6073172842698655,4.432269187492254,1,1,A71EV2A-x4727a
smina_crystal,CSc1ccc(-c2cc(C#N)ncc2F)cc1CC(=O)N1CCC[C@H](C(N)=O)C1 |a:24|,5.682717212000788,6.233959040221522,1,1,A71EV2A-x6769a
smina_crystal,CSc1ccc(-c2cc(C)c(=O)n(C)c2)cc1CC(=O)N1CCC[C@H](C(N)=O)C1 |a:24|,6.031014087429405,6.032987370589492,2,2,A71EV2A-x5879a; A71EV2A-x5879b
smina_crystal,CSc1ccc(-c2cc(C)nn2C)cc1OC(=O)N1CCC[C@H](C(N)=O)C1 |a:22|,5.436862866226505,6.226914861338824,1,1,A71EV2A-x7260a
smina_crystal,CSc1ccc(-c2cc[nH]n2)cc1CC(=O)N1CCC[C@H](C(N)=O)C1 |a:20|,5.955905430140241,5.877421701049944,2,2,A71EV2A-x5525a; A71EV2A-x5525b
smina_crystal,"CSc1ccc(-c2cc[nH]n2)cc1CC(=O)N1C[C@H](C(N)=O)C[C@H]2C[C@H]21 |&1:18,23,25|",6.340503680200894,6.262359322303744,2,2,A71EV2A-x7576a; A71EV2A-x7576b
smina_crystal,CSc1ccc(-c2cc[nH]n2)cc1OC(=O)N1CCC[C@H](C(N)=O)C1 |a:20|,6.343392058545723,5.890318925549536,1,1,A71EV2A-x7597a
smina_crystal,CSc1ccc(-c2ccc(N3CCN(C)CC3)nc2)cc1OC(=O)N1CCC[C@H](C(N)=O)C1 |a:28|,6.646304383229654,6.027390876752926,1,1,A71EV2A-x7261a
smina_crystal,CSc1ccc(-c2cccc3cnn(C)c23)cc1CC(=O)N1CCC[C@H](C(N)=O)C1 |a:25|,4.852511447271943,6.711526514275174,1,1,A71EV2A-x6025a
smina_crystal,CSc1ccc(-c2ccccc2)cc1CC(=O)N1CCC[C@H](C(N)=O)C1 |a:21|,5.7575850142068425,5.785257306480114,1,1,A71EV2A-x5526a
smina_crystal,CSc1ccc(-c2ccccn2)cc1OC(=O)N1CCC[C@H](C(N)=O)C1 |a:21|,6.363385275343752,5.782332616184384,1,1,A71EV2A-x7442a
smina_crystal,"CSc1ccc(-c2ccccn2)cc1OC(=O)N1C[C@H](C(N)=O)C[C@H]2C[C@H]21 |&1:19,24,26|",6.770247859071493,6.129875982942776,2,2,A71EV2A-x7350a; A71EV2A-x7350b
smina_crystal,"CSc1ccc(-c2cccnc2)cc1OC(=O)N1C[C@H](C(N)=O)C[C@@H]2C[C@@H]21 |&1:19,24,26|",6.025403843721281,5.962160754092019,1,1,A71EV2A-x7032a
smina_crystal,"CSc1ccc(-c2cccnc2)cc1OC(=O)N1C[C@H](C(N)=O)C[C@H]2C[C@H]21 |&1:19,24,26|",6.615017621163278,6.261182849139671,1,1,A71EV2A-x7070a
smina_crystal,CSc1ccc(-c2cccnc2C(C)C)cc1CC(=O)N1CCC[C@H](C(N)=O)C1 |a:24|,5.633026106559719,6.37207918869882,1,1,A71EV2A-x6778a
smina_crystal,CSc1ccc(-c2cccnc2N)cc1OC(=O)N1CCC[C@H](C(N)=O)C1 |a:22|,6.467825319983038,5.9749077125488474,2,2,A71EV2A-x7301a; A71EV2A-x7301b
smina_crystal,CSc1ccc(-c2ccnc(N(C)C)c2)cc1CC(=O)N1CCC[C@H](C(N)=O)C1 |a:24|,6.212710086334884,6.169014789544407,1,1,A71EV2A-x6791a
smina_crystal,CSc1ccc(-c2ccncc2)cc1CC(=O)N1CCC[C@H](C(N)=O)C1 |a:21|,5.983523026568097,5.87620857763154,1,1,A71EV2A-x5509a
smina_crystal,"CSc1ccc(-c2ccncc2)cc1CC(=O)N1C[C@H](C(N)=O)C[C@H]2C[C@H]21 |&1:19,24,26|",6.743785006270056,6.129894308069943,1,1,A71EV2A-x7256a
smina_crystal,"CSc1ccc(-c2ccncc2)cc1CC(=O)N1C[C@H](C(N)=O)C[C@H]2C[C@H]21 |o1:19,24,26|",4.917388969413124,6.200138185523531,1,1,A71EV2A-x7445a
smina_crystal,"CSc1ccc(-c2ccncc2)cc1NC(=O)N1C[C@H](C(N)=O)C[C@H]2C[C@H]21 |&1:19,24,26|",5.742028204896328,6.7634086143082,1,1,A71EV2A-x6746a
smina_crystal,"CSc1ccc(-c2ccncc2)cc1OC(=O)N1C[C@H](C(N)=O)C[C@H]2C[C@H]21 |&1:19,24,26|",6.058389757043434,5.820397570334074,1,1,A71EV2A-x7184a
smina_crystal,CSc1ccc(-c2ccnn2C(C)(C)C)cc1OC(=O)N1CCC[C@H](C(N)=O)C1 |a:24|,4.912085112444354,5.8697837880470605,2,2,A71EV2A-x7167a; A71EV2A-x7167b
smina_crystal,"CSc1ccc(-c2ccnn2C2CCC2)cc1OC(=O)N1C[C@H](C(N)=O)C[C@H]2C[C@H]21 |&1:22,27,29|",6.6437811411974925,6.0014864769907454,1,1,A71EV2A-x7044a
smina_crystal,"CSc1ccc(-c2cn[nH]c2)cc1CC(=O)N1C[C@H](C(N)=O)C[C@H]2C[C@H]21 |&1:18,23,25|",6.438312682607372,5.941409380088981,1,1,A71EV2A-x5836a
smina_crystal,"CSc1ccc(-c2cn[nH]c2)cc1OC(=O)N1C[C@H](C(N)=O)C[C@@H]2C[C@@H]21 |&1:18,23,25|",5.626220997937759,5.847980551744682,1,1,A71EV2A-x7379a
smina_crystal,"CSc1ccc(-c2cn[nH]c2)cc1OC(=O)N1C[C@H](C(N)=O)C[C@H]2C[C@H]21 |&1:18,23,25|",6.775141043530828,6.166134079553876,1,1,A71EV2A-x7323a
smina_crystal,CSc1ccc(-c2cncc(C)c2C)cc1CC(=O)N1CCC[C@H](C(N)=O)C1 |a:23|,5.401951923140469,6.542158358954022,1,1,A71EV2A-x6032a
smina_crystal,CSc1ccc(-c2cncc(S(C)(=O)=O)c2)cc1CC(=O)N1CCC[C@H](C(N)=O)C1 |a:25|,5.687762124194347,6.220306820482681,2,2,A71EV2A-x6948a; A71EV2A-x6948b
smina_crystal,CSc1ccc(-c2cncc3ccccc23)cc1CC(=O)N1CCC[C@H](C(N)=O)C1 |a:25|,5.484126156288321,6.660186838006267,1,1,A71EV2A-x6035a
smina_crystal,"CSc1ccc(-c2cnco2)cc1OC(=O)N1C[C@H](C(N)=O)C[C@H]2C[C@H]21 |&1:18,23,25|",6.622961397710664,5.745997554039186,1,1,A71EV2A-x7002a
smina_crystal,"CSc1ccc(-c2cnn[nH]2)cc1OC(=O)N1C[C@H](C(N)=O)C[C@H]2C[C@H]21 |&1:18,23,25|",6.821074156272469,6.079544188668013,1,1,A71EV2A-x7410a
smina_crystal,CSc1ccc(-c2cnnn2C)cc1CC(=O)N1CCC[C@H](C(N)=O)C1 |a:21|,5.437915347454481,6.159185191332442,1,1,A71EV2A-x6925a
smina_crystal,CSc1ccc(-c2csc(C(F)F)c2)cc1CC(=O)N1CCC[C@H](C(N)=O)C1 |a:23|,6.104588372500485,5.65966421493365,1,1,A71EV2A-x5864a
smina_crystal,"CSc1ccc(-c2ocnc2C)cc1OC(=O)N1C[C@H](C(N)=O)C[C@H]2C[C@H]21 |&1:19,24,26|",5.964275769895213,6.318335255745706,1,1,A71EV2A-x7287a
smina_crystal,CSc1ccc(-n2cccn2)cc1CC(=O)N1CCC[C@H](C(N)=O)C1 |a:20|,6.017614181634599,5.819921117027752,1,1,A71EV2A-x5604a
smina_crystal,CSc1ccc(-n2ccnc2)cc1CC(=O)N1CCC[C@H](C(N)=O)C1 |a:20|,5.816743356703912,5.573345535929846,1,1,A71EV2A-x5833a
smina_crystal,CSc1ccc(Br)cc1CC(=O)N1CCC[C@H](C(N)=O)C1 |a:16|,6.504803930407411,5.843743782343849,1,1,A71EV2A-x4431a
smina_crystal,CSc1ccc(Br)cc1CC(=O)N1CCC[C@H](C(N)=O)CC1 |&1:16|,4.084730020129478,5.764989715834265,2,2,A71EV2A-x5203a; A71EV2A-x5203b
smina_crystal,"CSc1ccc(Br)cc1CC(=O)N1CCC[C@H](C(N)=O)[C@@H]1C |o1:16,20|",4.01122507362837,5.073589997903325,1,1,A71EV2A-x5494a
smina_crystal,CSc1ccc(Br)cc1CC(=O)N1CC[C@H](C(N)=O)C1 |a:15|,4.166573738364501,5.561045710575874,1,1,A71EV2A-x4856a
smina_crystal,"CSc1ccc(Br)cc1CC(=O)N1C[C@H](C(N)=O)CC[C@@H]1C |o1:14,20|",5.370420577541523,5.819393353365365,2,2,A71EV2A-x5247a; A71EV2A-x5247b
smina_crystal,"CSc1ccc(Br)cc1CC(=O)N1C[C@H](C(N)=O)CC[C@H]1C |o1:14,20|",5.163175522827518,5.6152605992971605,4,4,A71EV2A-x5339a; A71EV2A-x5339b; A71EV2A-x5366a; A71EV2A-x5366b
smina_crystal,"CSc1ccc(Br)cc1CC(=O)N1C[C@H](C(N)=O)[C@H]2C[C@H]21 |o1:14,18,20|",4.590066876668706,5.580851508017133,1,1,A71EV2A-x7359a
smina_crystal,"CSc1ccc(Br)cc1CC(=O)N1[C@H]2CC[C@H](C(N)=O)[C@@H]1CC2 |o1:13,16,20|",4.022734028686543,5.874771887661708,2,2,A71EV2A-x5758a; A71EV2A-x5758b
smina_crystal,"CSc1ccc(Br)cc1OC(=O)N1C[C@H](C(N)=O)CC[C@@H]1C |o1:14,20|",4.757850080326607,5.556031955783194,2,2,A71EV2A-x5819a; A71EV2A-x5819b
smina_crystal,"CSc1ccc(Br)cc1OC(=O)N1C[C@H](C(N)=O)CC[C@@H]1CO |&1:14,20|",5.994964027913848,5.662237062787788,1,1,A71EV2A-x7558a
smina_crystal,"CSc1ccc(Br)cc1OC(=O)N1C[C@H](C(N)=O)C[C@@H]2C[C@@H]21 |&1:14,19,21|",6.134970625328986,5.982179123008407,1,1,A71EV2A-x5830a
smina_crystal,"CSc1ccc(Br)cc1OC(=O)N1C[C@H](C(N)=O)C[C@H]2C[C@H]21 |&1:14,19,21|",6.442779415416162,5.895882434157203,1,1,A71EV2A-x6932a
smina_crystal,CSc1ccc(Br)cc1[C@H](NC(=O)OC(C)(C)C)C(=O)N1CC[C@H](C(N)=O)C1 |&1:9|,4.616253373468555,5.000208858678879,1,1,A71EV2A-x5891a
smina_crystal,CSc1ccc(C(=O)N(C)C2CCC(C)(C)CC2)cc1CC(=O)N1CCC[C@H](C(N)=O)C1 |a:27|,4.8542464945359285,6.092217846616176,1,1,A71EV2A-x7307a
smina_crystal,CSc1ccc(C(=O)N2CC=CCC23CCC3)cc1CC(=O)N1CCC[C@H](C(N)=O)C1 |a:26|,5.727326160448949,6.077880267121319,1,1,A71EV2A-x7318a
smina_crystal,CSc1ccc(C(=O)N2Cc3nccc(C)c3C2)cc1CC(=O)N1CCC[C@H](C(N)=O)C1 |a:27|,5.732131922180389,6.897379953995064,1,1,A71EV2A-x6739a
smina_crystal,CSc1ccc(C(=O)Nc2ccncc2)cc1CC(=O)N1CCC[C@H](C(N)=O)C1 |a:24|,6.058292496038209,6.127863883979925,2,2,A71EV2A-x5512a; A71EV2A-x5512b
smina_crystal,"CSc1ccc(C2=CCN(C)CC2)cc1CC(=O)N1C[C@H](C(N)=O)C[C@H]2C[C@H]21 |o1:20,25,27|",6.217987758487747,6.2648258844203175,2,2,A71EV2A-x7369a; A71EV2A-x7369b
smina_crystal,"CSc1ccc(C2=CCN(C)CC2)cc1OC(=O)N1C[C@H](C(N)=O)C[C@@H]2C[C@@H]21 |&1:20,25,27|",6.4554495427646055,5.996157530010806,1,1,A71EV2A-x7046a
smina_crystal,"CSc1ccc(C2=CCN(C)CC2)cc1OC(=O)N1C[C@H](C(N)=O)C[C@H]2C[C@H]21 |&1:20,25,27|",6.616789569053188,6.37542169189394,1,1,A71EV2A-x7368a
smina_crystal,CSc1ccc(C2=CCNCC2)cc1CC(=O)N1CCC[C@H](C(N)=O)C1 |a:21|,6.359785941635829,5.934401851460616,1,1,A71EV2A-x6827a
smina_crystal,"CSc1ccc(C2=CCOCC2)cc1OC(=O)N1C[C@H](C(N)=O)C[C@H]2C[C@H]21 |&1:19,24,26|",6.278226151900541,6.0870281706027,1,1,A71EV2A-x7021a
smina_crystal,CSc1ccc(C2CC2)cc1CC(=O)N1CCC[C@H](C(N)=O)C1 |a:18|,5.527677465814104,5.184053864461351,1,1,A71EV2A-x5276a
smina_crystal,CSc1ccc(N2CCCC2=O)cc1NC(=O)N1CCC[C@H](C(N)=O)C1 |a:21|,5.06227649451538,6.16014176297052,2,2,A71EV2A-x4986a; A71EV2A-x4986b
smina_crystal,CSc1ccc(N2CCOCC2)cc1NC(=O)N1CCC[C@H](C(N)=O)C1 |a:21|,4.924868863339022,6.009032764357799,2,2,A71EV2A-x5598a; A71EV2A-x5598b
smina_crystal,CSc1ccc(OC2CC2)cc1NC(=O)N1CCC[C@H](C(N)=O)C1 |a:19|,4.674438823846753,5.586744868913792,1,1,A71EV2A-x5533a
smina_crystal,CSc1ccc(S(C)(=O)=O)cc1CC(=O)N1CCC[C@H](C(N)=O)C1 |a:19|,5.609697925694327,5.697886765176969,2,2,A71EV2A-x5449a; A71EV2A-x5449b
smina_crystal,CSc1ccc(SC(C)(C)C)cc1CC(=O)N1CCC[C@H](C(N)=O)C1 |a:20|,5.111221489644668,5.126498305057661,1,1,A71EV2A-x5403a
smina_crystal,CSc1ccc2c(c1)[C@H](C(=O)N1CCC[C@H](C(N)=O)C1)CCO2 |o1:8|,4.060454118763697,5.752041180978608,2,2,A71EV2A-x5475a; A71EV2A-x5475b
smina_crystal,CSc1ccc2cnccc2c1NC(=O)N1CCC[C@H](C(N)=O)C1 |a:19|,5.772572568212773,6.057150883270882,1,1,A71EV2A-x5261a
smina_crystal,CSc1ccc2ncccc2c1NC(=O)N1CCC[C@H](C(N)=O)C1 |a:19|,6.128863936621021,6.064847436680697,2,2,A71EV2A-x4977a; A71EV2A-x4977b
smina_crystal,"CSc1ccc2ncccc2c1NC(=O)N1C[C@H](C(N)=O)C[C@@H]2C[C@@H]21 |o1:17,22,24|",5.669481598088156,6.316290171553954,2,2,A71EV2A-x6877a; A71EV2A-x6980a
smina_crystal,"CSc1ccc2ncccc2c1NC(=O)N1C[C@H](C(N)=O)C[C@H]2C[C@H]21 |&1:17,22,24|",6.155618588158782,6.6074178018183956,1,1,A71EV2A-x5854a
smina_crystal,"CSc1ccc2ncccc2c1OC(=O)N1C[C@H](C(N)=O)C[C@@H]2C[C@@H]21 |o1:17,22,24|",6.223231835566202,6.3516686620610745,2,2,A71EV2A-x7459a; A71EV2A-x7461a
smina_crystal,"CSc1ccc2ncccc2c1OC(=O)N1C[C@H](C(N)=O)C[C@H]2C[C@H]21 |o1:17,22,24|",6.55419279444554,6.004323206676077,3,3,A71EV2A-x7465a; A71EV2A-x7465b; A71EV2A-x7515a
smina_crystal,CSc1ccc2scnc2c1NC(=O)N1CCC[C@H](C(N)=O)C1 |a:18|,5.775683273773221,5.98272521179796,2,2,A71EV2A-x5283a; A71EV2A-x5283b
smina_crystal,CSc1cccc(-c2cc(C(F)(F)F)nn2C)c1CC(=O)N1CCC[C@H](C(N)=O)C1 |a:25|,5.150667872559956,5.639488249923632,2,2,A71EV2A-x6955a; A71EV2A-x6955b
smina_crystal,CSc1cccc(-c2ccc(C(F)(F)F)cc2C#N)c1CC(=O)N1CCC[C@H](C(N)=O)C1 |a:27|,5.656918950334414,5.566763150251736,1,1,A71EV2A-x5884a
smina_crystal,CSc1cccc(-c2ccc(C(F)(F)F)o2)c1CC(=O)N1CCC[C@H](C(N)=O)C1 |a:24|,5.785803993839482,5.538923617060802,1,1,A71EV2A-x5857a
smina_crystal,CSc1cccc(-c2cn(C)c(=O)c3ccccc23)c1CC(=O)N1CCC[C@H](C(N)=O)C1 |a:27|,6.086272291520818,6.814205866812986,1,1,A71EV2A-x6028a
smina_crystal,CSc1cccc(-c2sccc2C2CC2)c1CC(=O)N1CCC[C@H](C(N)=O)C1 |a:23|,5.508648103412354,5.554016191794908,1,1,A71EV2A-x6794a
smina_crystal,CSc1cccc(-n2ccnc2)c1CC(=O)N1CCC[C@H](C(N)=O)C1 |a:20|,5.508866053332301,5.4515714008848235,1,1,A71EV2A-x5788a
smina_crystal,CSc1cccc(Br)c1CC(=O)N1CCC[C@H](C(N)=O)C1 |a:16|,5.23959580735841,5.4636073444076025,1,1,A71EV2A-x4670a
smina_crystal,CSc1cccc(C2=CCCCC2)c1CC(=O)N1CCC[C@H](C(N)=O)C1 |a:21|,5.358458624958955,5.832514144416384,1,1,A71EV2A-x6938a
smina_crystal,CSc1cccc(CC(=O)N2CCC[C@H](C(N)=O)C2)c1 |a:14|,4.165030350472351,5.503138308730591,2,2,A71EV2A-x4334a; A71EV2A-x4334b
smina_crystal,CSc1cccc(CN2C[C@H](C(N)=O)CCC2=O)c1 |o1:10|,4.610891805164698,5.701943948331572,1,1,A71EV2A-x4710a
smina_crystal,CSc1cccc2c1N(C(=O)N1CCC[C@H](C(N)=O)C1)CCCO2 |a:15|,3.9795272089559,6.557397534705457,1,1,A71EV2A-x5249a
smina_crystal,"CSc1cccc2c1[C@@H](C(=O)N1C[C@H](C(N)=O)C[C@H]3C[C@H]31)CC2 |&1:8,13,18,20|",6.317002294422829,6.687161425194955,1,1,A71EV2A-x7448a
smina_crystal,CSc1cccc2c1[C@H](C(=O)N1CCC[C@H](C(N)=O)C1)CC2 |o1:8|,6.105065909655473,5.822567265390555,1,1,A71EV2A-x5687a
smina_crystal,CSc1cccc2c1[C@H](C(=O)N1CCC[C@H](C(N)=O)C1)CCC2 |o1:8|,4.913179132164633,6.181690890842861,3,3,A71EV2A-x5850a; A71EV2A-x5995a; A71EV2A-x5995b
smina_crystal,CSc1ccccc1CC(=O)N1CCC(F)(F)[C@H](C(N)=O)C1 |&1:17|,4.92096962924201,6.073988010111212,1,1,A71EV2A-x4724a
smina_crystal,CSc1ccccc1CC(=O)N1CCC[C@H](C(F)F)C1 |&1:15|,3.883316455303125,1.5256767873515313,1,1,A71EV2A-x4746a
smina_crystal,CSc1ccccc1CC(=O)N1CCC[C@H](C(N)=O)C1 |a:15|,5.393063563669464,5.613609505339484,1,1,A71EV2A-x4386a
smina_crystal,CSc1ccccc1CC(=O)N1CCC[C@H](CCO)C1 |&1:15|,3.7794804346789226,5.263504285803252,1,1,A71EV2A-x4809a
smina_crystal,CSc1ccccc1CC(=O)N1CCC[C@H](CF)C1 |&1:15|,4.015189894778023,4.980139179406425,1,1,A71EV2A-x4751a
smina_crystal,CSc1ccccc1CC(=O)N1CCC[C@H](O)C1 |&1:15|,4.025488307262672,4.192136721105994,1,1,A71EV2A-x4794a
smina_crystal,CSc1ccccc1CC(=O)N1CCC[C@H](S(N)(=O)=O)C1 |&1:15|,4.603800652904264,6.031920848188418,1,1,A71EV2A-x4745a
smina_crystal,CSc1ccccc1CC(=O)N1CCC[C@H]1c1cnc[nH]1 |&1:15|,4.853871964321762,5.2980434854861596,1,1,A71EV2A-x4735a
smina_crystal,"CSc1ccccc1CC(=O)N1CCC[C@H]2C(=O)NC[C@H]21 |&1:15,20|",4.035167674220528,3.2479968492984295,1,1,A71EV2A-x4791a
smina_crystal,CSc1ccccc1CC(=O)N1CCC[C@](F)(C(N)=O)C1 |&1:15|,3.839782551369189,5.355884916873644,1,1,A71EV2A-x4753a
smina_crystal,CSc1ccccc1CC(=O)N1CCC[C@](O)(C(N)=O)C1 |&1:15|,3.955966436496336,5.747331623296887,2,2,A71EV2A-x4894a; A71EV2A-x4940a
smina_crystal,CSc1ccccc1CC(=O)N1CCNC(=O)C1,4.006123085058789,2.8379904540812295,1,1,A71EV2A-x4721a
smina_crystal,"CSc1ccccc1CC(=O)N1CC[C@H]2[C@H](C1)[C@H]2C(N)=O |&1:14,&2:15,&3:17|",4.558200508454535,5.306949497288947,1,1,A71EV2A-x4739a
smina_crystal,"CSc1ccccc1CC(=O)N1C[C@H](C(N)=O)CC[C@H]1CO |o1:13,19|",4.599655204790009,5.734229157373034,2,2,A71EV2A-x5992a; A71EV2A-x5992b
smina_crystal,"CSc1ccccc1CC(=O)N1C[C@H](C(N)=O)C[C@H](C(N)=O)C1 |a:13,18|",5.207231875935455,5.674375627022698,2,2,A71EV2A-x5171a; A71EV2A-x5171b
smina_crystal,"CSc1ccccc1CC(=O)N1C[C@H](C(N)=O)C[C@H]2C[C@H]21 |o1:13,18,20|",5.676463453677816,5.558890675621125,2,2,A71EV2A-x5177a; A71EV2A-x7631a
smina_crystal,"CSc1ccccc1CC(=O)N1C[C@H](C)C[C@@H](C(N)=O)C1 |o1:13,16|",4.494060495927921,5.627910434580008,1,1,A71EV2A-x5200a
smina_crystal,"CSc1ccccc1CC(=O)N1C[C@H](C)C[C@H](C(N)=O)C1 |&1:13,&2:16|",4.1315895194873935,5.434481387289599,2,2,A71EV2A-x4885a; A71EV2A-x4885b
smina_crystal,"CSc1ccccc1CC(=O)N1C[C@H](C)C[C@H](C(N)=O)C1 |o1:13,16|",4.006585256974127,5.534826118626433,1,1,A71EV2A-x5268a
smina_crystal,"CSc1ccccc1CC(=O)N1C[C@H](O)C[C@@H](C(N)=O)C1 |&1:13,16|",3.66094239119996,5.618535299521765,2,2,A71EV2A-x5387a; A71EV2A-x5387b
smina_crystal,CSc1ccccc1CC(=O)N1C[C@H]2C[C@@]1(CC(N)=O)C2 |&1:15|,4.051345937463026,5.025552509549773,2,2,A71EV2A-x5262a; A71EV2A-x5262b
smina_crystal,CSc1ccccc1CN1C[C@H](C(N)=O)CCC1=O |o1:11|,4.6439741428068775,5.62659102542404,1,1,A71EV2A-x4694a
smina_crystal,CSc1ccccc1N(C)C(=O)N1CCC[C@H](C(N)=O)C1 |a:16|,4.601955140820748,6.139122842110855,1,1,A71EV2A-x4712a
smina_crystal,CSc1ccccc1N(C)C(=O)N1CC[C@H](C(N)=O)C1 |a:15|,4.640164517660112,5.787962095249849,1,1,A71EV2A-x4684a
smina_crystal,CSc1ccccc1N1C[C@H](C(N)=O)CCC1=O |o1:10|,4.6020599913279625,4.869220849694677,1,1,A71EV2A-x4922a
smina_crystal,CSc1ccccc1OC(=O)N1CCC[C@H](C(N)=O)C1 |a:15|,5.826838634714068,5.575108413163237,2,2,A71EV2A-x4824a; A71EV2A-x4824b
smina_crystal,CSc1ccccc1[C@H](C(=O)N1CC[C@H](C(N)=O)C1)N1CCCC1=O |o1:8|,7.194299872872455,6.120475192706501,1,1,A71EV2A-x7038a
smina_crystal,CSc1ccccc1[C@H](NC(=O)C(C)C)C(=O)N1CC[C@H](C(N)=O)C1 |&1:8|,4.616633749466019,5.683369599435883,1,1,A71EV2A-x7035a
smina_crystal,CSc1ccccc1[C@H](NC(=O)C1(C)CCC1)C(=O)N1CC[C@H](C(N)=O)C1 |&1:8|,4.6108664765966765,5.905462810639707,1,1,A71EV2A-x6991a
smina_crystal,CSc1ccccc1[C@H](NC(=O)C1CC1)C(=O)N1CC[C@H](C(N)=O)C1 |&1:8|,4.612020519224207,5.8435238808178545,1,1,A71EV2A-x6934a
smina_crystal,CSc1ccccc1[C@H](NC(=O)CC(F)(F)F)C(=O)N1CC[C@H](C(N)=O)C1 |&1:8|,4.15694990903351,5.744494893611555,1,1,A71EV2A-x6818a
smina_crystal,CSc1ccccc1[C@H](NC(=O)CC1CC1)C(=O)N1CC[C@H](C(N)=O)C1 |&1:8|,4.287343084176254,5.1802642281633755,1,1,A71EV2A-x6726a
smina_crystal,CSc1ccccc1[C@H](NC(=O)CNC(C)=O)C(=O)N1CC[C@H](C(N)=O)C1 |&1:8|,5.199617314652804,5.748592392045924,1,1,A71EV2A-x6821a
smina_crystal,CSc1ccccc1[C@H](NC(=O)Cc1ccccc1)C(=O)N1CC[C@H](C(N)=O)C1 |&1:8|,4.505347154054938,6.177246436667477,1,1,A71EV2A-x6819a
smina_crystal,CSc1ccccc1[C@H](NC(=O)Cc1cccnc1)C(=O)N1CC[C@H](C(N)=O)C1 |&1:8|,4.6077519100900055,6.107457022367612,1,1,A71EV2A-x6856a
smina_crystal,CSc1ccccc1[C@H](NC(=O)Cn1cccn1)C(=O)N1CC[C@H](C(N)=O)C1 |&1:8|,4.730497044785864,5.697329681311116,2,2,A71EV2A-x6816a; A71EV2A-x6816b
smina_crystal,CSc1ccccc1[C@H](NC(=O)OC(C)(C)C)C(=O)N1CC[C@H](C(N)=O)C1 |o1:8|,4.621638788259481,5.397237398836956,2,2,A71EV2A-x6847a; A71EV2A-x6851a
smina_crystal,CSc1ccccc1[C@H](NC(C)=O)C(=O)N1CC[C@H](C(N)=O)C1 |&1:8|,5.186061162833519,5.911568743011495,1,1,A71EV2A-x5383a
smina_crystal,CSc1cccnc1CC(=O)N1CCC[C@H](C(N)=O)C1 |a:15|,5.097431091411007,4.91929242716368,1,1,A71EV2A-x4914a
smina_crystal,CSc1ccncc1CC(=O)N1CCC[C@H](C(N)=O)C1 |a:15|,5.534026193176526,5.5108678473693065,2,2,A71EV2A-x4827a; A71EV2A-x4827b
smina_crystal,CSc1ccncc1NC(=O)N1CCC[C@H](C(N)=O)C1 |a:15|,5.452530294347775,5.694236399845456,2,2,A71EV2A-x4826a; A71EV2A-x4826b
smina_crystal,CSc1ccncc1NS(=O)(=O)N1CCC[C@H](C(N)=O)C1 |a:16|,4.881756561812204,5.1262051030230005,1,1,A71EV2A-x5182a
smina_crystal,CSc1cn(C)nc1NC(=O)N1CCC[C@H](C(N)=O)C1 |a:15|,3.761033004441306,4.792401916613847,1,1,A71EV2A-x4703a
smina_crystal,CSc1cnccc1CC(=O)N1CCC[C@H](C(N)=O)C1 |a:15|,4.407893372233542,5.327869462461914,1,1,A71EV2A-x4689a
smina_crystal,CSc1cncnc1CC(=O)N1CCC[C@H](C(N)=O)C1 |a:15|,4.176969771296364,4.972889759099465,1,1,A71EV2A-x4812a
smina_crystal,CSc1cscc1CC(=O)N1CCC[C@H](C(N)=O)C1 |a:14|,5.073475651835252,5.167392658841816,1,1,A71EV2A-x4935a
smina_crystal,CSc1nc2c(cc1NC(=O)N1CCC[C@H](C(N)=O)C1)CCCC2 |a:15|,4.217527375833714,6.176146929037504,2,2,A71EV2A-x5022a; A71EV2A-x5022b
smina_crystal,CSc1ncccc1CC(=O)N1CCC[C@H](C(N)=O)C1 |a:15|,5.072700933344527,5.681749658194389,1,1,A71EV2A-x4918a
smina_crystal,CSc1ncccc1NC(=O)N1CCC[C@H](C(N)=O)C1 |a:15|,4.2209855861319525,5.934724373698741,2,2,A71EV2A-x4883a; A71EV2A-x4883b
smina_crystal,CSc1nccnc1CC(=O)N1CCC[C@H](C(N)=O)C1 |a:15|,4.781195179900988,5.509442152475773,1,1,A71EV2A-x4774a
smina_crystal,CSc1ncnc(-c2cn[nH]c2)c1CC(=O)N1CCC[C@H](C(N)=O)C1 |a:20|,5.579850424620521,5.757461753594378,1,1,A71EV2A-x5544a
smina_crystal,CSc1ncnc(N(C)C)c1CC(=O)N1CCC[C@H](C(N)=O)C1 |a:18|,6.393012805332465,5.663428196053593,2,2,A71EV2A-x7545a; A71EV2A-x7545b
smina_crystal,"CSc1ncnc(N(C)C)c1CC(=O)N1C[C@H](C(N)=O)C[C@@H]2C[C@@H]21 |&1:16,21,23|",6.073633599517659,5.945572848981149,2,2,A71EV2A-x7580a; A71EV2A-x7580b
smina_crystal,CSc1ncnc(N(C)C2CCC2)c1CC(=O)N1CCC[C@H](C(N)=O)C1 |a:21|,6.323397411601913,5.572964373284789,1,1,A71EV2A-x7172a
smina_crystal,CSc1ncnc(N(C)C2CCOCC2)c1CC(=O)N1CCC[C@H](C(N)=O)C1 |a:23|,5.7864475040867696,5.605465818826811,1,1,A71EV2A-x7424a
smina_crystal,CSc1ncnc(N(C)CC(C)(C)O)c1CC(=O)N1CCC[C@H](C(N)=O)C1 |a:22|,6.134728951225614,5.38244902121381,1,1,A71EV2A-x7251a
smina_crystal,CSc1ncnc(N(C)CC(C)(F)F)c1CC(=O)N1CCC[C@H](C(N)=O)C1 |a:22|,6.994328024624508,5.471230597308754,1,1,A71EV2A-x7333a
smina_crystal,"CSc1ncnc(N(C)CC(F)(F)F)c1CC(=O)N1C[C@H](C(N)=O)C[C@H]2C[C@H]21 |&1:20,25,27|",6.794695728715816,5.637322219892583,1,1,A71EV2A-x7608a
smina_crystal,CSc1ncnc(N(C)CC2CCCC2)c1CC(=O)N1CCC[C@H](C(N)=O)C1 |a:23|,6.3046606911348375,5.285208566418933,1,1,A71EV2A-x7254a
smina_crystal,CSc1ncnc(N(C)CCC(F)(F)F)c1CC(=O)N1CCC[C@H](C(N)=O)C1 |a:23|,5.748786440007784,5.315401045938012,1,1,A71EV2A-x7338a
smina_crystal,CSc1ncnc(N(C)Cc2cc(F)c(F)c(F)c2)c1CC(=O)N1CCC[C@H](C(N)=O)C1 |a:27|,6.244997927316081,5.707324205667577,1,1,A71EV2A-x7176a
smina_crystal,CSc1ncnc(N(C)Cc2nn(C)cc2Cl)c1CC(=O)N1CCC[C@H](C(N)=O)C1 |a:25|,7.150528408418002,5.643933925774159,1,1,A71EV2A-x6914a
smina_crystal,"CSc1ncnc(N(C)[C@@H](C)c2ccccc2)c1CC(=O)N1CCC[C@H](C(N)=O)C1 |a:9,25|",6.580678113068668,5.8065657643490045,2,2,A71EV2A-x7436a; A71EV2A-x7436b
smina_crystal,CSc1ncnc(N2CC(C)(c3ccccc3F)C2)c1CC(=O)N1CCC[C@H](C(N)=O)C1 |a:27|,6.439151337818832,6.328736597925256,1,1,A71EV2A-x7263a
smina_crystal,CSc1ncnc(N2CC(C)C2)c1CC(=O)N1CCC[C@H](C(N)=O)C1 |a:20|,6.526908295764941,5.740206813854657,1,1,A71EV2A-x6920a
smina_crystal,CSc1ncnc(N2CC(CC3CCC3)C2)c1CC(=O)N1CCC[C@H](C(N)=O)C1 |a:24|,5.692662147010851,5.505366644194004,1,1,A71EV2A-x6895a
smina_crystal,CSc1ncnc(N2CC(O)C2)c1CC(=O)N1CCC[C@H](C(N)=O)C1 |a:20|,6.426194047786621,5.799670629833925,3,3,A71EV2A-x7334a; A71EV2A-x7334b; A71EV2A-x7389a
smina_crystal,CSc1ncnc(N2CC(Oc3ccccc3Cl)C2)c1CC(=O)N1CCC[C@H](C(N)=O)C1 |a:27|,6.078663358532402,5.828292035117285,1,1,A71EV2A-x7095a
smina_crystal,CSc1ncnc(N2CC(c3nncn3C)C2)c1CC(=O)N1CCC[C@H](C(N)=O)C1 |a:25|,6.326170396191348,5.852341932010244,2,2,A71EV2A-x5808a; A71EV2A-x5808b
smina_crystal,CSc1ncnc(N2CCC(C#N)(CC(C)C)CC2)c1CC(=O)N1CCC[C@H](C(N)=O)C1 |a:27|,6.265062352283818,5.71247723142672,1,1,A71EV2A-x7170a
smina_crystal,CSc1ncnc(N2CCC(C(=O)N(C(C)C)C(C)C)CC2)c1CC(=O)N1CCC[C@H](C(N)=O)C1 |a:30|,6.225268032740376,5.518546075651956,1,1,A71EV2A-x7096a
smina_crystal,CSc1ncnc(N2CCC(N(C)S(C)(=O)=O)CC2)c1CC(=O)N1CCC[C@H](C(N)=O)C1 |a:27|,6.512183700381108,5.451879263021216,1,1,A71EV2A-x7008a
smina_crystal,CSc1ncnc(N2CCC(N3CCOC3=O)CC2)c1CC(=O)N1CCC[C@H](C(N)=O)C1 |a:27|,5.923489528000301,6.096828448611199,1,1,A71EV2A-x7154a
smina_crystal,CSc1ncnc(N2CCC3(CCC3)C2)c1CC(=O)N1CCC[C@H](C(N)=O)C1 |a:23|,6.131209779277596,5.857773499702314,1,1,A71EV2A-x7056a
smina_crystal,CSc1ncnc(N2CCC3(CCCC3)C2)c1CC(=O)N1CCC[C@H](C(N)=O)C1 |a:24|,6.462158164196289,6.042256219910171,1,1,A71EV2A-x7024a
smina_crystal,CSc1ncnc(N2CCC3(CCCCC3)C2)c1CC(=O)N1CCC[C@H](C(N)=O)C1 |a:25|,6.388555177157266,5.880284085913309,1,1,A71EV2A-x7101a
smina_crystal,CSc1ncnc(N2CCC3(CCCO3)CC2)c1CC(=O)N1CCC[C@H](C(N)=O)C1 |a:25|,6.466683163263606,6.274618832377949,1,1,A71EV2A-x7284a
smina_crystal,"CSc1ncnc(N2CCCC2)c1CC(=O)N1C[C@H](C(N)=O)C[C@H]2C[C@H]21 |&1:18,23,25|",6.5697284843589205,6.265514909201768,1,1,A71EV2A-x6838a
smina_crystal,"CSc1ncnc(N2CCCC2)c1NC(=O)N1C[C@H](C(N)=O)C[C@H]2C[C@H]21 |&1:18,23,25|",5.928304705589599,6.16631733082554,1,1,A71EV2A-x7622a
smina_crystal,CSc1ncnc(N2CCCCCC2)c1CC(=O)N1CCC[C@H](C(N)=O)C1 |a:22|,7.1865084765696,5.914332172188162,2,2,A71EV2A-x7560a; A71EV2A-x7560b
smina_crystal,"CSc1ncnc(N2CCCC[C@@H]2C(C)C)c1CC(=O)N1CCC[C@H](C(N)=O)C1 |a:12,24|",6.372178760973441,5.603867867737916,1,1,A71EV2A-x7420a
smina_crystal,"CSc1ncnc(N2CCCC[C@H]2CO)c1CC(=O)N1CCC[C@H](C(N)=O)C1 |a:12,23|",5.867264623808438,5.61223878582745,1,1,A71EV2A-x7430a
smina_crystal,"CSc1ncnc(N2CCC[C@@H]2C(=O)N(C)C)c1CC(=O)N1CCC[C@H](C(N)=O)C1 |a:11,25|",6.66771737227654,5.770194051949474,1,1,A71EV2A-x7309a
smina_crystal,"CSc1ncnc(N2CCC[C@@H]2C(C)C)c1CC(=O)N1CCC[C@H](C(N)=O)C1 |a:11,23|",7.76022176714164,5.763457735203168,1,1,A71EV2A-x7135a
smina_crystal,"CSc1ncnc(N2CCC[C@@H]2C)c1CC(=O)N1CCC[C@H](C(N)=O)C1 |a:11,21|",6.616555737163779,5.831275365819947,2,2,A71EV2A-x7533a; A71EV2A-x7533b
smina_crystal,"CSc1ncnc(N2CCC[C@@H]2C2CC2)c1CC(=O)N1CCC[C@H](C(N)=O)C1 |a:11,23|",7.937951041727581,5.773917717789652,1,1,A71EV2A-x7259a
smina_crystal,"CSc1ncnc(N2CCC[C@@H]2CC(C)C)c1CC(=O)N1CCC[C@H](C(N)=O)C1 |a:11,24|",7.199879115817523,5.540800110082624,1,1,A71EV2A-x7147a
smina_crystal,"CSc1ncnc(N2CCC[C@@H]2Cc2ccccc2)c1CC(=O)N1CCC[C@H](C(N)=O)C1 |a:11,27|",5.138183874676179,5.865653304383793,1,1,A71EV2A-x7433a
smina_crystal,"CSc1ncnc(N2CCC[C@@H]2Cc2ccnn2C)c1CC(=O)N1CCC[C@H](C(N)=O)C1 |a:11,27|",7.359361237098654,5.515430804033697,1,1,A71EV2A-x7132a
smina_crystal,"CSc1ncnc(N2CCC[C@@H]2Cn2cccn2)c1CC(=O)N1CCC[C@H](C(N)=O)C1 |a:11,26|",6.189334160880994,5.732869432937299,1,1,A71EV2A-x7127a
smina_crystal,"CSc1ncnc(N2CCC[C@@H]2c2ccccc2)c1CC(=O)N1CCC[C@H](C(N)=O)C1 |a:11,26|",7.13169634555566,6.064392973526975,1,1,A71EV2A-x7570a
smina_crystal,"CSc1ncnc(N2CCC[C@H](C(F)(F)F)C2)c1CC(=O)N1CCC[C@H](C(N)=O)C1 |a:11,25|",6.211100724659235,5.584670464518576,1,1,A71EV2A-x7246a
smina_crystal,"CSc1ncnc(N2CCC[C@H](C)C2)c1CC(=O)N1CCC[C@H](C(N)=O)C1 |a:11,22|",6.173854131618843,5.929402756769668,1,1,A71EV2A-x7250a
smina_crystal,"CSc1ncnc(N2CCC[C@H]2C(C)C)c1CC(=O)N1CCC[C@H](C(N)=O)C1 |a:11,23|",5.331449457260316,5.869153403672542,2,2,A71EV2A-x7491a; A71EV2A-x7491b
smina_crystal,CSc1ncnc(N2CCC[C@H]2C(N)=O)c1CC(=O)N1CCC[C@H](C(N)=O)C1 |&1:11|,7.714442690992226,5.68918232977301,1,1,A71EV2A-x6832a
smina_crystal,"CSc1ncnc(N2CCC[C@H]2C)c1CC(=O)N1CCC[C@H](C(N)=O)C1 |a:11,21|",5.244486511545811,5.811275322030726,2,2,A71EV2A-x7501a; A71EV2A-x7501b
smina_crystal,"CSc1ncnc(N2CCC[C@H]2C2CC2)c1CC(=O)N1CCC[C@H](C(N)=O)C1 |a:11,23|",5.262032975642954,5.880474667235838,2,2,A71EV2A-x7475a; A71EV2A-x7475b
smina_crystal,"CSc1ncnc(N2CCC[C@H]2CC(C)C)c1CC(=O)N1CCC[C@H](C(N)=O)C1 |a:11,24|",5.823789680118151,5.815508426406124,1,1,A71EV2A-x7257a
smina_crystal,"CSc1ncnc(N2CCC[C@H]2Cc2ccnn2C)c1CC(=O)N1CCC[C@H](C(N)=O)C1 |a:11,27|",5.214011302839139,5.906093195014226,1,1,A71EV2A-x7247a
smina_crystal,CSc1ncnc(N2CCN(c3ccccn3)CC2)c1CC(=O)N1CCC[C@H](C(N)=O)C1 |a:27|,6.486226948852135,5.9625052664827445,1,1,A71EV2A-x6802a
smina_crystal,"CSc1ncnc(N2CC[C@@H](OC(F)F)C2)c1CC(=O)N1CCC[C@H](C(N)=O)C1 |a:10,24|",6.048106607275539,5.4009500696008335,1,1,A71EV2A-x7025a
smina_crystal,"CSc1ncnc(N2CC[C@@H](OC3CC3)C2)c1CC(=O)N1CCC[C@H](C(N)=O)C1 |a:10,24|",7.159468716081884,5.693587690343771,1,1,A71EV2A-x7316a
smina_crystal,"CSc1ncnc(N2CC[C@H](C(=O)N(C)C)C2)c1CC(=O)N1CCC[C@H](C(N)=O)C1 |a:10,25|",5.974361680056222,5.60260709898888,1,1,A71EV2A-x7427a
smina_crystal,"CSc1ncnc(N2CC[C@H](C(=O)N3CCC(C)CC3)C2)c1CC(=O)N1CCC[C@H](C(N)=O)C1 |a:10,29|",6.08170819903569,5.974196697614798,1,1,A71EV2A-x7190a
smina_crystal,"CSc1ncnc(N2CC[C@H](C)C2)c1CC(=O)N1CCC[C@H](C(N)=O)C1 |a:10,21|",6.293489458676176,5.909816860854404,2,2,A71EV2A-x7026a; A71EV2A-x7026b
smina_crystal,"CSc1ncnc(N2CC[C@H](OC(F)F)C2)c1CC(=O)N1CCC[C@H](C(N)=O)C1 |a:10,24|",6.925751444530095,5.63845837777689,1,1,A71EV2A-x7031a
smina_crystal,"CSc1ncnc(N2CC[C@H](SC)C2)c1CC(=O)N1CCC[C@H](C(N)=O)C1 |a:10,22|",6.9071041930964325,5.696094567740112,1,1,A71EV2A-x7093a
smina_crystal,"CSc1ncnc(N2CC[C@H]2C)c1CC(=O)N1CCC[C@H](C(N)=O)C1 |a:10,20|",6.695497686202032,5.886177446809969,1,1,A71EV2A-x7339a
smina_crystal,CSc1ncnc(N2CCc3ccccc3CC2)c1CC(=O)N1CCC[C@H](C(N)=O)C1 |a:26|,6.483018872150272,6.330935613185204,1,1,A71EV2A-x7015a
smina_crystal,CSc1ncnc(N2CCc3ccsc3C2)c1CC(=O)N1CCC[C@H](C(N)=O)C1 |a:24|,5.794648268341138,6.12118620764055,1,1,A71EV2A-x5666a
smina_crystal,CSc1ncnc(N2CCc3cnc(C(C)C)nc3C2)c1CC(=O)N1CCC[C@H](C(N)=O)C1 |a:28|,5.912659591908459,5.555716763595934,1,1,A71EV2A-x7151a
smina_crystal,CSc1ncnc(N2CCn3nc4c(c3C2)CCC4)c1CC(=O)N1CCC[C@H](C(N)=O)C1 |a:27|,5.601864484742403,6.0103961538189665,2,2,A71EV2A-x7043a; A71EV2A-x7043b
smina_crystal,CSc1ncnc(N2CCn3ncc(C#N)c3C2)c1CC(=O)N1CCC[C@H](C(N)=O)C1 |a:26|,6.13113891891355,5.852774405011367,1,1,A71EV2A-x7130a
smina_crystal,"CSc1ncnc(N2C[C@H]3C[C@H]3C2)c1CC(=O)N1CCC[C@H](C(N)=O)C1 |&1:9,&2:11|",6.558486174447746,5.660582914642251,3,3,A71EV2A-x7317a; A71EV2A-x7317b; A71EV2A-x7372a
smina_crystal,CSc1ncnc(N2Cc3ccccc3C2)c1CC(=O)N1CCC[C@H](C(N)=O)C1 |a:24|,6.006913143117045,6.12081237504636,1,1,A71EV2A-x6808a
smina_crystal,CSc1ncnc(SC)c1CC(=O)N1CCC[C@H](C(N)=O)C1 |a:17|,5.699017277769941,5.391237752202732,1,1,A71EV2A-x5581a
smina_crystal,CSc1ncncc1CC(=O)N1CCC[C@H](C(N)=O)C1 |a:15|,5.186217598084144,5.518161247981466,2,2,A71EV2A-x5039a; A71EV2A-x5039b
smina_crystal,C[C@H](C(=O)N1CCC[C@H](C(N)=O)C1)c1cn(C)nc1C(F)(F)F |&1:1|,4.462842099070634,5.836164509747897,2,2,A71EV2A-x4510a; A71EV2A-x4571a
smina_crystal,C[C@H](C(=O)N1CCC[C@H](C(N)=O)C1)c1nc(F)ccc1Cl |&1:1|,4.277445359017488,5.517560183810413,2,2,A71EV2A-x4895a; A71EV2A-x4895b
smina_crystal,C[C@H](Cc1cocn1)NC(=O)c1nn(C)c2ccccc12 |&1:1|,4.9657785438458255,5.238200950212123,2,2,A71EV2A-x3379a; A71EV2A-x3593a
smina_crystal,"C[C@H](c1ccc(Cl)c(Br)c1)N1C[C@H](C(N)=O)CCC1=O |&1:1,&2:12|",4.041436116778033,5.488793399184867,1,1,A71EV2A-x5556a
smina_crystal,"C[C@H](c1ccc2[nH]ncc2c1)N1C[C@H](C(N)=O)CCC1=O |&1:1,&2:13|",4.180071698767357,6.269216584889345,1,1,A71EV2A-x5744a
smina_crystal,"C[C@H](c1cccc(Cl)c1F)N1C[C@H](C(N)=O)CCC1=O |&1:1,&2:12|",4.632644078973981,5.375236251161182,1,1,A71EV2A-x5673a
smina_crystal,"C[C@H]1CC(=O)N(Cc2ccc3cnn(C)c3c2)C[C@@H]1C(N)=O |o1:1,18|",4.76433957251824,5.597879216179993,2,2,A71EV2A-x5777a; A71EV2A-x5777b
smina_crystal,"C[C@H]1CC(=O)N(Cc2ccc3cnn(C)c3c2)C[C@H]1C(N)=O |o1:1,18|",4.207870191519494,5.511040103564668,1,1,A71EV2A-x5766a
smina_crystal,Cc1cc(C)c(CC(=O)N2CCC[C@H](C(N)=O)C2)c(=O)[nH]1 |a:13|,4.306273051076353,6.049263748538537,1,1,A71EV2A-x4291a
smina_crystal,Cc1cc(C)c(Nc2ccn(C)n2)c(C)c1,5.3072486987698415,3.480879895377729,1,1,A71EV2A-x3279a
smina_crystal,Cc1cc(C)c(Nc2ccn(C3COC3)n2)c(C)c1,5.016824927962187,3.49801022425272,1,1,A71EV2A-x3234a
smina_crystal,Cc1cc(CNC(=O)c2cn(C)c3ccccc23)on1,4.953569528330592,4.67191054047046,1,1,A71EV2A-x3175a
smina_crystal,Cc1cc2sccc2c(Cl)c1OC(=O)N1CCC[C@H](C(N)=O)C1 |a:18|,4.215114698485657,6.171858849280607,1,1,A71EV2A-x5482a
smina_crystal,Cc1ccc(CC(=O)N2CCC[C@H](C(N)=O)C2)s1 |&1:12|,4.633044431676764,5.255840717622336,2,2,A71EV2A-x5424a; A71EV2A-x5424b
smina_crystal,Cc1ccc2c(C(=O)NCCc3cocn3)c[nH]c2c1,5.10808214227103,5.008440505801949,1,1,A71EV2A-x3568a
smina_crystal,Cc1ccc2c(c1OC(=O)N1CCC[C@H](C(N)=O)C1)CCC2 |a:14|,4.479326279665005,5.8646417573642164,2,2,A71EV2A-x5599a; A71EV2A-x5599b
smina_crystal,Cc1ccc2c(cnn2C)c1Nc1ccn([C@H]2CCNC2=O)n1 |&1:16|,4.937001727490601,5.73397627061814,1,1,A71EV2A-x3305a
smina_crystal,Cc1ccc2ccccc2c1N1C[C@H](C(N)=O)CCC1=O |&1:13|,3.942576835487996,5.787177779807134,1,1,A71EV2A-x5572a
smina_crystal,Cc1ccc2cccnc2c1OC(=O)N1CCC[C@H](C(N)=O)C1 |a:18|,4.597502408486665,5.934335881002817,1,1,A71EV2A-x5479a
smina_crystal,Cc1cccc(CC(=O)N2CCC[C@H](C(N)=O)C2)c1 |&1:13|,4.290127690297292,5.823296605451771,2,2,A71EV2A-x4020a; A71EV2A-x4020b
smina_crystal,Cc1cccc(CNC(=O)N2CCC[C@H](C(N)=O)C2)c1 |a:14|,4.967584368389079,5.957066368739808,2,2,A71EV2A-x3706a; A71EV2A-x3706b
smina_crystal,Cc1cccc(N(CC(=O)N2CCCCC2)C(=O)N2CCC[C@H](C(N)=O)C2)c1 |a:22|,4.627087997029894,5.751348491171725,1,1,A71EV2A-x3908a
smina_crystal,Cc1cccc(N2CCCN(CCC(N)=O)C2=O)c1,4.911546516921495,4.856481221288715,1,1,A71EV2A-x4402a
smina_crystal,Cc1cccc(NC(=O)N2CCC[C@H](C(N)=O)C2)c1 |a:13|,4.246416941107094,5.872668163063024,1,1,A71EV2A-x3054a
smina_crystal,Cc1ccccc1CNC(=O)N1CCC[C@H](C(N)=O)C1 |a:15|,4.978810700930062,5.938481024767818,2,2,A71EV2A-x3616a; A71EV2A-x3616b
smina_crystal,Cc1ccccc1NC(=O)N1CCC[C@H](C(N)=O)C1 |a:14|,4.386163320168128,5.761852454063407,1,1,A71EV2A-x3510a
smina_crystal,Cc1ccccc1NC(=O)c1ccc(C)c(C(N)=O)c1,4.804100347590766,5.451666691546088,1,1,A71EV2A-x3867a
smina_crystal,Cc1ccccc1NC(=O)c1cncc(C(N)=O)c1,4.632644078973981,5.5730596639460535,1,1,A71EV2A-x3564a
smina_crystal,Cc1cnc(CNS(=O)(=O)C[C@H](C)c2ccccc2)o1 |&1:11|,4.8184062698439085,3.2617626848256998,1,1,A71EV2A-x3623a
smina_crystal,Cc1nc(C)c(CC(=O)N2CCC[C@H](C(N)=O)C2)[nH]1 |a:13|,5.409458546594426,6.226489718388567,1,1,A71EV2A-x3221a
smina_crystal,Cc1nc2ccccc2n1CC(=O)N1CCC[C@H](C(N)=O)C1 |&1:17|,4.137777547252243,6.306269992019461,1,1,A71EV2A-x3225a
smina_crystal,Cc1nc2n(c1CC(=O)N1CCC[C@H](C(N)=O)C1)CCCC2 |&1:13|,5.221581099702723,6.185895896689938,1,1,A71EV2A-x3489a
smina_crystal,Cc1ncnc(C)c1CC(=O)N1CCC[C@H](C(N)=O)C1 |a:15|,3.654064344980796,5.673327429748789,1,1,A71EV2A-x4464a
smina_crystal,Cc1nn(C)c(C)c1CC(=O)N[C@H](CNC(=O)CCl)c1ccc2ccccc2c1 |&1:12|,4.660785023463071,4.590788867530999,1,1,A71EV2A-x1346a
smina_crystal,Cc1nn(C)c2cc(C(=O)NCCc3cocn3)ccc12,4.945173530861923,5.650941454402524,1,1,A71EV2A-x3410a
smina_crystal,Cc1ocnc1CCNC(=O)c1nn(C)c2ccccc12,5.09799710864927,5.761610562384813,1,1,A71EV2A-x3286a
smina_crystal,"Cc1sc([C@H](C)N2C[C@H](C(N)=O)CCC2=O)nc1-c1ccco1 |&1:4,&2:8|",4.604279969816917,6.027860000008381,1,1,A71EV2A-x6730a
smina_crystal,"Cn1cc(CC(=O)N2C[C@H](C(N)=O)C[C@@H]3C[C@@H]32)cn1 |&1:9,14,16|",4.608000737058194,5.759931980736386,1,1,A71EV2A-x4992a
smina_crystal,Cn1cc(NS(=O)(=O)N2CCC[C@H](C(N)=O)C2)cn1 |a:12|,5.738140147629213,5.543449923470861,2,2,A71EV2A-x5090a; A71EV2A-x5150a
smina_crystal,Cn1cc2c(CC(=O)N3CCC[C@H](C(N)=O)C3)cccc2n1 |o1:12|,4.405607449624573,6.462663957306922,1,1,A71EV2A-x3914a
smina_crystal,Cn1cc2c(CC(=O)N3CC[C@H](C(N)=O)C3)cccc2n1 |&1:11|,4.410050398674293,6.442476997220605,1,1,A71EV2A-x3556a
smina_crystal,Cn1cc2c(n1)CCC[C@H]2C(=O)N1CCC[C@H](C(N)=O)C1 |&1:9|,3.749590923528832,6.5823197076515285,1,1,A71EV2A-x4608a
smina_crystal,Cn1cc2cccc(NC(=O)Cc3cocn3)c2n1,4.662403924407542,4.532126470446468,1,1,A71EV2A-x3403a
smina_crystal,"Cn1ccnc1[C@H](c1ccccc1)N1C[C@H](C(N)=O)CC1=O |&1:6,&2:15|",4.649751981665837,5.568412411696697,1,1,A71EV2A-x5106a
smina_crystal,Cn1cnc(CCNC(=O)c2nn(C)c3ccccc23)c1,5.2372107018718905,5.311244907096711,1,1,A71EV2A-x3371a
smina_crystal,Cn1cnc2c(NC(=O)N3CCC[C@H](C(N)=O)C3)cccc21 |a:13|,5.398637148380375,6.019643012987045,2,2,A71EV2A-x4447a; A71EV2A-x4447b
smina_crystal,Cn1nc(C(=O)N2Cc3ccccc3C[C@H]2CN)c2ccccc21 |&1:15|,5.041436116778033,6.838021202078216,1,1,A71EV2A-x2293a
smina_crystal,Cn1nc(C(=O)NC2CC2)c2cc(F)ccc21,4.887413111043684,4.667417219289301,1,1,A71EV2A-x2339a
smina_crystal,Cn1nc(C(=O)NCC(F)(F)c2ccccn2)c2ccccc21,5.168134464700943,4.758918244255714,1,1,A71EV2A-x3280a
smina_crystal,Cn1nc(C(=O)NCCc2ccc(S(C)(=O)=O)cc2)c2ccccc21,4.84887783952492,6.048845935639147,1,1,A71EV2A-x3324a
smina_crystal,Cn1nc(C(=O)NCCc2cocn2)c2ccccc2c1=O,5.170374765613669,5.970934824979209,1,1,A71EV2A-x3419a
smina_crystal,Cn1nc(C(=O)NCCc2cocn2)c2cccnc21,4.981705511622298,5.7705752145945315,1,1,A71EV2A-x3264a
smina_crystal,Cn1nc(C(=O)NCCc2cscn2)c2ccccc21,5.337951414156192,4.713926392037188,1,1,A71EV2A-x3306a
smina_crystal,Cn1nc(C(=O)NCCn2cncn2)c2ccccc21,4.939565029910406,4.249596989848421,2,2,A71EV2A-x3181a; A71EV2A-x3181b
smina_crystal,Cn1nc(C(=O)N[C@H]2CCOC2)c2ccccc21 |&1:7|,5.062339877849264,5.074711495685898,1,1,A71EV2A-x3178a
smina_crystal,"Cn1nc(C(=O)N[C@H]2C[C@H]2CO)c2ccccc21 |&1:7,9|",4.895875462550428,4.579185397009343,1,1,A71EV2A-x3177a
smina_crystal,Cn1nc(C(=O)Nc2cn[nH]c2)c2ccccc21,4.7783685062706525,4.927516744235883,1,1,A71EV2A-x2304a
smina_crystal,Cn1nc(C(N)=O)c2cc(F)ccc21,5.050703769890054,4.311184077228682,1,1,A71EV2A-x2351a
smina_crystal,Cn1nc(CC(=O)N2CC(C(N)=O)C2)c2ccccc21,4.610833915635467,3.4930331197143722,1,1,A71EV2A-x4994a
smina_crystal,Cn1nc(CN2C[C@H](C(N)=O)CCC2=O)c2ccccc21 |&1:7|,5.116903441948165,6.383110915252891,1,1,A71EV2A-x4547a
smina_crystal,Cn1ncc(-c2cc(Cl)cc(Cl)c2)c1CC(=O)N1CCC[C@H](C(N)=O)C1 |&1:21|,4.958377726777354,6.286618125646396,1,1,A71EV2A-x3606a
smina_crystal,Cn1ncc(C(=O)NCCc2cocn2)n1,5.545714601514328,3.8532904597006943,1,1,A71EV2A-x3436a
smina_crystal,Cn1ncc2ccc(CN3C[C@H](C(N)=O)CC(C)(C)C3=O)cc21 |&1:11|,4.005682847330363,5.007410633655207,2,2,A71EV2A-x5721a; A71EV2A-x5721b
smina_crystal,Cn1ncc2ccc(CN3C[C@H](C(N)=O)CCC3=O)cc21 |o1:11|,4.026655009457717,6.490899313244647,1,1,A71EV2A-x4974a
smina_crystal,N#CC1CC(NC(=O)C2(c3ccc(Cl)cc3Cl)CCOCC2)C1,4.726469830785563,1.2809850293263136,1,1,A71EV2A-x3521a
smina_crystal,N#CCc1cccc(NC(=O)N2CCC[C@H](C(N)=O)C2)c1 |a:15|,5.356959172517914,5.252663140571712,1,1,A71EV2A-x3480a
smina_crystal,N#CCc1ccccc1CC(=O)N1CCC[C@H](C(N)=O)C1 |a:16|,5.101757238648579,5.4538950270095015,2,2,A71EV2A-x4321a; A71EV2A-x4321b
smina_crystal,N#Cc1ccc(Br)cc1OC(=O)N1CCC[C@H](C(N)=O)C1 |a:16|,4.421371068072836,5.565751603232161,1,1,A71EV2A-x5559a
smina_crystal,N#Cc1cccc(CC(=O)N2CCC[C@H](C(N)=O)C2)n1 |a:14|,4.625197671079573,5.237171078065382,2,2,A71EV2A-x5082a; A71EV2A-x5082b
smina_crystal,N#Cc1cccc(NC(=O)N2CCC[C@H](C(N)=O)C2)c1 |a:14|,5.189128446912704,5.932767250117388,2,2,A71EV2A-x3509a; A71EV2A-x3509b
smina_crystal,N#Cc1ccncc1OC(=O)N1CCC[C@H](C(N)=O)C1 |a:15|,4.504331180271011,5.263460305498054,2,2,A71EV2A-x5594a; A71EV2A-x5594b
smina_crystal,N#Cc1nccc(CC(=O)N2CCC[C@H](C(N)=O)C2)n1 |a:14|,4.006352818021342,4.649546555276794,1,1,A71EV2A-x5448a
smina_crystal,N#Cc1ncncc1CC(=O)N1CCC[C@H](C(N)=O)C1 |a:15|,4.424812155072339,4.92779528616881,1,1,A71EV2A-x5212a
smina_crystal,N#Cc1sccc1CC(=O)N1CCC[C@H](C(N)=O)C1 |a:14|,5.008444067750377,4.700233857018583,1,1,A71EV2A-x3450a
smina_crystal,NC(=O)CC1CCN(C(=O)c2cccc(F)c2)CC1,4.597746280949512,5.593012062404642,2,2,A71EV2A-x5409a; A71EV2A-x5409b
smina_crystal,NC(=O)C[C@H]1CCCN(c2ncnc3ccccc23)C1 |&1:4|,4.959254335737151,3.803885916860542,1,1,A71EV2A-x4351a
smina_crystal,NC(=O)[C@H]1CC(=O)N(Cc2cccc3c2OCC3)C1 |&1:3|,5.0762380391713,5.245127848280958,1,1,A71EV2A-x4312a
smina_crystal,"NC(=O)[C@H]1CCC(=O)N(C[C@H]2CCOc3ccccc32)C1 |&1:3,&2:10|",4.620443689892642,5.585733321894217,1,1,A71EV2A-x4409a
smina_crystal,NC(=O)[C@H]1CCC(=O)N(Cc2cc(F)cnc2C(F)(F)F)C1 |&1:3|,4.315546325758652,5.78545521785351,2,2,A71EV2A-x5635a; A71EV2A-x5635b
smina_crystal,NC(=O)[C@H]1CCC(=O)N(Cc2ccc3cc[nH]c3c2)C1 |&1:3|,4.611743840379951,5.416995550947584,2,2,A71EV2A-x4596a; A71EV2A-x4596b
smina_crystal,NC(=O)[C@H]1CCC(=O)N(Cc2cccc(F)c2)C1 |&1:3|,4.255233465290414,5.818499087159653,1,1,A71EV2A-x4924a
smina_crystal,NC(=O)[C@H]1CCC(=O)N(Cc2ccsc2)C1 |&1:3|,3.774068781319247,4.694355156223656,2,2,A71EV2A-x5608a; A71EV2A-x5608b
smina_crystal,NC(=O)[C@H]1CCC(=O)N([C@@H]2CCCc3ccccc32)C1 |o1:3|,4.5934598195660445,5.910110062889062,1,1,A71EV2A-x5052a
smina_crystal,"NC(=O)[C@H]1CCC(=O)N([C@H](CC(F)(F)F)c2cc(Cl)cc(Cl)c2)C1 |&1:3,&2:9|",4.327996747928408,5.928391209750092,1,1,A71EV2A-x5665a
smina_crystal,NC(=O)[C@H]1CCC(=O)N([C@H]2CCCc3ccccc32)C1 |o1:3|,4.631937259138866,5.758535606046319,2,2,A71EV2A-x5210a; A71EV2A-x5210b
smina_crystal,NC(=O)[C@H]1CCC(=O)N(c2cc3cnccc3c(F)c2F)C1 |&1:3|,4.801706220928761,6.320776162684248,1,1,A71EV2A-x6714a
smina_crystal,NC(=O)[C@H]1CCCN(C(=O)C(c2ccccc2)c2ccccc2)C1 |a:3|,5.179858685151659,5.871385404161389,1,1,A71EV2A-x3982a
smina_crystal,NC(=O)[C@H]1CCCN(C(=O)C2(O)CCSCC2)C1 |a:3|,4.388276691992658,4.836866005169983,1,1,A71EV2A-x4708a
smina_crystal,NC(=O)[C@H]1CCCN(C(=O)C2(c3ccoc3)CCC2)C1 |a:3|,4.618930913825583,5.070383100649235,2,2,A71EV2A-x4514a; A71EV2A-x4575a
smina_crystal,NC(=O)[C@H]1CCCN(C(=O)C2CCSCC2)C1 |a:3|,4.603800652904264,4.827270968585746,1,1,A71EV2A-x4706a
smina_crystal,NC(=O)[C@H]1CCCN(C(=O)CC2CSC2)C1 |a:3|,4.607306606035202,4.488146165247519,1,1,A71EV2A-x4707a
smina_crystal,NC(=O)[C@H]1CCCN(C(=O)Cc2cc(C(F)(F)F)ccc2C(F)(F)F)C1 |a:3|,3.806800765395556,5.446894828432002,1,1,A71EV2A-x4381a
smina_crystal,NC(=O)[C@H]1CCCN(C(=O)Cc2cc(C(F)(F)F)ccc2Cl)C1 |&1:3|,4.906948150425689,5.856175548613419,1,1,A71EV2A-x3208a
smina_crystal,NC(=O)[C@H]1CCCN(C(=O)Cc2cc3c(cc2Cl)OCCO3)C1 |a:3|,4.037176387439713,6.139265778102752,2,2,A71EV2A-x4669a; A71EV2A-x4669b
smina_crystal,NC(=O)[C@H]1CCCN(C(=O)Cc2ccc3c(c2)CCC(=O)N3)C1 |a:3|,4.349692476868063,5.1471104080942345,1,1,A71EV2A-x4320a
smina_crystal,NC(=O)[C@H]1CCCN(C(=O)Cc2cccc(Cl)c2Cl)C1 |a:3|,4.065026720650614,5.440928167026678,1,1,A71EV2A-x4336a
smina_crystal,NC(=O)[C@H]1CCCN(C(=O)Cc2cccc3c2CCC3)C1 |a:3|,3.9502403164313615,5.708775555739142,1,1,A71EV2A-x4344a
smina_crystal,NC(=O)[C@H]1CCCN(C(=O)Cc2cccc3c2SCC3)C1 |a:3|,3.551812748385584,5.280656604830842,1,1,A71EV2A-x5151a
smina_crystal,NC(=O)[C@H]1CCCN(C(=O)Cc2cccc3cn[nH]c23)C1 |&1:3|,5.011185771310347,6.137011787461306,1,1,A71EV2A-x3210a
smina_crystal,NC(=O)[C@H]1CCCN(C(=O)Cc2cccc3ncsc23)C1 |a:3|,3.9648133085158968,6.358298693069816,1,1,A71EV2A-x5221a
smina_crystal,NC(=O)[C@H]1CCCN(C(=O)Cc2cccc3nsnc23)C1 |a:3|,4.492392502728005,6.209124827885849,1,1,A71EV2A-x4463a
smina_crystal,NC(=O)[C@H]1CCCN(C(=O)Cc2cccc3occc23)C1 |&1:3|,3.960269771303526,6.101439050606222,1,1,A71EV2A-x3191a
smina_crystal,NC(=O)[C@H]1CCCN(C(=O)Cc2cccc3sccc23)C1 |a:3|,3.9387751065420735,4.529751533965725,1,1,A71EV2A-x4341a
smina_crystal,NC(=O)[C@H]1CCCN(C(=O)Cc2ccccc2CO)C1 |a:3|,4.345773777137761,5.474910282843732,2,2,A71EV2A-x4374a; A71EV2A-x4374b
smina_crystal,NC(=O)[C@H]1CCCN(C(=O)Cc2ccccc2CS(N)(=O)=O)C1 |a:3|,4.135380979941972,5.283104841820251,1,1,A71EV2A-x4403a
smina_crystal,NC(=O)[C@H]1CCCN(C(=O)Cc2ccccc2OC(F)F)C1 |a:3|,4.229666366474778,4.703906212502695,1,1,A71EV2A-x4319a
smina_crystal,NC(=O)[C@H]1CCCN(C(=O)Cc2cccnc2Cl)C1 |a:3|,3.43690985073048,5.8104580213591115,2,2,A71EV2A-x5079a; A71EV2A-x5079b
smina_crystal,NC(=O)[C@H]1CCCN(C(=O)Cc2cccnc2O)C1 |a:3|,5.153756287657022,5.317937243537818,1,1,A71EV2A-x4372a
smina_crystal,NC(=O)[C@H]1CCCN(C(=O)Cc2ccnc(Cl)c2Br)C1 |&1:3|,4.162204305054052,5.421298290806214,1,1,A71EV2A-x3193a
smina_crystal,NC(=O)[C@H]1CCCN(C(=O)Cc2ccnc(Cl)n2)C1 |a:3|,4.653647025549361,6.097106990544127,2,2,A71EV2A-x5213a; A71EV2A-x5213b
smina_crystal,NC(=O)[C@H]1CCCN(C(=O)Cc2ccncc2Cl)C1 |a:3|,5.18523404082538,5.549280978935155,1,1,A71EV2A-x4461a
smina_crystal,NC(=O)[C@H]1CCCN(C(=O)Cc2ccsc2)C1 |&1:3|,4.589713631215067,4.776264809631265,2,2,A71EV2A-x5425a; A71EV2A-x5425b
smina_crystal,NC(=O)[C@H]1CCCN(C(=O)Cc2cncnc2Cl)C1 |a:3|,4.037630664329979,5.695288262144798,2,2,A71EV2A-x5081a; A71EV2A-x5081b
smina_crystal,NC(=O)[C@H]1CCCN(C(=O)Cc2ncc3ccc(Br)cn23)C1 |a:3|,4.424218724311264,5.898834612143682,4,4,A71EV2A-x4519a; A71EV2A-x4519b; A71EV2A-x4580a; A71EV2A-x4580b
smina_crystal,NC(=O)[C@H]1CCCN(C(=O)Cc2ncncc2Cl)C1 |a:3|,4.03673794170959,5.406007804698712,2,2,A71EV2A-x4979a; A71EV2A-x4979b
smina_crystal,NC(=O)[C@H]1CCCN(C(=O)Cn2cc(Br)cc(Cl)c2=O)C1 |a:3|,3.7253509633996433,5.574129851372561,1,1,A71EV2A-x4540a
smina_crystal,NC(=O)[C@H]1CCCN(C(=O)NCC2CC2)C1 |a:3|,5.064884396650843,4.725551852711444,1,1,A71EV2A-x3417a
smina_crystal,NC(=O)[C@H]1CCCN(C(=O)Nc2cc3c(cc2Cl)OCO3)C1 |a:3|,4.6271423700874985,5.889534610106821,1,1,A71EV2A-x4308a
smina_crystal,NC(=O)[C@H]1CCCN(C(=O)Nc2cccc3c2S(=O)(=O)CCC3)C1 |a:3|,4.616184634019569,6.363312447862496,1,1,A71EV2A-x4654a
smina_crystal,NC(=O)[C@H]1CCCN(C(=O)Nc2cccc3c2SCCC3)C1 |a:3|,4.5141394746468695,5.958967295264517,3,3,A71EV2A-x4674a; A71EV2A-x4674b; A71EV2A-x4674c
smina_crystal,NC(=O)[C@H]1CCCN(C(=O)Nc2ccccc2F)C1 |a:3|,4.851286884122841,5.758693202139949,1,1,A71EV2A-x3612a
smina_crystal,NC(=O)[C@H]1CCCN(C(=O)Nc2ccccc2OCC(F)(F)F)C1 |a:3|,5.15661038833037,6.225221619588663,1,1,A71EV2A-x4306a
smina_crystal,NC(=O)[C@H]1CCCN(C(=O)Nc2ccccc2SC(F)F)C1 |a:3|,4.325140144305149,5.351794748490142,1,1,A71EV2A-x4656a
smina_crystal,NC(=O)[C@H]1CCCN(C(=O)OC2CCCCC2)C1 |a:3|,4.042264201974706,5.088572621874434,1,1,A71EV2A-x5351a
smina_crystal,NC(=O)[C@H]1CCCN(C(=O)[C@H](CN2CCCC2)c2ccccc2)C1 |&1:10|,5.024630533433036,5.8748671783229724,1,1,A71EV2A-x3975a
smina_crystal,NC(=O)[C@H]1CCCN(C(=O)[C@H](Cc2ccc(F)cc2)c2ccccc2)C1 |&1:10|,5.478592246479633,5.37490090133404,4,4,A71EV2A-x4237a; A71EV2A-x4237b; A71EV2A-x4237c; A71EV2A-x4237d
smina_crystal,NC(=O)[C@H]1CCCN(C(=O)[C@H](OCC2CCCC2)c2ccccc2)C1 |&1:10|,5.567003508658591,3.7416757751566285,1,1,A71EV2A-x3968a
smina_crystal,NC(=O)[C@H]1CCCN(C(=O)[C@H](Sc2ccccc2)c2ccccc2)C1 |&1:10|,5.135488918941608,4.614934055085222,2,2,A71EV2A-x3986a; A71EV2A-x3986b
smina_crystal,NC(=O)[C@H]1CCCN(C(=O)[C@H](c2ccccc2)n2cccn2)C1 |&1:10|,4.869666231504994,4.936954184726491,2,2,A71EV2A-x4451a; A71EV2A-x4451b
smina_crystal,"NC(=O)[C@H]1CCCN(C(=O)[C@H]2CCNc3[nH]ncc32)C1 |&1:3,&2:10|",5.556193958463214,5.75990266053292,1,1,A71EV2A-x3218a
smina_crystal,NC(=O)[C@H]1CCCN(C(=O)[C@H]2CCOc3ccc(Cl)cc32)C1 |&1:10|,5.28547334915742,5.240062783132212,1,1,A71EV2A-x4260a
smina_crystal,NC(=O)[C@H]1CCCN(C(=O)[C@H]2CCSc3ccccc32)C1 |o1:10|,4.826813731587726,6.148248755439638,2,2,A71EV2A-x4943a; A71EV2A-x4943b
smina_crystal,"NC(=O)[C@H]1CCCN(C(=O)[C@H]2CC[C@H]2c2ccc(Cl)cc2)C1 |&1:10,&2:13|",4.000869458712629,5.9977774712523,1,1,A71EV2A-x5550a
smina_crystal,NC(=O)[C@H]1CCCN(C(=O)[C@H]2CCc3cccc(Br)c32)C1 |&1:10|,4.479401524821051,6.17548722445952,2,2,A71EV2A-x4202a; A71EV2A-x4202b
smina_crystal,NC(=O)[C@H]1CCCN(C(=O)[C@H]2CCc3cccc(O)c32)C1 |&1:10|,5.148337017678052,6.064129091695781,2,2,A71EV2A-x4456a; A71EV2A-x4456b
smina_crystal,NC(=O)[C@H]1CCCN(C(=O)[C@H]2CCc3snnc32)C1 |&1:10|,4.667561540084395,5.664883211150591,1,1,A71EV2A-x4472a
smina_crystal,NC(=O)[C@H]1CCCN(C(=O)[C@H]2SCc3cccnc32)C1 |&1:10|,4.60382166833978,5.719682671428481,2,2,A71EV2A-x4606a; A71EV2A-x4606b
smina_crystal,"NC(=O)[C@H]1CCCN(C(=O)[C@]2(Cc3ccc(F)cc3)CCCCO2)C1 |&1:3,&2:10|",4.609064892896621,5.7455357608345965,1,1,A71EV2A-x4416a
smina_crystal,NC(=O)[C@H]1CCCN(C(=O)c2ccnc3[nH]ncc23)C1 |&1:3|,4.787812395596042,5.688441994635495,1,1,A71EV2A-x3223a
smina_crystal,NC(=O)[C@H]1CCN(C(=O)Cc2c(Cl)cccc2Cl)C1 |&1:3|,4.7544873321858505,5.501877539981554,1,1,A71EV2A-x5427a
smina_crystal,NC(=O)[C@H]1CCN(C(=O)Cc2cc(C(F)(F)F)ccc2Cl)C1 |&1:3|,5.04901488179868,5.513422370096278,1,1,A71EV2A-x3989a
smina_crystal,NC(=O)[C@H]1CCN(C(=O)Cn2c(=O)sc3ccc(Cl)cc32)C1 |a:3|,4.001740661576301,5.629695301965999,2,2,A71EV2A-x5824a; A71EV2A-x5824b
smina_crystal,NC(=O)[C@H]1CCN(C(=O)Cn2cc(Br)cc(Cl)c2=O)C1 |a:3|,4.024899837282849,4.603491845682629,1,1,A71EV2A-x5779a
smina_crystal,NC(=O)[C@H]1CCN(C(=O)[C@H]2CCCN2C(=O)c2cccs2)C1 |&1:9|,5.012334272309165,5.7294719543606805,2,2,A71EV2A-x5705a; A71EV2A-x5705b
smina_crystal,NC(=O)[C@H]1CCN(C(=O)[C@H]2CCOc3ccc(Cl)cc32)C1 |&1:9|,4.437172628708407,6.269304545499744,1,1,A71EV2A-x5728a
smina_crystal,NC(=O)[C@H]1CCN(C(=O)[C@H]2CSc3ccccc32)C1 |&1:9|,4.129009644321656,6.0898722303389,1,1,A71EV2A-x5570a
smina_crystal,"NC(=O)[C@H]1CCN(C(=O)[C@H]2SCCc3sccc32)C1 |&1:3,&2:9|",4.430090742898188,5.656930105960448,1,1,A71EV2A-x5431a
smina_crystal,"NC(=O)[C@H]1C[C@@H]2C[C@@H]2N(C(=O)Cc2ccccc2Cl)C1 |&1:3,5,7|",4.5796822958876815,5.981006314869768,2,2,A71EV2A-x5802a; A71EV2A-x5802b
smina_crystal,"NC(=O)[C@H]1C[C@H]2C[C@H]2N(C(=O)Cc2ccccc2Cl)C1 |&1:3,5,7|",4.476253533188435,6.067050116966078,2,2,A71EV2A-x5798a; A71EV2A-x5798b
smina_crystal,NC(=O)[C@]12CN(C(=O)Cc3ccccc3Cl)C[C@@H](C1)C2 |&1:3|,4.0045909104114665,5.544377174905472,1,1,A71EV2A-x5277a
smina_crystal,NC(=O)c1ccccc1CC(=O)N1CCC[C@H](C(N)=O)C1 |a:16|,3.660111973943557,5.573052333895187,1,1,A71EV2A-x4840a
smina_crystal,O=C(NCCc1cocn1)N1CCc2ccccc21,5.162973800773931,5.159520184211204,1,1,A71EV2A-x3392a
smina_crystal,O=C(NCCc1cocn1)c1ccccc1,5.093196163745395,3.8586853771384315,1,1,A71EV2A-x3435a
smina_crystal_minimised,C#C[C@H](NCCc1cocn1)c1nn(C)c2ccccc12 |&1:2|,4.716801953096995,4.83156637839351,1,1,A71EV2A-x4426a
smina_crystal_minimised,"C#C[C@H]1CCCC[C@@H]1OC(=O)N1CCC[C@H](C(N)=O)C1 |o1:2,7|",4.011869615687259,5.537259695514109,1,1,A71EV2A-x5747a
smina_crystal_minimised,C#Cc1ccc(C)c(OC(=O)N2CCC[C@H](C(N)=O)C2)c1 |a:15|,3.8964015060220634,6.020390678175427,1,1,A71EV2A-x5466a
smina_crystal_minimised,C=C(C)c1cccc(SC)c1CC(=O)N1CCC[C@H](C(N)=O)C1 |a:18|,5.435913722030655,5.841478796626103,1,1,A71EV2A-x6027a
smina_crystal_minimised,C=CS(=O)(=O)N1CCC[C@H](C(N)=O)C1 |&1:9|,5.1938200260161125,4.373416209085195,1,1,A71EV2A-x3408a
smina_crystal_minimised,C=Cc1cccc(CC(=O)N2CCC[C@H](C(N)=O)C2)n1 |a:14|,5.099072631333438,5.852382247290009,2,2,A71EV2A-x5015a; A71EV2A-x5015b
smina_crystal_minimised,C=Cc1ccccc1CS(=O)(=O)N1CCC[C@H](C(N)=O)C1 |a:16|,4.5951662833800615,6.062062017351431,1,1,A71EV2A-x5359a
smina_crystal_minimised,CC(=O)Nc1cccc(NC(N)=O)c1,4.943095148663527,4.409392098737935,1,1,A71EV2A-x2454a
smina_crystal_minimised,CC(=O)Nc1ccccc1CC(=O)N1CCC[C@H](C(N)=O)C1 |a:17|,4.265200170411153,5.957125009146739,1,1,A71EV2A-x4322a
smina_crystal_minimised,CC(C)(C)c1ccccc1NC(=O)N1CCC[C@H](C(N)=O)C1 |a:17|,4.916961547867879,6.036120967334917,1,1,A71EV2A-x4311a
smina_crystal_minimised,CC(C)Oc1ccccc1NC(=O)N1CCC[C@H](C(N)=O)C1 |a:17|,4.877787213913532,6.346731872802493,1,1,A71EV2A-x4305a
smina_crystal_minimised,"CC(C)[C@H](c1cc(Cl)cc(Br)c1)N1C[C@H](C(N)=O)CCC1=O |&1:3,&2:14|",4.564352412519983,6.1922730409437845,1,1,A71EV2A-x5868a
smina_crystal_minimised,CCC(=O)N[C@H](C(=O)N1CC[C@H](C(N)=O)C1)c1ccccc1SC |&1:5|,4.556507378095548,6.115322166947358,1,1,A71EV2A-x6853a
smina_crystal_minimised,CCC1(CC)CCN(c2ncnc(SC)c2CC(=O)N2CCC[C@H](C(N)=O)C2)C1 |a:23|,6.266038858073333,5.891674984959836,1,1,A71EV2A-x6738a
smina_crystal_minimised,CCC1(CC)CN(c2ncnc(SC)c2CC(=O)N2CCC[C@H](C(N)=O)C2)CCS1(=O)=O |a:22|,6.0703717346625785,6.5442474234509715,1,1,A71EV2A-x7169a
smina_crystal_minimised,CCCSc1cccc(OC)c1NC(=O)N1CCC[C@H](C(N)=O)C1 |a:19|,3.79526753551538,5.604505582163301,2,2,A71EV2A-x5288a; A71EV2A-x5288b
smina_crystal_minimised,CCN(CC1CC1)C(=O)c1cccc(CC(=O)N2CCC[C@H](C(N)=O)C2)c1 |a:21|,4.908336601699183,5.126578935617192,1,1,A71EV2A-x3944a
smina_crystal_minimised,CCN(c1ncnc(SC)c1CC(=O)N1CCC[C@H](C(N)=O)C1)C(C)C |a:18|,5.941351132986486,5.435357328368144,1,1,A71EV2A-x7432a
smina_crystal_minimised,CCOC(=O)N[C@H](C(=O)N1CC[C@H](C(N)=O)C1)c1ccccc1SC |o1:6|,4.606251898190906,5.742508449826736,1,1,A71EV2A-x6844a
smina_crystal_minimised,"CCS(=O)(=O)N1CCN(c2ncnc(SC)c2CC(=O)N2CCC[C@H](C(N)=O)C2)[C@H](C)C1 |a:24,29|",5.887521899626527,6.1095167666610966,1,1,A71EV2A-x7446a
smina_crystal_minimised,CCS(=O)(=O)c1ccc(OC)c(NC(=O)N2CCC[C@H](C(N)=O)C2)c1 |a:19|,4.09366495819491,5.994119775869922,2,2,A71EV2A-x4309a; A71EV2A-x4309b
smina_crystal_minimised,"CC[C@@H]1CCCN1c1ncnc(SC)c1CC(=O)N1CCC[C@H](C(N)=O)C1 |a:2,22|",5.359471394334077,6.109908924382454,2,2,A71EV2A-x7510a; A71EV2A-x7510b
smina_crystal_minimised,"CC[C@@H]1CS[C@H](C(N)=O)CN1C(=O)Oc1cc(Br)ccc1SC |o1:2,5|",4.170150986564742,5.899246927504923,1,1,A71EV2A-x7321a
smina_crystal_minimised,"CC[C@H](c1cc(F)cc(Br)c1)N1C[C@H](C(N)=O)CCC1=O |&1:2,&2:13|",4.7121982700697735,5.828614557355411,1,1,A71EV2A-x5699a
smina_crystal_minimised,"CC[C@H](c1ccc(Cl)c(Cl)c1)N1C[C@H](C(N)=O)CCC1=O |&1:2,&2:13|",4.012372581165862,6.067779457027295,1,1,A71EV2A-x5676a
smina_crystal_minimised,"CC[C@H]1CCCN1c1ncnc(SC)c1CC(=O)N1CCC[C@H](C(N)=O)C1 |a:2,22|",7.302627133357621,6.105631839701855,1,1,A71EV2A-x7011a
smina_crystal_minimised,"CC[C@H]1CS[C@H](C(N)=O)CN1C(=O)Oc1cc(Br)ccc1SC |o1:2,5|",7.112683897314732,5.352703674797587,1,1,A71EV2A-x7613a
smina_crystal_minimised,CCc1ccsc1CN1C[C@H](C(N)=O)CCC1=O |&1:10|,4.668737062060432,5.388628254094262,1,1,A71EV2A-x4954a
smina_crystal_minimised,CCn1nccc1C(=O)N[C@H](C(=O)N1CC[C@H](C(N)=O)C1)c1ccccc1SC |&1:10|,4.197688573451602,6.309414583841185,1,1,A71EV2A-x6945a
smina_crystal_minimised,CN(C)C(=O)[C@@H](c1ccccc1)N1C[C@H](C(N)=O)CC1=O |o1:14|,4.003097753980533,5.571300451738095,1,1,A71EV2A-x5497a
smina_crystal_minimised,CN(C)S(=O)(=O)c1cccnc1,5.10745472442027,2.465392973461169,2,2,A71EV2A-x2448a; A71EV2A-x2448b
smina_crystal_minimised,CN1c2ccccc2C[C@H]1C(=O)N1CCC[C@H](C(N)=O)C1 |&1:9|,4.598941671349912,6.163803123378332,2,2,A71EV2A-x4583a; A71EV2A-x4583b
smina_crystal_minimised,"CNC(=O)[C@@H](c1cccc(C)c1)N1C[C@H](C(N)=O)CC1=O |&1:4,14|",4.596879478824183,5.778110506885285,1,1,A71EV2A-x5317a
smina_crystal_minimised,"CNC(=O)[C@@H]1CCN1c1ncnc(SC)c1CC(=O)N1CCC[C@H](C(N)=O)C1 |a:4,23|",5.553061207453266,6.321545818025228,1,1,A71EV2A-x7297a
smina_crystal_minimised,CNC(=O)c1cn(C)c2ccccc12,4.822826736702125,4.619925819725302,1,1,A71EV2A-x3066a
smina_crystal_minimised,CNC(=O)c1nn(C)c2ccccc12,5.376184576266073,4.394710006852352,1,1,A71EV2A-x2290a
smina_crystal_minimised,CNC(=O)c1oc2ccccc2c1CN1C[C@H](C(N)=O)CCC1=O |&1:16|,4.027340564735919,6.094380211621791,1,1,A71EV2A-x5226a
smina_crystal_minimised,CNS(=O)(=O)c1ccccc1Cl,6.034867358576641,2.4336721783364275,1,1,A71EV2A-x2458a
smina_crystal_minimised,CNc1ncnc(SC)c1CC(=O)N1CCC[C@H](C(N)=O)C1 |a:17|,5.471985787685622,6.0711732705784796,1,1,A71EV2A-x6021a
smina_crystal_minimised,COC(=O)N1CCCN(c2ncnc(SC)c2CC(=O)N2CCC[C@H](C(N)=O)C2)CC1 |a:24|,5.745487997043694,6.7780833761429164,1,1,A71EV2A-x7018a
smina_crystal_minimised,"COC(=O)N[C@H]1CCN(c2ncnc(SC)c2CC(=O)N2CCC[C@H](C(N)=O)C2)C1 |a:5,24|",7.272545074821092,6.468366736881053,1,1,A71EV2A-x7589a
smina_crystal_minimised,COCC(=O)Nc1c(Cl)cc(C)cc1OCc1ncccn1,4.858392228943246,4.014998711866362,2,2,A71EV2A-x3522a; A71EV2A-x3522b
smina_crystal_minimised,COCC(=O)Nc1c(Cl)cc(C)cc1Oc1cccc(C(N)=O)c1,4.822657723022635,5.983791734199035,1,1,A71EV2A-x3488a
smina_crystal_minimised,"COC[C@@H]1CCCN1c1ncnc(SC)c1CC(=O)N1CCC[C@H](C(N)=O)C1 |a:3,23|",5.028984985837811,5.928193298376697,1,1,A71EV2A-x7161a
smina_crystal_minimised,"COC[C@@H]1CCN1c1ncnc(SC)c1CC(=O)N1CCC[C@H](C(N)=O)C1 |a:3,22|",5.357972475219064,5.998719382788645,2,2,A71EV2A-x7353a; A71EV2A-x7353b
smina_crystal_minimised,"COC[C@@]1(C)C[C@H](C(N)=O)CN1C(=O)Cc1cc(Br)ccc1SC |&1:3,6|",5.510062512868513,5.957682093012593,1,1,A71EV2A-x5398a
smina_crystal_minimised,COC[C@H](C)NC(=O)c1nn(C)c2ccccc12 |&1:3|,4.747146969020107,4.6737650433396825,1,1,A71EV2A-x3176a
smina_crystal_minimised,"COC[C@H]1CCCN1c1ncnc(SC)c1CC(=O)N1CCC[C@H](C(N)=O)C1 |a:3,23|",7.197280846039433,5.899686730556912,1,1,A71EV2A-x7175a
smina_crystal_minimised,"COC[C@H]1CC[C@H](C(N)=O)CN1C(=O)Cc1ccccc1SC |o1:3,6|",4.011460574435142,5.791575810327029,1,1,A71EV2A-x5488a
smina_crystal_minimised,"COC[C@]1(C(=O)N2CCC[C@H](C(N)=O)C2)CCCCO1 |&1:3,&2:10|",6.0,5.66104226449655,1,1,A71EV2A-x3936a
smina_crystal_minimised,COC[C@]12C[C@@](C(N)=O)(CN1C(=O)Cc1ccccc1OC)C2 |o1:3|,4.028724151261895,5.549211343451923,2,2,A71EV2A-x4963a; A71EV2A-x4963b
smina_crystal_minimised,COCc1ccccc1CC(=O)N1CCC[C@H](C(N)=O)C1 |a:16|,4.576757218249551,5.973441702375549,1,1,A71EV2A-x4368a
smina_crystal_minimised,COCc1ccccc1NC(=O)N1CCC[C@H](C(N)=O)C1 |a:16|,4.816470464384151,5.660111348036506,1,1,A71EV2A-x3483a
smina_crystal_minimised,"CO[C@@H]1CCCN(c2ncnc(SC)c2CC(=O)N2CCC[C@H](C(N)=O)C2)C1 |a:2,22|",6.170052776781682,6.202381181088676,1,1,A71EV2A-x7238a
smina_crystal_minimised,CO[C@H](C(=O)N1CCC[C@H](C(N)=O)C1)c1ccccc1C |&1:2|,4.928117992693875,6.086698318313709,1,1,A71EV2A-x3939a
smina_crystal_minimised,"CO[C@H](C(=O)N1CCC[C@H](C(N)=O)C1)c1cccnc1 |&1:2,&2:9|",4.227015096629662,5.732708171818237,1,1,A71EV2A-x3937a
smina_crystal_minimised,COc1c(NC(=O)N2CCC[C@H](C(N)=O)C2)cccc1C(F)(F)F |a:11|,5.032452023781138,5.902314553792549,2,2,A71EV2A-x4310a; A71EV2A-x4310b
smina_crystal_minimised,COc1cc(Br)c(CC(=O)N2CCC[C@H](C(N)=O)C2)cc1OC |a:14|,3.720229830921272,5.706935712971653,1,1,A71EV2A-x4845a
smina_crystal_minimised,COc1cc(Cl)ccc1CC(=O)N1CCC[C@H](C(N)=O)C1 |a:16|,4.018634490921456,6.051616694866681,1,1,A71EV2A-x4203a
smina_crystal_minimised,COc1cc(NC(=O)C[C@H](C)C(F)(F)F)n(C)n1 |&1:9|,4.632048101200719,3.390551678549955,2,2,A71EV2A-x1445a; A71EV2A-x1445b
smina_crystal_minimised,COc1ccc(C(F)(F)F)cc1CC(=O)N1CCC[C@H](C(N)=O)C1 |a:19|,4.449959375475284,5.570039682989059,1,1,A71EV2A-x4028a
smina_crystal_minimised,COc1ccc(C(F)(F)F)cc1CC(=O)N1CCS[C@H](C(N)=O)C1 |o1:19|,4.828494707777949,5.791143337325907,1,1,A71EV2A-x4778a
smina_crystal_minimised,COc1ccc(C(F)(F)F)cc1N(C)C(=O)N1CCC[C@H](C(N)=O)C1 |a:20|,4.561127532480804,5.95823184682758,1,1,A71EV2A-x4843a
smina_crystal_minimised,COc1ccc(C(F)(F)F)cc1NC(=O)N1CCC[C@H](C(N)=O)C1 |a:19|,4.069229199277436,6.34460615805121,1,1,A71EV2A-x4429a
smina_crystal_minimised,COc1ccc(CC(=O)N2CCC[C@H](C(N)=O)C2)c(OC)c1 |a:13|,4.635207042042172,6.032939725258861,2,2,A71EV2A-x3557a; A71EV2A-x3557b
smina_crystal_minimised,COc1ccc(Cl)c2c1C(=O)C(=O)N2,4.628932137728264,4.0672546444935795,1,1,A71EV2A-x2513a
smina_crystal_minimised,COc1ccc(Cl)cc1CC(=O)N1CCC[C@H](C(N)=O)C1 |a:16|,4.727236212379233,5.39648606862314,1,1,A71EV2A-x3940a
smina_crystal_minimised,COc1ccc(Cl)cc1NS(=O)(=O)N1CCC[C@H](C(N)=O)C1 |a:17|,3.989247537499024,5.816072840322844,1,1,A71EV2A-x5278a
smina_crystal_minimised,COc1ccc(Cl)cc1OC(=O)N1CCC[C@H](C(N)=O)C1 |a:16|,5.262803072736122,6.129788022332379,4,4,A71EV2A-x4829a; A71EV2A-x4829b; A71EV2A-x4903a; A71EV2A-x4903b
smina_crystal_minimised,COc1ccc(F)cc1CC(=O)N1CCC[C@H](C(N)=O)C1 |a:16|,4.2094239507757765,6.154581919388286,1,1,A71EV2A-x3546a
smina_crystal_minimised,COc1ccc2c(n1)[C@H](C(=O)N1CCC[C@H](C(N)=O)C1)CC2 |&1:8|,4.452380443994761,6.416931769950882,1,1,A71EV2A-x3954a
smina_crystal_minimised,COc1cccc(CN2C[C@H](C(N)=O)CCC2=O)c1 |&1:10|,4.608183969818477,5.7264519734036865,2,2,A71EV2A-x5036a; A71EV2A-x5036b
smina_crystal_minimised,COc1cccc(Cl)c1CC(=O)N1CCC[C@@H](C(N)=O)C1 |a:16|,4.620456050805198,6.034761242899183,2,2,A71EV2A-x3858a; A71EV2A-x3858b
smina_crystal_minimised,COc1cccc(Cl)c1CC(=O)N1CCC[C@H](C(N)=O)C1 |a:16|,4.78560502978966,6.375113829757548,1,1,A71EV2A-x3942a
smina_crystal_minimised,COc1cccc(Cl)c1CC(=O)N1CCC[C@H](C(N)=O)C1 |o1:16|,4.37828501116997,5.559051936740188,1,1,A71EV2A-x4209a
smina_crystal_minimised,"COc1cccc(Cl)c1CC(=O)N1C[C@H](C(N)=O)C[C@H](C(=O)NC2CC2)C1 |o1:14,19|",4.899323290233971,6.378727544834728,2,2,A71EV2A-x3993a; A71EV2A-x3993b
smina_crystal_minimised,"COc1cccc(Cl)c1CC(=O)N1C[C@H](C(N)=O)[C@H]2CCC[C@H]21 |&1:14,&2:18,22|",4.819608655063361,6.787568461964155,1,1,A71EV2A-x4239a
smina_crystal_minimised,COc1cccc(Cl)c1NC(=O)N1CCC[C@H](C(N)=O)C1 |a:16|,4.465918205168407,6.170491794794005,2,2,A71EV2A-x4035a; A71EV2A-x4035b
smina_crystal_minimised,COc1cccc(Cl)c1NC(=O)N1CC[C@H](C(N)=O)C1 |a:15|,4.612119831707907,6.032056454129449,2,2,A71EV2A-x3992a; A71EV2A-x3992b
smina_crystal_minimised,COc1cccc(NC(=O)N2CCC[C@H](C(N)=O)C2)c1 |a:14|,4.956109291095229,6.386636669719672,1,1,A71EV2A-x3485a
smina_crystal_minimised,COc1cccc(NC(=O)N2CCC[C@H](C(N)=O)C2)c1Cl |a:14|,4.612661045864782,5.85132549829009,3,3,A71EV2A-x4524a; A71EV2A-x4873a; A71EV2A-x4873b
smina_crystal_minimised,COc1cccc(NC(=O)N2CCC[C@H](C(N)=O)C2)n1 |a:14|,5.072431269429168,6.380735978772147,1,1,A71EV2A-x4298a
smina_crystal_minimised,COc1cccc(SC(C)C)c1NC(=O)N1CCC[C@H](C(N)=O)C1 |a:19|,5.313218576201494,5.768401854512617,2,2,A71EV2A-x5289a; A71EV2A-x5289b
smina_crystal_minimised,COc1cccc(SC)c1NC(=O)N1CCC[C@H](C(N)=O)C1 |a:17|,5.161195917717353,4.78986571901404,1,1,A71EV2A-x4554a
smina_crystal_minimised,"COc1cccc2c1CC[C@H]2N1C[C@H](C(N)=O)CCC1=O |&1:10,&2:13|",4.789637072991269,4.639760937370029,1,1,A71EV2A-x4316a
smina_crystal_minimised,COc1cccc2c1N(C(=O)N1CCC[C@H](C(N)=O)C1)CCS2 |a:15|,4.29598340377612,6.720894319282549,1,1,A71EV2A-x5389a
smina_crystal_minimised,COc1ccccc1CC(=O)N(C)CCC(N)=O,4.935542010773082,5.0175957393341974,1,1,A71EV2A-x3977a
smina_crystal_minimised,COc1ccccc1CC(=O)N1CCCC[C@H](C(N)=O)C1 |&1:16|,4.952204384072568,6.201395289247134,2,2,A71EV2A-x3571a; A71EV2A-x3571b
smina_crystal_minimised,COc1ccccc1CC(=O)N1CCC[C@H](C(N)=O)C1 |&1:15|,4.128427064454121,5.77958384710945,1,1,A71EV2A-x3186a
smina_crystal_minimised,COc1ccccc1CC(=O)N1CCC[C@H](C(N)=O)CC1 |&1:15|,4.952188702489189,6.113537299561367,2,2,A71EV2A-x4018a; A71EV2A-x4018b
smina_crystal_minimised,COc1ccccc1CC(=O)N1CCN[C@H](C(N)=O)C1 |&1:15|,5.622664040174432,6.10854919994672,1,1,A71EV2A-x3901a
smina_crystal_minimised,COc1ccccc1CC(=O)N1CCO[C@@H](C(N)=O)C1 |a:15|,4.615695746966642,5.983909015012899,1,1,A71EV2A-x3663a
smina_crystal_minimised,COc1ccccc1CC(=O)N1CC[C@@H](O)C1 |a:14|,4.951406063714552,5.211453594600297,1,1,A71EV2A-x3621a
smina_crystal_minimised,COc1ccccc1CC(=O)N1CC[C@H](CC(N)=O)C1 |&1:14|,5.055150304924533,5.92865325906857,4,4,A71EV2A-x3694a; A71EV2A-x3694b; A71EV2A-x4032a; A71EV2A-x4032b
smina_crystal_minimised,COc1ccccc1CC(=O)N1CC[C@H](NC(N)=O)C1 |&1:14|,5.056011124926228,6.222795372751856,1,1,A71EV2A-x3685a
smina_crystal_minimised,COc1ccccc1CC(=O)N1C[C@H](C(N)=O)CC(F)(F)C1 |&1:13|,5.41096889227547,6.343140147877913,1,1,A71EV2A-x3665a
smina_crystal_minimised,"COc1ccccc1CC(=O)N1C[C@H](C(N)=O)CC[C@@H]1C |&1:13,19|",4.411260481653311,6.13671125537578,1,1,A71EV2A-x3550a
smina_crystal_minimised,"COc1ccccc1CC(=O)N1C[C@H](C(N)=O)[C@@H](C(F)(F)F)C1 |&1:13,17|",5.110698297493689,6.231569443639046,1,1,A71EV2A-x3990a
smina_crystal_minimised,"COc1ccccc1CC(=O)N1C[C@H](C)[C@@H](C(N)=O)C1 |&1:13,15|",5.303920706565589,6.464782342007338,1,1,A71EV2A-x3634a
smina_crystal_minimised,"COc1ccccc1CC(=O)N1C[C@]2(C(N)=O)CC[C@H]1C2 |a:13,19|",4.621697158125564,5.4507870854421085,1,1,A71EV2A-x4476a
smina_crystal_minimised,COc1ccccc1CCN1C[C@H](C(N)=O)CC1=O |&1:12|,5.044970753420985,5.029939544993368,1,1,A71EV2A-x3956a
smina_crystal_minimised,COc1ccccc1CN1C[C@H](C(N)=O)CC1=O |&1:11|,4.62709189585908,5.30976423682168,1,1,A71EV2A-x3895a
smina_crystal_minimised,COc1ccccc1CN1C[C@H](C(N)=O)CCC1=O |&1:11|,4.956855685489159,5.7174176857107355,2,2,A71EV2A-x3579a; A71EV2A-x4029a
smina_crystal_minimised,COc1ccccc1NC(=O)Nc1cccnc1,4.740875707793589,5.240158073793476,1,1,A71EV2A-x2629a
smina_crystal_minimised,COc1ccccc1S(=O)(=O)N1CCC[C@H](C(N)=O)C1 |a:15|,5.161780778092374,5.483479112306661,2,2,A71EV2A-x4214a; A71EV2A-x4214b
smina_crystal_minimised,COc1ccccc1[C@H](C)C(=O)N1CCC[C@H](C(N)=O)C1 |o1:8|,5.415903931859735,5.557135128438601,2,2,A71EV2A-x4445a; A71EV2A-x4445b
smina_crystal_minimised,"COc1ccccc1[C@H](C)CN1C[C@H](C(N)=O)CC1=O |&1:8,&2:13|",4.917407524166997,4.889642371408722,1,1,A71EV2A-x4313a
smina_crystal_minimised,"COc1ccccc1[C@H](C)N1C[C@H](C(N)=O)CCC1=O |&1:8,&2:12|",5.565980102355844,5.767188731094213,1,1,A71EV2A-x4661a
smina_crystal_minimised,COc1ccccc1[C@H](N)C(=O)N1CCC[C@H](C(N)=O)C1 |o1:8|,5.349983835684398,6.2231325550917145,1,1,A71EV2A-x3890a
smina_crystal_minimised,COc1ccccc1[C@H](NC(=O)OC(C)(C)C)C(=O)N1CCC[C@H](C(N)=O)C1 |o1:8|,4.930769702637148,5.734353768237764,2,2,A71EV2A-x3884a; A71EV2A-x3884b
smina_crystal_minimised,COc1ccccc1[C@H](NC(C)=O)C(=O)N1CCC[C@H](C(N)=O)C1 |o1:8|,5.238439218136987,5.94189316344617,4,4,A71EV2A-x4207a; A71EV2A-x4207b; A71EV2A-x4449a; A71EV2A-x4449b
smina_crystal_minimised,"COc1ccccc1[C@H](O)CN1C[C@H](C(N)=O)CC1=O |&1:8,&2:13|",5.276902343492681,4.6120386849929575,1,1,A71EV2A-x4295a
smina_crystal_minimised,"COc1ccccc1[C@H](O)CN1C[C@H](C(N)=O)CCC1=O |&1:8,&2:13|",5.212129340035951,6.02069854031182,1,1,A71EV2A-x4406a
smina_crystal_minimised,COc1ccccc1[C@H](OC)C(=O)N1CCC[C@H](C(N)=O)C1 |o1:8|,5.523700643055132,5.856919548776368,2,2,A71EV2A-x3862a; A71EV2A-x3883a
smina_crystal_minimised,COc1cccnc1CC(=O)N1CCC[C@H](C(N)=O)C1 |a:15|,4.648165195719463,5.985891793772286,2,2,A71EV2A-x4283a; A71EV2A-x4283b
smina_crystal_minimised,COc1cccnc1CN1CCC[C@H](C(N)=O)C1 |a:13|,5.576653344896242,5.468140980868528,2,2,A71EV2A-x4274a; A71EV2A-x4274b
smina_crystal_minimised,COc1ccncc1CC(=O)N1CCC[C@H](C(N)=O)C1 |&1:15|,4.443671499997475,5.968244696311207,1,1,A71EV2A-x3229a
smina_crystal_minimised,COc1ccncc1CC(=O)N1CCC[C@H](C(N)=O)C1 |a:15|,4.7516996536545095,5.925026716402373,1,1,A71EV2A-x3548a
smina_crystal_minimised,COc1ncc(-c2ccc(SC)c(CC(=O)N3CCC[C@H](C(N)=O)C3)c2)cc1C#N |a:20|,5.612933991649193,6.072639280751778,1,1,A71EV2A-x5877a
smina_crystal_minimised,COc1ncc(Br)cc1CC(=O)N1CCC[C@H](C(N)=O)C1 |a:16|,4.832067775571805,6.460069119300183,1,1,A71EV2A-x4388a
smina_crystal_minimised,COc1ncccc1-c1ccc(SC)c(CC(=O)N2CCC[C@H](C(N)=O)C2)c1 |a:22|,5.926316446103106,6.437155380291531,1,1,A71EV2A-x6736a
smina_crystal_minimised,COc1ncccc1CC(=O)N1CCC[C@H](C(N)=O)C1 |&1:15|,4.324153048333832,5.838488135872575,1,1,A71EV2A-x3201a
smina_crystal_minimised,COc1ncccc1CC(=O)N1CCC[C@H](C(N)=O)C1 |a:15|,4.286509456906058,6.264664623301255,1,1,A71EV2A-x4347a
smina_crystal_minimised,COc1ncccc1CC(=O)N1CCC[C@H](C(N)=O)C1 |o1:15|,4.939681121858298,6.238419376173782,2,2,A71EV2A-x3849a; A71EV2A-x3869a
smina_crystal_minimised,COc1ncccc1NC(=O)N1CCC[C@H](C(N)=O)C1 |a:15|,4.487273331768478,6.456506714579069,2,2,A71EV2A-x4031a; A71EV2A-x4031b
smina_crystal_minimised,COc1ncccc1NC(=O)N1CC[C@H](C(N)=O)C1 |a:14|,4.618016608302379,5.471626420055544,1,1,A71EV2A-x4418a
smina_crystal_minimised,COc1ncccc1NS(=O)(=O)N1CCC[C@H](C(N)=O)C1 |a:16|,4.601213898998983,5.904762790781957,2,2,A71EV2A-x4899a; A71EV2A-x4899b
smina_crystal_minimised,CS(=O)(=O)c1ccccc1CC(=O)N1CCC[C@H](C(N)=O)C1 |a:17|,4.018181392829336,5.770501914085867,1,1,A71EV2A-x4675a
smina_crystal_minimised,CSCC1(CC(=O)N2CCC[C@H](C(N)=O)C2)CC1 |a:11|,4.0270354434741735,5.047656277937679,1,1,A71EV2A-x4701a
smina_crystal_minimised,"CSC[C@H]1C[C@H]1C(=O)N1CCC[C@H](C(N)=O)C1 |&1:3,5|",4.808721339045607,4.97060278322912,1,1,A71EV2A-x4736a
smina_crystal_minimised,"CS[C@@H]1CCCC[C@H]1OC(=O)N1CCC[C@H](C(N)=O)C1 |o1:2,7|",3.5961527992975952,5.513026547349488,1,1,A71EV2A-x5231a
smina_crystal_minimised,CSc1c(Br)cccc1CC(=O)N1CCC[C@H](C(N)=O)C1 |a:16|,4.472492797097293,5.892598571369015,1,1,A71EV2A-x4290a
smina_crystal_minimised,CSc1c(F)cccc1NC(=O)N1CCC[C@H](C(N)=O)C1 |a:16|,4.319967775442991,6.135171944693816,1,1,A71EV2A-x4851a
smina_crystal_minimised,CSc1c(NC(=O)N2CCC[C@H](C(N)=O)C2)c(C)nn1C |a:11|,4.6073172842698655,5.439894629854503,1,1,A71EV2A-x4727a
smina_crystal_minimised,CSc1ccc(-c2cc(C#N)ncc2F)cc1CC(=O)N1CCC[C@H](C(N)=O)C1 |a:24|,5.682717212000788,6.4502395210882195,1,1,A71EV2A-x6769a
smina_crystal_minimised,CSc1ccc(-c2cc(C)c(=O)n(C)c2)cc1CC(=O)N1CCC[C@H](C(N)=O)C1 |a:24|,6.031014087429405,6.344848049729805,2,2,A71EV2A-x5879a; A71EV2A-x5879b
smina_crystal_minimised,CSc1ccc(-c2cc(C)nn2C)cc1OC(=O)N1CCC[C@H](C(N)=O)C1 |a:22|,5.436862866226505,6.514619357848613,1,1,A71EV2A-x7260a
smina_crystal_minimised,CSc1ccc(-c2cc[nH]n2)cc1CC(=O)N1CCC[C@H](C(N)=O)C1 |a:20|,5.955905430140241,6.164224601303156,2,2,A71EV2A-x5525a; A71EV2A-x5525b
smina_crystal_minimised,"CSc1ccc(-c2cc[nH]n2)cc1CC(=O)N1C[C@H](C(N)=O)C[C@H]2C[C@H]21 |&1:18,23,25|",6.340503680200894,6.646333041868598,2,2,A71EV2A-x7576a; A71EV2A-x7576b
smina_crystal_minimised,CSc1ccc(-c2cc[nH]n2)cc1OC(=O)N1CCC[C@H](C(N)=O)C1 |a:20|,6.343392058545723,6.244023200061215,1,1,A71EV2A-x7597a
smina_crystal_minimised,CSc1ccc(-c2ccc(N3CCN(C)CC3)nc2)cc1OC(=O)N1CCC[C@H](C(N)=O)C1 |a:28|,6.646304383229654,6.508784637358886,1,1,A71EV2A-x7261a
smina_crystal_minimised,CSc1ccc(-c2cccc3cnn(C)c23)cc1CC(=O)N1CCC[C@H](C(N)=O)C1 |a:25|,4.852511447271943,6.9010229892757105,1,1,A71EV2A-x6025a
smina_crystal_minimised,CSc1ccc(-c2ccccc2)cc1CC(=O)N1CCC[C@H](C(N)=O)C1 |a:21|,5.7575850142068425,6.255164877378282,1,1,A71EV2A-x5526a
smina_crystal_minimised,CSc1ccc(-c2ccccn2)cc1OC(=O)N1CCC[C@H](C(N)=O)C1 |a:21|,6.363385275343752,6.2839793073344605,1,1,A71EV2A-x7442a
smina_crystal_minimised,"CSc1ccc(-c2ccccn2)cc1OC(=O)N1C[C@H](C(N)=O)C[C@H]2C[C@H]21 |&1:19,24,26|",6.770247859071493,6.566424492347542,2,2,A71EV2A-x7350a; A71EV2A-x7350b
smina_crystal_minimised,"CSc1ccc(-c2cccnc2)cc1OC(=O)N1C[C@H](C(N)=O)C[C@@H]2C[C@@H]21 |&1:19,24,26|",6.025403843721281,6.509488322242069,1,1,A71EV2A-x7032a
smina_crystal_minimised,"CSc1ccc(-c2cccnc2)cc1OC(=O)N1C[C@H](C(N)=O)C[C@H]2C[C@H]21 |&1:19,24,26|",6.615017621163278,6.712244859260089,1,1,A71EV2A-x7070a
smina_crystal_minimised,CSc1ccc(-c2cccnc2C(C)C)cc1CC(=O)N1CCC[C@H](C(N)=O)C1 |a:24|,5.633026106559719,6.706666690550689,1,1,A71EV2A-x6778a
smina_crystal_minimised,CSc1ccc(-c2cccnc2N)cc1OC(=O)N1CCC[C@H](C(N)=O)C1 |a:22|,6.467825319983038,6.332145071578175,2,2,A71EV2A-x7301a; A71EV2A-x7301b
smina_crystal_minimised,CSc1ccc(-c2ccnc(N(C)C)c2)cc1CC(=O)N1CCC[C@H](C(N)=O)C1 |a:24|,6.212710086334884,6.446347264078112,1,1,A71EV2A-x6791a
smina_crystal_minimised,CSc1ccc(-c2ccncc2)cc1CC(=O)N1CCC[C@H](C(N)=O)C1 |a:21|,5.983523026568097,6.296499034214428,1,1,A71EV2A-x5509a
smina_crystal_minimised,"CSc1ccc(-c2ccncc2)cc1CC(=O)N1C[C@H](C(N)=O)C[C@H]2C[C@H]21 |&1:19,24,26|",6.743785006270056,6.711431223613909,1,1,A71EV2A-x7256a
smina_crystal_minimised,"CSc1ccc(-c2ccncc2)cc1CC(=O)N1C[C@H](C(N)=O)C[C@H]2C[C@H]21 |o1:19,24,26|",4.917388969413124,6.5345644262563365,1,1,A71EV2A-x7445a
smina_crystal_minimised,"CSc1ccc(-c2ccncc2)cc1NC(=O)N1C[C@H](C(N)=O)C[C@H]2C[C@H]21 |&1:19,24,26|",5.742028204896328,6.958270686543009,1,1,A71EV2A-x6746a
smina_crystal_minimised,"CSc1ccc(-c2ccncc2)cc1OC(=O)N1C[C@H](C(N)=O)C[C@H]2C[C@H]21 |&1:19,24,26|",6.058389757043434,6.449323264729907,1,1,A71EV2A-x7184a
smina_crystal_minimised,CSc1ccc(-c2ccnn2C(C)(C)C)cc1OC(=O)N1CCC[C@H](C(N)=O)C1 |a:24|,4.912085112444354,6.160295694038716,2,2,A71EV2A-x7167a; A71EV2A-x7167b
smina_crystal_minimised,"CSc1ccc(-c2ccnn2C2CCC2)cc1OC(=O)N1C[C@H](C(N)=O)C[C@H]2C[C@H]21 |&1:22,27,29|",6.6437811411974925,6.604603062285663,1,1,A71EV2A-x7044a
smina_crystal_minimised,"CSc1ccc(-c2cn[nH]c2)cc1CC(=O)N1C[C@H](C(N)=O)C[C@H]2C[C@H]21 |&1:18,23,25|",6.438312682607372,6.456946517631059,1,1,A71EV2A-x5836a
smina_crystal_minimised,"CSc1ccc(-c2cn[nH]c2)cc1OC(=O)N1C[C@H](C(N)=O)C[C@@H]2C[C@@H]21 |&1:18,23,25|",5.626220997937759,6.418822923074436,1,1,A71EV2A-x7379a
smina_crystal_minimised,"CSc1ccc(-c2cn[nH]c2)cc1OC(=O)N1C[C@H](C(N)=O)C[C@H]2C[C@H]21 |&1:18,23,25|",6.775141043530828,6.639567404918826,1,1,A71EV2A-x7323a
smina_crystal_minimised,CSc1ccc(-c2cncc(C)c2C)cc1CC(=O)N1CCC[C@H](C(N)=O)C1 |a:23|,5.401951923140469,6.7686129504234085,1,1,A71EV2A-x6032a
smina_crystal_minimised,CSc1ccc(-c2cncc(S(C)(=O)=O)c2)cc1CC(=O)N1CCC[C@H](C(N)=O)C1 |a:25|,5.687762124194347,6.5520612576746515,2,2,A71EV2A-x6948a; A71EV2A-x6948b
smina_crystal_minimised,CSc1ccc(-c2cncc3ccccc23)cc1CC(=O)N1CCC[C@H](C(N)=O)C1 |a:25|,5.484126156288321,6.916731288282602,1,1,A71EV2A-x6035a
smina_crystal_minimised,"CSc1ccc(-c2cnco2)cc1OC(=O)N1C[C@H](C(N)=O)C[C@H]2C[C@H]21 |&1:18,23,25|",6.622961397710664,6.428337329099143,1,1,A71EV2A-x7002a
smina_crystal_minimised,"CSc1ccc(-c2cnn[nH]2)cc1OC(=O)N1C[C@H](C(N)=O)C[C@H]2C[C@H]21 |&1:18,23,25|",6.821074156272469,6.64250675531629,1,1,A71EV2A-x7410a
smina_crystal_minimised,CSc1ccc(-c2cnnn2C)cc1CC(=O)N1CCC[C@H](C(N)=O)C1 |a:21|,5.437915347454481,6.5144727568312835,1,1,A71EV2A-x6925a
smina_crystal_minimised,CSc1ccc(-c2csc(C(F)F)c2)cc1CC(=O)N1CCC[C@H](C(N)=O)C1 |a:23|,6.104588372500485,6.160731832065272,1,1,A71EV2A-x5864a
smina_crystal_minimised,"CSc1ccc(-c2ocnc2C)cc1OC(=O)N1C[C@H](C(N)=O)C[C@H]2C[C@H]21 |&1:19,24,26|",5.964275769895213,6.71489833767376,1,1,A71EV2A-x7287a
smina_crystal_minimised,CSc1ccc(-n2cccn2)cc1CC(=O)N1CCC[C@H](C(N)=O)C1 |a:20|,6.017614181634599,6.350822041185995,1,1,A71EV2A-x5604a
smina_crystal_minimised,CSc1ccc(-n2ccnc2)cc1CC(=O)N1CCC[C@H](C(N)=O)C1 |a:20|,5.816743356703912,6.15450861887962,1,1,A71EV2A-x5833a
smina_crystal_minimised,CSc1ccc(Br)cc1CC(=O)N1CCC[C@H](C(N)=O)C1 |a:16|,6.504803930407411,5.969212263025584,1,1,A71EV2A-x4431a
smina_crystal_minimised,CSc1ccc(Br)cc1CC(=O)N1CCC[C@H](C(N)=O)CC1 |&1:16|,4.084730020129478,6.0308543257873435,2,2,A71EV2A-x5203a; A71EV2A-x5203b
smina_crystal_minimised,"CSc1ccc(Br)cc1CC(=O)N1CCC[C@H](C(N)=O)[C@@H]1C |o1:16,20|",4.01122507362837,5.4625518170828276,1,1,A71EV2A-x5494a
smina_crystal_minimised,CSc1ccc(Br)cc1CC(=O)N1CC[C@H](C(N)=O)C1 |a:15|,4.166573738364501,5.814372268521818,1,1,A71EV2A-x4856a
smina_crystal_minimised,"CSc1ccc(Br)cc1CC(=O)N1C[C@H](C(N)=O)CC[C@@H]1C |o1:14,20|",5.370420577541523,6.001724703643907,2,2,A71EV2A-x5247a; A71EV2A-x5247b
smina_crystal_minimised,"CSc1ccc(Br)cc1CC(=O)N1C[C@H](C(N)=O)CC[C@H]1C |o1:14,20|",5.163175522827518,5.826838852533004,4,4,A71EV2A-x5339a; A71EV2A-x5339b; A71EV2A-x5366a; A71EV2A-x5366b
smina_crystal_minimised,"CSc1ccc(Br)cc1CC(=O)N1C[C@H](C(N)=O)[C@H]2C[C@H]21 |o1:14,18,20|",4.590066876668706,6.160929743438667,1,1,A71EV2A-x7359a
smina_crystal_minimised,"CSc1ccc(Br)cc1CC(=O)N1[C@H]2CC[C@H](C(N)=O)[C@@H]1CC2 |o1:13,16,20|",4.022734028686543,6.121354798810481,2,2,A71EV2A-x5758a; A71EV2A-x5758b
smina_crystal_minimised,"CSc1ccc(Br)cc1OC(=O)N1C[C@H](C(N)=O)CC[C@@H]1C |o1:14,20|",4.757850080326607,5.865788910324822,2,2,A71EV2A-x5819a; A71EV2A-x5819b
smina_crystal_minimised,"CSc1ccc(Br)cc1OC(=O)N1C[C@H](C(N)=O)CC[C@@H]1CO |&1:14,20|",5.994964027913848,5.801881861845317,1,1,A71EV2A-x7558a
smina_crystal_minimised,"CSc1ccc(Br)cc1OC(=O)N1C[C@H](C(N)=O)C[C@@H]2C[C@@H]21 |&1:14,19,21|",6.134970625328986,6.178067402364524,1,1,A71EV2A-x5830a
smina_crystal_minimised,"CSc1ccc(Br)cc1OC(=O)N1C[C@H](C(N)=O)C[C@H]2C[C@H]21 |&1:14,19,21|",6.442779415416162,6.185104251196357,1,1,A71EV2A-x6932a
smina_crystal_minimised,CSc1ccc(Br)cc1[C@H](NC(=O)OC(C)(C)C)C(=O)N1CC[C@H](C(N)=O)C1 |&1:9|,4.616253373468555,5.7237801698628505,1,1,A71EV2A-x5891a
smina_crystal_minimised,CSc1ccc(C(=O)N(C)C2CCC(C)(C)CC2)cc1CC(=O)N1CCC[C@H](C(N)=O)C1 |a:27|,4.8542464945359285,6.271437590301892,1,1,A71EV2A-x7307a
smina_crystal_minimised,CSc1ccc(C(=O)N2CC=CCC23CCC3)cc1CC(=O)N1CCC[C@H](C(N)=O)C1 |a:26|,5.727326160448949,6.399024455684043,1,1,A71EV2A-x7318a
smina_crystal_minimised,CSc1ccc(C(=O)N2Cc3nccc(C)c3C2)cc1CC(=O)N1CCC[C@H](C(N)=O)C1 |a:27|,5.732131922180389,7.156255360446943,1,1,A71EV2A-x6739a
smina_crystal_minimised,CSc1ccc(C(=O)Nc2ccncc2)cc1CC(=O)N1CCC[C@H](C(N)=O)C1 |a:24|,6.058292496038209,6.312218328297618,2,2,A71EV2A-x5512a; A71EV2A-x5512b
smina_crystal_minimised,"CSc1ccc(C2=CCN(C)CC2)cc1CC(=O)N1C[C@H](C(N)=O)C[C@H]2C[C@H]21 |o1:20,25,27|",6.217987758487747,6.659010364842196,2,2,A71EV2A-x7369a; A71EV2A-x7369b
smina_crystal_minimised,"CSc1ccc(C2=CCN(C)CC2)cc1OC(=O)N1C[C@H](C(N)=O)C[C@@H]2C[C@@H]21 |&1:20,25,27|",6.4554495427646055,6.481597478695069,1,1,A71EV2A-x7046a
smina_crystal_minimised,"CSc1ccc(C2=CCN(C)CC2)cc1OC(=O)N1C[C@H](C(N)=O)C[C@H]2C[C@H]21 |&1:20,25,27|",6.616789569053188,6.636606064368764,1,1,A71EV2A-x7368a
smina_crystal_minimised,CSc1ccc(C2=CCNCC2)cc1CC(=O)N1CCC[C@H](C(N)=O)C1 |a:21|,6.359785941635829,6.295289575821456,1,1,A71EV2A-x6827a
smina_crystal_minimised,"CSc1ccc(C2=CCOCC2)cc1OC(=O)N1C[C@H](C(N)=O)C[C@H]2C[C@H]21 |&1:19,24,26|",6.278226151900541,6.524360995450181,1,1,A71EV2A-x7021a
smina_crystal_minimised,CSc1ccc(C2CC2)cc1CC(=O)N1CCC[C@H](C(N)=O)C1 |a:18|,5.527677465814104,5.551824506585827,1,1,A71EV2A-x5276a
smina_crystal_minimised,CSc1ccc(N2CCCC2=O)cc1NC(=O)N1CCC[C@H](C(N)=O)C1 |a:21|,5.06227649451538,6.364767462959495,2,2,A71EV2A-x4986a; A71EV2A-x4986b
smina_crystal_minimised,CSc1ccc(N2CCOCC2)cc1NC(=O)N1CCC[C@H](C(N)=O)C1 |a:21|,4.924868863339022,6.303326976596564,2,2,A71EV2A-x5598a; A71EV2A-x5598b
smina_crystal_minimised,CSc1ccc(OC2CC2)cc1NC(=O)N1CCC[C@H](C(N)=O)C1 |a:19|,4.674438823846753,5.805568877431162,1,1,A71EV2A-x5533a
smina_crystal_minimised,CSc1ccc(S(C)(=O)=O)cc1CC(=O)N1CCC[C@H](C(N)=O)C1 |a:19|,5.609697925694327,6.060973504797756,2,2,A71EV2A-x5449a; A71EV2A-x5449b
smina_crystal_minimised,CSc1ccc(SC(C)(C)C)cc1CC(=O)N1CCC[C@H](C(N)=O)C1 |a:20|,5.111221489644668,5.352586393983723,1,1,A71EV2A-x5403a
smina_crystal_minimised,CSc1ccc2c(c1)[C@H](C(=O)N1CCC[C@H](C(N)=O)C1)CCO2 |o1:8|,4.060454118763697,6.100903956892969,2,2,A71EV2A-x5475a; A71EV2A-x5475b
smina_crystal_minimised,CSc1ccc2cnccc2c1NC(=O)N1CCC[C@H](C(N)=O)C1 |a:19|,5.772572568212773,6.255010946310085,1,1,A71EV2A-x5261a
smina_crystal_minimised,CSc1ccc2ncccc2c1NC(=O)N1CCC[C@H](C(N)=O)C1 |a:19|,6.128863936621021,6.350268622345575,2,2,A71EV2A-x4977a; A71EV2A-x4977b
smina_crystal_minimised,"CSc1ccc2ncccc2c1NC(=O)N1C[C@H](C(N)=O)C[C@@H]2C[C@@H]21 |o1:17,22,24|",5.669481598088156,6.619593016307637,2,2,A71EV2A-x6877a; A71EV2A-x6980a
smina_crystal_minimised,"CSc1ccc2ncccc2c1NC(=O)N1C[C@H](C(N)=O)C[C@H]2C[C@H]21 |&1:17,22,24|",6.155618588158782,6.822950617496709,1,1,A71EV2A-x5854a
smina_crystal_minimised,"CSc1ccc2ncccc2c1OC(=O)N1C[C@H](C(N)=O)C[C@@H]2C[C@@H]21 |o1:17,22,24|",6.223231835566202,6.622576347010299,2,2,A71EV2A-x7459a; A71EV2A-x7461a
smina_crystal_minimised,"CSc1ccc2ncccc2c1OC(=O)N1C[C@H](C(N)=O)C[C@H]2C[C@H]21 |o1:17,22,24|",6.55419279444554,6.417102804471099,3,3,A71EV2A-x7465a; A71EV2A-x7465b; A71EV2A-x7515a
smina_crystal_minimised,CSc1ccc2scnc2c1NC(=O)N1CCC[C@H](C(N)=O)C1 |a:18|,5.775683273773221,6.268894062651221,2,2,A71EV2A-x5283a; A71EV2A-x5283b
smina_crystal_minimised,CSc1cccc(-c2cc(C(F)(F)F)nn2C)c1CC(=O)N1CCC[C@H](C(N)=O)C1 |a:25|,5.150667872559956,6.066727594727952,2,2,A71EV2A-x6955a; A71EV2A-x6955b
smina_crystal_minimised,CSc1cccc(-c2ccc(C(F)(F)F)cc2C#N)c1CC(=O)N1CCC[C@H](C(N)=O)C1 |a:27|,5.656918950334414,6.0081201730249205,1,1,A71EV2A-x5884a
smina_crystal_minimised,CSc1cccc(-c2ccc(C(F)(F)F)o2)c1CC(=O)N1CCC[C@H](C(N)=O)C1 |a:24|,5.785803993839482,6.223359786668575,1,1,A71EV2A-x5857a
smina_crystal_minimised,CSc1cccc(-c2cn(C)c(=O)c3ccccc23)c1CC(=O)N1CCC[C@H](C(N)=O)C1 |a:27|,6.086272291520818,6.875419121599056,1,1,A71EV2A-x6028a
smina_crystal_minimised,CSc1cccc(-c2sccc2C2CC2)c1CC(=O)N1CCC[C@H](C(N)=O)C1 |a:23|,5.508648103412354,6.008398714957846,1,1,A71EV2A-x6794a
smina_crystal_minimised,CSc1cccc(-n2ccnc2)c1CC(=O)N1CCC[C@H](C(N)=O)C1 |a:20|,5.508866053332301,5.747287642991688,1,1,A71EV2A-x5788a
smina_crystal_minimised,CSc1cccc(Br)c1CC(=O)N1CCC[C@H](C(N)=O)C1 |a:16|,5.23959580735841,5.568236490475901,1,1,A71EV2A-x4670a
smina_crystal_minimised,CSc1cccc(C2=CCCCC2)c1CC(=O)N1CCC[C@H](C(N)=O)C1 |a:21|,5.358458624958955,6.040709579177341,1,1,A71EV2A-x6938a
smina_crystal_minimised,CSc1cccc(CC(=O)N2CCC[C@H](C(N)=O)C2)c1 |a:14|,4.165030350472351,5.877429031100811,2,2,A71EV2A-x4334a; A71EV2A-x4334b
smina_crystal_minimised,CSc1cccc(CN2C[C@H](C(N)=O)CCC2=O)c1 |o1:10|,4.610891805164698,6.043560968964407,1,1,A71EV2A-x4710a
smina_crystal_minimised,CSc1cccc2c1N(C(=O)N1CCC[C@H](C(N)=O)C1)CCCO2 |a:15|,3.9795272089559,6.898457471472438,1,1,A71EV2A-x5249a
smina_crystal_minimised,"CSc1cccc2c1[C@@H](C(=O)N1C[C@H](C(N)=O)C[C@H]3C[C@H]31)CC2 |&1:8,13,18,20|",6.317002294422829,6.881788935802037,1,1,A71EV2A-x7448a
smina_crystal_minimised,CSc1cccc2c1[C@H](C(=O)N1CCC[C@H](C(N)=O)C1)CC2 |o1:8|,6.105065909655473,5.985177113812802,1,1,A71EV2A-x5687a
smina_crystal_minimised,CSc1cccc2c1[C@H](C(=O)N1CCC[C@H](C(N)=O)C1)CCC2 |o1:8|,4.913179132164633,6.367910833106076,3,3,A71EV2A-x5850a; A71EV2A-x5995a; A71EV2A-x5995b
smina_crystal_minimised,CSc1ccccc1CC(=O)N1CCC(F)(F)[C@H](C(N)=O)C1 |&1:17|,4.92096962924201,6.415780951964843,1,1,A71EV2A-x4724a
smina_crystal_minimised,CSc1ccccc1CC(=O)N1CCC[C@H](C(F)F)C1 |&1:15|,3.883316455303125,3.447923986681984,1,1,A71EV2A-x4746a
smina_crystal_minimised,CSc1ccccc1CC(=O)N1CCC[C@H](C(N)=O)C1 |a:15|,5.393063563669464,5.858565145195895,1,1,A71EV2A-x4386a
smina_crystal_minimised,CSc1ccccc1CC(=O)N1CCC[C@H](CCO)C1 |&1:15|,3.7794804346789226,5.646455463272232,1,1,A71EV2A-x4809a
smina_crystal_minimised,CSc1ccccc1CC(=O)N1CCC[C@H](CF)C1 |&1:15|,4.015189894778023,5.3204294608324245,1,1,A71EV2A-x4751a
smina_crystal_minimised,CSc1ccccc1CC(=O)N1CCC[C@H](O)C1 |&1:15|,4.025488307262672,5.035151211159444,1,1,A71EV2A-x4794a
smina_crystal_minimised,CSc1ccccc1CC(=O)N1CCC[C@H](S(N)(=O)=O)C1 |&1:15|,4.603800652904264,6.341776758416745,1,1,A71EV2A-x4745a
smina_crystal_minimised,CSc1ccccc1CC(=O)N1CCC[C@H]1c1cnc[nH]1 |&1:15|,4.853871964321762,5.550827619667984,1,1,A71EV2A-x4735a
smina_crystal_minimised,"CSc1ccccc1CC(=O)N1CCC[C@H]2C(=O)NC[C@H]21 |&1:15,20|",4.035167674220528,4.209692192931241,1,1,A71EV2A-x4791a
smina_crystal_minimised,CSc1ccccc1CC(=O)N1CCC[C@](F)(C(N)=O)C1 |&1:15|,3.839782551369189,5.818227875277593,1,1,A71EV2A-x4753a
smina_crystal_minimised,CSc1ccccc1CC(=O)N1CCC[C@](O)(C(N)=O)C1 |&1:15|,3.955966436496336,5.961515709615767,2,2,A71EV2A-x4894a; A71EV2A-x4940a
smina_crystal_minimised,CSc1ccccc1CC(=O)N1CCNC(=O)C1,4.006123085058789,3.814778372448148,1,1,A71EV2A-x4721a
smina_crystal_minimised,"CSc1ccccc1CC(=O)N1CC[C@H]2[C@H](C1)[C@H]2C(N)=O |&1:14,&2:15,&3:17|",4.558200508454535,5.771704042427972,1,1,A71EV2A-x4739a
smina_crystal_minimised,"CSc1ccccc1CC(=O)N1C[C@H](C(N)=O)CC[C@H]1CO |o1:13,19|",4.599655204790009,6.16948024777443,2,2,A71EV2A-x5992a; A71EV2A-x5992b
smina_crystal_minimised,"CSc1ccccc1CC(=O)N1C[C@H](C(N)=O)C[C@H](C(N)=O)C1 |a:13,18|",5.207231875935455,6.091451856300628,2,2,A71EV2A-x5171a; A71EV2A-x5171b
smina_crystal_minimised,"CSc1ccccc1CC(=O)N1C[C@H](C(N)=O)C[C@H]2C[C@H]21 |o1:13,18,20|",5.676463453677816,5.845554304907873,2,2,A71EV2A-x5177a; A71EV2A-x7631a
smina_crystal_minimised,"CSc1ccccc1CC(=O)N1C[C@H](C)C[C@@H](C(N)=O)C1 |o1:13,16|",4.494060495927921,5.912206457436879,1,1,A71EV2A-x5200a
smina_crystal_minimised,"CSc1ccccc1CC(=O)N1C[C@H](C)C[C@H](C(N)=O)C1 |&1:13,&2:16|",4.1315895194873935,5.800291240807288,2,2,A71EV2A-x4885a; A71EV2A-x4885b
smina_crystal_minimised,"CSc1ccccc1CC(=O)N1C[C@H](C)C[C@H](C(N)=O)C1 |o1:13,16|",4.006585256974127,5.82180494010044,1,1,A71EV2A-x5268a
smina_crystal_minimised,"CSc1ccccc1CC(=O)N1C[C@H](O)C[C@@H](C(N)=O)C1 |&1:13,16|",3.66094239119996,5.8946876358659654,2,2,A71EV2A-x5387a; A71EV2A-x5387b
smina_crystal_minimised,CSc1ccccc1CC(=O)N1C[C@H]2C[C@@]1(CC(N)=O)C2 |&1:15|,4.051345937463026,5.336665523501704,2,2,A71EV2A-x5262a; A71EV2A-x5262b
smina_crystal_minimised,CSc1ccccc1CN1C[C@H](C(N)=O)CCC1=O |o1:11|,4.6439741428068775,5.855105361186911,1,1,A71EV2A-x4694a
smina_crystal_minimised,CSc1ccccc1N(C)C(=O)N1CCC[C@H](C(N)=O)C1 |a:16|,4.601955140820748,6.317257738268331,1,1,A71EV2A-x4712a
smina_crystal_minimised,CSc1ccccc1N(C)C(=O)N1CC[C@H](C(N)=O)C1 |a:15|,4.640164517660112,5.981717329803818,1,1,A71EV2A-x4684a
smina_crystal_minimised,CSc1ccccc1N1C[C@H](C(N)=O)CCC1=O |o1:10|,4.6020599913279625,5.25636481625929,1,1,A71EV2A-x4922a
smina_crystal_minimised,CSc1ccccc1OC(=O)N1CCC[C@H](C(N)=O)C1 |a:15|,5.826838634714068,5.885887909800742,2,2,A71EV2A-x4824a; A71EV2A-x4824b
smina_crystal_minimised,CSc1ccccc1[C@H](C(=O)N1CC[C@H](C(N)=O)C1)N1CCCC1=O |o1:8|,7.194299872872455,6.348249193331856,1,1,A71EV2A-x7038a
smina_crystal_minimised,CSc1ccccc1[C@H](NC(=O)C(C)C)C(=O)N1CC[C@H](C(N)=O)C1 |&1:8|,4.616633749466019,6.197594657872858,1,1,A71EV2A-x7035a
smina_crystal_minimised,CSc1ccccc1[C@H](NC(=O)C1(C)CCC1)C(=O)N1CC[C@H](C(N)=O)C1 |&1:8|,4.6108664765966765,6.238972795014202,1,1,A71EV2A-x6991a
smina_crystal_minimised,CSc1ccccc1[C@H](NC(=O)C1CC1)C(=O)N1CC[C@H](C(N)=O)C1 |&1:8|,4.612020519224207,6.017883800779087,1,1,A71EV2A-x6934a
smina_crystal_minimised,CSc1ccccc1[C@H](NC(=O)CC(F)(F)F)C(=O)N1CC[C@H](C(N)=O)C1 |&1:8|,4.15694990903351,6.088706752251127,1,1,A71EV2A-x6818a
smina_crystal_minimised,CSc1ccccc1[C@H](NC(=O)CC1CC1)C(=O)N1CC[C@H](C(N)=O)C1 |&1:8|,4.287343084176254,5.6564756428067255,1,1,A71EV2A-x6726a
smina_crystal_minimised,CSc1ccccc1[C@H](NC(=O)CNC(C)=O)C(=O)N1CC[C@H](C(N)=O)C1 |&1:8|,5.199617314652804,6.092694299922498,1,1,A71EV2A-x6821a
smina_crystal_minimised,CSc1ccccc1[C@H](NC(=O)Cc1ccccc1)C(=O)N1CC[C@H](C(N)=O)C1 |&1:8|,4.505347154054938,6.3052217947455516,1,1,A71EV2A-x6819a
smina_crystal_minimised,CSc1ccccc1[C@H](NC(=O)Cc1cccnc1)C(=O)N1CC[C@H](C(N)=O)C1 |&1:8|,4.6077519100900055,6.635557867094856,1,1,A71EV2A-x6856a
smina_crystal_minimised,CSc1ccccc1[C@H](NC(=O)Cn1cccn1)C(=O)N1CC[C@H](C(N)=O)C1 |&1:8|,4.730497044785864,6.005616960654013,2,2,A71EV2A-x6816a; A71EV2A-x6816b
smina_crystal_minimised,CSc1ccccc1[C@H](NC(=O)OC(C)(C)C)C(=O)N1CC[C@H](C(N)=O)C1 |o1:8|,4.621638788259481,5.74276133658163,2,2,A71EV2A-x6847a; A71EV2A-x6851a
smina_crystal_minimised,CSc1ccccc1[C@H](NC(C)=O)C(=O)N1CC[C@H](C(N)=O)C1 |&1:8|,5.186061162833519,6.1667791240301275,1,1,A71EV2A-x5383a
smina_crystal_minimised,CSc1cccnc1CC(=O)N1CCC[C@H](C(N)=O)C1 |a:15|,5.097431091411007,5.310819764146454,1,1,A71EV2A-x4914a
smina_crystal_minimised,CSc1ccncc1CC(=O)N1CCC[C@H](C(N)=O)C1 |a:15|,5.534026193176526,5.91481595554535,2,2,A71EV2A-x4827a; A71EV2A-x4827b
smina_crystal_minimised,CSc1ccncc1NC(=O)N1CCC[C@H](C(N)=O)C1 |a:15|,5.452530294347775,6.0430551954546186,2,2,A71EV2A-x4826a; A71EV2A-x4826b
smina_crystal_minimised,CSc1ccncc1NS(=O)(=O)N1CCC[C@H](C(N)=O)C1 |a:16|,4.881756561812204,5.875570863206155,1,1,A71EV2A-x5182a
smina_crystal_minimised,CSc1cn(C)nc1NC(=O)N1CCC[C@H](C(N)=O)C1 |a:15|,3.761033004441306,5.409203706876503,1,1,A71EV2A-x4703a
smina_crystal_minimised,CSc1cnccc1CC(=O)N1CCC[C@H](C(N)=O)C1 |a:15|,4.407893372233542,5.532832344790748,1,1,A71EV2A-x4689a
smina_crystal_minimised,CSc1cncnc1CC(=O)N1CCC[C@H](C(N)=O)C1 |a:15|,4.176969771296364,5.4690389120996725,1,1,A71EV2A-x4812a
smina_crystal_minimised,CSc1cscc1CC(=O)N1CCC[C@H](C(N)=O)C1 |a:14|,5.073475651835252,5.461562260215851,1,1,A71EV2A-x4935a
smina_crystal_minimised,CSc1nc2c(cc1NC(=O)N1CCC[C@H](C(N)=O)C1)CCCC2 |a:15|,4.217527375833714,6.435711360270833,2,2,A71EV2A-x5022a; A71EV2A-x5022b
smina_crystal_minimised,CSc1ncccc1CC(=O)N1CCC[C@H](C(N)=O)C1 |a:15|,5.072700933344527,6.141959571796187,1,1,A71EV2A-x4918a
smina_crystal_minimised,CSc1ncccc1NC(=O)N1CCC[C@H](C(N)=O)C1 |a:15|,4.2209855861319525,6.244664579512033,2,2,A71EV2A-x4883a; A71EV2A-x4883b
smina_crystal_minimised,CSc1nccnc1CC(=O)N1CCC[C@H](C(N)=O)C1 |a:15|,4.781195179900988,5.695244281839599,1,1,A71EV2A-x4774a
smina_crystal_minimised,CSc1ncnc(-c2cn[nH]c2)c1CC(=O)N1CCC[C@H](C(N)=O)C1 |a:20|,5.579850424620521,5.9768868262828,1,1,A71EV2A-x5544a
smina_crystal_minimised,CSc1ncnc(N(C)C)c1CC(=O)N1CCC[C@H](C(N)=O)C1 |a:18|,6.393012805332465,6.0582650510025875,2,2,A71EV2A-x7545a; A71EV2A-x7545b
smina_crystal_minimised,"CSc1ncnc(N(C)C)c1CC(=O)N1C[C@H](C(N)=O)C[C@@H]2C[C@@H]21 |&1:16,21,23|",6.073633599517659,6.29445761504811,2,2,A71EV2A-x7580a; A71EV2A-x7580b
smina_crystal_minimised,CSc1ncnc(N(C)C2CCC2)c1CC(=O)N1CCC[C@H](C(N)=O)C1 |a:21|,6.323397411601913,6.038723135392522,1,1,A71EV2A-x7172a
smina_crystal_minimised,CSc1ncnc(N(C)C2CCOCC2)c1CC(=O)N1CCC[C@H](C(N)=O)C1 |a:23|,5.7864475040867696,6.131536239464037,1,1,A71EV2A-x7424a
smina_crystal_minimised,CSc1ncnc(N(C)CC(C)(C)O)c1CC(=O)N1CCC[C@H](C(N)=O)C1 |a:22|,6.134728951225614,5.8391771606540255,1,1,A71EV2A-x7251a
smina_crystal_minimised,CSc1ncnc(N(C)CC(C)(F)F)c1CC(=O)N1CCC[C@H](C(N)=O)C1 |a:22|,6.994328024624508,5.977803082641112,1,1,A71EV2A-x7333a
smina_crystal_minimised,"CSc1ncnc(N(C)CC(F)(F)F)c1CC(=O)N1C[C@H](C(N)=O)C[C@H]2C[C@H]21 |&1:20,25,27|",6.794695728715816,6.130136199748537,1,1,A71EV2A-x7608a
smina_crystal_minimised,CSc1ncnc(N(C)CC2CCCC2)c1CC(=O)N1CCC[C@H](C(N)=O)C1 |a:23|,6.3046606911348375,5.976491003536009,1,1,A71EV2A-x7254a
smina_crystal_minimised,CSc1ncnc(N(C)CCC(F)(F)F)c1CC(=O)N1CCC[C@H](C(N)=O)C1 |a:23|,5.748786440007784,5.6158671610063635,1,1,A71EV2A-x7338a
smina_crystal_minimised,CSc1ncnc(N(C)Cc2cc(F)c(F)c(F)c2)c1CC(=O)N1CCC[C@H](C(N)=O)C1 |a:27|,6.244997927316081,6.262619539109504,1,1,A71EV2A-x7176a
smina_crystal_minimised,CSc1ncnc(N(C)Cc2nn(C)cc2Cl)c1CC(=O)N1CCC[C@H](C(N)=O)C1 |a:25|,7.150528408418002,6.159339122400639,1,1,A71EV2A-x6914a
smina_crystal_minimised,"CSc1ncnc(N(C)[C@@H](C)c2ccccc2)c1CC(=O)N1CCC[C@H](C(N)=O)C1 |a:9,25|",6.580678113068668,6.040280771201652,2,2,A71EV2A-x7436a; A71EV2A-x7436b
smina_crystal_minimised,CSc1ncnc(N2CC(C)(c3ccccc3F)C2)c1CC(=O)N1CCC[C@H](C(N)=O)C1 |a:27|,6.439151337818832,6.803533312751375,1,1,A71EV2A-x7263a
smina_crystal_minimised,CSc1ncnc(N2CC(C)C2)c1CC(=O)N1CCC[C@H](C(N)=O)C1 |a:20|,6.526908295764941,6.19541763276551,1,1,A71EV2A-x6920a
smina_crystal_minimised,CSc1ncnc(N2CC(CC3CCC3)C2)c1CC(=O)N1CCC[C@H](C(N)=O)C1 |a:24|,5.692662147010851,6.189817473903511,1,1,A71EV2A-x6895a
smina_crystal_minimised,CSc1ncnc(N2CC(O)C2)c1CC(=O)N1CCC[C@H](C(N)=O)C1 |a:20|,6.426194047786621,6.357296919451396,3,3,A71EV2A-x7334a; A71EV2A-x7334b; A71EV2A-x7389a
smina_crystal_minimised,CSc1ncnc(N2CC(Oc3ccccc3Cl)C2)c1CC(=O)N1CCC[C@H](C(N)=O)C1 |a:27|,6.078663358532402,6.5696826999576965,1,1,A71EV2A-x7095a
smina_crystal_minimised,CSc1ncnc(N2CC(c3nncn3C)C2)c1CC(=O)N1CCC[C@H](C(N)=O)C1 |a:25|,6.326170396191348,6.35315299736154,2,2,A71EV2A-x5808a; A71EV2A-x5808b
smina_crystal_minimised,CSc1ncnc(N2CCC(C#N)(CC(C)C)CC2)c1CC(=O)N1CCC[C@H](C(N)=O)C1 |a:27|,6.265062352283818,6.10896701284611,1,1,A71EV2A-x7170a
smina_crystal_minimised,CSc1ncnc(N2CCC(C(=O)N(C(C)C)C(C)C)CC2)c1CC(=O)N1CCC[C@H](C(N)=O)C1 |a:30|,6.225268032740376,5.991422317151053,1,1,A71EV2A-x7096a
smina_crystal_minimised,CSc1ncnc(N2CCC(N(C)S(C)(=O)=O)CC2)c1CC(=O)N1CCC[C@H](C(N)=O)C1 |a:27|,6.512183700381108,5.867859649694606,1,1,A71EV2A-x7008a
smina_crystal_minimised,CSc1ncnc(N2CCC(N3CCOC3=O)CC2)c1CC(=O)N1CCC[C@H](C(N)=O)C1 |a:27|,5.923489528000301,6.661806779247762,1,1,A71EV2A-x7154a
smina_crystal_minimised,CSc1ncnc(N2CCC3(CCC3)C2)c1CC(=O)N1CCC[C@H](C(N)=O)C1 |a:23|,6.131209779277596,6.384283723391529,1,1,A71EV2A-x7056a
smina_crystal_minimised,CSc1ncnc(N2CCC3(CCCC3)C2)c1CC(=O)N1CCC[C@H](C(N)=O)C1 |a:24|,6.462158164196289,6.3789840966150555,1,1,A71EV2A-x7024a
smina_crystal_minimised,CSc1ncnc(N2CCC3(CCCCC3)C2)c1CC(=O)N1CCC[C@H](C(N)=O)C1 |a:25|,6.388555177157266,6.5006556109479465,1,1,A71EV2A-x7101a
smina_crystal_minimised,CSc1ncnc(N2CCC3(CCCO3)CC2)c1CC(=O)N1CCC[C@H](C(N)=O)C1 |a:25|,6.466683163263606,6.570085852755354,1,1,A71EV2A-x7284a
smina_crystal_minimised,"CSc1ncnc(N2CCCC2)c1CC(=O)N1C[C@H](C(N)=O)C[C@H]2C[C@H]21 |&1:18,23,25|",6.5697284843589205,6.623653864487674,1,1,A71EV2A-x6838a
smina_crystal_minimised,"CSc1ncnc(N2CCCC2)c1NC(=O)N1C[C@H](C(N)=O)C[C@H]2C[C@H]21 |&1:18,23,25|",5.928304705589599,6.72492584725912,1,1,A71EV2A-x7622a
smina_crystal_minimised,CSc1ncnc(N2CCCCCC2)c1CC(=O)N1CCC[C@H](C(N)=O)C1 |a:22|,7.1865084765696,6.291730836125774,2,2,A71EV2A-x7560a; A71EV2A-x7560b
smina_crystal_minimised,"CSc1ncnc(N2CCCC[C@@H]2C(C)C)c1CC(=O)N1CCC[C@H](C(N)=O)C1 |a:12,24|",6.372178760973441,6.22871805385198,1,1,A71EV2A-x7420a
smina_crystal_minimised,"CSc1ncnc(N2CCCC[C@H]2CO)c1CC(=O)N1CCC[C@H](C(N)=O)C1 |a:12,23|",5.867264623808438,6.171147834346557,1,1,A71EV2A-x7430a
smina_crystal_minimised,"CSc1ncnc(N2CCC[C@@H]2C(=O)N(C)C)c1CC(=O)N1CCC[C@H](C(N)=O)C1 |a:11,25|",6.66771737227654,6.222399550005065,1,1,A71EV2A-x7309a
smina_crystal_minimised,"CSc1ncnc(N2CCC[C@@H]2C(C)C)c1CC(=O)N1CCC[C@H](C(N)=O)C1 |a:11,23|",7.76022176714164,6.210458897143551,1,1,A71EV2A-x7135a
smina_crystal_minimised,"CSc1ncnc(N2CCC[C@@H]2C)c1CC(=O)N1CCC[C@H](C(N)=O)C1 |a:11,21|",6.616555737163779,6.225228949639531,2,2,A71EV2A-x7533a; A71EV2A-x7533b
smina_crystal_minimised,"CSc1ncnc(N2CCC[C@@H]2C2CC2)c1CC(=O)N1CCC[C@H](C(N)=O)C1 |a:11,23|",7.937951041727581,6.314582269702061,1,1,A71EV2A-x7259a
smina_crystal_minimised,"CSc1ncnc(N2CCC[C@@H]2CC(C)C)c1CC(=O)N1CCC[C@H](C(N)=O)C1 |a:11,24|",7.199879115817523,6.008002892211056,1,1,A71EV2A-x7147a
smina_crystal_minimised,"CSc1ncnc(N2CCC[C@@H]2Cc2ccccc2)c1CC(=O)N1CCC[C@H](C(N)=O)C1 |a:11,27|",5.138183874676179,6.392603331124997,1,1,A71EV2A-x7433a
smina_crystal_minimised,"CSc1ncnc(N2CCC[C@@H]2Cc2ccnn2C)c1CC(=O)N1CCC[C@H](C(N)=O)C1 |a:11,27|",7.359361237098654,6.019261850341987,1,1,A71EV2A-x7132a
smina_crystal_minimised,"CSc1ncnc(N2CCC[C@@H]2Cn2cccn2)c1CC(=O)N1CCC[C@H](C(N)=O)C1 |a:11,26|",6.189334160880994,6.176660032598158,1,1,A71EV2A-x7127a
smina_crystal_minimised,"CSc1ncnc(N2CCC[C@@H]2c2ccccc2)c1CC(=O)N1CCC[C@H](C(N)=O)C1 |a:11,26|",7.13169634555566,6.550895779586879,1,1,A71EV2A-x7570a
smina_crystal_minimised,"CSc1ncnc(N2CCC[C@H](C(F)(F)F)C2)c1CC(=O)N1CCC[C@H](C(N)=O)C1 |a:11,25|",6.211100724659235,6.047255314601118,1,1,A71EV2A-x7246a
smina_crystal_minimised,"CSc1ncnc(N2CCC[C@H](C)C2)c1CC(=O)N1CCC[C@H](C(N)=O)C1 |a:11,22|",6.173854131618843,6.435513448897437,1,1,A71EV2A-x7250a
smina_crystal_minimised,"CSc1ncnc(N2CCC[C@H]2C(C)C)c1CC(=O)N1CCC[C@H](C(N)=O)C1 |a:11,23|",5.331449457260316,6.290678973826433,2,2,A71EV2A-x7491a; A71EV2A-x7491b
smina_crystal_minimised,CSc1ncnc(N2CCC[C@H]2C(N)=O)c1CC(=O)N1CCC[C@H](C(N)=O)C1 |&1:11|,7.714442690992226,6.214387804407989,1,1,A71EV2A-x6832a
smina_crystal_minimised,"CSc1ncnc(N2CCC[C@H]2C)c1CC(=O)N1CCC[C@H](C(N)=O)C1 |a:11,21|",5.244486511545811,6.265727480676896,2,2,A71EV2A-x7501a; A71EV2A-x7501b
smina_crystal_minimised,"CSc1ncnc(N2CCC[C@H]2C2CC2)c1CC(=O)N1CCC[C@H](C(N)=O)C1 |a:11,23|",5.262032975642954,6.275743995185956,2,2,A71EV2A-x7475a; A71EV2A-x7475b
smina_crystal_minimised,"CSc1ncnc(N2CCC[C@H]2CC(C)C)c1CC(=O)N1CCC[C@H](C(N)=O)C1 |a:11,24|",5.823789680118151,6.2700155604337935,1,1,A71EV2A-x7257a
smina_crystal_minimised,"CSc1ncnc(N2CCC[C@H]2Cc2ccnn2C)c1CC(=O)N1CCC[C@H](C(N)=O)C1 |a:11,27|",5.214011302839139,6.3949122971479415,1,1,A71EV2A-x7247a
smina_crystal_minimised,CSc1ncnc(N2CCN(c3ccccn3)CC2)c1CC(=O)N1CCC[C@H](C(N)=O)C1 |a:27|,6.486226948852135,6.383169555659823,1,1,A71EV2A-x6802a
smina_crystal_minimised,"CSc1ncnc(N2CC[C@@H](OC(F)F)C2)c1CC(=O)N1CCC[C@H](C(N)=O)C1 |a:10,24|",6.048106607275539,5.803531123290277,1,1,A71EV2A-x7025a
smina_crystal_minimised,"CSc1ncnc(N2CC[C@@H](OC3CC3)C2)c1CC(=O)N1CCC[C@H](C(N)=O)C1 |a:10,24|",7.159468716081884,6.379541180480909,1,1,A71EV2A-x7316a
smina_crystal_minimised,"CSc1ncnc(N2CC[C@H](C(=O)N(C)C)C2)c1CC(=O)N1CCC[C@H](C(N)=O)C1 |a:10,25|",5.974361680056222,6.386079585853819,1,1,A71EV2A-x7427a
smina_crystal_minimised,"CSc1ncnc(N2CC[C@H](C(=O)N3CCC(C)CC3)C2)c1CC(=O)N1CCC[C@H](C(N)=O)C1 |a:10,29|",6.08170819903569,6.6223271252808384,1,1,A71EV2A-x7190a
smina_crystal_minimised,"CSc1ncnc(N2CC[C@H](C)C2)c1CC(=O)N1CCC[C@H](C(N)=O)C1 |a:10,21|",6.293489458676176,6.253607241569152,2,2,A71EV2A-x7026a; A71EV2A-x7026b
smina_crystal_minimised,"CSc1ncnc(N2CC[C@H](OC(F)F)C2)c1CC(=O)N1CCC[C@H](C(N)=O)C1 |a:10,24|",6.925751444530095,6.113570284790266,1,1,A71EV2A-x7031a
smina_crystal_minimised,"CSc1ncnc(N2CC[C@H](SC)C2)c1CC(=O)N1CCC[C@H](C(N)=O)C1 |a:10,22|",6.9071041930964325,6.0990201338202805,1,1,A71EV2A-x7093a
smina_crystal_minimised,"CSc1ncnc(N2CC[C@H]2C)c1CC(=O)N1CCC[C@H](C(N)=O)C1 |a:10,20|",6.695497686202032,6.215157459748972,1,1,A71EV2A-x7339a
smina_crystal_minimised,CSc1ncnc(N2CCc3ccccc3CC2)c1CC(=O)N1CCC[C@H](C(N)=O)C1 |a:26|,6.483018872150272,6.850049815550129,1,1,A71EV2A-x7015a
smina_crystal_minimised,CSc1ncnc(N2CCc3ccsc3C2)c1CC(=O)N1CCC[C@H](C(N)=O)C1 |a:24|,5.794648268341138,6.47263282648535,1,1,A71EV2A-x5666a
smina_crystal_minimised,CSc1ncnc(N2CCc3cnc(C(C)C)nc3C2)c1CC(=O)N1CCC[C@H](C(N)=O)C1 |a:28|,5.912659591908459,6.100991917503366,1,1,A71EV2A-x7151a
smina_crystal_minimised,CSc1ncnc(N2CCn3nc4c(c3C2)CCC4)c1CC(=O)N1CCC[C@H](C(N)=O)C1 |a:27|,5.601864484742403,6.821433296967346,2,2,A71EV2A-x7043a; A71EV2A-x7043b
smina_crystal_minimised,CSc1ncnc(N2CCn3ncc(C#N)c3C2)c1CC(=O)N1CCC[C@H](C(N)=O)C1 |a:26|,6.13113891891355,6.34141025587342,1,1,A71EV2A-x7130a
smina_crystal_minimised,"CSc1ncnc(N2C[C@H]3C[C@H]3C2)c1CC(=O)N1CCC[C@H](C(N)=O)C1 |&1:9,&2:11|",6.558486174447746,6.233152734626207,3,3,A71EV2A-x7317a; A71EV2A-x7317b; A71EV2A-x7372a
smina_crystal_minimised,CSc1ncnc(N2Cc3ccccc3C2)c1CC(=O)N1CCC[C@H](C(N)=O)C1 |a:24|,6.006913143117045,6.573435686001341,1,1,A71EV2A-x6808a
smina_crystal_minimised,CSc1ncnc(SC)c1CC(=O)N1CCC[C@H](C(N)=O)C1 |a:17|,5.699017277769941,5.744942026714411,1,1,A71EV2A-x5581a
smina_crystal_minimised,CSc1ncncc1CC(=O)N1CCC[C@H](C(N)=O)C1 |a:15|,5.186217598084144,5.822977748239079,2,2,A71EV2A-x5039a; A71EV2A-x5039b
smina_crystal_minimised,C[C@H](C(=O)N1CCC[C@H](C(N)=O)C1)c1cn(C)nc1C(F)(F)F |&1:1|,4.462842099070634,6.621671085728288,2,2,A71EV2A-x4510a; A71EV2A-x4571a
smina_crystal_minimised,C[C@H](C(=O)N1CCC[C@H](C(N)=O)C1)c1nc(F)ccc1Cl |&1:1|,4.277445359017488,6.073068088727467,2,2,A71EV2A-x4895a; A71EV2A-x4895b
smina_crystal_minimised,C[C@H](Cc1cocn1)NC(=O)c1nn(C)c2ccccc12 |&1:1|,4.9657785438458255,5.8012588075216645,2,2,A71EV2A-x3379a; A71EV2A-x3593a
smina_crystal_minimised,"C[C@H](c1ccc(Cl)c(Br)c1)N1C[C@H](C(N)=O)CCC1=O |&1:1,&2:12|",4.041436116778033,6.271892053455615,1,1,A71EV2A-x5556a
smina_crystal_minimised,"C[C@H](c1ccc2[nH]ncc2c1)N1C[C@H](C(N)=O)CCC1=O |&1:1,&2:13|",4.180071698767357,6.777064499072473,1,1,A71EV2A-x5744a
smina_crystal_minimised,"C[C@H](c1cccc(Cl)c1F)N1C[C@H](C(N)=O)CCC1=O |&1:1,&2:12|",4.632644078973981,6.098514360310492,1,1,A71EV2A-x5673a
smina_crystal_minimised,"C[C@H]1CC(=O)N(Cc2ccc3cnn(C)c3c2)C[C@@H]1C(N)=O |o1:1,18|",4.76433957251824,6.478702108602805,2,2,A71EV2A-x5777a; A71EV2A-x5777b
smina_crystal_minimised,"C[C@H]1CC(=O)N(Cc2ccc3cnn(C)c3c2)C[C@H]1C(N)=O |o1:1,18|",4.207870191519494,6.231987256538436,1,1,A71EV2A-x5766a
smina_crystal_minimised,Cc1cc(C)c(CC(=O)N2CCC[C@H](C(N)=O)C2)c(=O)[nH]1 |a:13|,4.306273051076353,6.460772804183367,1,1,A71EV2A-x4291a
smina_crystal_minimised,Cc1cc(C)c(Nc2ccn(C)n2)c(C)c1,5.3072486987698415,3.8941921435357165,1,1,A71EV2A-x3279a
smina_crystal_minimised,Cc1cc(C)c(Nc2ccn(C3COC3)n2)c(C)c1,5.016824927962187,4.042479072564839,1,1,A71EV2A-x3234a
smina_crystal_minimised,Cc1cc(CNC(=O)c2cn(C)c3ccccc23)on1,4.953569528330592,4.789689797793245,1,1,A71EV2A-x3175a
smina_crystal_minimised,Cc1cc2sccc2c(Cl)c1OC(=O)N1CCC[C@H](C(N)=O)C1 |a:18|,4.215114698485657,6.400651726976404,1,1,A71EV2A-x5482a
smina_crystal_minimised,Cc1ccc(CC(=O)N2CCC[C@H](C(N)=O)C2)s1 |&1:12|,4.633044431676764,5.4864477829075895,2,2,A71EV2A-x5424a; A71EV2A-x5424b
smina_crystal_minimised,Cc1ccc2c(C(=O)NCCc3cocn3)c[nH]c2c1,5.10808214227103,5.267315912253828,1,1,A71EV2A-x3568a
smina_crystal_minimised,Cc1ccc2c(c1OC(=O)N1CCC[C@H](C(N)=O)C1)CCC2 |a:14|,4.479326279665005,6.453655324792004,2,2,A71EV2A-x5599a; A71EV2A-x5599b
smina_crystal_minimised,Cc1ccc2c(cnn2C)c1Nc1ccn([C@H]2CCNC2=O)n1 |&1:16|,4.937001727490601,6.223257165956444,1,1,A71EV2A-x3305a
smina_crystal_minimised,Cc1ccc2ccccc2c1N1C[C@H](C(N)=O)CCC1=O |&1:13|,3.942576835487996,6.2479301171730555,1,1,A71EV2A-x5572a
smina_crystal_minimised,Cc1ccc2cccnc2c1OC(=O)N1CCC[C@H](C(N)=O)C1 |a:18|,4.597502408486665,6.367153394516539,1,1,A71EV2A-x5479a
smina_crystal_minimised,Cc1cccc(CC(=O)N2CCC[C@H](C(N)=O)C2)c1 |&1:13|,4.290127690297292,6.131411628599306,2,2,A71EV2A-x4020a; A71EV2A-x4020b
smina_crystal_minimised,Cc1cccc(CNC(=O)N2CCC[C@H](C(N)=O)C2)c1 |a:14|,4.967584368389079,6.237488459713738,2,2,A71EV2A-x3706a; A71EV2A-x3706b
smina_crystal_minimised,Cc1cccc(N(CC(=O)N2CCCCC2)C(=O)N2CCC[C@H](C(N)=O)C2)c1 |a:22|,4.627087997029894,6.385339250716304,1,1,A71EV2A-x3908a
smina_crystal_minimised,Cc1cccc(N2CCCN(CCC(N)=O)C2=O)c1,4.911546516921495,5.311794660911698,1,1,A71EV2A-x4402a
smina_crystal_minimised,Cc1cccc(NC(=O)N2CCC[C@H](C(N)=O)C2)c1 |a:13|,4.246416941107094,6.323598232267846,1,1,A71EV2A-x3054a
smina_crystal_minimised,Cc1ccccc1CNC(=O)N1CCC[C@H](C(N)=O)C1 |a:15|,4.978810700930062,6.1530206185537235,2,2,A71EV2A-x3616a; A71EV2A-x3616b
smina_crystal_minimised,Cc1ccccc1NC(=O)N1CCC[C@H](C(N)=O)C1 |a:14|,4.386163320168128,6.105008785378204,1,1,A71EV2A-x3510a
smina_crystal_minimised,Cc1ccccc1NC(=O)c1ccc(C)c(C(N)=O)c1,4.804100347590766,6.127534031690932,1,1,A71EV2A-x3867a
smina_crystal_minimised,Cc1ccccc1NC(=O)c1cncc(C(N)=O)c1,4.632644078973981,6.073049763600301,1,1,A71EV2A-x3564a
smina_crystal_minimised,Cc1cnc(CNS(=O)(=O)C[C@H](C)c2ccccc2)o1 |&1:11|,4.8184062698439085,4.496106600488528,1,1,A71EV2A-x3623a
smina_crystal_minimised,Cc1nc(C)c(CC(=O)N2CCC[C@H](C(N)=O)C2)[nH]1 |a:13|,5.409458546594426,6.500076536929495,1,1,A71EV2A-x3221a
smina_crystal_minimised,Cc1nc2ccccc2n1CC(=O)N1CCC[C@H](C(N)=O)C1 |&1:17|,4.137777547252243,6.669107509910787,1,1,A71EV2A-x3225a
smina_crystal_minimised,Cc1nc2n(c1CC(=O)N1CCC[C@H](C(N)=O)C1)CCCC2 |&1:13|,5.221581099702723,6.6250099238979745,1,1,A71EV2A-x3489a
smina_crystal_minimised,Cc1ncnc(C)c1CC(=O)N1CCC[C@H](C(N)=O)C1 |a:15|,3.654064344980796,6.354956189874696,1,1,A71EV2A-x4464a
smina_crystal_minimised,Cc1nn(C)c(C)c1CC(=O)N[C@H](CNC(=O)CCl)c1ccc2ccccc2c1 |&1:12|,4.660785023463071,5.103012822081421,1,1,A71EV2A-x1346a
smina_crystal_minimised,Cc1nn(C)c2cc(C(=O)NCCc3cocn3)ccc12,4.945173530861923,6.1419229215418545,1,1,A71EV2A-x3410a
smina_crystal_minimised,Cc1ocnc1CCNC(=O)c1nn(C)c2ccccc12,5.09799710864927,6.067698826467763,1,1,A71EV2A-x3286a
smina_crystal_minimised,"Cc1sc([C@H](C)N2C[C@H](C(N)=O)CCC2=O)nc1-c1ccco1 |&1:4,&2:8|",4.604279969816917,6.4048078658177054,1,1,A71EV2A-x6730a
smina_crystal_minimised,"Cn1cc(CC(=O)N2C[C@H](C(N)=O)C[C@@H]3C[C@@H]32)cn1 |&1:9,14,16|",4.608000737058194,6.086690988262843,1,1,A71EV2A-x4992a
smina_crystal_minimised,Cn1cc(NS(=O)(=O)N2CCC[C@H](C(N)=O)C2)cn1 |a:12|,5.738140147629213,5.9536359049342895,2,2,A71EV2A-x5090a; A71EV2A-x5150a
smina_crystal_minimised,Cn1cc2c(CC(=O)N3CCC[C@H](C(N)=O)C3)cccc2n1 |o1:12|,4.405607449624573,6.914158440428463,1,1,A71EV2A-x3914a
smina_crystal_minimised,Cn1cc2c(CC(=O)N3CC[C@H](C(N)=O)C3)cccc2n1 |&1:11|,4.410050398674293,6.631423718406155,1,1,A71EV2A-x3556a
smina_crystal_minimised,Cn1cc2c(n1)CCC[C@H]2C(=O)N1CCC[C@H](C(N)=O)C1 |&1:9|,3.749590923528832,6.733487346671182,1,1,A71EV2A-x4608a
smina_crystal_minimised,Cn1cc2cccc(NC(=O)Cc3cocn3)c2n1,4.662403924407542,5.557410005346094,1,1,A71EV2A-x3403a
smina_crystal_minimised,"Cn1ccnc1[C@H](c1ccccc1)N1C[C@H](C(N)=O)CC1=O |&1:6,&2:15|",4.649751981665837,5.818029963904197,1,1,A71EV2A-x5106a
smina_crystal_minimised,Cn1cnc(CCNC(=O)c2nn(C)c3ccccc23)c1,5.2372107018718905,5.66281613680624,1,1,A71EV2A-x3371a
smina_crystal_minimised,Cn1cnc2c(NC(=O)N3CCC[C@H](C(N)=O)C3)cccc21 |a:13|,5.398637148380375,6.448443658625928,2,2,A71EV2A-x4447a; A71EV2A-x4447b
smina_crystal_minimised,Cn1nc(C(=O)N2Cc3ccccc3C[C@H]2CN)c2ccccc21 |&1:15|,5.041436116778033,7.442054043731444,1,1,A71EV2A-x2293a
smina_crystal_minimised,Cn1nc(C(=O)NC2CC2)c2cc(F)ccc21,4.887413111043684,5.006424741813664,1,1,A71EV2A-x2339a
smina_crystal_minimised,Cn1nc(C(=O)NCC(F)(F)c2ccccn2)c2ccccc21,5.168134464700943,5.401287251940692,1,1,A71EV2A-x3280a
smina_crystal_minimised,Cn1nc(C(=O)NCCc2ccc(S(C)(=O)=O)cc2)c2ccccc21,4.84887783952492,6.432874630585501,1,1,A71EV2A-x3324a
smina_crystal_minimised,Cn1nc(C(=O)NCCc2cocn2)c2ccccc2c1=O,5.170374765613669,6.200841870406713,1,1,A71EV2A-x3419a
smina_crystal_minimised,Cn1nc(C(=O)NCCc2cocn2)c2cccnc21,4.981705511622298,6.101871523607346,1,1,A71EV2A-x3264a
smina_crystal_minimised,Cn1nc(C(=O)NCCc2cscn2)c2ccccc21,5.337951414156192,5.438194058053477,1,1,A71EV2A-x3306a
smina_crystal_minimised,Cn1nc(C(=O)NCCn2cncn2)c2ccccc21,4.939565029910406,4.669128786166627,2,2,A71EV2A-x3181a; A71EV2A-x3181b
smina_crystal_minimised,Cn1nc(C(=O)N[C@H]2CCOC2)c2ccccc21 |&1:7|,5.062339877849264,5.625352246827602,1,1,A71EV2A-x3178a
smina_crystal_minimised,"Cn1nc(C(=O)N[C@H]2C[C@H]2CO)c2ccccc21 |&1:7,9|",4.895875462550428,5.220520867522147,1,1,A71EV2A-x3177a
smina_crystal_minimised,Cn1nc(C(=O)Nc2cn[nH]c2)c2ccccc21,4.7783685062706525,5.383079405588327,1,1,A71EV2A-x2304a
smina_crystal_minimised,Cn1nc(C(N)=O)c2cc(F)ccc21,5.050703769890054,4.792702448699372,1,1,A71EV2A-x2351a
smina_crystal_minimised,Cn1nc(CC(=O)N2CC(C(N)=O)C2)c2ccccc21,4.610833915635467,5.220704118793808,1,1,A71EV2A-x4994a
smina_crystal_minimised,Cn1nc(CN2C[C@H](C(N)=O)CCC2=O)c2ccccc21 |&1:7|,5.116903441948165,6.764434821429509,1,1,A71EV2A-x4547a
smina_crystal_minimised,Cn1ncc(-c2cc(Cl)cc(Cl)c2)c1CC(=O)N1CCC[C@H](C(N)=O)C1 |&1:21|,4.958377726777354,6.548132350410213,1,1,A71EV2A-x3606a
smina_crystal_minimised,Cn1ncc(C(=O)NCCc2cocn2)n1,5.545714601514328,4.464448110796152,1,1,A71EV2A-x3436a
smina_crystal_minimised,Cn1ncc2ccc(CN3C[C@H](C(N)=O)CC(C)(C)C3=O)cc21 |&1:11|,4.005682847330363,6.604174254309973,2,2,A71EV2A-x5721a; A71EV2A-x5721b
smina_crystal_minimised,Cn1ncc2ccc(CN3C[C@H](C(N)=O)CCC3=O)cc21 |o1:11|,4.026655009457717,6.883049704551074,1,1,A71EV2A-x4974a
smina_crystal_minimised,N#CC1CC(NC(=O)C2(c3ccc(Cl)cc3Cl)CCOCC2)C1,4.726469830785563,3.518248494695103,1,1,A71EV2A-x3521a
smina_crystal_minimised,N#CCc1cccc(NC(=O)N2CCC[C@H](C(N)=O)C2)c1 |a:15|,5.356959172517914,5.779796418584578,1,1,A71EV2A-x3480a
smina_crystal_minimised,N#CCc1ccccc1CC(=O)N1CCC[C@H](C(N)=O)C1 |a:16|,5.101757238648579,5.7721731656834265,2,2,A71EV2A-x4321a; A71EV2A-x4321b
smina_crystal_minimised,N#Cc1ccc(Br)cc1OC(=O)N1CCC[C@H](C(N)=O)C1 |a:16|,4.421371068072836,5.844623388447828,1,1,A71EV2A-x5559a
smina_crystal_minimised,N#Cc1cccc(CC(=O)N2CCC[C@H](C(N)=O)C2)n1 |a:14|,4.625197671079573,5.748335840265597,2,2,A71EV2A-x5082a; A71EV2A-x5082b
smina_crystal_minimised,N#Cc1cccc(NC(=O)N2CCC[C@H](C(N)=O)C2)c1 |a:14|,5.189128446912704,6.384481634764923,2,2,A71EV2A-x3509a; A71EV2A-x3509b
smina_crystal_minimised,N#Cc1ccncc1OC(=O)N1CCC[C@H](C(N)=O)C1 |a:15|,4.504331180271011,5.7757758856843076,2,2,A71EV2A-x5594a; A71EV2A-x5594b
smina_crystal_minimised,N#Cc1nccc(CC(=O)N2CCC[C@H](C(N)=O)C2)n1 |a:14|,4.006352818021342,5.650120488705478,1,1,A71EV2A-x5448a
smina_crystal_minimised,N#Cc1ncncc1CC(=O)N1CCC[C@H](C(N)=O)C1 |a:15|,4.424812155072339,5.702537682451758,1,1,A71EV2A-x5212a
smina_crystal_minimised,N#Cc1sccc1CC(=O)N1CCC[C@H](C(N)=O)C1 |a:14|,5.008444067750377,5.300975505832756,1,1,A71EV2A-x3450a
smina_crystal_minimised,NC(=O)CC1CCN(C(=O)c2cccc(F)c2)CC1,4.597746280949512,5.938917162794374,2,2,A71EV2A-x5409a; A71EV2A-x5409b
smina_crystal_minimised,NC(=O)C[C@H]1CCCN(c2ncnc3ccccc23)C1 |&1:4|,4.959254335737151,5.206036687009959,1,1,A71EV2A-x4351a
smina_crystal_minimised,NC(=O)[C@H]1CC(=O)N(Cc2cccc3c2OCC3)C1 |&1:3|,5.0762380391713,5.6645533588616,1,1,A71EV2A-x4312a
smina_crystal_minimised,"NC(=O)[C@H]1CCC(=O)N(C[C@H]2CCOc3ccccc32)C1 |&1:3,&2:10|",4.620443689892642,6.11439858053818,1,1,A71EV2A-x4409a
smina_crystal_minimised,NC(=O)[C@H]1CCC(=O)N(Cc2cc(F)cnc2C(F)(F)F)C1 |&1:3|,4.315546325758652,6.114299624851482,2,2,A71EV2A-x5635a; A71EV2A-x5635b
smina_crystal_minimised,NC(=O)[C@H]1CCC(=O)N(Cc2ccc3cc[nH]c3c2)C1 |&1:3|,4.611743840379951,6.271323974513463,2,2,A71EV2A-x4596a; A71EV2A-x4596b
smina_crystal_minimised,NC(=O)[C@H]1CCC(=O)N(Cc2cccc(F)c2)C1 |&1:3|,4.255233465290414,6.155937978798587,1,1,A71EV2A-x4924a
smina_crystal_minimised,NC(=O)[C@H]1CCC(=O)N(Cc2ccsc2)C1 |&1:3|,3.774068781319247,5.37138430943084,2,2,A71EV2A-x5608a; A71EV2A-x5608b
smina_crystal_minimised,NC(=O)[C@H]1CCC(=O)N([C@@H]2CCCc3ccccc32)C1 |o1:3|,4.5934598195660445,6.541352053358708,1,1,A71EV2A-x5052a
smina_crystal_minimised,"NC(=O)[C@H]1CCC(=O)N([C@H](CC(F)(F)F)c2cc(Cl)cc(Cl)c2)C1 |&1:3,&2:9|",4.327996747928408,6.24616357491423,1,1,A71EV2A-x5665a
smina_crystal_minimised,NC(=O)[C@H]1CCC(=O)N([C@H]2CCCc3ccccc32)C1 |o1:3|,4.631937259138866,6.430551004460822,2,2,A71EV2A-x5210a; A71EV2A-x5210b
smina_crystal_minimised,NC(=O)[C@H]1CCC(=O)N(c2cc3cnccc3c(F)c2F)C1 |&1:3|,4.801706220928761,6.880168994560543,1,1,A71EV2A-x6714a
smina_crystal_minimised,NC(=O)[C@H]1CCCN(C(=O)C(c2ccccc2)c2ccccc2)C1 |a:3|,5.179858685151659,6.1163043937634685,1,1,A71EV2A-x3982a
smina_crystal_minimised,NC(=O)[C@H]1CCCN(C(=O)C2(O)CCSCC2)C1 |a:3|,4.388276691992658,5.387865928804146,1,1,A71EV2A-x4708a
smina_crystal_minimised,NC(=O)[C@H]1CCCN(C(=O)C2(c3ccoc3)CCC2)C1 |a:3|,4.618930913825583,5.618003870833945,2,2,A71EV2A-x4514a; A71EV2A-x4575a
smina_crystal_minimised,NC(=O)[C@H]1CCCN(C(=O)C2CCSCC2)C1 |a:3|,4.603800652904264,5.222397360543968,1,1,A71EV2A-x4706a
smina_crystal_minimised,NC(=O)[C@H]1CCCN(C(=O)CC2CSC2)C1 |a:3|,4.607306606035202,5.059340379018866,1,1,A71EV2A-x4707a
smina_crystal_minimised,NC(=O)[C@H]1CCCN(C(=O)Cc2cc(C(F)(F)F)ccc2C(F)(F)F)C1 |a:3|,3.806800765395556,6.105653829854456,1,1,A71EV2A-x4381a
smina_crystal_minimised,NC(=O)[C@H]1CCCN(C(=O)Cc2cc(C(F)(F)F)ccc2Cl)C1 |&1:3|,4.906948150425689,6.230880418857596,1,1,A71EV2A-x3208a
smina_crystal_minimised,NC(=O)[C@H]1CCCN(C(=O)Cc2cc3c(cc2Cl)OCCO3)C1 |a:3|,4.037176387439713,6.435887281491629,2,2,A71EV2A-x4669a; A71EV2A-x4669b
smina_crystal_minimised,NC(=O)[C@H]1CCCN(C(=O)Cc2ccc3c(c2)CCC(=O)N3)C1 |a:3|,4.349692476868063,5.924044489586263,1,1,A71EV2A-x4320a
smina_crystal_minimised,NC(=O)[C@H]1CCCN(C(=O)Cc2cccc(Cl)c2Cl)C1 |a:3|,4.065026720650614,5.678458465355333,1,1,A71EV2A-x4336a
smina_crystal_minimised,NC(=O)[C@H]1CCCN(C(=O)Cc2cccc3c2CCC3)C1 |a:3|,3.9502403164313615,6.155505505797463,1,1,A71EV2A-x4344a
smina_crystal_minimised,NC(=O)[C@H]1CCCN(C(=O)Cc2cccc3c2SCC3)C1 |a:3|,3.551812748385584,5.9163479361764475,1,1,A71EV2A-x5151a
smina_crystal_minimised,NC(=O)[C@H]1CCCN(C(=O)Cc2cccc3cn[nH]c23)C1 |&1:3|,5.011185771310347,6.47988224679231,1,1,A71EV2A-x3210a
smina_crystal_minimised,NC(=O)[C@H]1CCCN(C(=O)Cc2cccc3ncsc23)C1 |a:3|,3.9648133085158968,6.623697844792873,1,1,A71EV2A-x5221a
smina_crystal_minimised,NC(=O)[C@H]1CCCN(C(=O)Cc2cccc3nsnc23)C1 |a:3|,4.492392502728005,6.58824971880252,1,1,A71EV2A-x4463a
smina_crystal_minimised,NC(=O)[C@H]1CCCN(C(=O)Cc2cccc3occc23)C1 |&1:3|,3.960269771303526,6.6420522921625675,1,1,A71EV2A-x3191a
smina_crystal_minimised,NC(=O)[C@H]1CCCN(C(=O)Cc2cccc3sccc23)C1 |a:3|,3.9387751065420735,5.743871839287903,1,1,A71EV2A-x4341a
smina_crystal_minimised,NC(=O)[C@H]1CCCN(C(=O)Cc2ccccc2CO)C1 |a:3|,4.345773777137761,5.841988235161324,2,2,A71EV2A-x4374a; A71EV2A-x4374b
smina_crystal_minimised,NC(=O)[C@H]1CCCN(C(=O)Cc2ccccc2CS(N)(=O)=O)C1 |a:3|,4.135380979941972,5.494334917639935,1,1,A71EV2A-x4403a
smina_crystal_minimised,NC(=O)[C@H]1CCCN(C(=O)Cc2ccccc2OC(F)F)C1 |a:3|,4.229666366474778,5.337156636909758,1,1,A71EV2A-x4319a
smina_crystal_minimised,NC(=O)[C@H]1CCCN(C(=O)Cc2cccnc2Cl)C1 |a:3|,3.43690985073048,6.374714341985324,2,2,A71EV2A-x5079a; A71EV2A-x5079b
smina_crystal_minimised,NC(=O)[C@H]1CCCN(C(=O)Cc2cccnc2O)C1 |a:3|,5.153756287657022,5.5800598625235525,1,1,A71EV2A-x4372a
smina_crystal_minimised,NC(=O)[C@H]1CCCN(C(=O)Cc2ccnc(Cl)c2Br)C1 |&1:3|,4.162204305054052,6.021688097178797,1,1,A71EV2A-x3193a
smina_crystal_minimised,NC(=O)[C@H]1CCCN(C(=O)Cc2ccnc(Cl)n2)C1 |a:3|,4.653647025549361,6.35883378678307,2,2,A71EV2A-x5213a; A71EV2A-x5213b
smina_crystal_minimised,NC(=O)[C@H]1CCCN(C(=O)Cc2ccncc2Cl)C1 |a:3|,5.18523404082538,6.00701333534408,1,1,A71EV2A-x4461a
smina_crystal_minimised,NC(=O)[C@H]1CCCN(C(=O)Cc2ccsc2)C1 |&1:3|,4.589713631215067,5.385659583493332,2,2,A71EV2A-x5425a; A71EV2A-x5425b
smina_crystal_minimised,NC(=O)[C@H]1CCCN(C(=O)Cc2cncnc2Cl)C1 |a:3|,4.037630664329979,6.229176182031137,2,2,A71EV2A-x5081a; A71EV2A-x5081b
smina_crystal_minimised,NC(=O)[C@H]1CCCN(C(=O)Cc2ncc3ccc(Br)cn23)C1 |a:3|,4.424218724311264,6.143958843170023,4,4,A71EV2A-x4519a; A71EV2A-x4519b; A71EV2A-x4580a; A71EV2A-x4580b
smina_crystal_minimised,NC(=O)[C@H]1CCCN(C(=O)Cc2ncncc2Cl)C1 |a:3|,4.03673794170959,5.741845080223318,2,2,A71EV2A-x4979a; A71EV2A-x4979b
smina_crystal_minimised,NC(=O)[C@H]1CCCN(C(=O)Cn2cc(Br)cc(Cl)c2=O)C1 |a:3|,3.7253509633996433,6.08090757812918,1,1,A71EV2A-x4540a
smina_crystal_minimised,NC(=O)[C@H]1CCCN(C(=O)NCC2CC2)C1 |a:3|,5.064884396650843,5.116287544200637,1,1,A71EV2A-x3417a
smina_crystal_minimised,NC(=O)[C@H]1CCCN(C(=O)Nc2cc3c(cc2Cl)OCO3)C1 |a:3|,4.6271423700874985,6.312925678206234,1,1,A71EV2A-x4308a
smina_crystal_minimised,NC(=O)[C@H]1CCCN(C(=O)Nc2cccc3c2S(=O)(=O)CCC3)C1 |a:3|,4.616184634019569,6.630873964591168,1,1,A71EV2A-x4654a
smina_crystal_minimised,NC(=O)[C@H]1CCCN(C(=O)Nc2cccc3c2SCCC3)C1 |a:3|,4.5141394746468695,6.237125622195847,3,3,A71EV2A-x4674a; A71EV2A-x4674b; A71EV2A-x4674c
smina_crystal_minimised,NC(=O)[C@H]1CCCN(C(=O)Nc2ccccc2F)C1 |a:3|,4.851286884122841,6.1420695225591855,1,1,A71EV2A-x3612a
smina_crystal_minimised,NC(=O)[C@H]1CCCN(C(=O)Nc2ccccc2OCC(F)(F)F)C1 |a:3|,5.15661038833037,6.488062583559314,1,1,A71EV2A-x4306a
smina_crystal_minimised,NC(=O)[C@H]1CCCN(C(=O)Nc2ccccc2SC(F)F)C1 |a:3|,4.325140144305149,6.039873953378561,1,1,A71EV2A-x4656a
smina_crystal_minimised,NC(=O)[C@H]1CCCN(C(=O)OC2CCCCC2)C1 |a:3|,4.042264201974706,5.344076204927726,1,1,A71EV2A-x5351a
smina_crystal_minimised,NC(=O)[C@H]1CCCN(C(=O)[C@H](CN2CCCC2)c2ccccc2)C1 |&1:10|,5.024630533433036,6.0330716661744574,1,1,A71EV2A-x3975a
smina_crystal_minimised,NC(=O)[C@H]1CCCN(C(=O)[C@H](Cc2ccc(F)cc2)c2ccccc2)C1 |&1:10|,5.478592246479633,5.844572078091763,4,4,A71EV2A-x4237a; A71EV2A-x4237b; A71EV2A-x4237c; A71EV2A-x4237d
smina_crystal_minimised,NC(=O)[C@H]1CCCN(C(=O)[C@H](OCC2CCCC2)c2ccccc2)C1 |&1:10|,5.567003508658591,5.215147940237008,1,1,A71EV2A-x3968a
smina_crystal_minimised,NC(=O)[C@H]1CCCN(C(=O)[C@H](Sc2ccccc2)c2ccccc2)C1 |&1:10|,5.135488918941608,5.639176722761806,2,2,A71EV2A-x3986a; A71EV2A-x3986b
smina_crystal_minimised,NC(=O)[C@H]1CCCN(C(=O)[C@H](c2ccccc2)n2cccn2)C1 |&1:10|,4.869666231504994,5.700188401149047,2,2,A71EV2A-x4451a; A71EV2A-x4451b
smina_crystal_minimised,"NC(=O)[C@H]1CCCN(C(=O)[C@H]2CCNc3[nH]ncc32)C1 |&1:3,&2:10|",5.556193958463214,5.984883911778142,1,1,A71EV2A-x3218a
smina_crystal_minimised,NC(=O)[C@H]1CCCN(C(=O)[C@H]2CCOc3ccc(Cl)cc32)C1 |&1:10|,5.28547334915742,5.728903875418528,1,1,A71EV2A-x4260a
smina_crystal_minimised,NC(=O)[C@H]1CCCN(C(=O)[C@H]2CCSc3ccccc32)C1 |o1:10|,4.826813731587726,6.553347681601721,2,2,A71EV2A-x4943a; A71EV2A-x4943b
smina_crystal_minimised,"NC(=O)[C@H]1CCCN(C(=O)[C@H]2CC[C@H]2c2ccc(Cl)cc2)C1 |&1:10,&2:13|",4.000869458712629,6.324946961627281,1,1,A71EV2A-x5550a
smina_crystal_minimised,NC(=O)[C@H]1CCCN(C(=O)[C@H]2CCc3cccc(Br)c32)C1 |&1:10|,4.479401524821051,6.529994139541079,2,2,A71EV2A-x4202a; A71EV2A-x4202b
smina_crystal_minimised,NC(=O)[C@H]1CCCN(C(=O)[C@H]2CCc3cccc(O)c32)C1 |&1:10|,5.148337017678052,6.420651770765625,2,2,A71EV2A-x4456a; A71EV2A-x4456b
smina_crystal_minimised,NC(=O)[C@H]1CCCN(C(=O)[C@H]2CCc3snnc32)C1 |&1:10|,4.667561540084395,5.879221228537667,1,1,A71EV2A-x4472a
smina_crystal_minimised,NC(=O)[C@H]1CCCN(C(=O)[C@H]2SCc3cccnc32)C1 |&1:10|,4.60382166833978,6.244331062197607,2,2,A71EV2A-x4606a; A71EV2A-x4606b
smina_crystal_minimised,"NC(=O)[C@H]1CCCN(C(=O)[C@]2(Cc3ccc(F)cc3)CCCCO2)C1 |&1:3,&2:10|",4.609064892896621,6.382048057877249,1,1,A71EV2A-x4416a
smina_crystal_minimised,NC(=O)[C@H]1CCCN(C(=O)c2ccnc3[nH]ncc23)C1 |&1:3|,4.787812395596042,5.9595219357800815,1,1,A71EV2A-x3223a
smina_crystal_minimised,NC(=O)[C@H]1CCN(C(=O)Cc2c(Cl)cccc2Cl)C1 |&1:3|,4.7544873321858505,5.802065113116979,1,1,A71EV2A-x5427a
smina_crystal_minimised,NC(=O)[C@H]1CCN(C(=O)Cc2cc(C(F)(F)F)ccc2Cl)C1 |&1:3|,5.04901488179868,5.793730845281779,1,1,A71EV2A-x3989a
smina_crystal_minimised,NC(=O)[C@H]1CCN(C(=O)Cn2c(=O)sc3ccc(Cl)cc32)C1 |a:3|,4.001740661576301,6.0844773129011624,2,2,A71EV2A-x5824a; A71EV2A-x5824b
smina_crystal_minimised,NC(=O)[C@H]1CCN(C(=O)Cn2cc(Br)cc(Cl)c2=O)C1 |a:3|,4.024899837282849,5.8354974751190465,1,1,A71EV2A-x5779a
smina_crystal_minimised,NC(=O)[C@H]1CCN(C(=O)[C@H]2CCCN2C(=O)c2cccs2)C1 |&1:9|,5.012334272309165,6.205324196511572,2,2,A71EV2A-x5705a; A71EV2A-x5705b
smina_crystal_minimised,NC(=O)[C@H]1CCN(C(=O)[C@H]2CCOc3ccc(Cl)cc32)C1 |&1:9|,4.437172628708407,6.465896509739045,1,1,A71EV2A-x5728a
smina_crystal_minimised,NC(=O)[C@H]1CCN(C(=O)[C@H]2CSc3ccccc32)C1 |&1:9|,4.129009644321656,6.3055516470345445,1,1,A71EV2A-x5570a
smina_crystal_minimised,"NC(=O)[C@H]1CCN(C(=O)[C@H]2SCCc3sccc32)C1 |&1:3,&2:9|",4.430090742898188,5.971843751286653,1,1,A71EV2A-x5431a
smina_crystal_minimised,"NC(=O)[C@H]1C[C@@H]2C[C@@H]2N(C(=O)Cc2ccccc2Cl)C1 |&1:3,5,7|",4.5796822958876815,6.454850123083242,2,2,A71EV2A-x5802a; A71EV2A-x5802b
smina_crystal_minimised,"NC(=O)[C@H]1C[C@H]2C[C@H]2N(C(=O)Cc2ccccc2Cl)C1 |&1:3,5,7|",4.476253533188435,6.40881007359081,2,2,A71EV2A-x5798a; A71EV2A-x5798b
smina_crystal_minimised,NC(=O)[C@]12CN(C(=O)Cc3ccccc3Cl)C[C@@H](C1)C2 |&1:3|,4.0045909104114665,5.796574905017977,1,1,A71EV2A-x5277a
smina_crystal_minimised,NC(=O)c1ccccc1CC(=O)N1CCC[C@H](C(N)=O)C1 |a:16|,3.660111973943557,6.259467617236912,1,1,A71EV2A-x4840a
smina_crystal_minimised,O=C(NCCc1cocn1)N1CCc2ccccc21,5.162973800773931,5.85072199076875,1,1,A71EV2A-x3392a
smina_crystal_minimised,O=C(NCCc1cocn1)c1ccccc1,5.093196163745395,4.628707220663359,1,1,A71EV2A-x3435a
smina_fragment_crossdock,C#C[C@H](NCCc1cocn1)c1nn(C)c2ccccc12 |&1:2|,4.716801953096995,4.493306521057529,1,1,A71EV2A-x4426a
smina_fragment_crossdock,"C#C[C@H]1CCCC[C@@H]1OC(=O)N1CCC[C@H](C(N)=O)C1 |o1:2,7|",4.011869615687259,5.187191126232209,1,1,A71EV2A-x5747a
smina_fragment_crossdock,C#Cc1ccc(C)c(OC(=O)N2CCC[C@H](C(N)=O)C2)c1 |a:15|,3.8964015060220634,5.324219097130401,1,1,A71EV2A-x5466a
smina_fragment_crossdock,C=C(C)c1cccc(SC)c1CC(=O)N1CCC[C@H](C(N)=O)C1 |a:18|,5.435913722030655,5.364461076387439,1,1,A71EV2A-x6027a
smina_fragment_crossdock,C=CS(=O)(=O)N1CCC[C@H](C(N)=O)C1 |&1:9|,5.1938200260161125,4.696627471992269,1,1,A71EV2A-x3408a
smina_fragment_crossdock,C=Cc1cccc(CC(=O)N2CCC[C@H](C(N)=O)C2)n1 |a:14|,5.099072631333438,5.465996940990079,2,2,A71EV2A-x5015a; A71EV2A-x5015b
smina_fragment_crossdock,C=Cc1ccccc1CS(=O)(=O)N1CCC[C@H](C(N)=O)C1 |a:16|,4.5951662833800615,5.374950379177388,1,1,A71EV2A-x5359a
smina_fragment_crossdock,CC(=O)Nc1cccc(NC(N)=O)c1,4.943095148663527,5.161719199471151,1,1,A71EV2A-x2454a
smina_fragment_crossdock,CC(=O)Nc1ccccc1CC(=O)N1CCC[C@H](C(N)=O)C1 |a:17|,4.265200170411153,5.810831853953303,1,1,A71EV2A-x4322a
smina_fragment_crossdock,CC(C)(C)c1ccccc1NC(=O)N1CCC[C@H](C(N)=O)C1 |a:17|,4.916961547867879,5.446550316041277,1,1,A71EV2A-x4311a
smina_fragment_crossdock,CC(C)Oc1ccccc1NC(=O)N1CCC[C@H](C(N)=O)C1 |a:17|,4.877787213913532,5.69812499183013,1,1,A71EV2A-x4305a
smina_fragment_crossdock,"CC(C)[C@H](c1cc(Cl)cc(Br)c1)N1C[C@H](C(N)=O)CCC1=O |&1:3,&2:14|",4.564352412519983,5.880584617998835,1,1,A71EV2A-x5868a
smina_fragment_crossdock,CCC(=O)N[C@H](C(=O)N1CC[C@H](C(N)=O)C1)c1ccccc1SC |&1:5|,4.556507378095548,5.256841269565612,1,1,A71EV2A-x6853a
smina_fragment_crossdock,CCC1(CC)CCN(c2ncnc(SC)c2CC(=O)N2CCC[C@H](C(N)=O)C2)C1 |a:23|,6.266038858073333,5.502815786492465,1,1,A71EV2A-x6738a
smina_fragment_crossdock,CCC1(CC)CN(c2ncnc(SC)c2CC(=O)N2CCC[C@H](C(N)=O)C2)CCS1(=O)=O |a:22|,6.0703717346625785,5.760401103991841,1,1,A71EV2A-x7169a
smina_fragment_crossdock,CCCSc1cccc(OC)c1NC(=O)N1CCC[C@H](C(N)=O)C1 |a:19|,3.79526753551538,5.399073576579012,2,2,A71EV2A-x5288a; A71EV2A-x5288b
smina_fragment_crossdock,CCN(CC1CC1)C(=O)c1cccc(CC(=O)N2CCC[C@H](C(N)=O)C2)c1 |a:21|,4.908336601699183,5.711289763186349,1,1,A71EV2A-x3944a
smina_fragment_crossdock,CCN(c1ncnc(SC)c1CC(=O)N1CCC[C@H](C(N)=O)C1)C(C)C |a:18|,5.941351132986486,5.053754880258599,1,1,A71EV2A-x7432a
smina_fragment_crossdock,CCOC(=O)N[C@H](C(=O)N1CC[C@H](C(N)=O)C1)c1ccccc1SC |o1:6|,4.606251898190906,5.1669015454337615,1,1,A71EV2A-x6844a
smina_fragment_crossdock,"CCS(=O)(=O)N1CCN(c2ncnc(SC)c2CC(=O)N2CCC[C@H](C(N)=O)C2)[C@H](C)C1 |a:24,29|",5.887521899626527,5.4449670250541145,1,1,A71EV2A-x7446a
smina_fragment_crossdock,CCS(=O)(=O)c1ccc(OC)c(NC(=O)N2CCC[C@H](C(N)=O)C2)c1 |a:19|,4.09366495819491,5.5465871852417195,2,2,A71EV2A-x4309a; A71EV2A-x4309b
smina_fragment_crossdock,"CC[C@@H]1CCCN1c1ncnc(SC)c1CC(=O)N1CCC[C@H](C(N)=O)C1 |a:2,22|",5.359471394334077,5.558824705163326,2,2,A71EV2A-x7510a; A71EV2A-x7510b
smina_fragment_crossdock,"CC[C@@H]1CS[C@H](C(N)=O)CN1C(=O)Oc1cc(Br)ccc1SC |o1:2,5|",4.170150986564742,4.372236070895689,1,1,A71EV2A-x7321a
smina_fragment_crossdock,"CC[C@H](c1cc(F)cc(Br)c1)N1C[C@H](C(N)=O)CCC1=O |&1:2,&2:13|",4.7121982700697735,5.54768302784626,1,1,A71EV2A-x5699a
smina_fragment_crossdock,"CC[C@H](c1ccc(Cl)c(Cl)c1)N1C[C@H](C(N)=O)CCC1=O |&1:2,&2:13|",4.012372581165862,5.116529435879232,1,1,A71EV2A-x5676a
smina_fragment_crossdock,"CC[C@H]1CCCN1c1ncnc(SC)c1CC(=O)N1CCC[C@H](C(N)=O)C1 |a:2,22|",7.302627133357621,5.5129679069425555,1,1,A71EV2A-x7011a
smina_fragment_crossdock,"CC[C@H]1CS[C@H](C(N)=O)CN1C(=O)Oc1cc(Br)ccc1SC |o1:2,5|",7.112683897314732,4.545782355210742,1,1,A71EV2A-x7613a
smina_fragment_crossdock,CCc1ccsc1CN1C[C@H](C(N)=O)CCC1=O |&1:10|,4.668737062060432,4.797591592627322,1,1,A71EV2A-x4954a
smina_fragment_crossdock,CCn1nccc1C(=O)N[C@H](C(=O)N1CC[C@H](C(N)=O)C1)c1ccccc1SC |&1:10|,4.197688573451602,5.401961616620409,1,1,A71EV2A-x6945a
smina_fragment_crossdock,CN(C)C(=O)[C@@H](c1ccccc1)N1C[C@H](C(N)=O)CC1=O |o1:14|,4.003097753980533,5.3426028647035615,1,1,A71EV2A-x5497a
smina_fragment_crossdock,CN(C)S(=O)(=O)c1cccnc1,5.10745472442027,3.1749822126173077,2,2,A71EV2A-x2448a; A71EV2A-x2448b
smina_fragment_crossdock,CN1c2ccccc2C[C@H]1C(=O)N1CCC[C@H](C(N)=O)C1 |&1:9|,4.598941671349912,5.692202310730005,2,2,A71EV2A-x4583a; A71EV2A-x4583b
smina_fragment_crossdock,"CNC(=O)[C@@H](c1cccc(C)c1)N1C[C@H](C(N)=O)CC1=O |&1:4,14|",4.596879478824183,5.6345148104107174,1,1,A71EV2A-x5317a
smina_fragment_crossdock,"CNC(=O)[C@@H]1CCN1c1ncnc(SC)c1CC(=O)N1CCC[C@H](C(N)=O)C1 |a:4,23|",5.553061207453266,5.728713294095999,1,1,A71EV2A-x7297a
smina_fragment_crossdock,CNC(=O)c1cn(C)c2ccccc12,4.822826736702125,4.445558569713204,1,1,A71EV2A-x3066a
smina_fragment_crossdock,CNC(=O)c1nn(C)c2ccccc12,5.376184576266073,4.543539359645595,1,1,A71EV2A-x2290a
smina_fragment_crossdock,CNC(=O)c1oc2ccccc2c1CN1C[C@H](C(N)=O)CCC1=O |&1:16|,4.027340564735919,5.36399928318285,1,1,A71EV2A-x5226a
smina_fragment_crossdock,CNS(=O)(=O)c1ccccc1Cl,6.034867358576641,2.8225753571089984,1,1,A71EV2A-x2458a
smina_fragment_crossdock,CNc1ncnc(SC)c1CC(=O)N1CCC[C@H](C(N)=O)C1 |a:17|,5.471985787685622,5.067440085226339,1,1,A71EV2A-x6021a
smina_fragment_crossdock,COC(=O)N1CCCN(c2ncnc(SC)c2CC(=O)N2CCC[C@H](C(N)=O)C2)CC1 |a:24|,5.745487997043694,5.8620469193574785,1,1,A71EV2A-x7018a
smina_fragment_crossdock,"COC(=O)N[C@H]1CCN(c2ncnc(SC)c2CC(=O)N2CCC[C@H](C(N)=O)C2)C1 |a:5,24|",7.272545074821092,4.7740767894476175,1,1,A71EV2A-x7589a
smina_fragment_crossdock,COCC(=O)Nc1c(Cl)cc(C)cc1OCc1ncccn1,4.858392228943246,4.911922061017423,2,2,A71EV2A-x3522a; A71EV2A-x3522b
smina_fragment_crossdock,COCC(=O)Nc1c(Cl)cc(C)cc1Oc1cccc(C(N)=O)c1,4.822657723022635,5.397820137880841,1,1,A71EV2A-x3488a
smina_fragment_crossdock,"COC[C@@H]1CCCN1c1ncnc(SC)c1CC(=O)N1CCC[C@H](C(N)=O)C1 |a:3,23|",5.028984985837811,5.151874941157454,1,1,A71EV2A-x7161a
smina_fragment_crossdock,"COC[C@@H]1CCN1c1ncnc(SC)c1CC(=O)N1CCC[C@H](C(N)=O)C1 |a:3,22|",5.357972475219064,5.168407870886825,2,2,A71EV2A-x7353a; A71EV2A-x7353b
smina_fragment_crossdock,"COC[C@@]1(C)C[C@H](C(N)=O)CN1C(=O)Cc1cc(Br)ccc1SC |&1:3,6|",5.510062512868513,4.882847414255484,1,1,A71EV2A-x5398a
smina_fragment_crossdock,COC[C@H](C)NC(=O)c1nn(C)c2ccccc12 |&1:3|,4.747146969020107,4.693350939254947,1,1,A71EV2A-x3176a
smina_fragment_crossdock,"COC[C@H]1CCCN1c1ncnc(SC)c1CC(=O)N1CCC[C@H](C(N)=O)C1 |a:3,23|",7.197280846039433,5.455448997793198,1,1,A71EV2A-x7175a
smina_fragment_crossdock,"COC[C@H]1CC[C@H](C(N)=O)CN1C(=O)Cc1ccccc1SC |o1:3,6|",4.011460574435142,5.169950846594221,1,1,A71EV2A-x5488a
smina_fragment_crossdock,"COC[C@]1(C(=O)N2CCC[C@H](C(N)=O)C2)CCCCO1 |&1:3,&2:10|",6.0,5.365824465848607,1,1,A71EV2A-x3936a
smina_fragment_crossdock,COC[C@]12C[C@@](C(N)=O)(CN1C(=O)Cc1ccccc1OC)C2 |o1:3|,4.028724151261895,4.847084096077873,2,2,A71EV2A-x4963a; A71EV2A-x4963b
smina_fragment_crossdock,COCc1ccccc1CC(=O)N1CCC[C@H](C(N)=O)C1 |a:16|,4.576757218249551,5.222514641357832,1,1,A71EV2A-x4368a
smina_fragment_crossdock,COCc1ccccc1NC(=O)N1CCC[C@H](C(N)=O)C1 |a:16|,4.816470464384151,5.390775958998144,1,1,A71EV2A-x3483a
smina_fragment_crossdock,"CO[C@@H]1CCCN(c2ncnc(SC)c2CC(=O)N2CCC[C@H](C(N)=O)C2)C1 |a:2,22|",6.170052776781682,5.680958012700807,1,1,A71EV2A-x7238a
smina_fragment_crossdock,CO[C@H](C(=O)N1CCC[C@H](C(N)=O)C1)c1ccccc1C |&1:2|,4.928117992693875,5.486359822297192,1,1,A71EV2A-x3939a
smina_fragment_crossdock,"CO[C@H](C(=O)N1CCC[C@H](C(N)=O)C1)c1cccnc1 |&1:2,&2:9|",4.227015096629662,4.921315521202832,1,1,A71EV2A-x3937a
smina_fragment_crossdock,COc1c(NC(=O)N2CCC[C@H](C(N)=O)C2)cccc1C(F)(F)F |a:11|,5.032452023781138,5.723681214176152,2,2,A71EV2A-x4310a; A71EV2A-x4310b
smina_fragment_crossdock,COc1cc(Br)c(CC(=O)N2CCC[C@H](C(N)=O)C2)cc1OC |a:14|,3.720229830921272,5.422786291132112,1,1,A71EV2A-x4845a
smina_fragment_crossdock,COc1cc(Cl)ccc1CC(=O)N1CCC[C@H](C(N)=O)C1 |a:16|,4.018634490921456,5.151596399224528,1,1,A71EV2A-x4203a
smina_fragment_crossdock,COc1cc(NC(=O)C[C@H](C)C(F)(F)F)n(C)n1 |&1:9|,4.632048101200719,4.5395738021268235,2,2,A71EV2A-x1445a; A71EV2A-x1445b
smina_fragment_crossdock,COc1ccc(C(F)(F)F)cc1CC(=O)N1CCC[C@H](C(N)=O)C1 |a:19|,4.449959375475284,5.783498094272156,1,1,A71EV2A-x4028a
smina_fragment_crossdock,COc1ccc(C(F)(F)F)cc1CC(=O)N1CCS[C@H](C(N)=O)C1 |o1:19|,4.828494707777949,5.718810395375369,1,1,A71EV2A-x4778a
smina_fragment_crossdock,COc1ccc(C(F)(F)F)cc1N(C)C(=O)N1CCC[C@H](C(N)=O)C1 |a:20|,4.561127532480804,5.722783282945008,1,1,A71EV2A-x4843a
smina_fragment_crossdock,COc1ccc(C(F)(F)F)cc1NC(=O)N1CCC[C@H](C(N)=O)C1 |a:19|,4.069229199277436,5.979789526425931,1,1,A71EV2A-x4429a
smina_fragment_crossdock,COc1ccc(CC(=O)N2CCC[C@H](C(N)=O)C2)c(OC)c1 |a:13|,4.635207042042172,5.168268599920362,2,2,A71EV2A-x3557a; A71EV2A-x3557b
smina_fragment_crossdock,COc1ccc(Cl)c2c1C(=O)C(=O)N2,4.628932137728264,3.7437061992466467,1,1,A71EV2A-x2513a
smina_fragment_crossdock,COc1ccc(Cl)cc1CC(=O)N1CCC[C@H](C(N)=O)C1 |a:16|,4.727236212379233,5.2520987266549914,1,1,A71EV2A-x3940a
smina_fragment_crossdock,COc1ccc(Cl)cc1NS(=O)(=O)N1CCC[C@H](C(N)=O)C1 |a:17|,3.989247537499024,5.404014030863027,1,1,A71EV2A-x5278a
smina_fragment_crossdock,COc1ccc(Cl)cc1OC(=O)N1CCC[C@H](C(N)=O)C1 |a:16|,5.262803072736122,5.406495253081335,4,4,A71EV2A-x4829a; A71EV2A-x4829b; A71EV2A-x4903a; A71EV2A-x4903b
smina_fragment_crossdock,COc1ccc(F)cc1CC(=O)N1CCC[C@H](C(N)=O)C1 |a:16|,4.2094239507757765,5.482445575134485,1,1,A71EV2A-x3546a
smina_fragment_crossdock,COc1ccc2c(n1)[C@H](C(=O)N1CCC[C@H](C(N)=O)C1)CC2 |&1:8|,4.452380443994761,5.467851443859301,1,1,A71EV2A-x3954a
smina_fragment_crossdock,COc1cccc(CN2C[C@H](C(N)=O)CCC2=O)c1 |&1:10|,4.608183969818477,5.190922122123254,2,2,A71EV2A-x5036a; A71EV2A-x5036b
smina_fragment_crossdock,COc1cccc(Cl)c1CC(=O)N1CCC[C@@H](C(N)=O)C1 |a:16|,4.620456050805198,5.200575799114423,2,2,A71EV2A-x3858a; A71EV2A-x3858b
smina_fragment_crossdock,COc1cccc(Cl)c1CC(=O)N1CCC[C@H](C(N)=O)C1 |a:16|,4.78560502978966,5.131490069697741,1,1,A71EV2A-x3942a
smina_fragment_crossdock,COc1cccc(Cl)c1CC(=O)N1CCC[C@H](C(N)=O)C1 |o1:16|,4.37828501116997,5.237922408279196,1,1,A71EV2A-x4209a
smina_fragment_crossdock,"COc1cccc(Cl)c1CC(=O)N1C[C@H](C(N)=O)C[C@H](C(=O)NC2CC2)C1 |o1:14,19|",4.899323290233971,5.767005479822551,2,2,A71EV2A-x3993a; A71EV2A-x3993b
smina_fragment_crossdock,"COc1cccc(Cl)c1CC(=O)N1C[C@H](C(N)=O)[C@H]2CCC[C@H]21 |&1:14,&2:18,22|",4.819608655063361,5.714214453482079,1,1,A71EV2A-x4239a
smina_fragment_crossdock,COc1cccc(Cl)c1NC(=O)N1CCC[C@H](C(N)=O)C1 |a:16|,4.465918205168407,5.508932713940553,2,2,A71EV2A-x4035a; A71EV2A-x4035b
smina_fragment_crossdock,COc1cccc(Cl)c1NC(=O)N1CC[C@H](C(N)=O)C1 |a:15|,4.612119831707907,5.239820891453618,2,2,A71EV2A-x3992a; A71EV2A-x3992b
smina_fragment_crossdock,COc1cccc(NC(=O)N2CCC[C@H](C(N)=O)C2)c1 |a:14|,4.956109291095229,5.346201919679009,1,1,A71EV2A-x3485a
smina_fragment_crossdock,COc1cccc(NC(=O)N2CCC[C@H](C(N)=O)C2)c1Cl |a:14|,4.612661045864782,5.489907566916574,3,3,A71EV2A-x4524a; A71EV2A-x4873a; A71EV2A-x4873b
smina_fragment_crossdock,COc1cccc(NC(=O)N2CCC[C@H](C(N)=O)C2)n1 |a:14|,5.072431269429168,5.5683024609337,1,1,A71EV2A-x4298a
smina_fragment_crossdock,COc1cccc(SC(C)C)c1NC(=O)N1CCC[C@H](C(N)=O)C1 |a:19|,5.313218576201494,5.323244200365157,2,2,A71EV2A-x5289a; A71EV2A-x5289b
smina_fragment_crossdock,COc1cccc(SC)c1NC(=O)N1CCC[C@H](C(N)=O)C1 |a:17|,5.161195917717353,5.427462863584933,1,1,A71EV2A-x4554a
smina_fragment_crossdock,"COc1cccc2c1CC[C@H]2N1C[C@H](C(N)=O)CCC1=O |&1:10,&2:13|",4.789637072991269,5.33237011369394,1,1,A71EV2A-x4316a
smina_fragment_crossdock,COc1cccc2c1N(C(=O)N1CCC[C@H](C(N)=O)C1)CCS2 |a:15|,4.29598340377612,5.728683973892533,1,1,A71EV2A-x5389a
smina_fragment_crossdock,COc1ccccc1CC(=O)N(C)CCC(N)=O,4.935542010773082,4.102548839415737,1,1,A71EV2A-x3977a
smina_fragment_crossdock,COc1ccccc1CC(=O)N1CCCC[C@H](C(N)=O)C1 |&1:16|,4.952204384072568,5.234609225287542,2,2,A71EV2A-x3571a; A71EV2A-x3571b
smina_fragment_crossdock,COc1ccccc1CC(=O)N1CCC[C@H](C(N)=O)C1 |&1:15|,4.128427064454121,5.100645215651546,1,1,A71EV2A-x3186a
smina_fragment_crossdock,COc1ccccc1CC(=O)N1CCC[C@H](C(N)=O)CC1 |&1:15|,4.952188702489189,5.597974506841257,2,2,A71EV2A-x4018a; A71EV2A-x4018b
smina_fragment_crossdock,COc1ccccc1CC(=O)N1CCN[C@H](C(N)=O)C1 |&1:15|,5.622664040174432,5.079520009054317,1,1,A71EV2A-x3901a
smina_fragment_crossdock,COc1ccccc1CC(=O)N1CCO[C@@H](C(N)=O)C1 |a:15|,4.615695746966642,5.0603152757841094,1,1,A71EV2A-x3663a
smina_fragment_crossdock,COc1ccccc1CC(=O)N1CC[C@@H](O)C1 |a:14|,4.951406063714552,4.805625328376998,1,1,A71EV2A-x3621a
smina_fragment_crossdock,COc1ccccc1CC(=O)N1CC[C@H](CC(N)=O)C1 |&1:14|,5.055150304924533,5.226835706343628,4,4,A71EV2A-x3694a; A71EV2A-x3694b; A71EV2A-x4032a; A71EV2A-x4032b
smina_fragment_crossdock,COc1ccccc1CC(=O)N1CC[C@H](NC(N)=O)C1 |&1:14|,5.056011124926228,4.865086701005976,1,1,A71EV2A-x3685a
smina_fragment_crossdock,COc1ccccc1CC(=O)N1C[C@H](C(N)=O)CC(F)(F)C1 |&1:13|,5.41096889227547,5.463453413339407,1,1,A71EV2A-x3665a
smina_fragment_crossdock,"COc1ccccc1CC(=O)N1C[C@H](C(N)=O)CC[C@@H]1C |&1:13,19|",4.411260481653311,5.312241794014554,1,1,A71EV2A-x3550a
smina_fragment_crossdock,"COc1ccccc1CC(=O)N1C[C@H](C(N)=O)[C@@H](C(F)(F)F)C1 |&1:13,17|",5.110698297493689,5.155554626692433,1,1,A71EV2A-x3990a
smina_fragment_crossdock,"COc1ccccc1CC(=O)N1C[C@H](C)[C@@H](C(N)=O)C1 |&1:13,15|",5.303920706565589,5.073692618615456,1,1,A71EV2A-x3634a
smina_fragment_crossdock,"COc1ccccc1CC(=O)N1C[C@]2(C(N)=O)CC[C@H]1C2 |a:13,19|",4.621697158125564,4.905768483315003,1,1,A71EV2A-x4476a
smina_fragment_crossdock,COc1ccccc1CCN1C[C@H](C(N)=O)CC1=O |&1:12|,5.044970753420985,4.89445088477714,1,1,A71EV2A-x3956a
smina_fragment_crossdock,COc1ccccc1CN1C[C@H](C(N)=O)CC1=O |&1:11|,4.62709189585908,4.848828648184098,1,1,A71EV2A-x3895a
smina_fragment_crossdock,COc1ccccc1CN1C[C@H](C(N)=O)CCC1=O |&1:11|,4.956855685489159,5.284915364384274,2,2,A71EV2A-x3579a; A71EV2A-x4029a
smina_fragment_crossdock,COc1ccccc1NC(=O)Nc1cccnc1,4.740875707793589,4.394490105326358,1,1,A71EV2A-x2629a
smina_fragment_crossdock,COc1ccccc1S(=O)(=O)N1CCC[C@H](C(N)=O)C1 |a:15|,5.161780778092374,5.453576169796809,2,2,A71EV2A-x4214a; A71EV2A-x4214b
smina_fragment_crossdock,COc1ccccc1[C@H](C)C(=O)N1CCC[C@H](C(N)=O)C1 |o1:8|,5.415903931859735,4.974139532772202,2,2,A71EV2A-x4445a; A71EV2A-x4445b
smina_fragment_crossdock,"COc1ccccc1[C@H](C)CN1C[C@H](C(N)=O)CC1=O |&1:8,&2:13|",4.917407524166997,5.312952808948603,1,1,A71EV2A-x4313a
smina_fragment_crossdock,"COc1ccccc1[C@H](C)N1C[C@H](C(N)=O)CCC1=O |&1:8,&2:12|",5.565980102355844,5.388745534908125,1,1,A71EV2A-x4661a
smina_fragment_crossdock,COc1ccccc1[C@H](N)C(=O)N1CCC[C@H](C(N)=O)C1 |o1:8|,5.349983835684398,5.395665102926093,1,1,A71EV2A-x3890a
smina_fragment_crossdock,COc1ccccc1[C@H](NC(=O)OC(C)(C)C)C(=O)N1CCC[C@H](C(N)=O)C1 |o1:8|,4.930769702637148,5.6675513496659935,2,2,A71EV2A-x3884a; A71EV2A-x3884b
smina_fragment_crossdock,COc1ccccc1[C@H](NC(C)=O)C(=O)N1CCC[C@H](C(N)=O)C1 |o1:8|,5.238439218136987,5.4519488985044475,4,4,A71EV2A-x4207a; A71EV2A-x4207b; A71EV2A-x4449a; A71EV2A-x4449b
smina_fragment_crossdock,"COc1ccccc1[C@H](O)CN1C[C@H](C(N)=O)CC1=O |&1:8,&2:13|",5.276902343492681,4.935579800189024,1,1,A71EV2A-x4295a
smina_fragment_crossdock,"COc1ccccc1[C@H](O)CN1C[C@H](C(N)=O)CCC1=O |&1:8,&2:13|",5.212129340035951,5.431860894104828,1,1,A71EV2A-x4406a
smina_fragment_crossdock,COc1ccccc1[C@H](OC)C(=O)N1CCC[C@H](C(N)=O)C1 |o1:8|,5.523700643055132,5.455357372157366,2,2,A71EV2A-x3862a; A71EV2A-x3883a
smina_fragment_crossdock,COc1cccnc1CC(=O)N1CCC[C@H](C(N)=O)C1 |a:15|,4.648165195719463,5.129294719463227,2,2,A71EV2A-x4283a; A71EV2A-x4283b
smina_fragment_crossdock,COc1cccnc1CN1CCC[C@H](C(N)=O)C1 |a:13|,5.576653344896242,4.819431479184034,2,2,A71EV2A-x4274a; A71EV2A-x4274b
smina_fragment_crossdock,COc1ccncc1CC(=O)N1CCC[C@H](C(N)=O)C1 |&1:15|,4.443671499997475,5.040436177834184,1,1,A71EV2A-x3229a
smina_fragment_crossdock,COc1ccncc1CC(=O)N1CCC[C@H](C(N)=O)C1 |a:15|,4.7516996536545095,5.13558756813211,1,1,A71EV2A-x3548a
smina_fragment_crossdock,COc1ncc(-c2ccc(SC)c(CC(=O)N3CCC[C@H](C(N)=O)C3)c2)cc1C#N |a:20|,5.612933991649193,5.89841863175701,1,1,A71EV2A-x5877a
smina_fragment_crossdock,COc1ncc(Br)cc1CC(=O)N1CCC[C@H](C(N)=O)C1 |a:16|,4.832067775571805,5.3118606313694965,1,1,A71EV2A-x4388a
smina_fragment_crossdock,COc1ncccc1-c1ccc(SC)c(CC(=O)N2CCC[C@H](C(N)=O)C2)c1 |a:22|,5.926316446103106,6.157272048056289,1,1,A71EV2A-x6736a
smina_fragment_crossdock,COc1ncccc1CC(=O)N1CCC[C@H](C(N)=O)C1 |&1:15|,4.324153048333832,4.92737747326942,1,1,A71EV2A-x3201a
smina_fragment_crossdock,COc1ncccc1CC(=O)N1CCC[C@H](C(N)=O)C1 |a:15|,4.286509456906058,4.925002536788677,1,1,A71EV2A-x4347a
smina_fragment_crossdock,COc1ncccc1CC(=O)N1CCC[C@H](C(N)=O)C1 |o1:15|,4.939681121858298,5.110159621676251,2,2,A71EV2A-x3849a; A71EV2A-x3869a
smina_fragment_crossdock,COc1ncccc1NC(=O)N1CCC[C@H](C(N)=O)C1 |a:15|,4.487273331768478,5.311545439182238,2,2,A71EV2A-x4031a; A71EV2A-x4031b
smina_fragment_crossdock,COc1ncccc1NC(=O)N1CC[C@H](C(N)=O)C1 |a:14|,4.618016608302379,5.120407032787606,1,1,A71EV2A-x4418a
smina_fragment_crossdock,COc1ncccc1NS(=O)(=O)N1CCC[C@H](C(N)=O)C1 |a:16|,4.601213898998983,5.254305071965805,2,2,A71EV2A-x4899a; A71EV2A-x4899b
smina_fragment_crossdock,CS(=O)(=O)c1ccccc1CC(=O)N1CCC[C@H](C(N)=O)C1 |a:17|,4.018181392829336,5.388342382110468,1,1,A71EV2A-x4675a
smina_fragment_crossdock,CSCC1(CC(=O)N2CCC[C@H](C(N)=O)C2)CC1 |a:11|,4.0270354434741735,4.55710728379947,1,1,A71EV2A-x4701a
smina_fragment_crossdock,"CSC[C@H]1C[C@H]1C(=O)N1CCC[C@H](C(N)=O)C1 |&1:3,5|",4.808721339045607,4.7343992241073,1,1,A71EV2A-x4736a
smina_fragment_crossdock,"CS[C@@H]1CCCC[C@H]1OC(=O)N1CCC[C@H](C(N)=O)C1 |o1:2,7|",3.5961527992975952,4.837452409239303,1,1,A71EV2A-x5231a
smina_fragment_crossdock,CSc1c(Br)cccc1CC(=O)N1CCC[C@H](C(N)=O)C1 |a:16|,4.472492797097293,5.113853967312963,1,1,A71EV2A-x4290a
smina_fragment_crossdock,CSc1c(F)cccc1NC(=O)N1CCC[C@H](C(N)=O)C1 |a:16|,4.319967775442991,5.509955256036428,1,1,A71EV2A-x4851a
smina_fragment_crossdock,CSc1c(NC(=O)N2CCC[C@H](C(N)=O)C2)c(C)nn1C |a:11|,4.6073172842698655,5.503174958984924,1,1,A71EV2A-x4727a
smina_fragment_crossdock,CSc1ccc(-c2cc(C#N)ncc2F)cc1CC(=O)N1CCC[C@H](C(N)=O)C1 |a:24|,5.682717212000788,6.00128856561735,1,1,A71EV2A-x6769a
smina_fragment_crossdock,CSc1ccc(-c2cc(C)c(=O)n(C)c2)cc1CC(=O)N1CCC[C@H](C(N)=O)C1 |a:24|,6.031014087429405,6.119646896958589,2,2,A71EV2A-x5879a; A71EV2A-x5879b
smina_fragment_crossdock,CSc1ccc(-c2cc(C)nn2C)cc1OC(=O)N1CCC[C@H](C(N)=O)C1 |a:22|,5.436862866226505,6.25943096698258,1,1,A71EV2A-x7260a
smina_fragment_crossdock,CSc1ccc(-c2cc[nH]n2)cc1CC(=O)N1CCC[C@H](C(N)=O)C1 |a:20|,5.955905430140241,6.146570173791211,2,2,A71EV2A-x5525a; A71EV2A-x5525b
smina_fragment_crossdock,"CSc1ccc(-c2cc[nH]n2)cc1CC(=O)N1C[C@H](C(N)=O)C[C@H]2C[C@H]21 |&1:18,23,25|",6.340503680200894,5.670542010419522,2,2,A71EV2A-x7576a; A71EV2A-x7576b
smina_fragment_crossdock,CSc1ccc(-c2cc[nH]n2)cc1OC(=O)N1CCC[C@H](C(N)=O)C1 |a:20|,6.343392058545723,6.146496873282546,1,1,A71EV2A-x7597a
smina_fragment_crossdock,CSc1ccc(-c2ccc(N3CCN(C)CC3)nc2)cc1OC(=O)N1CCC[C@H](C(N)=O)C1 |a:28|,6.646304383229654,6.059291258123897,1,1,A71EV2A-x7261a
smina_fragment_crossdock,CSc1ccc(-c2cccc3cnn(C)c23)cc1CC(=O)N1CCC[C@H](C(N)=O)C1 |a:25|,4.852511447271943,6.436869508307739,1,1,A71EV2A-x6025a
smina_fragment_crossdock,CSc1ccc(-c2ccccc2)cc1CC(=O)N1CCC[C@H](C(N)=O)C1 |a:21|,5.7575850142068425,6.5940551190887815,1,1,A71EV2A-x5526a
smina_fragment_crossdock,CSc1ccc(-c2ccccn2)cc1OC(=O)N1CCC[C@H](C(N)=O)C1 |a:21|,6.363385275343752,6.216806721193932,1,1,A71EV2A-x7442a
smina_fragment_crossdock,"CSc1ccc(-c2ccccn2)cc1OC(=O)N1C[C@H](C(N)=O)C[C@H]2C[C@H]21 |&1:19,24,26|",6.770247859071493,6.336326865597508,2,2,A71EV2A-x7350a; A71EV2A-x7350b
smina_fragment_crossdock,"CSc1ccc(-c2cccnc2)cc1OC(=O)N1C[C@H](C(N)=O)C[C@@H]2C[C@@H]21 |&1:19,24,26|",6.025403843721281,5.759558148142195,1,1,A71EV2A-x7032a
smina_fragment_crossdock,"CSc1ccc(-c2cccnc2)cc1OC(=O)N1C[C@H](C(N)=O)C[C@H]2C[C@H]21 |&1:19,24,26|",6.615017621163278,5.951099707334483,1,1,A71EV2A-x7070a
smina_fragment_crossdock,CSc1ccc(-c2cccnc2C(C)C)cc1CC(=O)N1CCC[C@H](C(N)=O)C1 |a:24|,5.633026106559719,6.48351795202209,1,1,A71EV2A-x6778a
smina_fragment_crossdock,CSc1ccc(-c2cccnc2N)cc1OC(=O)N1CCC[C@H](C(N)=O)C1 |a:22|,6.467825319983038,6.469378283900628,2,2,A71EV2A-x7301a; A71EV2A-x7301b
smina_fragment_crossdock,CSc1ccc(-c2ccnc(N(C)C)c2)cc1CC(=O)N1CCC[C@H](C(N)=O)C1 |a:24|,6.212710086334884,6.4664096132996995,1,1,A71EV2A-x6791a
smina_fragment_crossdock,CSc1ccc(-c2ccncc2)cc1CC(=O)N1CCC[C@H](C(N)=O)C1 |a:21|,5.983523026568097,6.24994588116134,1,1,A71EV2A-x5509a
smina_fragment_crossdock,"CSc1ccc(-c2ccncc2)cc1CC(=O)N1C[C@H](C(N)=O)C[C@H]2C[C@H]21 |&1:19,24,26|",6.743785006270056,6.487776711575521,1,1,A71EV2A-x7256a
smina_fragment_crossdock,"CSc1ccc(-c2ccncc2)cc1CC(=O)N1C[C@H](C(N)=O)C[C@H]2C[C@H]21 |o1:19,24,26|",4.917388969413124,6.435740680474298,1,1,A71EV2A-x7445a
smina_fragment_crossdock,"CSc1ccc(-c2ccncc2)cc1NC(=O)N1C[C@H](C(N)=O)C[C@H]2C[C@H]21 |&1:19,24,26|",5.742028204896328,5.222631922171695,1,1,A71EV2A-x6746a
smina_fragment_crossdock,"CSc1ccc(-c2ccncc2)cc1OC(=O)N1C[C@H](C(N)=O)C[C@H]2C[C@H]21 |&1:19,24,26|",6.058389757043434,6.303462582537594,1,1,A71EV2A-x7184a
smina_fragment_crossdock,CSc1ccc(-c2ccnn2C(C)(C)C)cc1OC(=O)N1CCC[C@H](C(N)=O)C1 |a:24|,4.912085112444354,5.667247152555035,2,2,A71EV2A-x7167a; A71EV2A-x7167b
smina_fragment_crossdock,"CSc1ccc(-c2ccnn2C2CCC2)cc1OC(=O)N1C[C@H](C(N)=O)C[C@H]2C[C@H]21 |&1:22,27,29|",6.6437811411974925,6.012459563137883,1,1,A71EV2A-x7044a
smina_fragment_crossdock,"CSc1ccc(-c2cn[nH]c2)cc1CC(=O)N1C[C@H](C(N)=O)C[C@H]2C[C@H]21 |&1:18,23,25|",6.438312682607372,5.756494186880001,1,1,A71EV2A-x5836a
smina_fragment_crossdock,"CSc1ccc(-c2cn[nH]c2)cc1OC(=O)N1C[C@H](C(N)=O)C[C@@H]2C[C@@H]21 |&1:18,23,25|",5.626220997937759,6.180647580269529,1,1,A71EV2A-x7379a
smina_fragment_crossdock,"CSc1ccc(-c2cn[nH]c2)cc1OC(=O)N1C[C@H](C(N)=O)C[C@H]2C[C@H]21 |&1:18,23,25|",6.775141043530828,5.7222115389774215,1,1,A71EV2A-x7323a
smina_fragment_crossdock,CSc1ccc(-c2cncc(C)c2C)cc1CC(=O)N1CCC[C@H](C(N)=O)C1 |a:23|,5.401951923140469,6.324771040406485,1,1,A71EV2A-x6032a
smina_fragment_crossdock,CSc1ccc(-c2cncc(S(C)(=O)=O)c2)cc1CC(=O)N1CCC[C@H](C(N)=O)C1 |a:25|,5.687762124194347,6.362579442775847,2,2,A71EV2A-x6948a; A71EV2A-x6948b
smina_fragment_crossdock,CSc1ccc(-c2cncc3ccccc23)cc1CC(=O)N1CCC[C@H](C(N)=O)C1 |a:25|,5.484126156288321,6.866483789592802,1,1,A71EV2A-x6035a
smina_fragment_crossdock,"CSc1ccc(-c2cnco2)cc1OC(=O)N1C[C@H](C(N)=O)C[C@H]2C[C@H]21 |&1:18,23,25|",6.622961397710664,5.9169856506018315,1,1,A71EV2A-x7002a
smina_fragment_crossdock,"CSc1ccc(-c2cnn[nH]2)cc1OC(=O)N1C[C@H](C(N)=O)C[C@H]2C[C@H]21 |&1:18,23,25|",6.821074156272469,6.087944426961013,1,1,A71EV2A-x7410a
smina_fragment_crossdock,CSc1ccc(-c2cnnn2C)cc1CC(=O)N1CCC[C@H](C(N)=O)C1 |a:21|,5.437915347454481,5.931579781877017,1,1,A71EV2A-x6925a
smina_fragment_crossdock,CSc1ccc(-c2csc(C(F)F)c2)cc1CC(=O)N1CCC[C@H](C(N)=O)C1 |a:23|,6.104588372500485,6.06977323086298,1,1,A71EV2A-x5864a
smina_fragment_crossdock,"CSc1ccc(-c2ocnc2C)cc1OC(=O)N1C[C@H](C(N)=O)C[C@H]2C[C@H]21 |&1:19,24,26|",5.964275769895213,5.9731558303917565,1,1,A71EV2A-x7287a
smina_fragment_crossdock,CSc1ccc(-n2cccn2)cc1CC(=O)N1CCC[C@H](C(N)=O)C1 |a:20|,6.017614181634599,5.6731881587823265,1,1,A71EV2A-x5604a
smina_fragment_crossdock,CSc1ccc(-n2ccnc2)cc1CC(=O)N1CCC[C@H](C(N)=O)C1 |a:20|,5.816743356703912,5.244035670701851,1,1,A71EV2A-x5833a
smina_fragment_crossdock,CSc1ccc(Br)cc1CC(=O)N1CCC[C@H](C(N)=O)C1 |a:16|,6.504803930407411,5.2880159759008,1,1,A71EV2A-x4431a
smina_fragment_crossdock,CSc1ccc(Br)cc1CC(=O)N1CCC[C@H](C(N)=O)CC1 |&1:16|,4.084730020129478,5.1646365597160155,2,2,A71EV2A-x5203a; A71EV2A-x5203b
smina_fragment_crossdock,"CSc1ccc(Br)cc1CC(=O)N1CCC[C@H](C(N)=O)[C@@H]1C |o1:16,20|",4.01122507362837,4.67660910307588,1,1,A71EV2A-x5494a
smina_fragment_crossdock,CSc1ccc(Br)cc1CC(=O)N1CC[C@H](C(N)=O)C1 |a:15|,4.166573738364501,5.051167372302728,1,1,A71EV2A-x4856a
smina_fragment_crossdock,"CSc1ccc(Br)cc1CC(=O)N1C[C@H](C(N)=O)CC[C@@H]1C |o1:14,20|",5.370420577541523,5.814661805531044,2,2,A71EV2A-x5247a; A71EV2A-x5247b
smina_fragment_crossdock,"CSc1ccc(Br)cc1CC(=O)N1C[C@H](C(N)=O)CC[C@H]1C |o1:14,20|",5.163175522827518,5.537485094578253,4,4,A71EV2A-x5339a; A71EV2A-x5339b; A71EV2A-x5366a; A71EV2A-x5366b
smina_fragment_crossdock,"CSc1ccc(Br)cc1CC(=O)N1C[C@H](C(N)=O)[C@H]2C[C@H]21 |o1:14,18,20|",4.590066876668706,4.6507780038223645,1,1,A71EV2A-x7359a
smina_fragment_crossdock,"CSc1ccc(Br)cc1CC(=O)N1[C@H]2CC[C@H](C(N)=O)[C@@H]1CC2 |o1:13,16,20|",4.022734028686543,4.943170067861276,2,2,A71EV2A-x5758a; A71EV2A-x5758b
smina_fragment_crossdock,"CSc1ccc(Br)cc1OC(=O)N1C[C@H](C(N)=O)CC[C@@H]1C |o1:14,20|",4.757850080326607,5.246077089868169,2,2,A71EV2A-x5819a; A71EV2A-x5819b
smina_fragment_crossdock,"CSc1ccc(Br)cc1OC(=O)N1C[C@H](C(N)=O)CC[C@@H]1CO |&1:14,20|",5.994964027913848,4.910203164089231,1,1,A71EV2A-x7558a
smina_fragment_crossdock,"CSc1ccc(Br)cc1OC(=O)N1C[C@H](C(N)=O)C[C@@H]2C[C@@H]21 |&1:14,19,21|",6.134970625328986,4.915150948424112,1,1,A71EV2A-x5830a
smina_fragment_crossdock,"CSc1ccc(Br)cc1OC(=O)N1C[C@H](C(N)=O)C[C@H]2C[C@H]21 |&1:14,19,21|",6.442779415416162,4.966739846422479,1,1,A71EV2A-x6932a
smina_fragment_crossdock,CSc1ccc(Br)cc1[C@H](NC(=O)OC(C)(C)C)C(=O)N1CC[C@H](C(N)=O)C1 |&1:9|,4.616253373468555,5.184405706902942,1,1,A71EV2A-x5891a
smina_fragment_crossdock,CSc1ccc(C(=O)N(C)C2CCC(C)(C)CC2)cc1CC(=O)N1CCC[C@H](C(N)=O)C1 |a:27|,4.8542464945359285,6.410591275951367,1,1,A71EV2A-x7307a
smina_fragment_crossdock,CSc1ccc(C(=O)N2CC=CCC23CCC3)cc1CC(=O)N1CCC[C@H](C(N)=O)C1 |a:26|,5.727326160448949,6.739050855278849,1,1,A71EV2A-x7318a
smina_fragment_crossdock,CSc1ccc(C(=O)N2Cc3nccc(C)c3C2)cc1CC(=O)N1CCC[C@H](C(N)=O)C1 |a:27|,5.732131922180389,6.43231021666878,1,1,A71EV2A-x6739a
smina_fragment_crossdock,CSc1ccc(C(=O)Nc2ccncc2)cc1CC(=O)N1CCC[C@H](C(N)=O)C1 |a:24|,6.058292496038209,6.331595317763188,2,2,A71EV2A-x5512a; A71EV2A-x5512b
smina_fragment_crossdock,"CSc1ccc(C2=CCN(C)CC2)cc1CC(=O)N1C[C@H](C(N)=O)C[C@H]2C[C@H]21 |o1:20,25,27|",6.217987758487747,6.653073023640337,2,2,A71EV2A-x7369a; A71EV2A-x7369b
smina_fragment_crossdock,"CSc1ccc(C2=CCN(C)CC2)cc1OC(=O)N1C[C@H](C(N)=O)C[C@@H]2C[C@@H]21 |&1:20,25,27|",6.4554495427646055,6.288377337854355,1,1,A71EV2A-x7046a
smina_fragment_crossdock,"CSc1ccc(C2=CCN(C)CC2)cc1OC(=O)N1C[C@H](C(N)=O)C[C@H]2C[C@H]21 |&1:20,25,27|",6.616789569053188,5.622486196938805,1,1,A71EV2A-x7368a
smina_fragment_crossdock,CSc1ccc(C2=CCNCC2)cc1CC(=O)N1CCC[C@H](C(N)=O)C1 |a:21|,6.359785941635829,6.153885564555969,1,1,A71EV2A-x6827a
smina_fragment_crossdock,"CSc1ccc(C2=CCOCC2)cc1OC(=O)N1C[C@H](C(N)=O)C[C@H]2C[C@H]21 |&1:19,24,26|",6.278226151900541,6.2045508761451575,1,1,A71EV2A-x7021a
smina_fragment_crossdock,CSc1ccc(C2CC2)cc1CC(=O)N1CCC[C@H](C(N)=O)C1 |a:18|,5.527677465814104,5.613059751524497,1,1,A71EV2A-x5276a
smina_fragment_crossdock,CSc1ccc(N2CCCC2=O)cc1NC(=O)N1CCC[C@H](C(N)=O)C1 |a:21|,5.06227649451538,5.942816749855348,2,2,A71EV2A-x4986a; A71EV2A-x4986b
smina_fragment_crossdock,CSc1ccc(N2CCOCC2)cc1NC(=O)N1CCC[C@H](C(N)=O)C1 |a:21|,4.924868863339022,5.713316522250933,2,2,A71EV2A-x5598a; A71EV2A-x5598b
smina_fragment_crossdock,CSc1ccc(OC2CC2)cc1NC(=O)N1CCC[C@H](C(N)=O)C1 |a:19|,4.674438823846753,5.454540071485753,1,1,A71EV2A-x5533a
smina_fragment_crossdock,CSc1ccc(S(C)(=O)=O)cc1CC(=O)N1CCC[C@H](C(N)=O)C1 |a:19|,5.609697925694327,5.513880498275434,2,2,A71EV2A-x5449a; A71EV2A-x5449b
smina_fragment_crossdock,CSc1ccc(SC(C)(C)C)cc1CC(=O)N1CCC[C@H](C(N)=O)C1 |a:20|,5.111221489644668,5.366967953783779,1,1,A71EV2A-x5403a
smina_fragment_crossdock,CSc1ccc2c(c1)[C@H](C(=O)N1CCC[C@H](C(N)=O)C1)CCO2 |o1:8|,4.060454118763697,5.503405855587218,2,2,A71EV2A-x5475a; A71EV2A-x5475b
smina_fragment_crossdock,CSc1ccc2cnccc2c1NC(=O)N1CCC[C@H](C(N)=O)C1 |a:19|,5.772572568212773,5.878099730755095,1,1,A71EV2A-x5261a
smina_fragment_crossdock,CSc1ccc2ncccc2c1NC(=O)N1CCC[C@H](C(N)=O)C1 |a:19|,6.128863936621021,6.016850263606912,2,2,A71EV2A-x4977a; A71EV2A-x4977b
smina_fragment_crossdock,"CSc1ccc2ncccc2c1NC(=O)N1C[C@H](C(N)=O)C[C@@H]2C[C@@H]21 |o1:17,22,24|",5.669481598088156,4.8697412833061975,2,2,A71EV2A-x6877a; A71EV2A-x6980a
smina_fragment_crossdock,"CSc1ccc2ncccc2c1NC(=O)N1C[C@H](C(N)=O)C[C@H]2C[C@H]21 |&1:17,22,24|",6.155618588158782,5.0440572229622305,1,1,A71EV2A-x5854a
smina_fragment_crossdock,"CSc1ccc2ncccc2c1OC(=O)N1C[C@H](C(N)=O)C[C@@H]2C[C@@H]21 |o1:17,22,24|",6.223231835566202,5.66189988044793,2,2,A71EV2A-x7459a; A71EV2A-x7461a
smina_fragment_crossdock,"CSc1ccc2ncccc2c1OC(=O)N1C[C@H](C(N)=O)C[C@H]2C[C@H]21 |o1:17,22,24|",6.55419279444554,5.7346726254504565,3,3,A71EV2A-x7465a; A71EV2A-x7465b; A71EV2A-x7515a
smina_fragment_crossdock,CSc1ccc2scnc2c1NC(=O)N1CCC[C@H](C(N)=O)C1 |a:18|,5.775683273773221,5.610241346966331,2,2,A71EV2A-x5283a; A71EV2A-x5283b
smina_fragment_crossdock,CSc1cccc(-c2cc(C(F)(F)F)nn2C)c1CC(=O)N1CCC[C@H](C(N)=O)C1 |a:25|,5.150667872559956,6.066009249743036,2,2,A71EV2A-x6955a; A71EV2A-x6955b
smina_fragment_crossdock,CSc1cccc(-c2ccc(C(F)(F)F)cc2C#N)c1CC(=O)N1CCC[C@H](C(N)=O)C1 |a:27|,5.656918950334414,5.887467535762471,1,1,A71EV2A-x5884a
smina_fragment_crossdock,CSc1cccc(-c2ccc(C(F)(F)F)o2)c1CC(=O)N1CCC[C@H](C(N)=O)C1 |a:24|,5.785803993839482,5.981270196700962,1,1,A71EV2A-x5857a
smina_fragment_crossdock,CSc1cccc(-c2cn(C)c(=O)c3ccccc23)c1CC(=O)N1CCC[C@H](C(N)=O)C1 |a:27|,6.086272291520818,6.062179298165295,1,1,A71EV2A-x6028a
smina_fragment_crossdock,CSc1cccc(-c2sccc2C2CC2)c1CC(=O)N1CCC[C@H](C(N)=O)C1 |a:23|,5.508648103412354,5.2526411504191115,1,1,A71EV2A-x6794a
smina_fragment_crossdock,CSc1cccc(-n2ccnc2)c1CC(=O)N1CCC[C@H](C(N)=O)C1 |a:20|,5.508866053332301,5.384274203879565,1,1,A71EV2A-x5788a
smina_fragment_crossdock,CSc1cccc(Br)c1CC(=O)N1CCC[C@H](C(N)=O)C1 |a:16|,5.23959580735841,5.473370972161769,1,1,A71EV2A-x4670a
smina_fragment_crossdock,CSc1cccc(C2=CCCCC2)c1CC(=O)N1CCC[C@H](C(N)=O)C1 |a:21|,5.358458624958955,6.005261453186988,1,1,A71EV2A-x6938a
smina_fragment_crossdock,CSc1cccc(CC(=O)N2CCC[C@H](C(N)=O)C2)c1 |a:14|,4.165030350472351,4.973893976068175,2,2,A71EV2A-x4334a; A71EV2A-x4334b
smina_fragment_crossdock,CSc1cccc(CN2C[C@H](C(N)=O)CCC2=O)c1 |o1:10|,4.610891805164698,4.857192236222764,1,1,A71EV2A-x4710a
smina_fragment_crossdock,CSc1cccc2c1N(C(=O)N1CCC[C@H](C(N)=O)C1)CCCO2 |a:15|,3.9795272089559,5.891645664756371,1,1,A71EV2A-x5249a
smina_fragment_crossdock,"CSc1cccc2c1[C@@H](C(=O)N1C[C@H](C(N)=O)C[C@H]3C[C@H]31)CC2 |&1:8,13,18,20|",6.317002294422829,5.6162336635496874,1,1,A71EV2A-x7448a
smina_fragment_crossdock,CSc1cccc2c1[C@H](C(=O)N1CCC[C@H](C(N)=O)C1)CC2 |o1:8|,6.105065909655473,5.522746194798455,1,1,A71EV2A-x5687a
smina_fragment_crossdock,CSc1cccc2c1[C@H](C(=O)N1CCC[C@H](C(N)=O)C1)CCC2 |o1:8|,4.913179132164633,5.438714491664997,3,3,A71EV2A-x5850a; A71EV2A-x5995a; A71EV2A-x5995b
smina_fragment_crossdock,CSc1ccccc1CC(=O)N1CCC(F)(F)[C@H](C(N)=O)C1 |&1:17|,4.92096962924201,5.199051148534193,1,1,A71EV2A-x4724a
smina_fragment_crossdock,CSc1ccccc1CC(=O)N1CCC[C@H](C(F)F)C1 |&1:15|,3.883316455303125,5.219611941214701,1,1,A71EV2A-x4746a
smina_fragment_crossdock,CSc1ccccc1CC(=O)N1CCC[C@H](C(N)=O)C1 |a:15|,5.393063563669464,5.117797534679135,1,1,A71EV2A-x4386a
smina_fragment_crossdock,CSc1ccccc1CC(=O)N1CCC[C@H](CCO)C1 |&1:15|,3.7794804346789226,5.203727720987015,1,1,A71EV2A-x4809a
smina_fragment_crossdock,CSc1ccccc1CC(=O)N1CCC[C@H](CF)C1 |&1:15|,4.015189894778023,4.861069833131139,1,1,A71EV2A-x4751a
smina_fragment_crossdock,CSc1ccccc1CC(=O)N1CCC[C@H](O)C1 |&1:15|,4.025488307262672,5.110775345949036,1,1,A71EV2A-x4794a
smina_fragment_crossdock,CSc1ccccc1CC(=O)N1CCC[C@H](S(N)(=O)=O)C1 |&1:15|,4.603800652904264,5.5248499193971385,1,1,A71EV2A-x4745a
smina_fragment_crossdock,CSc1ccccc1CC(=O)N1CCC[C@H]1c1cnc[nH]1 |&1:15|,4.853871964321762,4.835341354589753,1,1,A71EV2A-x4735a
smina_fragment_crossdock,"CSc1ccccc1CC(=O)N1CCC[C@H]2C(=O)NC[C@H]21 |&1:15,20|",4.035167674220528,5.22009572457189,1,1,A71EV2A-x4791a
smina_fragment_crossdock,CSc1ccccc1CC(=O)N1CCC[C@](F)(C(N)=O)C1 |&1:15|,3.839782551369189,5.27084166672061,1,1,A71EV2A-x4753a
smina_fragment_crossdock,CSc1ccccc1CC(=O)N1CCC[C@](O)(C(N)=O)C1 |&1:15|,3.955966436496336,5.213733240419775,2,2,A71EV2A-x4894a; A71EV2A-x4940a
smina_fragment_crossdock,CSc1ccccc1CC(=O)N1CCNC(=O)C1,4.006123085058789,4.919636939554405,1,1,A71EV2A-x4721a
smina_fragment_crossdock,"CSc1ccccc1CC(=O)N1CC[C@H]2[C@H](C1)[C@H]2C(N)=O |&1:14,&2:15,&3:17|",4.558200508454535,5.471252587461353,1,1,A71EV2A-x4739a
smina_fragment_crossdock,"CSc1ccccc1CC(=O)N1C[C@H](C(N)=O)CC[C@H]1CO |o1:13,19|",4.599655204790009,5.370959166480584,2,2,A71EV2A-x5992a; A71EV2A-x5992b
smina_fragment_crossdock,"CSc1ccccc1CC(=O)N1C[C@H](C(N)=O)C[C@H](C(N)=O)C1 |a:13,18|",5.207231875935455,5.51657429196887,2,2,A71EV2A-x5171a; A71EV2A-x5171b
smina_fragment_crossdock,"CSc1ccccc1CC(=O)N1C[C@H](C(N)=O)C[C@H]2C[C@H]21 |o1:13,18,20|",5.676463453677816,5.192908565908073,2,2,A71EV2A-x5177a; A71EV2A-x7631a
smina_fragment_crossdock,"CSc1ccccc1CC(=O)N1C[C@H](C)C[C@@H](C(N)=O)C1 |o1:13,16|",4.494060495927921,5.031515505929664,1,1,A71EV2A-x5200a
smina_fragment_crossdock,"CSc1ccccc1CC(=O)N1C[C@H](C)C[C@H](C(N)=O)C1 |&1:13,&2:16|",4.1315895194873935,5.155103828564144,2,2,A71EV2A-x4885a; A71EV2A-x4885b
smina_fragment_crossdock,"CSc1ccccc1CC(=O)N1C[C@H](C)C[C@H](C(N)=O)C1 |o1:13,16|",4.006585256974127,5.141239037350174,1,1,A71EV2A-x5268a
smina_fragment_crossdock,"CSc1ccccc1CC(=O)N1C[C@H](O)C[C@@H](C(N)=O)C1 |&1:13,16|",3.66094239119996,5.31851631755627,2,2,A71EV2A-x5387a; A71EV2A-x5387b
smina_fragment_crossdock,CSc1ccccc1CC(=O)N1C[C@H]2C[C@@]1(CC(N)=O)C2 |&1:15|,4.051345937463026,4.739222397577452,2,2,A71EV2A-x5262a; A71EV2A-x5262b
smina_fragment_crossdock,CSc1ccccc1CN1C[C@H](C(N)=O)CCC1=O |o1:11|,4.6439741428068775,4.979728696557903,1,1,A71EV2A-x4694a
smina_fragment_crossdock,CSc1ccccc1N(C)C(=O)N1CCC[C@H](C(N)=O)C1 |a:16|,4.601955140820748,4.968323137409641,1,1,A71EV2A-x4712a
smina_fragment_crossdock,CSc1ccccc1N(C)C(=O)N1CC[C@H](C(N)=O)C1 |a:15|,4.640164517660112,5.170515260510942,1,1,A71EV2A-x4684a
smina_fragment_crossdock,CSc1ccccc1N1C[C@H](C(N)=O)CCC1=O |o1:10|,4.6020599913279625,5.054231333564921,1,1,A71EV2A-x4922a
smina_fragment_crossdock,CSc1ccccc1OC(=O)N1CCC[C@H](C(N)=O)C1 |a:15|,5.826838634714068,4.924280526778327,2,2,A71EV2A-x4824a; A71EV2A-x4824b
smina_fragment_crossdock,CSc1ccccc1[C@H](C(=O)N1CC[C@H](C(N)=O)C1)N1CCCC1=O |o1:8|,7.194299872872455,5.189082279355764,1,1,A71EV2A-x7038a
smina_fragment_crossdock,CSc1ccccc1[C@H](NC(=O)C(C)C)C(=O)N1CC[C@H](C(N)=O)C1 |&1:8|,4.616633749466019,4.933160883403082,1,1,A71EV2A-x7035a
smina_fragment_crossdock,CSc1ccccc1[C@H](NC(=O)C1(C)CCC1)C(=O)N1CC[C@H](C(N)=O)C1 |&1:8|,4.6108664765966765,5.4420056845040525,1,1,A71EV2A-x6991a
smina_fragment_crossdock,CSc1ccccc1[C@H](NC(=O)C1CC1)C(=O)N1CC[C@H](C(N)=O)C1 |&1:8|,4.612020519224207,5.133439863228228,1,1,A71EV2A-x6934a
smina_fragment_crossdock,CSc1ccccc1[C@H](NC(=O)CC(F)(F)F)C(=O)N1CC[C@H](C(N)=O)C1 |&1:8|,4.15694990903351,5.407107312328686,1,1,A71EV2A-x6818a
smina_fragment_crossdock,CSc1ccccc1[C@H](NC(=O)CC1CC1)C(=O)N1CC[C@H](C(N)=O)C1 |&1:8|,4.287343084176254,5.324798171148854,1,1,A71EV2A-x6726a
smina_fragment_crossdock,CSc1ccccc1[C@H](NC(=O)CNC(C)=O)C(=O)N1CC[C@H](C(N)=O)C1 |&1:8|,5.199617314652804,5.252054746349793,1,1,A71EV2A-x6821a
smina_fragment_crossdock,CSc1ccccc1[C@H](NC(=O)Cc1ccccc1)C(=O)N1CC[C@H](C(N)=O)C1 |&1:8|,4.505347154054938,5.426729858498284,1,1,A71EV2A-x6819a
smina_fragment_crossdock,CSc1ccccc1[C@H](NC(=O)Cc1cccnc1)C(=O)N1CC[C@H](C(N)=O)C1 |&1:8|,4.6077519100900055,5.503123648628858,1,1,A71EV2A-x6856a
smina_fragment_crossdock,CSc1ccccc1[C@H](NC(=O)Cn1cccn1)C(=O)N1CC[C@H](C(N)=O)C1 |&1:8|,4.730497044785864,5.345996678254747,2,2,A71EV2A-x6816a; A71EV2A-x6816b
smina_fragment_crossdock,CSc1ccccc1[C@H](NC(=O)OC(C)(C)C)C(=O)N1CC[C@H](C(N)=O)C1 |o1:8|,4.621638788259481,5.181543322039579,2,2,A71EV2A-x6847a; A71EV2A-x6851a
smina_fragment_crossdock,CSc1ccccc1[C@H](NC(C)=O)C(=O)N1CC[C@H](C(N)=O)C1 |&1:8|,5.186061162833519,5.490647902054089,1,1,A71EV2A-x5383a
smina_fragment_crossdock,CSc1cccnc1CC(=O)N1CCC[C@H](C(N)=O)C1 |a:15|,5.097431091411007,4.924203561244229,1,1,A71EV2A-x4914a
smina_fragment_crossdock,CSc1ccncc1CC(=O)N1CCC[C@H](C(N)=O)C1 |a:15|,5.534026193176526,5.196921768757477,2,2,A71EV2A-x4827a; A71EV2A-x4827b
smina_fragment_crossdock,CSc1ccncc1NC(=O)N1CCC[C@H](C(N)=O)C1 |a:15|,5.452530294347775,5.23348772750497,2,2,A71EV2A-x4826a; A71EV2A-x4826b
smina_fragment_crossdock,CSc1ccncc1NS(=O)(=O)N1CCC[C@H](C(N)=O)C1 |a:16|,4.881756561812204,5.0832143546910284,1,1,A71EV2A-x5182a
smina_fragment_crossdock,CSc1cn(C)nc1NC(=O)N1CCC[C@H](C(N)=O)C1 |a:15|,3.761033004441306,5.173601211925734,1,1,A71EV2A-x4703a
smina_fragment_crossdock,CSc1cnccc1CC(=O)N1CCC[C@H](C(N)=O)C1 |a:15|,4.407893372233542,4.953538424811929,1,1,A71EV2A-x4689a
smina_fragment_crossdock,CSc1cncnc1CC(=O)N1CCC[C@H](C(N)=O)C1 |a:15|,4.176969771296364,5.042144079686077,1,1,A71EV2A-x4812a
smina_fragment_crossdock,CSc1cscc1CC(=O)N1CCC[C@H](C(N)=O)C1 |a:14|,5.073475651835252,4.8833165375109395,1,1,A71EV2A-x4935a
smina_fragment_crossdock,CSc1nc2c(cc1NC(=O)N1CCC[C@H](C(N)=O)C1)CCCC2 |a:15|,4.217527375833714,6.000002141690281,2,2,A71EV2A-x5022a; A71EV2A-x5022b
smina_fragment_crossdock,CSc1ncccc1CC(=O)N1CCC[C@H](C(N)=O)C1 |a:15|,5.072700933344527,4.8272929587383455,1,1,A71EV2A-x4918a
smina_fragment_crossdock,CSc1ncccc1NC(=O)N1CCC[C@H](C(N)=O)C1 |a:15|,4.2209855861319525,5.190064506171874,2,2,A71EV2A-x4883a; A71EV2A-x4883b
smina_fragment_crossdock,CSc1nccnc1CC(=O)N1CCC[C@H](C(N)=O)C1 |a:15|,4.781195179900988,5.048110741091401,1,1,A71EV2A-x4774a
smina_fragment_crossdock,CSc1ncnc(-c2cn[nH]c2)c1CC(=O)N1CCC[C@H](C(N)=O)C1 |a:20|,5.579850424620521,5.7497578701336955,1,1,A71EV2A-x5544a
smina_fragment_crossdock,CSc1ncnc(N(C)C)c1CC(=O)N1CCC[C@H](C(N)=O)C1 |a:18|,6.393012805332465,4.937672529711407,2,2,A71EV2A-x7545a; A71EV2A-x7545b
smina_fragment_crossdock,"CSc1ncnc(N(C)C)c1CC(=O)N1C[C@H](C(N)=O)C[C@@H]2C[C@@H]21 |&1:16,21,23|",6.073633599517659,5.075092658330956,2,2,A71EV2A-x7580a; A71EV2A-x7580b
smina_fragment_crossdock,CSc1ncnc(N(C)C2CCC2)c1CC(=O)N1CCC[C@H](C(N)=O)C1 |a:21|,6.323397411601913,4.945248137281927,1,1,A71EV2A-x7172a
smina_fragment_crossdock,CSc1ncnc(N(C)C2CCOCC2)c1CC(=O)N1CCC[C@H](C(N)=O)C1 |a:23|,5.7864475040867696,5.321836830598791,1,1,A71EV2A-x7424a
smina_fragment_crossdock,CSc1ncnc(N(C)CC(C)(C)O)c1CC(=O)N1CCC[C@H](C(N)=O)C1 |a:22|,6.134728951225614,5.53723770536151,1,1,A71EV2A-x7251a
smina_fragment_crossdock,CSc1ncnc(N(C)CC(C)(F)F)c1CC(=O)N1CCC[C@H](C(N)=O)C1 |a:22|,6.994328024624508,5.163947534934565,1,1,A71EV2A-x7333a
smina_fragment_crossdock,"CSc1ncnc(N(C)CC(F)(F)F)c1CC(=O)N1C[C@H](C(N)=O)C[C@H]2C[C@H]21 |&1:20,25,27|",6.794695728715816,5.3285438271416306,1,1,A71EV2A-x7608a
smina_fragment_crossdock,CSc1ncnc(N(C)CC2CCCC2)c1CC(=O)N1CCC[C@H](C(N)=O)C1 |a:23|,6.3046606911348375,5.642746457533788,1,1,A71EV2A-x7254a
smina_fragment_crossdock,CSc1ncnc(N(C)CCC(F)(F)F)c1CC(=O)N1CCC[C@H](C(N)=O)C1 |a:23|,5.748786440007784,5.262272837257681,1,1,A71EV2A-x7338a
smina_fragment_crossdock,CSc1ncnc(N(C)Cc2cc(F)c(F)c(F)c2)c1CC(=O)N1CCC[C@H](C(N)=O)C1 |a:27|,6.244997927316081,6.207424256084823,1,1,A71EV2A-x7176a
smina_fragment_crossdock,CSc1ncnc(N(C)Cc2nn(C)cc2Cl)c1CC(=O)N1CCC[C@H](C(N)=O)C1 |a:25|,7.150528408418002,5.5194550019594,1,1,A71EV2A-x6914a
smina_fragment_crossdock,"CSc1ncnc(N(C)[C@@H](C)c2ccccc2)c1CC(=O)N1CCC[C@H](C(N)=O)C1 |a:9,25|",6.580678113068668,5.709589191385323,2,2,A71EV2A-x7436a; A71EV2A-x7436b
smina_fragment_crossdock,CSc1ncnc(N2CC(C)(c3ccccc3F)C2)c1CC(=O)N1CCC[C@H](C(N)=O)C1 |a:27|,6.439151337818832,6.4253246781930144,1,1,A71EV2A-x7263a
smina_fragment_crossdock,CSc1ncnc(N2CC(C)C2)c1CC(=O)N1CCC[C@H](C(N)=O)C1 |a:20|,6.526908295764941,5.5524255707568795,1,1,A71EV2A-x6920a
smina_fragment_crossdock,CSc1ncnc(N2CC(CC3CCC3)C2)c1CC(=O)N1CCC[C@H](C(N)=O)C1 |a:24|,5.692662147010851,6.197184175024335,1,1,A71EV2A-x6895a
smina_fragment_crossdock,CSc1ncnc(N2CC(O)C2)c1CC(=O)N1CCC[C@H](C(N)=O)C1 |a:20|,6.426194047786621,5.74126722788001,3,3,A71EV2A-x7334a; A71EV2A-x7334b; A71EV2A-x7389a
smina_fragment_crossdock,CSc1ncnc(N2CC(Oc3ccccc3Cl)C2)c1CC(=O)N1CCC[C@H](C(N)=O)C1 |a:27|,6.078663358532402,6.527740148899633,1,1,A71EV2A-x7095a
smina_fragment_crossdock,CSc1ncnc(N2CC(c3nncn3C)C2)c1CC(=O)N1CCC[C@H](C(N)=O)C1 |a:25|,6.326170396191348,5.789831258220804,2,2,A71EV2A-x5808a; A71EV2A-x5808b
smina_fragment_crossdock,CSc1ncnc(N2CCC(C#N)(CC(C)C)CC2)c1CC(=O)N1CCC[C@H](C(N)=O)C1 |a:27|,6.265062352283818,5.692429542306867,1,1,A71EV2A-x7170a
smina_fragment_crossdock,CSc1ncnc(N2CCC(C(=O)N(C(C)C)C(C)C)CC2)c1CC(=O)N1CCC[C@H](C(N)=O)C1 |a:30|,6.225268032740376,5.733551127667884,1,1,A71EV2A-x7096a
smina_fragment_crossdock,CSc1ncnc(N2CCC(N(C)S(C)(=O)=O)CC2)c1CC(=O)N1CCC[C@H](C(N)=O)C1 |a:27|,6.512183700381108,5.436134313759992,1,1,A71EV2A-x7008a
smina_fragment_crossdock,CSc1ncnc(N2CCC(N3CCOC3=O)CC2)c1CC(=O)N1CCC[C@H](C(N)=O)C1 |a:27|,5.923489528000301,5.535493153255284,1,1,A71EV2A-x7154a
smina_fragment_crossdock,CSc1ncnc(N2CCC3(CCC3)C2)c1CC(=O)N1CCC[C@H](C(N)=O)C1 |a:23|,6.131209779277596,5.576600078514568,1,1,A71EV2A-x7056a
smina_fragment_crossdock,CSc1ncnc(N2CCC3(CCCC3)C2)c1CC(=O)N1CCC[C@H](C(N)=O)C1 |a:24|,6.462158164196289,6.19834232306124,1,1,A71EV2A-x7024a
smina_fragment_crossdock,CSc1ncnc(N2CCC3(CCCCC3)C2)c1CC(=O)N1CCC[C@H](C(N)=O)C1 |a:25|,6.388555177157266,6.425463949159477,1,1,A71EV2A-x7101a
smina_fragment_crossdock,CSc1ncnc(N2CCC3(CCCO3)CC2)c1CC(=O)N1CCC[C@H](C(N)=O)C1 |a:25|,6.466683163263606,6.015127701653286,1,1,A71EV2A-x7284a
smina_fragment_crossdock,"CSc1ncnc(N2CCCC2)c1CC(=O)N1C[C@H](C(N)=O)C[C@H]2C[C@H]21 |&1:18,23,25|",6.5697284843589205,4.688021992275008,1,1,A71EV2A-x6838a
smina_fragment_crossdock,"CSc1ncnc(N2CCCC2)c1NC(=O)N1C[C@H](C(N)=O)C[C@H]2C[C@H]21 |&1:18,23,25|",5.928304705589599,5.452634258260465,1,1,A71EV2A-x7622a
smina_fragment_crossdock,CSc1ncnc(N2CCCCCC2)c1CC(=O)N1CCC[C@H](C(N)=O)C1 |a:22|,7.1865084765696,5.5134333651725775,2,2,A71EV2A-x7560a; A71EV2A-x7560b
smina_fragment_crossdock,"CSc1ncnc(N2CCCC[C@@H]2C(C)C)c1CC(=O)N1CCC[C@H](C(N)=O)C1 |a:12,24|",6.372178760973441,5.702501032197426,1,1,A71EV2A-x7420a
smina_fragment_crossdock,"CSc1ncnc(N2CCCC[C@H]2CO)c1CC(=O)N1CCC[C@H](C(N)=O)C1 |a:12,23|",5.867264623808438,5.44489372454545,1,1,A71EV2A-x7430a
smina_fragment_crossdock,"CSc1ncnc(N2CCC[C@@H]2C(=O)N(C)C)c1CC(=O)N1CCC[C@H](C(N)=O)C1 |a:11,25|",6.66771737227654,5.572180057842074,1,1,A71EV2A-x7309a
smina_fragment_crossdock,"CSc1ncnc(N2CCC[C@@H]2C(C)C)c1CC(=O)N1CCC[C@H](C(N)=O)C1 |a:11,23|",7.76022176714164,5.217383605751288,1,1,A71EV2A-x7135a
smina_fragment_crossdock,"CSc1ncnc(N2CCC[C@@H]2C)c1CC(=O)N1CCC[C@H](C(N)=O)C1 |a:11,21|",6.616555737163779,5.381261552973438,2,2,A71EV2A-x7533a; A71EV2A-x7533b
smina_fragment_crossdock,"CSc1ncnc(N2CCC[C@@H]2C2CC2)c1CC(=O)N1CCC[C@H](C(N)=O)C1 |a:11,23|",7.937951041727581,5.340403849443614,1,1,A71EV2A-x7259a
smina_fragment_crossdock,"CSc1ncnc(N2CCC[C@@H]2CC(C)C)c1CC(=O)N1CCC[C@H](C(N)=O)C1 |a:11,24|",7.199879115817523,5.447239340822727,1,1,A71EV2A-x7147a
smina_fragment_crossdock,"CSc1ncnc(N2CCC[C@@H]2Cc2ccccc2)c1CC(=O)N1CCC[C@H](C(N)=O)C1 |a:11,27|",5.138183874676179,5.878260991874157,1,1,A71EV2A-x7433a
smina_fragment_crossdock,"CSc1ncnc(N2CCC[C@@H]2Cc2ccnn2C)c1CC(=O)N1CCC[C@H](C(N)=O)C1 |a:11,27|",7.359361237098654,6.031334444119099,1,1,A71EV2A-x7132a
smina_fragment_crossdock,"CSc1ncnc(N2CCC[C@@H]2Cn2cccn2)c1CC(=O)N1CCC[C@H](C(N)=O)C1 |a:11,26|",6.189334160880994,5.4923558039059825,1,1,A71EV2A-x7127a
smina_fragment_crossdock,"CSc1ncnc(N2CCC[C@@H]2c2ccccc2)c1CC(=O)N1CCC[C@H](C(N)=O)C1 |a:11,26|",7.13169634555566,5.946657696509389,1,1,A71EV2A-x7570a
smina_fragment_crossdock,"CSc1ncnc(N2CCC[C@H](C(F)(F)F)C2)c1CC(=O)N1CCC[C@H](C(N)=O)C1 |a:11,25|",6.211100724659235,5.445282217241374,1,1,A71EV2A-x7246a
smina_fragment_crossdock,"CSc1ncnc(N2CCC[C@H](C)C2)c1CC(=O)N1CCC[C@H](C(N)=O)C1 |a:11,22|",6.173854131618843,5.683853382793071,1,1,A71EV2A-x7250a
smina_fragment_crossdock,"CSc1ncnc(N2CCC[C@H]2C(C)C)c1CC(=O)N1CCC[C@H](C(N)=O)C1 |a:11,23|",5.331449457260316,5.339575553695701,2,2,A71EV2A-x7491a; A71EV2A-x7491b
smina_fragment_crossdock,CSc1ncnc(N2CCC[C@H]2C(N)=O)c1CC(=O)N1CCC[C@H](C(N)=O)C1 |&1:11|,7.714442690992226,5.628599459361459,1,1,A71EV2A-x6832a
smina_fragment_crossdock,"CSc1ncnc(N2CCC[C@H]2C)c1CC(=O)N1CCC[C@H](C(N)=O)C1 |a:11,21|",5.244486511545811,5.492201872837786,2,2,A71EV2A-x7501a; A71EV2A-x7501b
smina_fragment_crossdock,"CSc1ncnc(N2CCC[C@H]2C2CC2)c1CC(=O)N1CCC[C@H](C(N)=O)C1 |a:11,23|",5.262032975642954,5.404681065491878,2,2,A71EV2A-x7475a; A71EV2A-x7475b
smina_fragment_crossdock,"CSc1ncnc(N2CCC[C@H]2CC(C)C)c1CC(=O)N1CCC[C@H](C(N)=O)C1 |a:11,24|",5.823789680118151,5.439484147005979,1,1,A71EV2A-x7257a
smina_fragment_crossdock,"CSc1ncnc(N2CCC[C@H]2Cc2ccnn2C)c1CC(=O)N1CCC[C@H](C(N)=O)C1 |a:11,27|",5.214011302839139,6.040760889533407,1,1,A71EV2A-x7247a
smina_fragment_crossdock,CSc1ncnc(N2CCN(c3ccccn3)CC2)c1CC(=O)N1CCC[C@H](C(N)=O)C1 |a:27|,6.486226948852135,5.842651604764742,1,1,A71EV2A-x6802a
smina_fragment_crossdock,"CSc1ncnc(N2CC[C@@H](OC(F)F)C2)c1CC(=O)N1CCC[C@H](C(N)=O)C1 |a:10,24|",6.048106607275539,5.8990929964367265,1,1,A71EV2A-x7025a
smina_fragment_crossdock,"CSc1ncnc(N2CC[C@@H](OC3CC3)C2)c1CC(=O)N1CCC[C@H](C(N)=O)C1 |a:10,24|",7.159468716081884,5.6674560590047305,1,1,A71EV2A-x7316a
smina_fragment_crossdock,"CSc1ncnc(N2CC[C@H](C(=O)N(C)C)C2)c1CC(=O)N1CCC[C@H](C(N)=O)C1 |a:10,25|",5.974361680056222,5.671678168303829,1,1,A71EV2A-x7427a
smina_fragment_crossdock,"CSc1ncnc(N2CC[C@H](C(=O)N3CCC(C)CC3)C2)c1CC(=O)N1CCC[C@H](C(N)=O)C1 |a:10,29|",6.08170819903569,6.540611718221192,1,1,A71EV2A-x7190a
smina_fragment_crossdock,"CSc1ncnc(N2CC[C@H](C)C2)c1CC(=O)N1CCC[C@H](C(N)=O)C1 |a:10,21|",6.293489458676176,5.487147802765341,2,2,A71EV2A-x7026a; A71EV2A-x7026b
smina_fragment_crossdock,"CSc1ncnc(N2CC[C@H](OC(F)F)C2)c1CC(=O)N1CCC[C@H](C(N)=O)C1 |a:10,24|",6.925751444530095,5.815633037270855,1,1,A71EV2A-x7031a
smina_fragment_crossdock,"CSc1ncnc(N2CC[C@H](SC)C2)c1CC(=O)N1CCC[C@H](C(N)=O)C1 |a:10,22|",6.9071041930964325,5.371688506541799,1,1,A71EV2A-x7093a
smina_fragment_crossdock,"CSc1ncnc(N2CC[C@H]2C)c1CC(=O)N1CCC[C@H](C(N)=O)C1 |a:10,20|",6.695497686202032,5.328118684191375,1,1,A71EV2A-x7339a
smina_fragment_crossdock,CSc1ncnc(N2CCc3ccccc3CC2)c1CC(=O)N1CCC[C@H](C(N)=O)C1 |a:26|,6.483018872150272,5.967020577816503,1,1,A71EV2A-x7015a
smina_fragment_crossdock,CSc1ncnc(N2CCc3ccsc3C2)c1CC(=O)N1CCC[C@H](C(N)=O)C1 |a:24|,5.794648268341138,5.628907321497851,1,1,A71EV2A-x5666a
smina_fragment_crossdock,CSc1ncnc(N2CCc3cnc(C(C)C)nc3C2)c1CC(=O)N1CCC[C@H](C(N)=O)C1 |a:28|,5.912659591908459,5.918774183013255,1,1,A71EV2A-x7151a
smina_fragment_crossdock,CSc1ncnc(N2CCn3nc4c(c3C2)CCC4)c1CC(=O)N1CCC[C@H](C(N)=O)C1 |a:27|,5.601864484742403,5.909157156276419,2,2,A71EV2A-x7043a; A71EV2A-x7043b
smina_fragment_crossdock,CSc1ncnc(N2CCn3ncc(C#N)c3C2)c1CC(=O)N1CCC[C@H](C(N)=O)C1 |a:26|,6.13113891891355,5.856842583242269,1,1,A71EV2A-x7130a
smina_fragment_crossdock,"CSc1ncnc(N2C[C@H]3C[C@H]3C2)c1CC(=O)N1CCC[C@H](C(N)=O)C1 |&1:9,&2:11|",6.558486174447746,5.472144410316776,3,3,A71EV2A-x7317a; A71EV2A-x7317b; A71EV2A-x7372a
smina_fragment_crossdock,CSc1ncnc(N2Cc3ccccc3C2)c1CC(=O)N1CCC[C@H](C(N)=O)C1 |a:24|,6.006913143117045,6.281714321616714,1,1,A71EV2A-x6808a
smina_fragment_crossdock,CSc1ncnc(SC)c1CC(=O)N1CCC[C@H](C(N)=O)C1 |a:17|,5.699017277769941,4.874322565097755,1,1,A71EV2A-x5581a
smina_fragment_crossdock,CSc1ncncc1CC(=O)N1CCC[C@H](C(N)=O)C1 |a:15|,5.186217598084144,5.243405286327333,2,2,A71EV2A-x5039a; A71EV2A-x5039b
smina_fragment_crossdock,C[C@H](C(=O)N1CCC[C@H](C(N)=O)C1)c1cn(C)nc1C(F)(F)F |&1:1|,4.462842099070634,5.638528013260121,2,2,A71EV2A-x4510a; A71EV2A-x4571a
smina_fragment_crossdock,C[C@H](C(=O)N1CCC[C@H](C(N)=O)C1)c1nc(F)ccc1Cl |&1:1|,4.277445359017488,5.484556629784034,2,2,A71EV2A-x4895a; A71EV2A-x4895b
smina_fragment_crossdock,C[C@H](Cc1cocn1)NC(=O)c1nn(C)c2ccccc12 |&1:1|,4.9657785438458255,5.004434633003411,2,2,A71EV2A-x3379a; A71EV2A-x3593a
smina_fragment_crossdock,"C[C@H](c1ccc(Cl)c(Br)c1)N1C[C@H](C(N)=O)CCC1=O |&1:1,&2:12|",4.041436116778033,4.97271383787867,1,1,A71EV2A-x5556a
smina_fragment_crossdock,"C[C@H](c1ccc2[nH]ncc2c1)N1C[C@H](C(N)=O)CCC1=O |&1:1,&2:13|",4.180071698767357,5.638443717675157,1,1,A71EV2A-x5744a
smina_fragment_crossdock,"C[C@H](c1cccc(Cl)c1F)N1C[C@H](C(N)=O)CCC1=O |&1:1,&2:12|",4.632644078973981,5.672213262017083,1,1,A71EV2A-x5673a
smina_fragment_crossdock,"C[C@H]1CC(=O)N(Cc2ccc3cnn(C)c3c2)C[C@@H]1C(N)=O |o1:1,18|",4.76433957251824,4.639504385589701,2,2,A71EV2A-x5777a; A71EV2A-x5777b
smina_fragment_crossdock,"C[C@H]1CC(=O)N(Cc2ccc3cnn(C)c3c2)C[C@H]1C(N)=O |o1:1,18|",4.207870191519494,4.642128543799905,1,1,A71EV2A-x5766a
smina_fragment_crossdock,Cc1cc(C)c(CC(=O)N2CCC[C@H](C(N)=O)C2)c(=O)[nH]1 |a:13|,4.306273051076353,5.478707249192575,1,1,A71EV2A-x4291a
smina_fragment_crossdock,Cc1cc(C)c(Nc2ccn(C)n2)c(C)c1,5.3072486987698415,4.496890915931243,1,1,A71EV2A-x3279a
smina_fragment_crossdock,Cc1cc(C)c(Nc2ccn(C3COC3)n2)c(C)c1,5.016824927962187,5.08007709292017,1,1,A71EV2A-x3234a
smina_fragment_crossdock,Cc1cc(CNC(=O)c2cn(C)c3ccccc23)on1,4.953569528330592,5.295433987377689,1,1,A71EV2A-x3175a
smina_fragment_crossdock,Cc1cc2sccc2c(Cl)c1OC(=O)N1CCC[C@H](C(N)=O)C1 |a:18|,4.215114698485657,5.539619971893119,1,1,A71EV2A-x5482a
smina_fragment_crossdock,Cc1ccc(CC(=O)N2CCC[C@H](C(N)=O)C2)s1 |&1:12|,4.633044431676764,4.888781090431909,2,2,A71EV2A-x5424a; A71EV2A-x5424b
smina_fragment_crossdock,Cc1ccc2c(C(=O)NCCc3cocn3)c[nH]c2c1,5.10808214227103,5.416775649421589,1,1,A71EV2A-x3568a
smina_fragment_crossdock,Cc1ccc2c(c1OC(=O)N1CCC[C@H](C(N)=O)C1)CCC2 |a:14|,4.479326279665005,6.119727527518119,2,2,A71EV2A-x5599a; A71EV2A-x5599b
smina_fragment_crossdock,Cc1ccc2c(cnn2C)c1Nc1ccn([C@H]2CCNC2=O)n1 |&1:16|,4.937001727490601,5.101986614960113,1,1,A71EV2A-x3305a
smina_fragment_crossdock,Cc1ccc2ccccc2c1N1C[C@H](C(N)=O)CCC1=O |&1:13|,3.942576835487996,5.506686053349973,1,1,A71EV2A-x5572a
smina_fragment_crossdock,Cc1ccc2cccnc2c1OC(=O)N1CCC[C@H](C(N)=O)C1 |a:18|,4.597502408486665,6.174101844845753,1,1,A71EV2A-x5479a
smina_fragment_crossdock,Cc1cccc(CC(=O)N2CCC[C@H](C(N)=O)C2)c1 |&1:13|,4.290127690297292,5.537512582269002,2,2,A71EV2A-x4020a; A71EV2A-x4020b
smina_fragment_crossdock,Cc1cccc(CNC(=O)N2CCC[C@H](C(N)=O)C2)c1 |a:14|,4.967584368389079,5.889446649496424,2,2,A71EV2A-x3706a; A71EV2A-x3706b
smina_fragment_crossdock,Cc1cccc(N(CC(=O)N2CCCCC2)C(=O)N2CCC[C@H](C(N)=O)C2)c1 |a:22|,4.627087997029894,5.49355060219722,1,1,A71EV2A-x3908a
smina_fragment_crossdock,Cc1cccc(N2CCCN(CCC(N)=O)C2=O)c1,4.911546516921495,5.269236385580848,1,1,A71EV2A-x4402a
smina_fragment_crossdock,Cc1cccc(NC(=O)N2CCC[C@H](C(N)=O)C2)c1 |a:13|,4.246416941107094,5.5798179708449585,1,1,A71EV2A-x3054a
smina_fragment_crossdock,Cc1ccccc1CNC(=O)N1CCC[C@H](C(N)=O)C1 |a:15|,4.978810700930062,5.534382650549011,2,2,A71EV2A-x3616a; A71EV2A-x3616b
smina_fragment_crossdock,Cc1ccccc1NC(=O)N1CCC[C@H](C(N)=O)C1 |a:14|,4.386163320168128,5.542390731120652,1,1,A71EV2A-x3510a
smina_fragment_crossdock,Cc1ccccc1NC(=O)c1ccc(C)c(C(N)=O)c1,4.804100347590766,5.83239686360252,1,1,A71EV2A-x3867a
smina_fragment_crossdock,Cc1ccccc1NC(=O)c1cncc(C(N)=O)c1,4.632644078973981,5.277424052398719,1,1,A71EV2A-x3564a
smina_fragment_crossdock,Cc1cnc(CNS(=O)(=O)C[C@H](C)c2ccccc2)o1 |&1:11|,4.8184062698439085,5.085391379798376,1,1,A71EV2A-x3623a
smina_fragment_crossdock,Cc1nc(C)c(CC(=O)N2CCC[C@H](C(N)=O)C2)[nH]1 |a:13|,5.409458546594426,5.172164521955902,1,1,A71EV2A-x3221a
smina_fragment_crossdock,Cc1nc2ccccc2n1CC(=O)N1CCC[C@H](C(N)=O)C1 |&1:17|,4.137777547252243,5.8866025897602245,1,1,A71EV2A-x3225a
smina_fragment_crossdock,Cc1nc2n(c1CC(=O)N1CCC[C@H](C(N)=O)C1)CCCC2 |&1:13|,5.221581099702723,5.646741335256025,1,1,A71EV2A-x3489a
smina_fragment_crossdock,Cc1ncnc(C)c1CC(=O)N1CCC[C@H](C(N)=O)C1 |a:15|,3.654064344980796,5.313729794340452,1,1,A71EV2A-x4464a
smina_fragment_crossdock,Cc1nn(C)c(C)c1CC(=O)N[C@H](CNC(=O)CCl)c1ccc2ccccc2c1 |&1:12|,4.660785023463071,5.074147081769179,1,1,A71EV2A-x1346a
smina_fragment_crossdock,Cc1nn(C)c2cc(C(=O)NCCc3cocn3)ccc12,4.945173530861923,5.11801743620513,1,1,A71EV2A-x3410a
smina_fragment_crossdock,Cc1ocnc1CCNC(=O)c1nn(C)c2ccccc12,5.09799710864927,5.41992757129418,1,1,A71EV2A-x3286a
smina_fragment_crossdock,"Cc1sc([C@H](C)N2C[C@H](C(N)=O)CCC2=O)nc1-c1ccco1 |&1:4,&2:8|",4.604279969816917,6.139122842110855,1,1,A71EV2A-x6730a
smina_fragment_crossdock,"Cn1cc(CC(=O)N2C[C@H](C(N)=O)C[C@@H]3C[C@@H]32)cn1 |&1:9,14,16|",4.608000737058194,5.105109216629238,1,1,A71EV2A-x4992a
smina_fragment_crossdock,Cn1cc(NS(=O)(=O)N2CCC[C@H](C(N)=O)C2)cn1 |a:12|,5.738140147629213,5.075407850518215,2,2,A71EV2A-x5090a; A71EV2A-x5150a
smina_fragment_crossdock,Cn1cc2c(CC(=O)N3CCC[C@H](C(N)=O)C3)cccc2n1 |o1:12|,4.405607449624573,5.9807570931403085,1,1,A71EV2A-x3914a
smina_fragment_crossdock,Cn1cc2c(CC(=O)N3CC[C@H](C(N)=O)C3)cccc2n1 |&1:11|,4.410050398674293,5.738388961239767,1,1,A71EV2A-x3556a
smina_fragment_crossdock,Cn1cc2c(n1)CCC[C@H]2C(=O)N1CCC[C@H](C(N)=O)C1 |&1:9|,3.749590923528832,5.652334164067158,1,1,A71EV2A-x4608a
smina_fragment_crossdock,Cn1cc2cccc(NC(=O)Cc3cocn3)c2n1,4.662403924407542,5.442276896386113,1,1,A71EV2A-x3403a
smina_fragment_crossdock,"Cn1ccnc1[C@H](c1ccccc1)N1C[C@H](C(N)=O)CC1=O |&1:6,&2:15|",4.649751981665837,4.5515804254461365,1,1,A71EV2A-x5106a
smina_fragment_crossdock,Cn1cnc(CCNC(=O)c2nn(C)c3ccccc23)c1,5.2372107018718905,4.889231888560198,1,1,A71EV2A-x3371a
smina_fragment_crossdock,Cn1cnc2c(NC(=O)N3CCC[C@H](C(N)=O)C3)cccc21 |a:13|,5.398637148380375,5.955248516124917,2,2,A71EV2A-x4447a; A71EV2A-x4447b
smina_fragment_crossdock,Cn1nc(C(=O)N2Cc3ccccc3C[C@H]2CN)c2ccccc21 |&1:15|,5.041436116778033,5.401631764331417,1,1,A71EV2A-x2293a
smina_fragment_crossdock,Cn1nc(C(=O)NC2CC2)c2cc(F)ccc21,4.887413111043684,4.559269648805086,1,1,A71EV2A-x2339a
smina_fragment_crossdock,Cn1nc(C(=O)NCC(F)(F)c2ccccn2)c2ccccc21,5.168134464700943,5.419062625291934,1,1,A71EV2A-x3280a
smina_fragment_crossdock,Cn1nc(C(=O)NCCc2ccc(S(C)(=O)=O)cc2)c2ccccc21,4.84887783952492,5.5864223466756675,1,1,A71EV2A-x3324a
smina_fragment_crossdock,Cn1nc(C(=O)NCCc2cocn2)c2ccccc2c1=O,5.170374765613669,5.0389555075591534,1,1,A71EV2A-x3419a
smina_fragment_crossdock,Cn1nc(C(=O)NCCc2cocn2)c2cccnc21,4.981705511622298,5.233978840913025,1,1,A71EV2A-x3264a
smina_fragment_crossdock,Cn1nc(C(=O)NCCc2cscn2)c2ccccc21,5.337951414156192,4.845859977583168,1,1,A71EV2A-x3306a
smina_fragment_crossdock,Cn1nc(C(=O)NCCn2cncn2)c2ccccc21,4.939565029910406,4.437521168938096,2,2,A71EV2A-x3181a; A71EV2A-x3181b
smina_fragment_crossdock,Cn1nc(C(=O)N[C@H]2CCOC2)c2ccccc21 |&1:7|,5.062339877849264,4.932589139435495,1,1,A71EV2A-x3178a
smina_fragment_crossdock,"Cn1nc(C(=O)N[C@H]2C[C@H]2CO)c2ccccc21 |&1:7,9|",4.895875462550428,4.714798668090301,1,1,A71EV2A-x3177a
smina_fragment_crossdock,Cn1nc(C(=O)Nc2cn[nH]c2)c2ccccc21,4.7783685062706525,4.952497557588886,1,1,A71EV2A-x2304a
smina_fragment_crossdock,Cn1nc(C(N)=O)c2cc(F)ccc21,5.050703769890054,4.684254346129632,1,1,A71EV2A-x2351a
smina_fragment_crossdock,Cn1nc(CC(=O)N2CC(C(N)=O)C2)c2ccccc21,4.610833915635467,4.868553815065826,1,1,A71EV2A-x4994a
smina_fragment_crossdock,Cn1nc(CN2C[C@H](C(N)=O)CCC2=O)c2ccccc21 |&1:7|,5.116903441948165,5.054832397735973,1,1,A71EV2A-x4547a
smina_fragment_crossdock,Cn1ncc(-c2cc(Cl)cc(Cl)c2)c1CC(=O)N1CCC[C@H](C(N)=O)C1 |&1:21|,4.958377726777354,6.211998207825514,1,1,A71EV2A-x3606a
smina_fragment_crossdock,Cn1ncc(C(=O)NCCc2cocn2)n1,5.545714601514328,3.699696573844232,1,1,A71EV2A-x3436a
smina_fragment_crossdock,Cn1ncc2ccc(CN3C[C@H](C(N)=O)CC(C)(C)C3=O)cc21 |&1:11|,4.005682847330363,4.989085506488978,2,2,A71EV2A-x5721a; A71EV2A-x5721b
smina_fragment_crossdock,Cn1ncc2ccc(CN3C[C@H](C(N)=O)CCC3=O)cc21 |o1:11|,4.026655009457717,4.413841439613895,1,1,A71EV2A-x4974a
smina_fragment_crossdock,N#CC1CC(NC(=O)C2(c3ccc(Cl)cc3Cl)CCOCC2)C1,4.726469830785563,4.7052915921164615,1,1,A71EV2A-x3521a
smina_fragment_crossdock,N#CCc1cccc(NC(=O)N2CCC[C@H](C(N)=O)C2)c1 |a:15|,5.356959172517914,5.251776204416866,1,1,A71EV2A-x3480a
smina_fragment_crossdock,N#CCc1ccccc1CC(=O)N1CCC[C@H](C(N)=O)C1 |a:16|,5.101757238648579,5.553176900970694,2,2,A71EV2A-x4321a; A71EV2A-x4321b
smina_fragment_crossdock,N#Cc1ccc(Br)cc1OC(=O)N1CCC[C@H](C(N)=O)C1 |a:16|,4.421371068072836,5.28646933516797,1,1,A71EV2A-x5559a
smina_fragment_crossdock,N#Cc1cccc(CC(=O)N2CCC[C@H](C(N)=O)C2)n1 |a:14|,4.625197671079573,5.288551069614053,2,2,A71EV2A-x5082a; A71EV2A-x5082b
smina_fragment_crossdock,N#Cc1cccc(NC(=O)N2CCC[C@H](C(N)=O)C2)c1 |a:14|,5.189128446912704,5.25227831290122,2,2,A71EV2A-x3509a; A71EV2A-x3509b
smina_fragment_crossdock,N#Cc1ccncc1OC(=O)N1CCC[C@H](C(N)=O)C1 |a:15|,4.504331180271011,5.1149827951464015,2,2,A71EV2A-x5594a; A71EV2A-x5594b
smina_fragment_crossdock,N#Cc1nccc(CC(=O)N2CCC[C@H](C(N)=O)C2)n1 |a:14|,4.006352818021342,5.308672059242573,1,1,A71EV2A-x5448a
smina_fragment_crossdock,N#Cc1ncncc1CC(=O)N1CCC[C@H](C(N)=O)C1 |a:15|,4.424812155072339,5.371439284812339,1,1,A71EV2A-x5212a
smina_fragment_crossdock,N#Cc1sccc1CC(=O)N1CCC[C@H](C(N)=O)C1 |a:14|,5.008444067750377,5.024141474757974,1,1,A71EV2A-x3450a
smina_fragment_crossdock,NC(=O)CC1CCN(C(=O)c2cccc(F)c2)CC1,4.597746280949512,6.052584261581057,2,2,A71EV2A-x5409a; A71EV2A-x5409b
smina_fragment_crossdock,NC(=O)C[C@H]1CCCN(c2ncnc3ccccc23)C1 |&1:4|,4.959254335737151,5.75948484763353,1,1,A71EV2A-x4351a
smina_fragment_crossdock,NC(=O)[C@H]1CC(=O)N(Cc2cccc3c2OCC3)C1 |&1:3|,5.0762380391713,5.3066123149490885,1,1,A71EV2A-x4312a
smina_fragment_crossdock,"NC(=O)[C@H]1CCC(=O)N(C[C@H]2CCOc3ccccc32)C1 |&1:3,&2:10|",4.620443689892642,5.376174497672093,1,1,A71EV2A-x4409a
smina_fragment_crossdock,NC(=O)[C@H]1CCC(=O)N(Cc2cc(F)cnc2C(F)(F)F)C1 |&1:3|,4.315546325758652,5.507734250623881,2,2,A71EV2A-x5635a; A71EV2A-x5635b
smina_fragment_crossdock,NC(=O)[C@H]1CCC(=O)N(Cc2ccc3cc[nH]c3c2)C1 |&1:3|,4.611743840379951,5.456515520194273,2,2,A71EV2A-x4596a; A71EV2A-x4596b
smina_fragment_crossdock,NC(=O)[C@H]1CCC(=O)N(Cc2cccc(F)c2)C1 |&1:3|,4.255233465290414,5.64165427995468,1,1,A71EV2A-x4924a
smina_fragment_crossdock,NC(=O)[C@H]1CCC(=O)N(Cc2ccsc2)C1 |&1:3|,3.774068781319247,4.546793902230317,2,2,A71EV2A-x5608a; A71EV2A-x5608b
smina_fragment_crossdock,NC(=O)[C@H]1CCC(=O)N([C@@H]2CCCc3ccccc32)C1 |o1:3|,4.5934598195660445,5.567804017474779,1,1,A71EV2A-x5052a
smina_fragment_crossdock,"NC(=O)[C@H]1CCC(=O)N([C@H](CC(F)(F)F)c2cc(Cl)cc(Cl)c2)C1 |&1:3,&2:9|",4.327996747928408,5.698146981982729,1,1,A71EV2A-x5665a
smina_fragment_crossdock,NC(=O)[C@H]1CCC(=O)N([C@H]2CCCc3ccccc32)C1 |o1:3|,4.631937259138866,5.527397112073245,2,2,A71EV2A-x5210a; A71EV2A-x5210b
smina_fragment_crossdock,NC(=O)[C@H]1CCC(=O)N(c2cc3cnccc3c(F)c2F)C1 |&1:3|,4.801706220928761,5.979041861237549,1,1,A71EV2A-x6714a
smina_fragment_crossdock,NC(=O)[C@H]1CCCN(C(=O)C(c2ccccc2)c2ccccc2)C1 |a:3|,5.179858685151659,5.83760119971773,1,1,A71EV2A-x3982a
smina_fragment_crossdock,NC(=O)[C@H]1CCCN(C(=O)C2(O)CCSCC2)C1 |a:3|,4.388276691992658,5.228642563882219,1,1,A71EV2A-x4708a
smina_fragment_crossdock,NC(=O)[C@H]1CCCN(C(=O)C2(c3ccoc3)CCC2)C1 |a:3|,4.618930913825583,5.517233996546854,2,2,A71EV2A-x4514a; A71EV2A-x4575a
smina_fragment_crossdock,NC(=O)[C@H]1CCCN(C(=O)C2CCSCC2)C1 |a:3|,4.603800652904264,5.112402617241397,1,1,A71EV2A-x4706a
smina_fragment_crossdock,NC(=O)[C@H]1CCCN(C(=O)CC2CSC2)C1 |a:3|,4.607306606035202,4.673098008710832,1,1,A71EV2A-x4707a
smina_fragment_crossdock,NC(=O)[C@H]1CCCN(C(=O)Cc2cc(C(F)(F)F)ccc2C(F)(F)F)C1 |a:3|,3.806800765395556,5.944238779723448,1,1,A71EV2A-x4381a
smina_fragment_crossdock,NC(=O)[C@H]1CCCN(C(=O)Cc2cc(C(F)(F)F)ccc2Cl)C1 |&1:3|,4.906948150425689,5.89665941954905,1,1,A71EV2A-x3208a
smina_fragment_crossdock,NC(=O)[C@H]1CCCN(C(=O)Cc2cc3c(cc2Cl)OCCO3)C1 |a:3|,4.037176387439713,5.825176763499027,2,2,A71EV2A-x4669a; A71EV2A-x4669b
smina_fragment_crossdock,NC(=O)[C@H]1CCCN(C(=O)Cc2ccc3c(c2)CCC(=O)N3)C1 |a:3|,4.349692476868063,5.850120926597697,1,1,A71EV2A-x4320a
smina_fragment_crossdock,NC(=O)[C@H]1CCCN(C(=O)Cc2cccc(Cl)c2Cl)C1 |a:3|,4.065026720650614,5.151222566630336,1,1,A71EV2A-x4336a
smina_fragment_crossdock,NC(=O)[C@H]1CCCN(C(=O)Cc2cccc3c2CCC3)C1 |a:3|,3.9502403164313615,5.851374365295866,1,1,A71EV2A-x4344a
smina_fragment_crossdock,NC(=O)[C@H]1CCCN(C(=O)Cc2cccc3c2SCC3)C1 |a:3|,3.551812748385584,5.805444266566432,1,1,A71EV2A-x5151a
smina_fragment_crossdock,NC(=O)[C@H]1CCCN(C(=O)Cc2cccc3cn[nH]c23)C1 |&1:3|,5.011185771310347,5.808970021033214,1,1,A71EV2A-x3210a
smina_fragment_crossdock,NC(=O)[C@H]1CCCN(C(=O)Cc2cccc3ncsc23)C1 |a:3|,3.9648133085158968,5.562650991715635,1,1,A71EV2A-x5221a
smina_fragment_crossdock,NC(=O)[C@H]1CCCN(C(=O)Cc2cccc3nsnc23)C1 |a:3|,4.492392502728005,5.418366270459617,1,1,A71EV2A-x4463a
smina_fragment_crossdock,NC(=O)[C@H]1CCCN(C(=O)Cc2cccc3occc23)C1 |&1:3|,3.960269771303526,5.494987292167052,1,1,A71EV2A-x3191a
smina_fragment_crossdock,NC(=O)[C@H]1CCCN(C(=O)Cc2cccc3sccc23)C1 |a:3|,3.9387751065420735,5.498344455463905,1,1,A71EV2A-x4341a
smina_fragment_crossdock,NC(=O)[C@H]1CCCN(C(=O)Cc2ccccc2CO)C1 |a:3|,4.345773777137761,5.238655413365846,2,2,A71EV2A-x4374a; A71EV2A-x4374b
smina_fragment_crossdock,NC(=O)[C@H]1CCCN(C(=O)Cc2ccccc2CS(N)(=O)=O)C1 |a:3|,4.135380979941972,5.767291351806343,1,1,A71EV2A-x4403a
smina_fragment_crossdock,NC(=O)[C@H]1CCCN(C(=O)Cc2ccccc2OC(F)F)C1 |a:3|,4.229666366474778,5.428496400757108,1,1,A71EV2A-x4319a
smina_fragment_crossdock,NC(=O)[C@H]1CCCN(C(=O)Cc2cccnc2Cl)C1 |a:3|,3.43690985073048,5.046589755536604,2,2,A71EV2A-x5079a; A71EV2A-x5079b
smina_fragment_crossdock,NC(=O)[C@H]1CCCN(C(=O)Cc2cccnc2O)C1 |a:3|,5.153756287657022,5.222412020645701,1,1,A71EV2A-x4372a
smina_fragment_crossdock,NC(=O)[C@H]1CCCN(C(=O)Cc2ccnc(Cl)c2Br)C1 |&1:3|,4.162204305054052,5.198955857872929,1,1,A71EV2A-x3193a
smina_fragment_crossdock,NC(=O)[C@H]1CCCN(C(=O)Cc2ccnc(Cl)n2)C1 |a:3|,4.653647025549361,5.1336817549068225,2,2,A71EV2A-x5213a; A71EV2A-x5213b
smina_fragment_crossdock,NC(=O)[C@H]1CCCN(C(=O)Cc2ccncc2Cl)C1 |a:3|,5.18523404082538,5.101788703586718,1,1,A71EV2A-x4461a
smina_fragment_crossdock,NC(=O)[C@H]1CCCN(C(=O)Cc2ccsc2)C1 |&1:3|,4.589713631215067,4.811262137493329,2,2,A71EV2A-x5425a; A71EV2A-x5425b
smina_fragment_crossdock,NC(=O)[C@H]1CCCN(C(=O)Cc2cncnc2Cl)C1 |a:3|,4.037630664329979,5.1430532249396315,2,2,A71EV2A-x5081a; A71EV2A-x5081b
smina_fragment_crossdock,NC(=O)[C@H]1CCCN(C(=O)Cc2ncc3ccc(Br)cn23)C1 |a:3|,4.424218724311264,5.995620603784836,4,4,A71EV2A-x4519a; A71EV2A-x4519b; A71EV2A-x4580a; A71EV2A-x4580b
smina_fragment_crossdock,NC(=O)[C@H]1CCCN(C(=O)Cc2ncncc2Cl)C1 |a:3|,4.03673794170959,5.152454015175907,2,2,A71EV2A-x4979a; A71EV2A-x4979b
smina_fragment_crossdock,NC(=O)[C@H]1CCCN(C(=O)Cn2cc(Br)cc(Cl)c2=O)C1 |a:3|,3.7253509633996433,5.5769812411596265,1,1,A71EV2A-x4540a
smina_fragment_crossdock,NC(=O)[C@H]1CCCN(C(=O)NCC2CC2)C1 |a:3|,5.064884396650843,4.863965203223403,1,1,A71EV2A-x3417a
smina_fragment_crossdock,NC(=O)[C@H]1CCCN(C(=O)Nc2cc3c(cc2Cl)OCO3)C1 |a:3|,4.6271423700874985,5.812165923211004,1,1,A71EV2A-x4308a
smina_fragment_crossdock,NC(=O)[C@H]1CCCN(C(=O)Nc2cccc3c2S(=O)(=O)CCC3)C1 |a:3|,4.616184634019569,6.172005450297936,1,1,A71EV2A-x4654a
smina_fragment_crossdock,NC(=O)[C@H]1CCCN(C(=O)Nc2cccc3c2SCCC3)C1 |a:3|,4.5141394746468695,6.181984092877521,3,3,A71EV2A-x4674a; A71EV2A-x4674b; A71EV2A-x4674c
smina_fragment_crossdock,NC(=O)[C@H]1CCCN(C(=O)Nc2ccccc2F)C1 |a:3|,4.851286884122841,5.304772472181599,1,1,A71EV2A-x3612a
smina_fragment_crossdock,NC(=O)[C@H]1CCCN(C(=O)Nc2ccccc2OCC(F)(F)F)C1 |a:3|,5.15661038833037,5.874046212625925,1,1,A71EV2A-x4306a
smina_fragment_crossdock,NC(=O)[C@H]1CCCN(C(=O)Nc2ccccc2SC(F)F)C1 |a:3|,4.325140144305149,5.210251466258192,1,1,A71EV2A-x4656a
smina_fragment_crossdock,NC(=O)[C@H]1CCCN(C(=O)OC2CCCCC2)C1 |a:3|,4.042264201974706,5.071434962948577,1,1,A71EV2A-x5351a
smina_fragment_crossdock,NC(=O)[C@H]1CCCN(C(=O)[C@H](CN2CCCC2)c2ccccc2)C1 |&1:10|,5.024630533433036,5.340792342139538,1,1,A71EV2A-x3975a
smina_fragment_crossdock,NC(=O)[C@H]1CCCN(C(=O)[C@H](Cc2ccc(F)cc2)c2ccccc2)C1 |&1:10|,5.478592246479633,6.132031017897525,4,4,A71EV2A-x4237a; A71EV2A-x4237b; A71EV2A-x4237c; A71EV2A-x4237d
smina_fragment_crossdock,NC(=O)[C@H]1CCCN(C(=O)[C@H](OCC2CCCC2)c2ccccc2)C1 |&1:10|,5.567003508658591,5.663922974487081,1,1,A71EV2A-x3968a
smina_fragment_crossdock,NC(=O)[C@H]1CCCN(C(=O)[C@H](Sc2ccccc2)c2ccccc2)C1 |&1:10|,5.135488918941608,5.541236248109181,2,2,A71EV2A-x3986a; A71EV2A-x3986b
smina_fragment_crossdock,NC(=O)[C@H]1CCCN(C(=O)[C@H](c2ccccc2)n2cccn2)C1 |&1:10|,4.869666231504994,5.517945011480903,2,2,A71EV2A-x4451a; A71EV2A-x4451b
smina_fragment_crossdock,"NC(=O)[C@H]1CCCN(C(=O)[C@H]2CCNc3[nH]ncc32)C1 |&1:3,&2:10|",5.556193958463214,5.418410250764817,1,1,A71EV2A-x3218a
smina_fragment_crossdock,NC(=O)[C@H]1CCCN(C(=O)[C@H]2CCOc3ccc(Cl)cc32)C1 |&1:10|,5.28547334915742,5.633363992424678,1,1,A71EV2A-x4260a
smina_fragment_crossdock,NC(=O)[C@H]1CCCN(C(=O)[C@H]2CCSc3ccccc32)C1 |o1:10|,4.826813731587726,5.818004308726165,2,2,A71EV2A-x4943a; A71EV2A-x4943b
smina_fragment_crossdock,"NC(=O)[C@H]1CCCN(C(=O)[C@H]2CC[C@H]2c2ccc(Cl)cc2)C1 |&1:10,&2:13|",4.000869458712629,5.595269718071522,1,1,A71EV2A-x5550a
smina_fragment_crossdock,NC(=O)[C@H]1CCCN(C(=O)[C@H]2CCc3cccc(Br)c32)C1 |&1:10|,4.479401524821051,5.492201872837786,2,2,A71EV2A-x4202a; A71EV2A-x4202b
smina_fragment_crossdock,NC(=O)[C@H]1CCCN(C(=O)[C@H]2CCc3cccc(O)c32)C1 |&1:10|,5.148337017678052,5.996329786206168,2,2,A71EV2A-x4456a; A71EV2A-x4456b
smina_fragment_crossdock,NC(=O)[C@H]1CCCN(C(=O)[C@H]2CCc3snnc32)C1 |&1:10|,4.667561540084395,5.286835837711295,1,1,A71EV2A-x4472a
smina_fragment_crossdock,NC(=O)[C@H]1CCCN(C(=O)[C@H]2SCc3cccnc32)C1 |&1:10|,4.60382166833978,5.5477489983040575,2,2,A71EV2A-x4606a; A71EV2A-x4606b
smina_fragment_crossdock,"NC(=O)[C@H]1CCCN(C(=O)[C@]2(Cc3ccc(F)cc3)CCCCO2)C1 |&1:3,&2:10|",4.609064892896621,5.991319696438922,1,1,A71EV2A-x4416a
smina_fragment_crossdock,NC(=O)[C@H]1CCCN(C(=O)c2ccnc3[nH]ncc23)C1 |&1:3|,4.787812395596042,5.5287421764072455,1,1,A71EV2A-x3223a
smina_fragment_crossdock,NC(=O)[C@H]1CCN(C(=O)Cc2c(Cl)cccc2Cl)C1 |&1:3|,4.7544873321858505,5.174634749097909,1,1,A71EV2A-x5427a
smina_fragment_crossdock,NC(=O)[C@H]1CCN(C(=O)Cc2cc(C(F)(F)F)ccc2Cl)C1 |&1:3|,5.04901488179868,5.597981836892124,1,1,A71EV2A-x3989a
smina_fragment_crossdock,NC(=O)[C@H]1CCN(C(=O)Cn2c(=O)sc3ccc(Cl)cc32)C1 |a:3|,4.001740661576301,5.812953903679151,2,2,A71EV2A-x5824a; A71EV2A-x5824b
smina_fragment_crossdock,NC(=O)[C@H]1CCN(C(=O)Cn2cc(Br)cc(Cl)c2=O)C1 |a:3|,4.024899837282849,5.139171963005824,1,1,A71EV2A-x5779a
smina_fragment_crossdock,NC(=O)[C@H]1CCN(C(=O)[C@H]2CCCN2C(=O)c2cccs2)C1 |&1:9|,5.012334272309165,5.367242830691272,2,2,A71EV2A-x5705a; A71EV2A-x5705b
smina_fragment_crossdock,NC(=O)[C@H]1CCN(C(=O)[C@H]2CCOc3ccc(Cl)cc32)C1 |&1:9|,4.437172628708407,5.749735879981096,1,1,A71EV2A-x5728a
smina_fragment_crossdock,NC(=O)[C@H]1CCN(C(=O)[C@H]2CSc3ccccc32)C1 |&1:9|,4.129009644321656,5.385644923391599,1,1,A71EV2A-x5570a
smina_fragment_crossdock,"NC(=O)[C@H]1CCN(C(=O)[C@H]2SCCc3sccc32)C1 |&1:3,&2:9|",4.430090742898188,5.13028061130477,1,1,A71EV2A-x5431a
smina_fragment_crossdock,"NC(=O)[C@H]1C[C@@H]2C[C@@H]2N(C(=O)Cc2ccccc2Cl)C1 |&1:3,5,7|",4.5796822958876815,5.668211054243979,2,2,A71EV2A-x5802a; A71EV2A-x5802b
smina_fragment_crossdock,"NC(=O)[C@H]1C[C@H]2C[C@H]2N(C(=O)Cc2ccccc2Cl)C1 |&1:3,5,7|",4.476253533188435,5.156954666407932,2,2,A71EV2A-x5798a; A71EV2A-x5798b
smina_fragment_crossdock,NC(=O)[C@]12CN(C(=O)Cc3ccccc3Cl)C[C@@H](C1)C2 |&1:3|,4.0045909104114665,5.97017982973996,1,1,A71EV2A-x5277a
smina_fragment_crossdock,NC(=O)c1ccccc1CC(=O)N1CCC[C@H](C(N)=O)C1 |a:16|,3.660111973943557,5.503211609239256,1,1,A71EV2A-x4840a
smina_fragment_crossdock,O=C(NCCc1cocn1)N1CCc2ccccc21,5.162973800773931,5.713540088802361,1,1,A71EV2A-x3392a
smina_fragment_crossdock,O=C(NCCc1cocn1)c1ccccc1,5.093196163745395,4.408659093651286,1,1,A71EV2A-x3435a
smina_redock,C#C[C@H](NCCc1cocn1)c1nn(C)c2ccccc12 |&1:2|,4.716801953096995,5.348950688753943,1,1,A71EV2A-x4426a
smina_redock,"C#C[C@H]1CCCC[C@@H]1OC(=O)N1CCC[C@H](C(N)=O)C1 |o1:2,7|",4.011869615687259,5.474155287604484,1,1,A71EV2A-x5747a
smina_redock,C#Cc1ccc(C)c(OC(=O)N2CCC[C@H](C(N)=O)C2)c1 |a:15|,3.8964015060220634,5.681419805905397,1,1,A71EV2A-x5466a
smina_redock,C=C(C)c1cccc(SC)c1CC(=O)N1CCC[C@H](C(N)=O)C1 |a:18|,5.435913722030655,5.618608600030431,1,1,A71EV2A-x6027a
smina_redock,C=CS(=O)(=O)N1CCC[C@H](C(N)=O)C1 |&1:9|,5.1938200260161125,4.657602281179068,1,1,A71EV2A-x3408a
smina_redock,C=Cc1cccc(CC(=O)N2CCC[C@H](C(N)=O)C2)n1 |a:14|,5.099072631333438,5.641291442436788,2,2,A71EV2A-x5015a; A71EV2A-x5015b
smina_redock,C=Cc1ccccc1CS(=O)(=O)N1CCC[C@H](C(N)=O)C1 |a:16|,4.5951662833800615,5.780426802959096,1,1,A71EV2A-x5359a
smina_redock,CC(=O)Nc1cccc(NC(N)=O)c1,4.943095148663527,5.30851079812351,1,1,A71EV2A-x2454a
smina_redock,CC(=O)Nc1ccccc1CC(=O)N1CCC[C@H](C(N)=O)C1 |a:17|,4.265200170411153,5.658506066896743,1,1,A71EV2A-x4322a
smina_redock,CC(C)(C)c1ccccc1NC(=O)N1CCC[C@H](C(N)=O)C1 |a:17|,4.916961547867879,5.741313651535497,1,1,A71EV2A-x4311a
smina_redock,CC(C)Oc1ccccc1NC(=O)N1CCC[C@H](C(N)=O)C1 |a:17|,4.877787213913532,5.568170520018103,1,1,A71EV2A-x4305a
smina_redock,"CC(C)[C@H](c1cc(Cl)cc(Br)c1)N1C[C@H](C(N)=O)CCC1=O |&1:3,&2:14|",4.564352412519983,6.2218937764952775,1,1,A71EV2A-x5868a
smina_redock,CCC(=O)N[C@H](C(=O)N1CC[C@H](C(N)=O)C1)c1ccccc1SC |&1:5|,4.556507378095548,5.50023560858746,1,1,A71EV2A-x6853a
smina_redock,CCC1(CC)CCN(c2ncnc(SC)c2CC(=O)N2CCC[C@H](C(N)=O)C2)C1 |a:23|,6.266038858073333,5.722548721317279,1,1,A71EV2A-x6738a
smina_redock,CCC1(CC)CN(c2ncnc(SC)c2CC(=O)N2CCC[C@H](C(N)=O)C2)CCS1(=O)=O |a:22|,6.0703717346625785,5.792726628313069,1,1,A71EV2A-x7169a
smina_redock,CCCSc1cccc(OC)c1NC(=O)N1CCC[C@H](C(N)=O)C1 |a:19|,3.79526753551538,5.604641188104331,2,2,A71EV2A-x5288a; A71EV2A-x5288b
smina_redock,CCN(CC1CC1)C(=O)c1cccc(CC(=O)N2CCC[C@H](C(N)=O)C2)c1 |a:21|,4.908336601699183,5.90621047582809,1,1,A71EV2A-x3944a
smina_redock,CCN(c1ncnc(SC)c1CC(=O)N1CCC[C@H](C(N)=O)C1)C(C)C |a:18|,5.941351132986486,5.398509162662291,1,1,A71EV2A-x7432a
smina_redock,CCOC(=O)N[C@H](C(=O)N1CC[C@H](C(N)=O)C1)c1ccccc1SC |o1:6|,4.606251898190906,5.503820003461175,1,1,A71EV2A-x6844a
smina_redock,"CCS(=O)(=O)N1CCN(c2ncnc(SC)c2CC(=O)N2CCC[C@H](C(N)=O)C2)[C@H](C)C1 |a:24,29|",5.887521899626527,6.210180355210624,1,1,A71EV2A-x7446a
smina_redock,CCS(=O)(=O)c1ccc(OC)c(NC(=O)N2CCC[C@H](C(N)=O)C2)c1 |a:19|,4.09366495819491,5.808922375702581,2,2,A71EV2A-x4309a; A71EV2A-x4309b
smina_redock,"CC[C@@H]1CCCN1c1ncnc(SC)c1CC(=O)N1CCC[C@H](C(N)=O)C1 |a:2,22|",5.359471394334077,5.5416394009068375,2,2,A71EV2A-x7510a; A71EV2A-x7510b
smina_redock,"CC[C@@H]1CS[C@H](C(N)=O)CN1C(=O)Oc1cc(Br)ccc1SC |o1:2,5|",4.170150986564742,5.296364903837733,1,1,A71EV2A-x7321a
smina_redock,"CC[C@H](c1cc(F)cc(Br)c1)N1C[C@H](C(N)=O)CCC1=O |&1:2,&2:13|",4.7121982700697735,6.176088288630572,1,1,A71EV2A-x5699a
smina_redock,"CC[C@H](c1ccc(Cl)c(Cl)c1)N1C[C@H](C(N)=O)CCC1=O |&1:2,&2:13|",4.012372581165862,5.9543029395631395,1,1,A71EV2A-x5676a
smina_redock,"CC[C@H]1CCCN1c1ncnc(SC)c1CC(=O)N1CCC[C@H](C(N)=O)C1 |a:2,22|",7.302627133357621,5.527781939743735,1,1,A71EV2A-x7011a
smina_redock,"CC[C@H]1CS[C@H](C(N)=O)CN1C(=O)Oc1cc(Br)ccc1SC |o1:2,5|",7.112683897314732,5.015983128143569,1,1,A71EV2A-x7613a
smina_redock,CCc1ccsc1CN1C[C@H](C(N)=O)CCC1=O |&1:10|,4.668737062060432,5.363925982674185,1,1,A71EV2A-x4954a
smina_redock,CCn1nccc1C(=O)N[C@H](C(=O)N1CC[C@H](C(N)=O)C1)c1ccccc1SC |&1:10|,4.197688573451602,5.981622039142554,1,1,A71EV2A-x6945a
smina_redock,CN(C)C(=O)[C@@H](c1ccccc1)N1C[C@H](C(N)=O)CC1=O |o1:14|,4.003097753980533,5.570171623904655,1,1,A71EV2A-x5497a
smina_redock,CN(C)S(=O)(=O)c1cccnc1,5.10745472442027,3.248447647426718,2,2,A71EV2A-x2448a; A71EV2A-x2448b
smina_redock,CN1c2ccccc2C[C@H]1C(=O)N1CCC[C@H](C(N)=O)C1 |&1:9|,4.598941671349912,5.796072796533622,2,2,A71EV2A-x4583a; A71EV2A-x4583b
smina_redock,"CNC(=O)[C@@H](c1cccc(C)c1)N1C[C@H](C(N)=O)CC1=O |&1:4,14|",4.596879478824183,5.559132567299719,1,1,A71EV2A-x5317a
smina_redock,"CNC(=O)[C@@H]1CCN1c1ncnc(SC)c1CC(=O)N1CCC[C@H](C(N)=O)C1 |a:4,23|",5.553061207453266,5.697795139541138,1,1,A71EV2A-x7297a
smina_redock,CNC(=O)c1cn(C)c2ccccc12,4.822826736702125,4.6020844759162625,1,1,A71EV2A-x3066a
smina_redock,CNC(=O)c1nn(C)c2ccccc12,5.376184576266073,4.392386380727675,1,1,A71EV2A-x2290a
smina_redock,CNC(=O)c1oc2ccccc2c1CN1C[C@H](C(N)=O)CCC1=O |&1:16|,4.027340564735919,5.578637832655453,1,1,A71EV2A-x5226a
smina_redock,CNS(=O)(=O)c1ccccc1Cl,6.034867358576641,3.262979473269538,1,1,A71EV2A-x2458a
smina_redock,CNc1ncnc(SC)c1CC(=O)N1CCC[C@H](C(N)=O)C1 |a:17|,5.471985787685622,5.265380778825074,1,1,A71EV2A-x6021a
smina_redock,COC(=O)N1CCCN(c2ncnc(SC)c2CC(=O)N2CCC[C@H](C(N)=O)C2)CC1 |a:24|,5.745487997043694,5.858689756060626,1,1,A71EV2A-x7018a
smina_redock,"COC(=O)N[C@H]1CCN(c2ncnc(SC)c2CC(=O)N2CCC[C@H](C(N)=O)C2)C1 |a:5,24|",7.272545074821092,5.556574379547314,1,1,A71EV2A-x7589a
smina_redock,COCC(=O)Nc1c(Cl)cc(C)cc1OCc1ncccn1,4.858392228943246,5.36218143056796,2,2,A71EV2A-x3522a; A71EV2A-x3522b
smina_redock,COCC(=O)Nc1c(Cl)cc(C)cc1Oc1cccc(C(N)=O)c1,4.822657723022635,5.9040114605681415,1,1,A71EV2A-x3488a
smina_redock,"COC[C@@H]1CCCN1c1ncnc(SC)c1CC(=O)N1CCC[C@H](C(N)=O)C1 |a:3,23|",5.028984985837811,5.405018247831737,1,1,A71EV2A-x7161a
smina_redock,"COC[C@@H]1CCN1c1ncnc(SC)c1CC(=O)N1CCC[C@H](C(N)=O)C1 |a:3,22|",5.357972475219064,5.286069847395746,2,2,A71EV2A-x7353a; A71EV2A-x7353b
smina_redock,"COC[C@@]1(C)C[C@H](C(N)=O)CN1C(=O)Cc1cc(Br)ccc1SC |&1:3,6|",5.510062512868513,5.0691259969256315,1,1,A71EV2A-x5398a
smina_redock,COC[C@H](C)NC(=O)c1nn(C)c2ccccc12 |&1:3|,4.747146969020107,4.97480290237562,1,1,A71EV2A-x3176a
smina_redock,"COC[C@H]1CCCN1c1ncnc(SC)c1CC(=O)N1CCC[C@H](C(N)=O)C1 |a:3,23|",7.197280846039433,5.625410887234535,1,1,A71EV2A-x7175a
smina_redock,"COC[C@H]1CC[C@H](C(N)=O)CN1C(=O)Cc1ccccc1SC |o1:3,6|",4.011460574435142,5.347448028326312,1,1,A71EV2A-x5488a
smina_redock,"COC[C@]1(C(=O)N2CCC[C@H](C(N)=O)C2)CCCCO1 |&1:3,&2:10|",6.0,5.401426522907156,1,1,A71EV2A-x3936a
smina_redock,COC[C@]12C[C@@](C(N)=O)(CN1C(=O)Cc1ccccc1OC)C2 |o1:3|,4.028724151261895,5.5186816815929856,2,2,A71EV2A-x4963a; A71EV2A-x4963b
smina_redock,COCc1ccccc1CC(=O)N1CCC[C@H](C(N)=O)C1 |a:16|,4.576757218249551,5.561111681033672,1,1,A71EV2A-x4368a
smina_redock,COCc1ccccc1NC(=O)N1CCC[C@H](C(N)=O)C1 |a:16|,4.816470464384151,5.632396425710302,1,1,A71EV2A-x3483a
smina_redock,"CO[C@@H]1CCCN(c2ncnc(SC)c2CC(=O)N2CCC[C@H](C(N)=O)C2)C1 |a:2,22|",6.170052776781682,5.538982257467734,1,1,A71EV2A-x7238a
smina_redock,CO[C@H](C(=O)N1CCC[C@H](C(N)=O)C1)c1ccccc1C |&1:2|,4.928117992693875,5.481859171065166,1,1,A71EV2A-x3939a
smina_redock,"CO[C@H](C(=O)N1CCC[C@H](C(N)=O)C1)c1cccnc1 |&1:2,&2:9|",4.227015096629662,5.206395859502417,1,1,A71EV2A-x3937a
smina_redock,COc1c(NC(=O)N2CCC[C@H](C(N)=O)C2)cccc1C(F)(F)F |a:11|,5.032452023781138,5.5062682404505825,2,2,A71EV2A-x4310a; A71EV2A-x4310b
smina_redock,COc1cc(Br)c(CC(=O)N2CCC[C@H](C(N)=O)C2)cc1OC |a:14|,3.720229830921272,5.71567313360451,1,1,A71EV2A-x4845a
smina_redock,COc1cc(Cl)ccc1CC(=O)N1CCC[C@H](C(N)=O)C1 |a:16|,4.018634490921456,5.471193947054421,1,1,A71EV2A-x4203a
smina_redock,COc1cc(NC(=O)C[C@H](C)C(F)(F)F)n(C)n1 |&1:9|,4.632048101200719,5.026736312764712,2,2,A71EV2A-x1445a; A71EV2A-x1445b
smina_redock,COc1ccc(C(F)(F)F)cc1CC(=O)N1CCC[C@H](C(N)=O)C1 |a:19|,4.449959375475284,5.747229002584756,1,1,A71EV2A-x4028a
smina_redock,COc1ccc(C(F)(F)F)cc1CC(=O)N1CCS[C@H](C(N)=O)C1 |o1:19|,4.828494707777949,5.681566406922726,1,1,A71EV2A-x4778a
smina_redock,COc1ccc(C(F)(F)F)cc1N(C)C(=O)N1CCC[C@H](C(N)=O)C1 |a:20|,4.561127532480804,5.960115669900267,1,1,A71EV2A-x4843a
smina_redock,COc1ccc(C(F)(F)F)cc1NC(=O)N1CCC[C@H](C(N)=O)C1 |a:19|,4.069229199277436,5.992016051271238,1,1,A71EV2A-x4429a
smina_redock,COc1ccc(CC(=O)N2CCC[C@H](C(N)=O)C2)c(OC)c1 |a:13|,4.635207042042172,5.663530816765723,2,2,A71EV2A-x3557a; A71EV2A-x3557b
smina_redock,COc1ccc(Cl)c2c1C(=O)C(=O)N2,4.628932137728264,4.698276733437229,1,1,A71EV2A-x2513a
smina_redock,COc1ccc(Cl)cc1CC(=O)N1CCC[C@H](C(N)=O)C1 |a:16|,4.727236212379233,5.423893128812952,1,1,A71EV2A-x3940a
smina_redock,COc1ccc(Cl)cc1NS(=O)(=O)N1CCC[C@H](C(N)=O)C1 |a:17|,3.989247537499024,5.649548744737891,1,1,A71EV2A-x5278a
smina_redock,COc1ccc(Cl)cc1OC(=O)N1CCC[C@H](C(N)=O)C1 |a:16|,5.262803072736122,5.926566027084336,4,4,A71EV2A-x4829a; A71EV2A-x4829b; A71EV2A-x4903a; A71EV2A-x4903b
smina_redock,COc1ccc(F)cc1CC(=O)N1CCC[C@H](C(N)=O)C1 |a:16|,4.2094239507757765,5.663981614894013,1,1,A71EV2A-x3546a
smina_redock,COc1ccc2c(n1)[C@H](C(=O)N1CCC[C@H](C(N)=O)C1)CC2 |&1:8|,4.452380443994761,5.586444336828267,1,1,A71EV2A-x3954a
smina_redock,COc1cccc(CN2C[C@H](C(N)=O)CCC2=O)c1 |&1:10|,4.608183969818477,5.73772559163635,2,2,A71EV2A-x5036a; A71EV2A-x5036b
smina_redock,COc1cccc(Cl)c1CC(=O)N1CCC[C@@H](C(N)=O)C1 |a:16|,4.620456050805198,5.3350309221584755,2,2,A71EV2A-x3858a; A71EV2A-x3858b
smina_redock,COc1cccc(Cl)c1CC(=O)N1CCC[C@H](C(N)=O)C1 |a:16|,4.78560502978966,5.877593957245307,1,1,A71EV2A-x3942a
smina_redock,COc1cccc(Cl)c1CC(=O)N1CCC[C@H](C(N)=O)C1 |o1:16|,4.37828501116997,5.70940594011366,1,1,A71EV2A-x4209a
smina_redock,"COc1cccc(Cl)c1CC(=O)N1C[C@H](C(N)=O)C[C@H](C(=O)NC2CC2)C1 |o1:14,19|",4.899323290233971,5.612616283447074,2,2,A71EV2A-x3993a; A71EV2A-x3993b
smina_redock,"COc1cccc(Cl)c1CC(=O)N1C[C@H](C(N)=O)[C@H]2CCC[C@H]21 |&1:14,&2:18,22|",4.819608655063361,6.561539013445025,1,1,A71EV2A-x4239a
smina_redock,COc1cccc(Cl)c1NC(=O)N1CCC[C@H](C(N)=O)C1 |a:16|,4.465918205168407,5.667943507387351,2,2,A71EV2A-x4035a; A71EV2A-x4035b
smina_redock,COc1cccc(Cl)c1NC(=O)N1CC[C@H](C(N)=O)C1 |a:15|,4.612119831707907,5.418828063664206,2,2,A71EV2A-x3992a; A71EV2A-x3992b
smina_redock,COc1cccc(NC(=O)N2CCC[C@H](C(N)=O)C2)c1 |a:14|,4.956109291095229,5.1536268233145455,1,1,A71EV2A-x3485a
smina_redock,COc1cccc(NC(=O)N2CCC[C@H](C(N)=O)C2)c1Cl |a:14|,4.612661045864782,5.638680722653173,3,3,A71EV2A-x4524a; A71EV2A-x4873a; A71EV2A-x4873b
smina_redock,COc1cccc(NC(=O)N2CCC[C@H](C(N)=O)C2)n1 |a:14|,5.072431269429168,5.377699148252322,1,1,A71EV2A-x4298a
smina_redock,COc1cccc(SC(C)C)c1NC(=O)N1CCC[C@H](C(N)=O)C1 |a:19|,5.313218576201494,5.665656531517007,2,2,A71EV2A-x5289a; A71EV2A-x5289b
smina_redock,COc1cccc(SC)c1NC(=O)N1CCC[C@H](C(N)=O)C1 |a:17|,5.161195917717353,5.462287935251634,1,1,A71EV2A-x4554a
smina_redock,"COc1cccc2c1CC[C@H]2N1C[C@H](C(N)=O)CCC1=O |&1:10,&2:13|",4.789637072991269,4.666075819980732,1,1,A71EV2A-x4316a
smina_redock,COc1cccc2c1N(C(=O)N1CCC[C@H](C(N)=O)C1)CCS2 |a:15|,4.29598340377612,6.210319626177087,1,1,A71EV2A-x5389a
smina_redock,COc1ccccc1CC(=O)N(C)CCC(N)=O,4.935542010773082,4.690155037077157,1,1,A71EV2A-x3977a
smina_redock,COc1ccccc1CC(=O)N1CCCC[C@H](C(N)=O)C1 |&1:16|,4.952204384072568,6.019371801104985,2,2,A71EV2A-x3571a; A71EV2A-x3571b
smina_redock,COc1ccccc1CC(=O)N1CCC[C@H](C(N)=O)C1 |&1:15|,4.128427064454121,5.893895990372384,1,1,A71EV2A-x3186a
smina_redock,COc1ccccc1CC(=O)N1CCC[C@H](C(N)=O)CC1 |&1:15|,4.952188702489189,5.597190191398543,2,2,A71EV2A-x4018a; A71EV2A-x4018b
smina_redock,COc1ccccc1CC(=O)N1CCN[C@H](C(N)=O)C1 |&1:15|,5.622664040174432,5.464736172241042,1,1,A71EV2A-x3901a
smina_redock,COc1ccccc1CC(=O)N1CCO[C@@H](C(N)=O)C1 |a:15|,4.615695746966642,5.649944567484681,1,1,A71EV2A-x3663a
smina_redock,COc1ccccc1CC(=O)N1CC[C@@H](O)C1 |a:14|,4.951406063714552,5.248653602747741,1,1,A71EV2A-x3621a
smina_redock,COc1ccccc1CC(=O)N1CC[C@H](CC(N)=O)C1 |&1:14|,5.055150304924533,5.547034318344575,4,4,A71EV2A-x3694a; A71EV2A-x3694b; A71EV2A-x4032a; A71EV2A-x4032b
smina_redock,COc1ccccc1CC(=O)N1CC[C@H](NC(N)=O)C1 |&1:14|,5.056011124926228,6.161626098270984,1,1,A71EV2A-x3685a
smina_redock,COc1ccccc1CC(=O)N1C[C@H](C(N)=O)CC(F)(F)C1 |&1:13|,5.41096889227547,5.217068413564029,1,1,A71EV2A-x3665a
smina_redock,"COc1ccccc1CC(=O)N1C[C@H](C(N)=O)CC[C@@H]1C |&1:13,19|",4.411260481653311,5.998466496033751,1,1,A71EV2A-x3550a
smina_redock,"COc1ccccc1CC(=O)N1C[C@H](C(N)=O)[C@@H](C(F)(F)F)C1 |&1:13,17|",5.110698297493689,5.535676404526947,1,1,A71EV2A-x3990a
smina_redock,"COc1ccccc1CC(=O)N1C[C@H](C)[C@@H](C(N)=O)C1 |&1:13,15|",5.303920706565589,6.3248956512712144,1,1,A71EV2A-x3634a
smina_redock,"COc1ccccc1CC(=O)N1C[C@]2(C(N)=O)CC[C@H]1C2 |a:13,19|",4.621697158125564,5.2148987185075475,1,1,A71EV2A-x4476a
smina_redock,COc1ccccc1CCN1C[C@H](C(N)=O)CC1=O |&1:12|,5.044970753420985,5.201294144099339,1,1,A71EV2A-x3956a
smina_redock,COc1ccccc1CN1C[C@H](C(N)=O)CC1=O |&1:11|,4.62709189585908,4.962884239666705,1,1,A71EV2A-x3895a
smina_redock,COc1ccccc1CN1C[C@H](C(N)=O)CCC1=O |&1:11|,4.956855685489159,5.615460343183273,2,2,A71EV2A-x3579a; A71EV2A-x4029a
smina_redock,COc1ccccc1NC(=O)Nc1cccnc1,4.740875707793589,5.601514921409772,1,1,A71EV2A-x2629a
smina_redock,COc1ccccc1S(=O)(=O)N1CCC[C@H](C(N)=O)C1 |a:15|,5.161780778092374,5.210449377631587,2,2,A71EV2A-x4214a; A71EV2A-x4214b
smina_redock,COc1ccccc1[C@H](C)C(=O)N1CCC[C@H](C(N)=O)C1 |o1:8|,5.415903931859735,5.269371991521878,2,2,A71EV2A-x4445a; A71EV2A-x4445b
smina_redock,"COc1ccccc1[C@H](C)CN1C[C@H](C(N)=O)CC1=O |&1:8,&2:13|",4.917407524166997,4.993670453305969,1,1,A71EV2A-x4313a
smina_redock,"COc1ccccc1[C@H](C)N1C[C@H](C(N)=O)CCC1=O |&1:8,&2:12|",5.565980102355844,5.6598547962561785,1,1,A71EV2A-x4661a
smina_redock,COc1ccccc1[C@H](N)C(=O)N1CCC[C@H](C(N)=O)C1 |o1:8|,5.349983835684398,5.605854311522736,1,1,A71EV2A-x3890a
smina_redock,COc1ccccc1[C@H](NC(=O)OC(C)(C)C)C(=O)N1CCC[C@H](C(N)=O)C1 |o1:8|,4.930769702637148,5.680510879597952,2,2,A71EV2A-x3884a; A71EV2A-x3884b
smina_redock,COc1ccccc1[C@H](NC(C)=O)C(=O)N1CCC[C@H](C(N)=O)C1 |o1:8|,5.238439218136987,5.4460811927858215,4,4,A71EV2A-x4207a; A71EV2A-x4207b; A71EV2A-x4449a; A71EV2A-x4449b
smina_redock,"COc1ccccc1[C@H](O)CN1C[C@H](C(N)=O)CC1=O |&1:8,&2:13|",5.276902343492681,5.061260852345887,1,1,A71EV2A-x4295a
smina_redock,"COc1ccccc1[C@H](O)CN1C[C@H](C(N)=O)CCC1=O |&1:8,&2:13|",5.212129340035951,5.566983051777731,1,1,A71EV2A-x4406a
smina_redock,COc1ccccc1[C@H](OC)C(=O)N1CCC[C@H](C(N)=O)C1 |o1:8|,5.523700643055132,5.628867006218085,2,2,A71EV2A-x3862a; A71EV2A-x3883a
smina_redock,COc1cccnc1CC(=O)N1CCC[C@H](C(N)=O)C1 |a:15|,4.648165195719463,5.500708396868349,2,2,A71EV2A-x4283a; A71EV2A-x4283b
smina_redock,COc1cccnc1CN1CCC[C@H](C(N)=O)C1 |a:13|,5.576653344896242,5.127517182128103,2,2,A71EV2A-x4274a; A71EV2A-x4274b
smina_redock,COc1ccncc1CC(=O)N1CCC[C@H](C(N)=O)C1 |&1:15|,4.443671499997475,5.538410513500148,1,1,A71EV2A-x3229a
smina_redock,COc1ccncc1CC(=O)N1CCC[C@H](C(N)=O)C1 |a:15|,4.7516996536545095,5.421979985536797,1,1,A71EV2A-x3548a
smina_redock,COc1ncc(-c2ccc(SC)c(CC(=O)N3CCC[C@H](C(N)=O)C3)c2)cc1C#N |a:20|,5.612933991649193,5.841288215303575,1,1,A71EV2A-x5877a
smina_redock,COc1ncc(Br)cc1CC(=O)N1CCC[C@H](C(N)=O)C1 |a:16|,4.832067775571805,5.633627874255872,1,1,A71EV2A-x4388a
smina_redock,COc1ncccc1-c1ccc(SC)c(CC(=O)N2CCC[C@H](C(N)=O)C2)c1 |a:22|,5.926316446103106,5.634170298019992,1,1,A71EV2A-x6736a
smina_redock,COc1ncccc1CC(=O)N1CCC[C@H](C(N)=O)C1 |&1:15|,4.324153048333832,6.002930497011444,1,1,A71EV2A-x3201a
smina_redock,COc1ncccc1CC(=O)N1CCC[C@H](C(N)=O)C1 |a:15|,4.286509456906058,5.582214897478301,1,1,A71EV2A-x4347a
smina_redock,COc1ncccc1CC(=O)N1CCC[C@H](C(N)=O)C1 |o1:15|,4.939681121858298,5.65512691344729,2,2,A71EV2A-x3849a; A71EV2A-x3869a
smina_redock,COc1ncccc1NC(=O)N1CCC[C@H](C(N)=O)C1 |a:15|,4.487273331768478,5.976366392671279,2,2,A71EV2A-x4031a; A71EV2A-x4031b
smina_redock,COc1ncccc1NC(=O)N1CC[C@H](C(N)=O)C1 |a:14|,4.618016608302379,5.269163085072184,1,1,A71EV2A-x4418a
smina_redock,COc1ncccc1NS(=O)(=O)N1CCC[C@H](C(N)=O)C1 |a:16|,4.601213898998983,5.69451127675295,2,2,A71EV2A-x4899a; A71EV2A-x4899b
smina_redock,CS(=O)(=O)c1ccccc1CC(=O)N1CCC[C@H](C(N)=O)C1 |a:17|,4.018181392829336,5.414408042991711,1,1,A71EV2A-x4675a
smina_redock,CSCC1(CC(=O)N2CCC[C@H](C(N)=O)C2)CC1 |a:11|,4.0270354434741735,4.703371118789441,1,1,A71EV2A-x4701a
smina_redock,"CSC[C@H]1C[C@H]1C(=O)N1CCC[C@H](C(N)=O)C1 |&1:3,5|",4.808721339045607,4.611914074128227,1,1,A71EV2A-x4736a
smina_redock,"CS[C@@H]1CCCC[C@H]1OC(=O)N1CCC[C@H](C(N)=O)C1 |o1:2,7|",3.5961527992975952,5.064398114116745,1,1,A71EV2A-x5231a
smina_redock,CSc1c(Br)cccc1CC(=O)N1CCC[C@H](C(N)=O)C1 |a:16|,4.472492797097293,5.434910195265288,1,1,A71EV2A-x4290a
smina_redock,CSc1c(F)cccc1NC(=O)N1CCC[C@H](C(N)=O)C1 |a:16|,4.319967775442991,5.542383401069786,1,1,A71EV2A-x4851a
smina_redock,CSc1c(NC(=O)N2CCC[C@H](C(N)=O)C2)c(C)nn1C |a:11|,4.6073172842698655,5.543805430937885,1,1,A71EV2A-x4727a
smina_redock,CSc1ccc(-c2cc(C#N)ncc2F)cc1CC(=O)N1CCC[C@H](C(N)=O)C1 |a:24|,5.682717212000788,5.99821727430429,1,1,A71EV2A-x6769a
smina_redock,CSc1ccc(-c2cc(C)c(=O)n(C)c2)cc1CC(=O)N1CCC[C@H](C(N)=O)C1 |a:24|,6.031014087429405,5.90601989450556,2,2,A71EV2A-x5879a; A71EV2A-x5879b
smina_redock,CSc1ccc(-c2cc(C)nn2C)cc1OC(=O)N1CCC[C@H](C(N)=O)C1 |a:22|,5.436862866226505,6.348131912517993,1,1,A71EV2A-x7260a
smina_redock,CSc1ccc(-c2cc[nH]n2)cc1CC(=O)N1CCC[C@H](C(N)=O)C1 |a:20|,5.955905430140241,6.27073390541871,2,2,A71EV2A-x5525a; A71EV2A-x5525b
smina_redock,"CSc1ccc(-c2cc[nH]n2)cc1CC(=O)N1C[C@H](C(N)=O)C[C@H]2C[C@H]21 |&1:18,23,25|",6.340503680200894,6.5311266323999515,2,2,A71EV2A-x7576a; A71EV2A-x7576b
smina_redock,CSc1ccc(-c2cc[nH]n2)cc1OC(=O)N1CCC[C@H](C(N)=O)C1 |a:20|,6.343392058545723,6.022274501248115,1,1,A71EV2A-x7597a
smina_redock,CSc1ccc(-c2ccc(N3CCN(C)CC3)nc2)cc1OC(=O)N1CCC[C@H](C(N)=O)C1 |a:28|,6.646304383229654,6.127790583471259,1,1,A71EV2A-x7261a
smina_redock,CSc1ccc(-c2cccc3cnn(C)c23)cc1CC(=O)N1CCC[C@H](C(N)=O)C1 |a:25|,4.852511447271943,6.117169339765714,1,1,A71EV2A-x6025a
smina_redock,CSc1ccc(-c2ccccc2)cc1CC(=O)N1CCC[C@H](C(N)=O)C1 |a:21|,5.7575850142068425,6.060962509721456,1,1,A71EV2A-x5526a
smina_redock,CSc1ccc(-c2ccccn2)cc1OC(=O)N1CCC[C@H](C(N)=O)C1 |a:21|,6.363385275343752,5.958818250896899,1,1,A71EV2A-x7442a
smina_redock,"CSc1ccc(-c2ccccn2)cc1OC(=O)N1C[C@H](C(N)=O)C[C@H]2C[C@H]21 |&1:19,24,26|",6.770247859071493,5.849468552070579,2,2,A71EV2A-x7350a; A71EV2A-x7350b
smina_redock,"CSc1ccc(-c2cccnc2)cc1OC(=O)N1C[C@H](C(N)=O)C[C@@H]2C[C@@H]21 |&1:19,24,26|",6.025403843721281,6.254189980613039,1,1,A71EV2A-x7032a
smina_redock,"CSc1ccc(-c2cccnc2)cc1OC(=O)N1C[C@H](C(N)=O)C[C@H]2C[C@H]21 |&1:19,24,26|",6.615017621163278,6.6130619409855935,1,1,A71EV2A-x7070a
smina_redock,CSc1ccc(-c2cccnc2C(C)C)cc1CC(=O)N1CCC[C@H](C(N)=O)C1 |a:24|,5.633026106559719,5.873709030286066,1,1,A71EV2A-x6778a
smina_redock,CSc1ccc(-c2cccnc2N)cc1OC(=O)N1CCC[C@H](C(N)=O)C1 |a:22|,6.467825319983038,6.1052176918278995,2,2,A71EV2A-x7301a; A71EV2A-x7301b
smina_redock,CSc1ccc(-c2ccnc(N(C)C)c2)cc1CC(=O)N1CCC[C@H](C(N)=O)C1 |a:24|,6.212710086334884,6.154816481016013,1,1,A71EV2A-x6791a
smina_redock,CSc1ccc(-c2ccncc2)cc1CC(=O)N1CCC[C@H](C(N)=O)C1 |a:21|,5.983523026568097,5.8969233013802445,1,1,A71EV2A-x5509a
smina_redock,"CSc1ccc(-c2ccncc2)cc1CC(=O)N1C[C@H](C(N)=O)C[C@H]2C[C@H]21 |&1:19,24,26|",6.743785006270056,5.9231648834822845,1,1,A71EV2A-x7256a
smina_redock,"CSc1ccc(-c2ccncc2)cc1CC(=O)N1C[C@H](C(N)=O)C[C@H]2C[C@H]21 |o1:19,24,26|",4.917388969413124,6.090817806900677,1,1,A71EV2A-x7445a
smina_redock,"CSc1ccc(-c2ccncc2)cc1NC(=O)N1C[C@H](C(N)=O)C[C@H]2C[C@H]21 |&1:19,24,26|",5.742028204896328,6.869489110448064,1,1,A71EV2A-x6746a
smina_redock,"CSc1ccc(-c2ccncc2)cc1OC(=O)N1C[C@H](C(N)=O)C[C@H]2C[C@H]21 |&1:19,24,26|",6.058389757043434,6.1745636380503415,1,1,A71EV2A-x7184a
smina_redock,CSc1ccc(-c2ccnn2C(C)(C)C)cc1OC(=O)N1CCC[C@H](C(N)=O)C1 |a:24|,4.912085112444354,5.856494405826112,2,2,A71EV2A-x7167a; A71EV2A-x7167b
smina_redock,"CSc1ccc(-c2ccnn2C2CCC2)cc1OC(=O)N1C[C@H](C(N)=O)C[C@H]2C[C@H]21 |&1:22,27,29|",6.6437811411974925,5.847811960574752,1,1,A71EV2A-x7044a
smina_redock,"CSc1ccc(-c2cn[nH]c2)cc1CC(=O)N1C[C@H](C(N)=O)C[C@H]2C[C@H]21 |&1:18,23,25|",6.438312682607372,6.160094117639888,1,1,A71EV2A-x5836a
smina_redock,"CSc1ccc(-c2cn[nH]c2)cc1OC(=O)N1C[C@H](C(N)=O)C[C@@H]2C[C@@H]21 |&1:18,23,25|",5.626220997937759,6.1637005026662015,1,1,A71EV2A-x7379a
smina_redock,"CSc1ccc(-c2cn[nH]c2)cc1OC(=O)N1C[C@H](C(N)=O)C[C@H]2C[C@H]21 |&1:18,23,25|",6.775141043530828,6.505002331111776,1,1,A71EV2A-x7323a
smina_redock,CSc1ccc(-c2cncc(C)c2C)cc1CC(=O)N1CCC[C@H](C(N)=O)C1 |a:23|,5.401951923140469,5.914192901221699,1,1,A71EV2A-x6032a
smina_redock,CSc1ccc(-c2cncc(S(C)(=O)=O)c2)cc1CC(=O)N1CCC[C@H](C(N)=O)C1 |a:25|,5.687762124194347,6.216381578243675,2,2,A71EV2A-x6948a; A71EV2A-x6948b
smina_redock,CSc1ccc(-c2cncc3ccccc23)cc1CC(=O)N1CCC[C@H](C(N)=O)C1 |a:25|,5.484126156288321,6.6302582403183825,1,1,A71EV2A-x6035a
smina_redock,"CSc1ccc(-c2cnco2)cc1OC(=O)N1C[C@H](C(N)=O)C[C@H]2C[C@H]21 |&1:18,23,25|",6.622961397710664,5.90046371594876,1,1,A71EV2A-x7002a
smina_redock,"CSc1ccc(-c2cnn[nH]2)cc1OC(=O)N1C[C@H](C(N)=O)C[C@H]2C[C@H]21 |&1:18,23,25|",6.821074156272469,5.725510061867342,1,1,A71EV2A-x7410a
smina_redock,CSc1ccc(-c2cnnn2C)cc1CC(=O)N1CCC[C@H](C(N)=O)C1 |a:21|,5.437915347454481,5.852444552722375,1,1,A71EV2A-x6925a
smina_redock,CSc1ccc(-c2csc(C(F)F)c2)cc1CC(=O)N1CCC[C@H](C(N)=O)C1 |a:23|,6.104588372500485,5.8959264144624015,1,1,A71EV2A-x5864a
smina_redock,"CSc1ccc(-c2ocnc2C)cc1OC(=O)N1C[C@H](C(N)=O)C[C@H]2C[C@H]21 |&1:19,24,26|",5.964275769895213,6.4457461999070595,1,1,A71EV2A-x7287a
smina_redock,CSc1ccc(-n2cccn2)cc1CC(=O)N1CCC[C@H](C(N)=O)C1 |a:20|,6.017614181634599,6.0098427349785455,1,1,A71EV2A-x5604a
smina_redock,CSc1ccc(-n2ccnc2)cc1CC(=O)N1CCC[C@H](C(N)=O)C1 |a:20|,5.816743356703912,5.7588691233607445,1,1,A71EV2A-x5833a
smina_redock,CSc1ccc(Br)cc1CC(=O)N1CCC[C@H](C(N)=O)C1 |a:16|,6.504803930407411,5.559850912284635,1,1,A71EV2A-x4431a
smina_redock,CSc1ccc(Br)cc1CC(=O)N1CCC[C@H](C(N)=O)CC1 |&1:16|,4.084730020129478,5.368793136449535,2,2,A71EV2A-x5203a; A71EV2A-x5203b
smina_redock,"CSc1ccc(Br)cc1CC(=O)N1CCC[C@H](C(N)=O)[C@@H]1C |o1:16,20|",4.01122507362837,5.547140604082139,1,1,A71EV2A-x5494a
smina_redock,CSc1ccc(Br)cc1CC(=O)N1CC[C@H](C(N)=O)C1 |a:15|,4.166573738364501,5.197020724444175,1,1,A71EV2A-x4856a
smina_redock,"CSc1ccc(Br)cc1CC(=O)N1C[C@H](C(N)=O)CC[C@@H]1C |o1:14,20|",5.370420577541523,5.808973686058647,2,2,A71EV2A-x5247a; A71EV2A-x5247b
smina_redock,"CSc1ccc(Br)cc1CC(=O)N1C[C@H](C(N)=O)CC[C@H]1C |o1:14,20|",5.163175522827518,5.3797020846515915,4,4,A71EV2A-x5339a; A71EV2A-x5339b; A71EV2A-x5366a; A71EV2A-x5366b
smina_redock,"CSc1ccc(Br)cc1CC(=O)N1C[C@H](C(N)=O)[C@H]2C[C@H]21 |o1:14,18,20|",4.590066876668706,5.408712593468448,1,1,A71EV2A-x7359a
smina_redock,"CSc1ccc(Br)cc1CC(=O)N1[C@H]2CC[C@H](C(N)=O)[C@@H]1CC2 |o1:13,16,20|",4.022734028686543,5.426084814022032,2,2,A71EV2A-x5758a; A71EV2A-x5758b
smina_redock,"CSc1ccc(Br)cc1OC(=O)N1C[C@H](C(N)=O)CC[C@@H]1C |o1:14,20|",4.757850080326607,5.889102137105699,2,2,A71EV2A-x5819a; A71EV2A-x5819b
smina_redock,"CSc1ccc(Br)cc1OC(=O)N1C[C@H](C(N)=O)CC[C@@H]1CO |&1:14,20|",5.994964027913848,5.720679558346324,1,1,A71EV2A-x7558a
smina_redock,"CSc1ccc(Br)cc1OC(=O)N1C[C@H](C(N)=O)C[C@@H]2C[C@@H]21 |&1:14,19,21|",6.134970625328986,6.153247850130585,1,1,A71EV2A-x5830a
smina_redock,"CSc1ccc(Br)cc1OC(=O)N1C[C@H](C(N)=O)C[C@H]2C[C@H]21 |&1:14,19,21|",6.442779415416162,5.757718305374706,1,1,A71EV2A-x6932a
smina_redock,CSc1ccc(Br)cc1[C@H](NC(=O)OC(C)(C)C)C(=O)N1CC[C@H](C(N)=O)C1 |&1:9|,4.616253373468555,5.279938259845927,1,1,A71EV2A-x5891a
smina_redock,CSc1ccc(C(=O)N(C)C2CCC(C)(C)CC2)cc1CC(=O)N1CCC[C@H](C(N)=O)C1 |a:27|,4.8542464945359285,6.277968665623937,1,1,A71EV2A-x7307a
smina_redock,CSc1ccc(C(=O)N2CC=CCC23CCC3)cc1CC(=O)N1CCC[C@H](C(N)=O)C1 |a:26|,5.727326160448949,6.5364629094307585,1,1,A71EV2A-x7318a
smina_redock,CSc1ccc(C(=O)N2Cc3nccc(C)c3C2)cc1CC(=O)N1CCC[C@H](C(N)=O)C1 |a:27|,5.732131922180389,6.68207436989361,1,1,A71EV2A-x6739a
smina_redock,CSc1ccc(C(=O)Nc2ccncc2)cc1CC(=O)N1CCC[C@H](C(N)=O)C1 |a:24|,6.058292496038209,5.864297244973491,2,2,A71EV2A-x5512a; A71EV2A-x5512b
smina_redock,"CSc1ccc(C2=CCN(C)CC2)cc1CC(=O)N1C[C@H](C(N)=O)C[C@H]2C[C@H]21 |o1:20,25,27|",6.217987758487747,6.365804665157103,2,2,A71EV2A-x7369a; A71EV2A-x7369b
smina_redock,"CSc1ccc(C2=CCN(C)CC2)cc1OC(=O)N1C[C@H](C(N)=O)C[C@@H]2C[C@@H]21 |&1:20,25,27|",6.4554495427646055,6.003978694285353,1,1,A71EV2A-x7046a
smina_redock,"CSc1ccc(C2=CCN(C)CC2)cc1OC(=O)N1C[C@H](C(N)=O)C[C@H]2C[C@H]21 |&1:20,25,27|",6.616789569053188,6.385273280258505,1,1,A71EV2A-x7368a
smina_redock,CSc1ccc(C2=CCNCC2)cc1CC(=O)N1CCC[C@H](C(N)=O)C1 |a:21|,6.359785941635829,6.117191329918312,1,1,A71EV2A-x6827a
smina_redock,"CSc1ccc(C2=CCOCC2)cc1OC(=O)N1C[C@H](C(N)=O)C[C@H]2C[C@H]21 |&1:19,24,26|",6.278226151900541,6.545200330063616,1,1,A71EV2A-x7021a
smina_redock,CSc1ccc(C2CC2)cc1CC(=O)N1CCC[C@H](C(N)=O)C1 |a:18|,5.527677465814104,5.635621648091558,1,1,A71EV2A-x5276a
smina_redock,CSc1ccc(N2CCCC2=O)cc1NC(=O)N1CCC[C@H](C(N)=O)C1 |a:21|,5.06227649451538,5.925352903665932,2,2,A71EV2A-x4986a; A71EV2A-x4986b
smina_redock,CSc1ccc(N2CCOCC2)cc1NC(=O)N1CCC[C@H](C(N)=O)C1 |a:21|,4.924868863339022,5.4754197213789535,2,2,A71EV2A-x5598a; A71EV2A-x5598b
smina_redock,CSc1ccc(OC2CC2)cc1NC(=O)N1CCC[C@H](C(N)=O)C1 |a:19|,4.674438823846753,5.186025648144438,1,1,A71EV2A-x5533a
smina_redock,CSc1ccc(S(C)(=O)=O)cc1CC(=O)N1CCC[C@H](C(N)=O)C1 |a:19|,5.609697925694327,5.357724759641133,2,2,A71EV2A-x5449a; A71EV2A-x5449b
smina_redock,CSc1ccc(SC(C)(C)C)cc1CC(=O)N1CCC[C@H](C(N)=O)C1 |a:20|,5.111221489644668,5.152461345226773,1,1,A71EV2A-x5403a
smina_redock,CSc1ccc2c(c1)[C@H](C(=O)N1CCC[C@H](C(N)=O)C1)CCO2 |o1:8|,4.060454118763697,6.055347690757724,2,2,A71EV2A-x5475a; A71EV2A-x5475b
smina_redock,CSc1ccc2cnccc2c1NC(=O)N1CCC[C@H](C(N)=O)C1 |a:19|,5.772572568212773,5.747214342483024,1,1,A71EV2A-x5261a
smina_redock,CSc1ccc2ncccc2c1NC(=O)N1CCC[C@H](C(N)=O)C1 |a:19|,6.128863936621021,5.835688056441575,2,2,A71EV2A-x4977a; A71EV2A-x4977b
smina_redock,"CSc1ccc2ncccc2c1NC(=O)N1C[C@H](C(N)=O)C[C@@H]2C[C@@H]21 |o1:17,22,24|",5.669481598088156,6.129623096187883,2,2,A71EV2A-x6877a; A71EV2A-x6980a
smina_redock,"CSc1ccc2ncccc2c1NC(=O)N1C[C@H](C(N)=O)C[C@H]2C[C@H]21 |&1:17,22,24|",6.155618588158782,6.680938212009305,1,1,A71EV2A-x5854a
smina_redock,"CSc1ccc2ncccc2c1OC(=O)N1C[C@H](C(N)=O)C[C@@H]2C[C@@H]21 |o1:17,22,24|",6.223231835566202,6.387761832527678,2,2,A71EV2A-x7459a; A71EV2A-x7461a
smina_redock,"CSc1ccc2ncccc2c1OC(=O)N1C[C@H](C(N)=O)C[C@H]2C[C@H]21 |o1:17,22,24|",6.55419279444554,6.412155020136218,3,3,A71EV2A-x7465a; A71EV2A-x7465b; A71EV2A-x7515a
smina_redock,CSc1ccc2scnc2c1NC(=O)N1CCC[C@H](C(N)=O)C1 |a:18|,5.775683273773221,5.526480855714933,2,2,A71EV2A-x5283a; A71EV2A-x5283b
smina_redock,CSc1cccc(-c2cc(C(F)(F)F)nn2C)c1CC(=O)N1CCC[C@H](C(N)=O)C1 |a:25|,5.150667872559956,5.994728170091841,2,2,A71EV2A-x6955a; A71EV2A-x6955b
smina_redock,CSc1cccc(-c2ccc(C(F)(F)F)cc2C#N)c1CC(=O)N1CCC[C@H](C(N)=O)C1 |a:27|,5.656918950334414,6.323246389826254,1,1,A71EV2A-x5884a
smina_redock,CSc1cccc(-c2ccc(C(F)(F)F)o2)c1CC(=O)N1CCC[C@H](C(N)=O)C1 |a:24|,5.785803993839482,5.830139207935641,1,1,A71EV2A-x5857a
smina_redock,CSc1cccc(-c2cn(C)c(=O)c3ccccc23)c1CC(=O)N1CCC[C@H](C(N)=O)C1 |a:27|,6.086272291520818,6.549239188091052,1,1,A71EV2A-x6028a
smina_redock,CSc1cccc(-c2sccc2C2CC2)c1CC(=O)N1CCC[C@H](C(N)=O)C1 |a:23|,5.508648103412354,5.72045965682033,1,1,A71EV2A-x6794a
smina_redock,CSc1cccc(-n2ccnc2)c1CC(=O)N1CCC[C@H](C(N)=O)C1 |a:20|,5.508866053332301,5.3029912698210415,1,1,A71EV2A-x5788a
smina_redock,CSc1cccc(Br)c1CC(=O)N1CCC[C@H](C(N)=O)C1 |a:16|,5.23959580735841,5.516970114715661,1,1,A71EV2A-x4670a
smina_redock,CSc1cccc(C2=CCCCC2)c1CC(=O)N1CCC[C@H](C(N)=O)C1 |a:21|,5.358458624958955,6.030022365013997,1,1,A71EV2A-x6938a
smina_redock,CSc1cccc(CC(=O)N2CCC[C@H](C(N)=O)C2)c1 |a:14|,4.165030350472351,5.62453494615599,2,2,A71EV2A-x4334a; A71EV2A-x4334b
smina_redock,CSc1cccc(CN2C[C@H](C(N)=O)CCC2=O)c1 |o1:10|,4.610891805164698,5.998854988729676,1,1,A71EV2A-x4710a
smina_redock,CSc1cccc2c1N(C(=O)N1CCC[C@H](C(N)=O)C1)CCCO2 |a:15|,3.9795272089559,6.164931951211772,1,1,A71EV2A-x5249a
smina_redock,"CSc1cccc2c1[C@@H](C(=O)N1C[C@H](C(N)=O)C[C@H]3C[C@H]31)CC2 |&1:8,13,18,20|",6.317002294422829,5.873254567132344,1,1,A71EV2A-x7448a
smina_redock,CSc1cccc2c1[C@H](C(=O)N1CCC[C@H](C(N)=O)C1)CC2 |o1:8|,6.105065909655473,5.429779159658745,1,1,A71EV2A-x5687a
smina_redock,CSc1cccc2c1[C@H](C(=O)N1CCC[C@H](C(N)=O)C1)CCC2 |o1:8|,4.913179132164633,5.817023303585199,3,3,A71EV2A-x5850a; A71EV2A-x5995a; A71EV2A-x5995b
smina_redock,CSc1ccccc1CC(=O)N1CCC(F)(F)[C@H](C(N)=O)C1 |&1:17|,4.92096962924201,6.4633676421901045,1,1,A71EV2A-x4724a
smina_redock,CSc1ccccc1CC(=O)N1CCC[C@H](C(F)F)C1 |&1:15|,3.883316455303125,4.941223939356223,1,1,A71EV2A-x4746a
smina_redock,CSc1ccccc1CC(=O)N1CCC[C@H](C(N)=O)C1 |a:15|,5.393063563669464,5.6135142146782195,1,1,A71EV2A-x4386a
smina_redock,CSc1ccccc1CC(=O)N1CCC[C@H](CCO)C1 |&1:15|,3.7794804346789226,5.162672106083796,1,1,A71EV2A-x4809a
smina_redock,CSc1ccccc1CC(=O)N1CCC[C@H](CF)C1 |&1:15|,4.015189894778023,5.383204016453058,1,1,A71EV2A-x4751a
smina_redock,CSc1ccccc1CC(=O)N1CCC[C@H](O)C1 |&1:15|,4.025488307262672,5.036419309959347,1,1,A71EV2A-x4794a
smina_redock,CSc1ccccc1CC(=O)N1CCC[C@H](S(N)(=O)=O)C1 |&1:15|,4.603800652904264,6.067163732754509,1,1,A71EV2A-x4745a
smina_redock,CSc1ccccc1CC(=O)N1CCC[C@H]1c1cnc[nH]1 |&1:15|,4.853871964321762,5.680225007614158,1,1,A71EV2A-x4735a
smina_redock,"CSc1ccccc1CC(=O)N1CCC[C@H]2C(=O)NC[C@H]21 |&1:15,20|",4.035167674220528,4.234607035826446,1,1,A71EV2A-x4791a
smina_redock,CSc1ccccc1CC(=O)N1CCC[C@](F)(C(N)=O)C1 |&1:15|,3.839782551369189,5.5538109503706465,1,1,A71EV2A-x4753a
smina_redock,CSc1ccccc1CC(=O)N1CCC[C@](O)(C(N)=O)C1 |&1:15|,3.955966436496336,5.789626016796543,2,2,A71EV2A-x4894a; A71EV2A-x4940a
smina_redock,CSc1ccccc1CC(=O)N1CCNC(=O)C1,4.006123085058789,4.953193912421203,1,1,A71EV2A-x4721a
smina_redock,"CSc1ccccc1CC(=O)N1CC[C@H]2[C@H](C1)[C@H]2C(N)=O |&1:14,&2:15,&3:17|",4.558200508454535,5.497926642564516,1,1,A71EV2A-x4739a
smina_redock,"CSc1ccccc1CC(=O)N1C[C@H](C(N)=O)CC[C@H]1CO |o1:13,19|",4.599655204790009,5.3766472859529815,2,2,A71EV2A-x5992a; A71EV2A-x5992b
smina_redock,"CSc1ccccc1CC(=O)N1C[C@H](C(N)=O)C[C@H](C(N)=O)C1 |a:13,18|",5.207231875935455,5.703468598911803,2,2,A71EV2A-x5171a; A71EV2A-x5171b
smina_redock,"CSc1ccccc1CC(=O)N1C[C@H](C(N)=O)C[C@H]2C[C@H]21 |o1:13,18,20|",5.676463453677816,5.906837195177175,2,2,A71EV2A-x5177a; A71EV2A-x7631a
smina_redock,"CSc1ccccc1CC(=O)N1C[C@H](C)C[C@@H](C(N)=O)C1 |o1:13,16|",4.494060495927921,5.434961505621354,1,1,A71EV2A-x5200a
smina_redock,"CSc1ccccc1CC(=O)N1C[C@H](C)C[C@H](C(N)=O)C1 |&1:13,&2:16|",4.1315895194873935,5.308503468072644,2,2,A71EV2A-x4885a; A71EV2A-x4885b
smina_redock,"CSc1ccccc1CC(=O)N1C[C@H](C)C[C@H](C(N)=O)C1 |o1:13,16|",4.006585256974127,5.444835084138518,1,1,A71EV2A-x5268a
smina_redock,"CSc1ccccc1CC(=O)N1C[C@H](O)C[C@@H](C(N)=O)C1 |&1:13,16|",3.66094239119996,5.4372704716442986,2,2,A71EV2A-x5387a; A71EV2A-x5387b
smina_redock,CSc1ccccc1CC(=O)N1C[C@H]2C[C@@]1(CC(N)=O)C2 |&1:15|,4.051345937463026,5.238164299957791,2,2,A71EV2A-x5262a; A71EV2A-x5262b
smina_redock,CSc1ccccc1CN1C[C@H](C(N)=O)CCC1=O |o1:11|,4.6439741428068775,5.842065200695423,1,1,A71EV2A-x4694a
smina_redock,CSc1ccccc1N(C)C(=O)N1CCC[C@H](C(N)=O)C1 |a:16|,4.601955140820748,5.551846496738427,1,1,A71EV2A-x4712a
smina_redock,CSc1ccccc1N(C)C(=O)N1CC[C@H](C(N)=O)C1 |a:15|,4.640164517660112,5.879081957571204,1,1,A71EV2A-x4684a
smina_redock,CSc1ccccc1N1C[C@H](C(N)=O)CCC1=O |o1:10|,4.6020599913279625,5.271340110179532,1,1,A71EV2A-x4922a
smina_redock,CSc1ccccc1OC(=O)N1CCC[C@H](C(N)=O)C1 |a:15|,5.826838634714068,5.622698768413933,2,2,A71EV2A-x4824a; A71EV2A-x4824b
smina_redock,CSc1ccccc1[C@H](C(=O)N1CC[C@H](C(N)=O)C1)N1CCCC1=O |o1:8|,7.194299872872455,5.90522824901198,1,1,A71EV2A-x7038a
smina_redock,CSc1ccccc1[C@H](NC(=O)C(C)C)C(=O)N1CC[C@H](C(N)=O)C1 |&1:8|,4.616633749466019,5.688192772906034,1,1,A71EV2A-x7035a
smina_redock,CSc1ccccc1[C@H](NC(=O)C1(C)CCC1)C(=O)N1CC[C@H](C(N)=O)C1 |&1:8|,4.6108664765966765,5.8878413683566615,1,1,A71EV2A-x6991a
smina_redock,CSc1ccccc1[C@H](NC(=O)C1CC1)C(=O)N1CC[C@H](C(N)=O)C1 |&1:8|,4.612020519224207,5.373594319767087,1,1,A71EV2A-x6934a
smina_redock,CSc1ccccc1[C@H](NC(=O)CC(F)(F)F)C(=O)N1CC[C@H](C(N)=O)C1 |&1:8|,4.15694990903351,5.537201055107176,1,1,A71EV2A-x6818a
smina_redock,CSc1ccccc1[C@H](NC(=O)CC1CC1)C(=O)N1CC[C@H](C(N)=O)C1 |&1:8|,4.287343084176254,5.387638697227285,1,1,A71EV2A-x6726a
smina_redock,CSc1ccccc1[C@H](NC(=O)CNC(C)=O)C(=O)N1CC[C@H](C(N)=O)C1 |&1:8|,5.199617314652804,5.5983116891811155,1,1,A71EV2A-x6821a
smina_redock,CSc1ccccc1[C@H](NC(=O)Cc1ccccc1)C(=O)N1CC[C@H](C(N)=O)C1 |&1:8|,4.505347154054938,5.992902987426085,1,1,A71EV2A-x6819a
smina_redock,CSc1ccccc1[C@H](NC(=O)Cc1cccnc1)C(=O)N1CC[C@H](C(N)=O)C1 |&1:8|,4.6077519100900055,5.803765684918005,1,1,A71EV2A-x6856a
smina_redock,CSc1ccccc1[C@H](NC(=O)Cn1cccn1)C(=O)N1CC[C@H](C(N)=O)C1 |&1:8|,4.730497044785864,5.690937876955536,2,2,A71EV2A-x6816a; A71EV2A-x6816b
smina_redock,CSc1ccccc1[C@H](NC(=O)OC(C)(C)C)C(=O)N1CC[C@H](C(N)=O)C1 |o1:8|,4.621638788259481,5.563394991878584,2,2,A71EV2A-x6847a; A71EV2A-x6851a
smina_redock,CSc1ccccc1[C@H](NC(C)=O)C(=O)N1CC[C@H](C(N)=O)C1 |&1:8|,5.186061162833519,5.497618780428123,1,1,A71EV2A-x5383a
smina_redock,CSc1cccnc1CC(=O)N1CCC[C@H](C(N)=O)C1 |a:15|,5.097431091411007,5.388173790940539,1,1,A71EV2A-x4914a
smina_redock,CSc1ccncc1CC(=O)N1CCC[C@H](C(N)=O)C1 |a:15|,5.534026193176526,5.8412588951001085,2,2,A71EV2A-x4827a; A71EV2A-x4827b
smina_redock,CSc1ccncc1NC(=O)N1CCC[C@H](C(N)=O)C1 |a:15|,5.452530294347775,5.7393015525726465,2,2,A71EV2A-x4826a; A71EV2A-x4826b
smina_redock,CSc1ccncc1NS(=O)(=O)N1CCC[C@H](C(N)=O)C1 |a:16|,4.881756561812204,5.784172458951874,1,1,A71EV2A-x5182a
smina_redock,CSc1cn(C)nc1NC(=O)N1CCC[C@H](C(N)=O)C1 |a:15|,3.761033004441306,5.154103276620867,1,1,A71EV2A-x4703a
smina_redock,CSc1cnccc1CC(=O)N1CCC[C@H](C(N)=O)C1 |a:15|,4.407893372233542,5.666576452900751,1,1,A71EV2A-x4689a
smina_redock,CSc1cncnc1CC(=O)N1CCC[C@H](C(N)=O)C1 |a:15|,4.176969771296364,5.478934480769436,1,1,A71EV2A-x4812a
smina_redock,CSc1cscc1CC(=O)N1CCC[C@H](C(N)=O)C1 |a:14|,5.073475651835252,5.322108042480852,1,1,A71EV2A-x4935a
smina_redock,CSc1nc2c(cc1NC(=O)N1CCC[C@H](C(N)=O)C1)CCCC2 |a:15|,4.217527375833714,5.968761464897295,2,2,A71EV2A-x5022a; A71EV2A-x5022b
smina_redock,CSc1ncccc1CC(=O)N1CCC[C@H](C(N)=O)C1 |a:15|,5.072700933344527,5.675218582872344,1,1,A71EV2A-x4918a
smina_redock,CSc1ncccc1NC(=O)N1CCC[C@H](C(N)=O)C1 |a:15|,4.2209855861319525,5.71462127130517,2,2,A71EV2A-x4883a; A71EV2A-x4883b
smina_redock,CSc1nccnc1CC(=O)N1CCC[C@H](C(N)=O)C1 |a:15|,4.781195179900988,5.519235100433407,1,1,A71EV2A-x4774a
smina_redock,CSc1ncnc(-c2cn[nH]c2)c1CC(=O)N1CCC[C@H](C(N)=O)C1 |a:20|,5.579850424620521,5.605311887758615,1,1,A71EV2A-x5544a
smina_redock,CSc1ncnc(N(C)C)c1CC(=O)N1CCC[C@H](C(N)=O)C1 |a:18|,6.393012805332465,4.937892431237402,2,2,A71EV2A-x7545a; A71EV2A-x7545b
smina_redock,"CSc1ncnc(N(C)C)c1CC(=O)N1C[C@H](C(N)=O)C[C@@H]2C[C@@H]21 |&1:16,21,23|",6.073633599517659,5.953075156043003,2,2,A71EV2A-x7580a; A71EV2A-x7580b
smina_redock,CSc1ncnc(N(C)C2CCC2)c1CC(=O)N1CCC[C@H](C(N)=O)C1 |a:21|,6.323397411601913,5.464926753563571,1,1,A71EV2A-x7172a
smina_redock,CSc1ncnc(N(C)C2CCOCC2)c1CC(=O)N1CCC[C@H](C(N)=O)C1 |a:23|,5.7864475040867696,5.543827421090485,1,1,A71EV2A-x7424a
smina_redock,CSc1ncnc(N(C)CC(C)(C)O)c1CC(=O)N1CCC[C@H](C(N)=O)C1 |a:22|,6.134728951225614,5.461606240521051,1,1,A71EV2A-x7251a
smina_redock,CSc1ncnc(N(C)CC(C)(F)F)c1CC(=O)N1CCC[C@H](C(N)=O)C1 |a:22|,6.994328024624508,5.236566348868896,1,1,A71EV2A-x7333a
smina_redock,"CSc1ncnc(N(C)CC(F)(F)F)c1CC(=O)N1C[C@H](C(N)=O)C[C@H]2C[C@H]21 |&1:20,25,27|",6.794695728715816,6.092672309769899,1,1,A71EV2A-x7608a
smina_redock,CSc1ncnc(N(C)CC2CCCC2)c1CC(=O)N1CCC[C@H](C(N)=O)C1 |a:23|,6.3046606911348375,5.838458815669108,1,1,A71EV2A-x7254a
smina_redock,CSc1ncnc(N(C)CCC(F)(F)F)c1CC(=O)N1CCC[C@H](C(N)=O)C1 |a:23|,5.748786440007784,5.2546275942039316,1,1,A71EV2A-x7338a
smina_redock,CSc1ncnc(N(C)Cc2cc(F)c(F)c(F)c2)c1CC(=O)N1CCC[C@H](C(N)=O)C1 |a:27|,6.244997927316081,6.423169643238267,1,1,A71EV2A-x7176a
smina_redock,CSc1ncnc(N(C)Cc2nn(C)cc2Cl)c1CC(=O)N1CCC[C@H](C(N)=O)C1 |a:25|,7.150528408418002,5.801031575944804,1,1,A71EV2A-x6914a
smina_redock,"CSc1ncnc(N(C)[C@@H](C)c2ccccc2)c1CC(=O)N1CCC[C@H](C(N)=O)C1 |a:9,25|",6.580678113068668,5.901834435460794,2,2,A71EV2A-x7436a; A71EV2A-x7436b
smina_redock,CSc1ncnc(N2CC(C)(c3ccccc3F)C2)c1CC(=O)N1CCC[C@H](C(N)=O)C1 |a:27|,6.439151337818832,5.674060434835439,1,1,A71EV2A-x7263a
smina_redock,CSc1ncnc(N2CC(C)C2)c1CC(=O)N1CCC[C@H](C(N)=O)C1 |a:20|,6.526908295764941,5.382507661620741,1,1,A71EV2A-x6920a
smina_redock,CSc1ncnc(N2CC(CC3CCC3)C2)c1CC(=O)N1CCC[C@H](C(N)=O)C1 |a:24|,5.692662147010851,6.132540456432746,1,1,A71EV2A-x6895a
smina_redock,CSc1ncnc(N2CC(O)C2)c1CC(=O)N1CCC[C@H](C(N)=O)C1 |a:20|,6.426194047786621,5.559120350548274,3,3,A71EV2A-x7334a; A71EV2A-x7334b; A71EV2A-x7389a
smina_redock,CSc1ncnc(N2CC(Oc3ccccc3Cl)C2)c1CC(=O)N1CCC[C@H](C(N)=O)C1 |a:27|,6.078663358532402,6.291881102168537,1,1,A71EV2A-x7095a
smina_redock,CSc1ncnc(N2CC(c3nncn3C)C2)c1CC(=O)N1CCC[C@H](C(N)=O)C1 |a:25|,6.326170396191348,6.391379212630293,2,2,A71EV2A-x5808a; A71EV2A-x5808b
smina_redock,CSc1ncnc(N2CCC(C#N)(CC(C)C)CC2)c1CC(=O)N1CCC[C@H](C(N)=O)C1 |a:27|,6.265062352283818,5.5348334486773005,1,1,A71EV2A-x7170a
smina_redock,CSc1ncnc(N2CCC(C(=O)N(C(C)C)C(C)C)CC2)c1CC(=O)N1CCC[C@H](C(N)=O)C1 |a:30|,6.225268032740376,5.594038269525951,1,1,A71EV2A-x7096a
smina_redock,CSc1ncnc(N2CCC(N(C)S(C)(=O)=O)CC2)c1CC(=O)N1CCC[C@H](C(N)=O)C1 |a:27|,6.512183700381108,5.548965786747895,1,1,A71EV2A-x7008a
smina_redock,CSc1ncnc(N2CCC(N3CCOC3=O)CC2)c1CC(=O)N1CCC[C@H](C(N)=O)C1 |a:27|,5.923489528000301,5.630908425384403,1,1,A71EV2A-x7154a
smina_redock,CSc1ncnc(N2CCC3(CCC3)C2)c1CC(=O)N1CCC[C@H](C(N)=O)C1 |a:23|,6.131209779277596,5.794090017774236,1,1,A71EV2A-x7056a
smina_redock,CSc1ncnc(N2CCC3(CCCC3)C2)c1CC(=O)N1CCC[C@H](C(N)=O)C1 |a:24|,6.462158164196289,6.172958356910581,1,1,A71EV2A-x7024a
smina_redock,CSc1ncnc(N2CCC3(CCCCC3)C2)c1CC(=O)N1CCC[C@H](C(N)=O)C1 |a:25|,6.388555177157266,6.5147732889168095,1,1,A71EV2A-x7101a
smina_redock,CSc1ncnc(N2CCC3(CCCO3)CC2)c1CC(=O)N1CCC[C@H](C(N)=O)C1 |a:25|,6.466683163263606,6.074823635909992,1,1,A71EV2A-x7284a
smina_redock,"CSc1ncnc(N2CCCC2)c1CC(=O)N1C[C@H](C(N)=O)C[C@H]2C[C@H]21 |&1:18,23,25|",6.5697284843589205,6.093434635060015,1,1,A71EV2A-x6838a
smina_redock,"CSc1ncnc(N2CCCC2)c1NC(=O)N1C[C@H](C(N)=O)C[C@H]2C[C@H]21 |&1:18,23,25|",5.928304705589599,6.402176377556634,1,1,A71EV2A-x7622a
smina_redock,CSc1ncnc(N2CCCCCC2)c1CC(=O)N1CCC[C@H](C(N)=O)C1 |a:22|,7.1865084765696,6.0284720592557335,2,2,A71EV2A-x7560a; A71EV2A-x7560b
smina_redock,"CSc1ncnc(N2CCCC[C@@H]2C(C)C)c1CC(=O)N1CCC[C@H](C(N)=O)C1 |a:12,24|",6.372178760973441,5.950674564384227,1,1,A71EV2A-x7420a
smina_redock,"CSc1ncnc(N2CCCC[C@H]2CO)c1CC(=O)N1CCC[C@H](C(N)=O)C1 |a:12,23|",5.867264623808438,5.717073173320011,1,1,A71EV2A-x7430a
smina_redock,"CSc1ncnc(N2CCC[C@@H]2C(=O)N(C)C)c1CC(=O)N1CCC[C@H](C(N)=O)C1 |a:11,25|",6.66771737227654,5.763582346067898,1,1,A71EV2A-x7309a
smina_redock,"CSc1ncnc(N2CCC[C@@H]2C(C)C)c1CC(=O)N1CCC[C@H](C(N)=O)C1 |a:11,23|",7.76022176714164,6.067757466874695,1,1,A71EV2A-x7135a
smina_redock,"CSc1ncnc(N2CCC[C@@H]2C)c1CC(=O)N1CCC[C@H](C(N)=O)C1 |a:11,21|",6.616555737163779,6.01535859825558,2,2,A71EV2A-x7533a; A71EV2A-x7533b
smina_redock,"CSc1ncnc(N2CCC[C@@H]2C2CC2)c1CC(=O)N1CCC[C@H](C(N)=O)C1 |a:11,23|",7.937951041727581,5.991693529033112,1,1,A71EV2A-x7259a
smina_redock,"CSc1ncnc(N2CCC[C@@H]2CC(C)C)c1CC(=O)N1CCC[C@H](C(N)=O)C1 |a:11,24|",7.199879115817523,5.700565898768672,1,1,A71EV2A-x7147a
smina_redock,"CSc1ncnc(N2CCC[C@@H]2Cc2ccccc2)c1CC(=O)N1CCC[C@H](C(N)=O)C1 |a:11,27|",5.138183874676179,6.188072921797286,1,1,A71EV2A-x7433a
smina_redock,"CSc1ncnc(N2CCC[C@@H]2Cc2ccnn2C)c1CC(=O)N1CCC[C@H](C(N)=O)C1 |a:11,27|",7.359361237098654,6.303462582537594,1,1,A71EV2A-x7132a
smina_redock,"CSc1ncnc(N2CCC[C@@H]2Cn2cccn2)c1CC(=O)N1CCC[C@H](C(N)=O)C1 |a:11,26|",6.189334160880994,5.905829313183032,1,1,A71EV2A-x7127a
smina_redock,"CSc1ncnc(N2CCC[C@@H]2c2ccccc2)c1CC(=O)N1CCC[C@H](C(N)=O)C1 |a:11,26|",7.13169634555566,6.274941354616076,1,1,A71EV2A-x7570a
smina_redock,"CSc1ncnc(N2CCC[C@H](C(F)(F)F)C2)c1CC(=O)N1CCC[C@H](C(N)=O)C1 |a:11,25|",6.211100724659235,5.732634871309572,1,1,A71EV2A-x7246a
smina_redock,"CSc1ncnc(N2CCC[C@H](C)C2)c1CC(=O)N1CCC[C@H](C(N)=O)C1 |a:11,22|",6.173854131618843,5.901665844290865,1,1,A71EV2A-x7250a
smina_redock,"CSc1ncnc(N2CCC[C@H]2C(C)C)c1CC(=O)N1CCC[C@H](C(N)=O)C1 |a:11,23|",5.331449457260316,5.735335995053874,2,2,A71EV2A-x7491a; A71EV2A-x7491b
smina_redock,CSc1ncnc(N2CCC[C@H]2C(N)=O)c1CC(=O)N1CCC[C@H](C(N)=O)C1 |&1:11|,7.714442690992226,5.79813620585254,1,1,A71EV2A-x6832a
smina_redock,"CSc1ncnc(N2CCC[C@H]2C)c1CC(=O)N1CCC[C@H](C(N)=O)C1 |a:11,21|",5.244486511545811,5.850692670565284,2,2,A71EV2A-x7501a; A71EV2A-x7501b
smina_redock,"CSc1ncnc(N2CCC[C@H]2C2CC2)c1CC(=O)N1CCC[C@H](C(N)=O)C1 |a:11,23|",5.262032975642954,5.752638580124227,2,2,A71EV2A-x7475a; A71EV2A-x7475b
smina_redock,"CSc1ncnc(N2CCC[C@H]2CC(C)C)c1CC(=O)N1CCC[C@H](C(N)=O)C1 |a:11,24|",5.823789680118151,5.990645331759205,1,1,A71EV2A-x7257a
smina_redock,"CSc1ncnc(N2CCC[C@H]2Cc2ccnn2C)c1CC(=O)N1CCC[C@H](C(N)=O)C1 |a:11,27|",5.214011302839139,5.7508427176619366,1,1,A71EV2A-x7247a
smina_redock,CSc1ncnc(N2CCN(c3ccccn3)CC2)c1CC(=O)N1CCC[C@H](C(N)=O)C1 |a:27|,6.486226948852135,6.28886845126241,1,1,A71EV2A-x6802a
smina_redock,"CSc1ncnc(N2CC[C@@H](OC(F)F)C2)c1CC(=O)N1CCC[C@H](C(N)=O)C1 |a:10,24|",6.048106607275539,5.580067192574418,1,1,A71EV2A-x7025a
smina_redock,"CSc1ncnc(N2CC[C@@H](OC3CC3)C2)c1CC(=O)N1CCC[C@H](C(N)=O)C1 |a:10,24|",7.159468716081884,5.410772337761932,1,1,A71EV2A-x7316a
smina_redock,"CSc1ncnc(N2CC[C@H](C(=O)N(C)C)C2)c1CC(=O)N1CCC[C@H](C(N)=O)C1 |a:10,25|",5.974361680056222,5.836618972901619,1,1,A71EV2A-x7427a
smina_redock,"CSc1ncnc(N2CC[C@H](C(=O)N3CCC(C)CC3)C2)c1CC(=O)N1CCC[C@H](C(N)=O)C1 |a:10,29|",6.08170819903569,6.479574384655918,1,1,A71EV2A-x7190a
smina_redock,"CSc1ncnc(N2CC[C@H](C)C2)c1CC(=O)N1CCC[C@H](C(N)=O)C1 |a:10,21|",6.293489458676176,5.833419405698396,2,2,A71EV2A-x7026a; A71EV2A-x7026b
smina_redock,"CSc1ncnc(N2CC[C@H](OC(F)F)C2)c1CC(=O)N1CCC[C@H](C(N)=O)C1 |a:10,24|",6.925751444530095,5.823930654851723,1,1,A71EV2A-x7031a
smina_redock,"CSc1ncnc(N2CC[C@H](SC)C2)c1CC(=O)N1CCC[C@H](C(N)=O)C1 |a:10,22|",6.9071041930964325,5.261635122832296,1,1,A71EV2A-x7093a
smina_redock,"CSc1ncnc(N2CC[C@H]2C)c1CC(=O)N1CCC[C@H](C(N)=O)C1 |a:10,20|",6.695497686202032,5.724659775966829,1,1,A71EV2A-x7339a
smina_redock,CSc1ncnc(N2CCc3ccccc3CC2)c1CC(=O)N1CCC[C@H](C(N)=O)C1 |a:26|,6.483018872150272,5.929336786311869,1,1,A71EV2A-x7015a
smina_redock,CSc1ncnc(N2CCc3ccsc3C2)c1CC(=O)N1CCC[C@H](C(N)=O)C1 |a:24|,5.794648268341138,5.82671607418099,1,1,A71EV2A-x5666a
smina_redock,CSc1ncnc(N2CCc3cnc(C(C)C)nc3C2)c1CC(=O)N1CCC[C@H](C(N)=O)C1 |a:28|,5.912659591908459,6.448810161169253,1,1,A71EV2A-x7151a
smina_redock,CSc1ncnc(N2CCn3nc4c(c3C2)CCC4)c1CC(=O)N1CCC[C@H](C(N)=O)C1 |a:27|,5.601864484742403,6.231635414096844,2,2,A71EV2A-x7043a; A71EV2A-x7043b
smina_redock,CSc1ncnc(N2CCn3ncc(C#N)c3C2)c1CC(=O)N1CCC[C@H](C(N)=O)C1 |a:26|,6.13113891891355,6.087174771620031,1,1,A71EV2A-x7130a
smina_redock,"CSc1ncnc(N2C[C@H]3C[C@H]3C2)c1CC(=O)N1CCC[C@H](C(N)=O)C1 |&1:9,&2:11|",6.558486174447746,5.696121444593288,3,3,A71EV2A-x7317a; A71EV2A-x7317b; A71EV2A-x7372a
smina_redock,CSc1ncnc(N2Cc3ccccc3C2)c1CC(=O)N1CCC[C@H](C(N)=O)C1 |a:24|,6.006913143117045,6.30489194245656,1,1,A71EV2A-x6808a
smina_redock,CSc1ncnc(SC)c1CC(=O)N1CCC[C@H](C(N)=O)C1 |a:17|,5.699017277769941,5.521778628084079,1,1,A71EV2A-x5581a
smina_redock,CSc1ncncc1CC(=O)N1CCC[C@H](C(N)=O)C1 |a:15|,5.186217598084144,5.672612749789306,2,2,A71EV2A-x5039a; A71EV2A-x5039b
smina_redock,C[C@H](C(=O)N1CCC[C@H](C(N)=O)C1)c1cn(C)nc1C(F)(F)F |&1:1|,4.462842099070634,5.885338155985755,2,2,A71EV2A-x4510a; A71EV2A-x4571a
smina_redock,C[C@H](C(=O)N1CCC[C@H](C(N)=O)C1)c1nc(F)ccc1Cl |&1:1|,4.277445359017488,5.8125507508814955,2,2,A71EV2A-x4895a; A71EV2A-x4895b
smina_redock,C[C@H](Cc1cocn1)NC(=O)c1nn(C)c2ccccc12 |&1:1|,4.9657785438458255,5.067718627159266,2,2,A71EV2A-x3379a; A71EV2A-x3593a
smina_redock,"C[C@H](c1ccc(Cl)c(Br)c1)N1C[C@H](C(N)=O)CCC1=O |&1:1,&2:12|",4.041436116778033,6.038210031831868,1,1,A71EV2A-x5556a
smina_redock,"C[C@H](c1ccc2[nH]ncc2c1)N1C[C@H](C(N)=O)CCC1=O |&1:1,&2:13|",4.180071698767357,6.466644174927427,1,1,A71EV2A-x5744a
smina_redock,"C[C@H](c1cccc(Cl)c1F)N1C[C@H](C(N)=O)CCC1=O |&1:1,&2:12|",4.632644078973981,6.150733642683378,1,1,A71EV2A-x5673a
smina_redock,"C[C@H]1CC(=O)N(Cc2ccc3cnn(C)c3c2)C[C@@H]1C(N)=O |o1:1,18|",4.76433957251824,6.207482896491754,2,2,A71EV2A-x5777a; A71EV2A-x5777b
smina_redock,"C[C@H]1CC(=O)N(Cc2ccc3cnn(C)c3c2)C[C@H]1C(N)=O |o1:1,18|",4.207870191519494,6.181160683830184,1,1,A71EV2A-x5766a
smina_redock,Cc1cc(C)c(CC(=O)N2CCC[C@H](C(N)=O)C2)c(=O)[nH]1 |a:13|,4.306273051076353,6.273585295205774,1,1,A71EV2A-x4291a
smina_redock,Cc1cc(C)c(Nc2ccn(C)n2)c(C)c1,5.3072486987698415,4.673054028405633,1,1,A71EV2A-x3279a
smina_redock,Cc1cc(C)c(Nc2ccn(C3COC3)n2)c(C)c1,5.016824927962187,4.749183936705013,1,1,A71EV2A-x3234a
smina_redock,Cc1cc(CNC(=O)c2cn(C)c3ccccc23)on1,4.953569528330592,5.559799601928569,1,1,A71EV2A-x3175a
smina_redock,Cc1cc2sccc2c(Cl)c1OC(=O)N1CCC[C@H](C(N)=O)C1 |a:18|,4.215114698485657,6.12204382359193,1,1,A71EV2A-x5482a
smina_redock,Cc1ccc(CC(=O)N2CCC[C@H](C(N)=O)C2)s1 |&1:12|,4.633044431676764,5.25603862899573,2,2,A71EV2A-x5424a; A71EV2A-x5424b
smina_redock,Cc1ccc2c(C(=O)NCCc3cocn3)c[nH]c2c1,5.10808214227103,5.40877123387538,1,1,A71EV2A-x3568a
smina_redock,Cc1ccc2c(c1OC(=O)N1CCC[C@H](C(N)=O)C1)CCC2 |a:14|,4.479326279665005,6.188714301248103,2,2,A71EV2A-x5599a; A71EV2A-x5599b
smina_redock,Cc1ccc2c(cnn2C)c1Nc1ccn([C@H]2CCNC2=O)n1 |&1:16|,4.937001727490601,5.74835050036733,1,1,A71EV2A-x3305a
smina_redock,Cc1ccc2ccccc2c1N1C[C@H](C(N)=O)CCC1=O |&1:13|,3.942576835487996,6.196627091158481,1,1,A71EV2A-x5572a
smina_redock,Cc1ccc2cccnc2c1OC(=O)N1CCC[C@H](C(N)=O)C1 |a:18|,4.597502408486665,6.075006887181655,1,1,A71EV2A-x5479a
smina_redock,Cc1cccc(CC(=O)N2CCC[C@H](C(N)=O)C2)c1 |&1:13|,4.290127690297292,5.7268294710233105,2,2,A71EV2A-x4020a; A71EV2A-x4020b
smina_redock,Cc1cccc(CNC(=O)N2CCC[C@H](C(N)=O)C2)c1 |a:14|,4.967584368389079,5.696886213233693,2,2,A71EV2A-x3706a; A71EV2A-x3706b
smina_redock,Cc1cccc(N(CC(=O)N2CCCCC2)C(=O)N2CCC[C@H](C(N)=O)C2)c1 |a:22|,4.627087997029894,6.142839177900167,1,1,A71EV2A-x3908a
smina_redock,Cc1cccc(N2CCCN(CCC(N)=O)C2=O)c1,4.911546516921495,5.444483241696926,1,1,A71EV2A-x4402a
smina_redock,Cc1cccc(NC(=O)N2CCC[C@H](C(N)=O)C2)c1 |a:13|,4.246416941107094,5.805451596617298,1,1,A71EV2A-x3054a
smina_redock,Cc1ccccc1CNC(=O)N1CCC[C@H](C(N)=O)C1 |a:15|,4.978810700930062,5.329628674669872,2,2,A71EV2A-x3616a; A71EV2A-x3616b
smina_redock,Cc1ccccc1NC(=O)N1CCC[C@H](C(N)=O)C1 |a:14|,4.386163320168128,6.001633078008075,1,1,A71EV2A-x3510a
smina_redock,Cc1ccccc1NC(=O)c1ccc(C)c(C(N)=O)c1,4.804100347590766,6.001889629788403,1,1,A71EV2A-x3867a
smina_redock,Cc1ccccc1NC(=O)c1cncc(C(N)=O)c1,4.632644078973981,5.788453208657905,1,1,A71EV2A-x3564a
smina_redock,Cc1cnc(CNS(=O)(=O)C[C@H](C)c2ccccc2)o1 |&1:11|,4.8184062698439085,4.969473955395681,1,1,A71EV2A-x3623a
smina_redock,Cc1nc(C)c(CC(=O)N2CCC[C@H](C(N)=O)C2)[nH]1 |a:13|,5.409458546594426,6.149634135053405,1,1,A71EV2A-x3221a
smina_redock,Cc1nc2ccccc2n1CC(=O)N1CCC[C@H](C(N)=O)C1 |&1:17|,4.137777547252243,6.4081576990636915,1,1,A71EV2A-x3225a
smina_redock,Cc1nc2n(c1CC(=O)N1CCC[C@H](C(N)=O)C1)CCCC2 |&1:13|,5.221581099702723,5.64152966908995,1,1,A71EV2A-x3489a
smina_redock,Cc1ncnc(C)c1CC(=O)N1CCC[C@H](C(N)=O)C1 |a:15|,3.654064344980796,5.9043706330606005,1,1,A71EV2A-x4464a
smina_redock,Cc1nn(C)c(C)c1CC(=O)N[C@H](CNC(=O)CCl)c1ccc2ccccc2c1 |&1:12|,4.660785023463071,5.90969958004054,1,1,A71EV2A-x1346a
smina_redock,Cc1nn(C)c2cc(C(=O)NCCc3cocn3)ccc12,4.945173530861923,5.83536553420345,1,1,A71EV2A-x3410a
smina_redock,Cc1ocnc1CCNC(=O)c1nn(C)c2ccccc12,5.09799710864927,5.875204360662831,1,1,A71EV2A-x3286a
smina_redock,"Cc1sc([C@H](C)N2C[C@H](C(N)=O)CCC2=O)nc1-c1ccco1 |&1:4,&2:8|",4.604279969816917,6.102054774879008,1,1,A71EV2A-x6730a
smina_redock,"Cn1cc(CC(=O)N2C[C@H](C(N)=O)C[C@@H]3C[C@@H]32)cn1 |&1:9,14,16|",4.608000737058194,5.487979763538687,1,1,A71EV2A-x4992a
smina_redock,Cn1cc(NS(=O)(=O)N2CCC[C@H](C(N)=O)C2)cn1 |a:12|,5.738140147629213,5.673521676096751,2,2,A71EV2A-x5090a; A71EV2A-x5150a
smina_redock,Cn1cc2c(CC(=O)N3CCC[C@H](C(N)=O)C3)cccc2n1 |o1:12|,4.405607449624573,6.249784620042276,1,1,A71EV2A-x3914a
smina_redock,Cn1cc2c(CC(=O)N3CC[C@H](C(N)=O)C3)cccc2n1 |&1:11|,4.410050398674293,6.049960103370854,1,1,A71EV2A-x3556a
smina_redock,Cn1cc2c(n1)CCC[C@H]2C(=O)N1CCC[C@H](C(N)=O)C1 |&1:9|,3.749590923528832,6.460303680927911,1,1,A71EV2A-x4608a
smina_redock,Cn1cc2cccc(NC(=O)Cc3cocn3)c2n1,4.662403924407542,5.5348334486773005,1,1,A71EV2A-x3403a
smina_redock,"Cn1ccnc1[C@H](c1ccccc1)N1C[C@H](C(N)=O)CC1=O |&1:6,&2:15|",4.649751981665837,5.493902444638812,1,1,A71EV2A-x5106a
smina_redock,Cn1cnc(CCNC(=O)c2nn(C)c3ccccc23)c1,5.2372107018718905,6.137693482191889,1,1,A71EV2A-x3371a
smina_redock,Cn1cnc2c(NC(=O)N3CCC[C@H](C(N)=O)C3)cccc21 |a:13|,5.398637148380375,5.735284684697809,2,2,A71EV2A-x4447a; A71EV2A-x4447b
smina_redock,Cn1nc(C(=O)N2Cc3ccccc3C[C@H]2CN)c2ccccc21 |&1:15|,5.041436116778033,7.109709537444723,1,1,A71EV2A-x2293a
smina_redock,Cn1nc(C(=O)NC2CC2)c2cc(F)ccc21,4.887413111043684,4.915268229237976,1,1,A71EV2A-x2339a
smina_redock,Cn1nc(C(=O)NCC(F)(F)c2ccccn2)c2ccccc21,5.168134464700943,5.624384680113226,1,1,A71EV2A-x3280a
smina_redock,Cn1nc(C(=O)NCCc2ccc(S(C)(=O)=O)cc2)c2ccccc21,4.84887783952492,6.417107691171677,1,1,A71EV2A-x3324a
smina_redock,Cn1nc(C(=O)NCCc2cocn2)c2ccccc2c1=O,5.170374765613669,6.0769640107630085,1,1,A71EV2A-x3419a
smina_redock,Cn1nc(C(=O)NCCc2cocn2)c2cccnc21,4.981705511622298,5.38299144497793,1,1,A71EV2A-x3264a
smina_redock,Cn1nc(C(=O)NCCc2cscn2)c2ccccc21,5.337951414156192,5.4375123633228934,1,1,A71EV2A-x3306a
smina_redock,Cn1nc(C(=O)NCCn2cncn2)c2ccccc21,4.939565029910406,4.601432101389145,2,2,A71EV2A-x3181a; A71EV2A-x3181b
smina_redock,Cn1nc(C(=O)N[C@H]2CCOC2)c2ccccc21 |&1:7|,5.062339877849264,5.680298308122823,1,1,A71EV2A-x3178a
smina_redock,"Cn1nc(C(=O)N[C@H]2C[C@H]2CO)c2ccccc21 |&1:7,9|",4.895875462550428,5.508701817338258,1,1,A71EV2A-x3177a
smina_redock,Cn1nc(C(=O)Nc2cn[nH]c2)c2ccccc21,4.7783685062706525,5.197709749225625,1,1,A71EV2A-x2304a
smina_redock,Cn1nc(C(N)=O)c2cc(F)ccc21,5.050703769890054,5.090375814387591,1,1,A71EV2A-x2351a
smina_redock,Cn1nc(CC(=O)N2CC(C(N)=O)C2)c2ccccc21,4.610833915635467,5.922637119819897,1,1,A71EV2A-x4994a
smina_redock,Cn1nc(CN2C[C@H](C(N)=O)CCC2=O)c2ccccc21 |&1:7|,5.116903441948165,6.814147226406053,1,1,A71EV2A-x4547a
smina_redock,Cn1ncc(-c2cc(Cl)cc(Cl)c2)c1CC(=O)N1CCC[C@H](C(N)=O)C1 |&1:21|,4.958377726777354,5.850436118784956,1,1,A71EV2A-x3606a
smina_redock,Cn1ncc(C(=O)NCCc2cocn2)n1,5.545714601514328,4.165609267020162,1,1,A71EV2A-x3436a
smina_redock,Cn1ncc2ccc(CN3C[C@H](C(N)=O)CC(C)(C)C3=O)cc21 |&1:11|,4.005682847330363,6.45927380878117,2,2,A71EV2A-x5721a; A71EV2A-x5721b
smina_redock,Cn1ncc2ccc(CN3C[C@H](C(N)=O)CCC3=O)cc21 |o1:11|,4.026655009457717,6.908243089379204,1,1,A71EV2A-x4974a
smina_redock,N#CC1CC(NC(=O)C2(c3ccc(Cl)cc3Cl)CCOCC2)C1,4.726469830785563,4.483440272591232,1,1,A71EV2A-x3521a
smina_redock,N#CCc1cccc(NC(=O)N2CCC[C@H](C(N)=O)C2)c1 |a:15|,5.356959172517914,5.304596550960803,1,1,A71EV2A-x3480a
smina_redock,N#CCc1ccccc1CC(=O)N1CCC[C@H](C(N)=O)C1 |a:16|,5.101757238648579,5.364706633091466,2,2,A71EV2A-x4321a; A71EV2A-x4321b
smina_redock,N#Cc1ccc(Br)cc1OC(=O)N1CCC[C@H](C(N)=O)C1 |a:16|,4.421371068072836,5.428892223503898,1,1,A71EV2A-x5559a
smina_redock,N#Cc1cccc(CC(=O)N2CCC[C@H](C(N)=O)C2)n1 |a:14|,4.625197671079573,5.455617588963127,2,2,A71EV2A-x5082a; A71EV2A-x5082b
smina_redock,N#Cc1cccc(NC(=O)N2CCC[C@H](C(N)=O)C2)c1 |a:14|,5.189128446912704,5.454235874374794,2,2,A71EV2A-x3509a; A71EV2A-x3509b
smina_redock,N#Cc1ccncc1OC(=O)N1CCC[C@H](C(N)=O)C1 |a:15|,4.504331180271011,5.7511725699509295,2,2,A71EV2A-x5594a; A71EV2A-x5594b
smina_redock,N#Cc1nccc(CC(=O)N2CCC[C@H](C(N)=O)C2)n1 |a:14|,4.006352818021342,5.354001093800956,1,1,A71EV2A-x5448a
smina_redock,N#Cc1ncncc1CC(=O)N1CCC[C@H](C(N)=O)C1 |a:15|,4.424812155072339,5.118273987985457,1,1,A71EV2A-x5212a
smina_redock,N#Cc1sccc1CC(=O)N1CCC[C@H](C(N)=O)C1 |a:14|,5.008444067750377,5.23388355025176,1,1,A71EV2A-x3450a
smina_redock,NC(=O)CC1CCN(C(=O)c2cccc(F)c2)CC1,4.597746280949512,5.739642399937938,2,2,A71EV2A-x5409a; A71EV2A-x5409b
smina_redock,NC(=O)C[C@H]1CCCN(c2ncnc3ccccc23)C1 |&1:4|,4.959254335737151,5.3177173420118224,1,1,A71EV2A-x4351a
smina_redock,NC(=O)[C@H]1CC(=O)N(Cc2cccc3c2OCC3)C1 |&1:3|,5.0762380391713,5.356566611604228,1,1,A71EV2A-x4312a
smina_redock,"NC(=O)[C@H]1CCC(=O)N(C[C@H]2CCOc3ccccc32)C1 |&1:3,&2:10|",4.620443689892642,5.448500109571763,1,1,A71EV2A-x4409a
smina_redock,NC(=O)[C@H]1CCC(=O)N(Cc2cc(F)cnc2C(F)(F)F)C1 |&1:3|,4.315546325758652,5.925708411132956,2,2,A71EV2A-x5635a; A71EV2A-x5635b
smina_redock,NC(=O)[C@H]1CCC(=O)N(Cc2ccc3cc[nH]c3c2)C1 |&1:3|,4.611743840379951,6.225789698530818,2,2,A71EV2A-x4596a; A71EV2A-x4596b
smina_redock,NC(=O)[C@H]1CCC(=O)N(Cc2cccc(F)c2)C1 |&1:3|,4.255233465290414,6.074984897029055,1,1,A71EV2A-x4924a
smina_redock,NC(=O)[C@H]1CCC(=O)N(Cc2ccsc2)C1 |&1:3|,3.774068781319247,5.236753265165992,2,2,A71EV2A-x5608a; A71EV2A-x5608b
smina_redock,NC(=O)[C@H]1CCC(=O)N([C@@H]2CCCc3ccccc32)C1 |o1:3|,4.5934598195660445,5.447994336061976,1,1,A71EV2A-x5052a
smina_redock,"NC(=O)[C@H]1CCC(=O)N([C@H](CC(F)(F)F)c2cc(Cl)cc(Cl)c2)C1 |&1:3,&2:9|",4.327996747928408,5.7729574811261415,1,1,A71EV2A-x5665a
smina_redock,NC(=O)[C@H]1CCC(=O)N([C@H]2CCCc3ccccc32)C1 |o1:3|,4.631937259138866,5.9017647999775615,2,2,A71EV2A-x5210a; A71EV2A-x5210b
smina_redock,NC(=O)[C@H]1CCC(=O)N(c2cc3cnccc3c(F)c2F)C1 |&1:3|,4.801706220928761,6.85474837815555,1,1,A71EV2A-x6714a
smina_redock,NC(=O)[C@H]1CCCN(C(=O)C(c2ccccc2)c2ccccc2)C1 |a:3|,5.179858685151659,5.909523658819743,1,1,A71EV2A-x3982a
smina_redock,NC(=O)[C@H]1CCCN(C(=O)C2(O)CCSCC2)C1 |a:3|,4.388276691992658,5.231567254177949,1,1,A71EV2A-x4708a
smina_redock,NC(=O)[C@H]1CCCN(C(=O)C2(c3ccoc3)CCC2)C1 |a:3|,4.618930913825583,5.4635963493313024,2,2,A71EV2A-x4514a; A71EV2A-x4575a
smina_redock,NC(=O)[C@H]1CCCN(C(=O)C2CCSCC2)C1 |a:3|,4.603800652904264,5.2917982821479095,1,1,A71EV2A-x4706a
smina_redock,NC(=O)[C@H]1CCCN(C(=O)CC2CSC2)C1 |a:3|,4.607306606035202,5.009276131600729,1,1,A71EV2A-x4707a
smina_redock,NC(=O)[C@H]1CCCN(C(=O)Cc2cc(C(F)(F)F)ccc2C(F)(F)F)C1 |a:3|,3.806800765395556,6.177979441754127,1,1,A71EV2A-x4381a
smina_redock,NC(=O)[C@H]1CCCN(C(=O)Cc2cc(C(F)(F)F)ccc2Cl)C1 |&1:3|,4.906948150425689,5.814958672591137,1,1,A71EV2A-x3208a
smina_redock,NC(=O)[C@H]1CCCN(C(=O)Cc2cc3c(cc2Cl)OCCO3)C1 |a:3|,4.037176387439713,6.032543902512069,2,2,A71EV2A-x4669a; A71EV2A-x4669b
smina_redock,NC(=O)[C@H]1CCCN(C(=O)Cc2ccc3c(c2)CCC(=O)N3)C1 |a:3|,4.349692476868063,5.6586160176597415,1,1,A71EV2A-x4320a
smina_redock,NC(=O)[C@H]1CCCN(C(=O)Cc2cccc(Cl)c2Cl)C1 |a:3|,4.065026720650614,6.027742719194518,1,1,A71EV2A-x4336a
smina_redock,NC(=O)[C@H]1CCCN(C(=O)Cc2cccc3c2CCC3)C1 |a:3|,3.9502403164313615,6.24908826520996,1,1,A71EV2A-x4344a
smina_redock,NC(=O)[C@H]1CCCN(C(=O)Cc2cccc3c2SCC3)C1 |a:3|,3.551812748385584,5.606294114574725,1,1,A71EV2A-x5151a
smina_redock,NC(=O)[C@H]1CCCN(C(=O)Cc2cccc3cn[nH]c23)C1 |&1:3|,5.011185771310347,5.896593449091252,1,1,A71EV2A-x3210a
smina_redock,NC(=O)[C@H]1CCCN(C(=O)Cc2cccc3ncsc23)C1 |a:3|,3.9648133085158968,6.261256149648336,1,1,A71EV2A-x5221a
smina_redock,NC(=O)[C@H]1CCCN(C(=O)Cc2cccc3nsnc23)C1 |a:3|,4.492392502728005,5.482306304168022,1,1,A71EV2A-x4463a
smina_redock,NC(=O)[C@H]1CCCN(C(=O)Cc2cccc3occc23)C1 |&1:3|,3.960269771303526,6.003942044031021,1,1,A71EV2A-x3191a
smina_redock,NC(=O)[C@H]1CCCN(C(=O)Cc2cccc3sccc23)C1 |a:3|,3.9387751065420735,5.504618979005622,1,1,A71EV2A-x4341a
smina_redock,NC(=O)[C@H]1CCCN(C(=O)Cc2ccccc2CO)C1 |a:3|,4.345773777137761,5.632004267988943,2,2,A71EV2A-x4374a; A71EV2A-x4374b
smina_redock,NC(=O)[C@H]1CCCN(C(=O)Cc2ccccc2CS(N)(=O)=O)C1 |a:3|,4.135380979941972,5.836186499900497,1,1,A71EV2A-x4403a
smina_redock,NC(=O)[C@H]1CCCN(C(=O)Cc2ccccc2OC(F)F)C1 |a:3|,4.229666366474778,5.303973496637151,1,1,A71EV2A-x4319a
smina_redock,NC(=O)[C@H]1CCCN(C(=O)Cc2cccnc2Cl)C1 |a:3|,3.43690985073048,6.050935000136096,2,2,A71EV2A-x5079a; A71EV2A-x5079b
smina_redock,NC(=O)[C@H]1CCCN(C(=O)Cc2cccnc2O)C1 |a:3|,5.153756287657022,5.681874269059119,1,1,A71EV2A-x4372a
smina_redock,NC(=O)[C@H]1CCCN(C(=O)Cc2ccnc(Cl)c2Br)C1 |&1:3|,4.162204305054052,5.753701437499869,1,1,A71EV2A-x3193a
smina_redock,NC(=O)[C@H]1CCCN(C(=O)Cc2ccnc(Cl)n2)C1 |a:3|,4.653647025549361,5.965272360684844,2,2,A71EV2A-x5213a; A71EV2A-x5213b
smina_redock,NC(=O)[C@H]1CCCN(C(=O)Cc2ccncc2Cl)C1 |a:3|,5.18523404082538,5.900287794727965,1,1,A71EV2A-x4461a
smina_redock,NC(=O)[C@H]1CCCN(C(=O)Cc2ccsc2)C1 |&1:3|,4.589713631215067,5.275082101146875,2,2,A71EV2A-x5425a; A71EV2A-x5425b
smina_redock,NC(=O)[C@H]1CCCN(C(=O)Cc2cncnc2Cl)C1 |a:3|,4.037630664329979,5.579968236887721,2,2,A71EV2A-x5081a; A71EV2A-x5081b
smina_redock,NC(=O)[C@H]1CCCN(C(=O)Cc2ncc3ccc(Br)cn23)C1 |a:3|,4.424218724311264,5.848649418886248,4,4,A71EV2A-x4519a; A71EV2A-x4519b; A71EV2A-x4580a; A71EV2A-x4580b
smina_redock,NC(=O)[C@H]1CCCN(C(=O)Cc2ncncc2Cl)C1 |a:3|,4.03673794170959,5.783461444017824,2,2,A71EV2A-x4979a; A71EV2A-x4979b
smina_redock,NC(=O)[C@H]1CCCN(C(=O)Cn2cc(Br)cc(Cl)c2=O)C1 |a:3|,3.7253509633996433,5.828416645982015,1,1,A71EV2A-x4540a
smina_redock,NC(=O)[C@H]1CCCN(C(=O)NCC2CC2)C1 |a:3|,5.064884396650843,5.0168407440949485,1,1,A71EV2A-x3417a
smina_redock,NC(=O)[C@H]1CCCN(C(=O)Nc2cc3c(cc2Cl)OCO3)C1 |a:3|,4.6271423700874985,5.834280686675209,1,1,A71EV2A-x4308a
smina_redock,NC(=O)[C@H]1CCCN(C(=O)Nc2cccc3c2S(=O)(=O)CCC3)C1 |a:3|,4.616184634019569,6.261974494633252,1,1,A71EV2A-x4654a
smina_redock,NC(=O)[C@H]1CCCN(C(=O)Nc2cccc3c2SCCC3)C1 |a:3|,4.5141394746468695,6.023911545941632,3,3,A71EV2A-x4674a; A71EV2A-x4674b; A71EV2A-x4674c
smina_redock,NC(=O)[C@H]1CCCN(C(=O)Nc2ccccc2F)C1 |a:3|,4.851286884122841,6.123934976715485,1,1,A71EV2A-x3612a
smina_redock,NC(=O)[C@H]1CCCN(C(=O)Nc2ccccc2OCC(F)(F)F)C1 |a:3|,5.15661038833037,6.042923254539022,1,1,A71EV2A-x4306a
smina_redock,NC(=O)[C@H]1CCCN(C(=O)Nc2ccccc2SC(F)F)C1 |a:3|,4.325140144305149,5.596178644378967,1,1,A71EV2A-x4656a
smina_redock,NC(=O)[C@H]1CCCN(C(=O)OC2CCCCC2)C1 |a:3|,4.042264201974706,5.398736394239153,1,1,A71EV2A-x5351a
smina_redock,NC(=O)[C@H]1CCCN(C(=O)[C@H](CN2CCCC2)c2ccccc2)C1 |&1:10|,5.024630533433036,5.82988998620618,1,1,A71EV2A-x3975a
smina_redock,NC(=O)[C@H]1CCCN(C(=O)[C@H](Cc2ccc(F)cc2)c2ccccc2)C1 |&1:10|,5.478592246479633,6.311362544858955,4,4,A71EV2A-x4237a; A71EV2A-x4237b; A71EV2A-x4237c; A71EV2A-x4237d
smina_redock,NC(=O)[C@H]1CCCN(C(=O)[C@H](OCC2CCCC2)c2ccccc2)C1 |&1:10|,5.567003508658591,5.958459078404441,1,1,A71EV2A-x3968a
smina_redock,NC(=O)[C@H]1CCCN(C(=O)[C@H](Sc2ccccc2)c2ccccc2)C1 |&1:10|,5.135488918941608,5.885294175680556,2,2,A71EV2A-x3986a; A71EV2A-x3986b
smina_redock,NC(=O)[C@H]1CCCN(C(=O)[C@H](c2ccccc2)n2cccn2)C1 |&1:10|,4.869666231504994,5.42270566057258,2,2,A71EV2A-x4451a; A71EV2A-x4451b
smina_redock,"NC(=O)[C@H]1CCCN(C(=O)[C@H]2CCNc3[nH]ncc32)C1 |&1:3,&2:10|",5.556193958463214,5.823571482359265,1,1,A71EV2A-x3218a
smina_redock,NC(=O)[C@H]1CCCN(C(=O)[C@H]2CCOc3ccc(Cl)cc32)C1 |&1:10|,5.28547334915742,5.561309592407067,1,1,A71EV2A-x4260a
smina_redock,NC(=O)[C@H]1CCCN(C(=O)[C@H]2CCSc3ccccc32)C1 |o1:10|,4.826813731587726,5.957865344284254,2,2,A71EV2A-x4943a; A71EV2A-x4943b
smina_redock,"NC(=O)[C@H]1CCCN(C(=O)[C@H]2CC[C@H]2c2ccc(Cl)cc2)C1 |&1:10,&2:13|",4.000869458712629,5.651645139285708,1,1,A71EV2A-x5550a
smina_redock,NC(=O)[C@H]1CCCN(C(=O)[C@H]2CCc3cccc(Br)c32)C1 |&1:10|,4.479401524821051,5.660866343275754,2,2,A71EV2A-x4202a; A71EV2A-x4202b
smina_redock,NC(=O)[C@H]1CCCN(C(=O)[C@H]2CCc3cccc(O)c32)C1 |&1:10|,5.148337017678052,6.237539770069803,2,2,A71EV2A-x4456a; A71EV2A-x4456b
smina_redock,NC(=O)[C@H]1CCCN(C(=O)[C@H]2CCc3snnc32)C1 |&1:10|,4.667561540084395,5.405853873630517,1,1,A71EV2A-x4472a
smina_redock,NC(=O)[C@H]1CCCN(C(=O)[C@H]2SCc3cccnc32)C1 |&1:10|,4.60382166833978,6.1499310021134965,2,2,A71EV2A-x4606a; A71EV2A-x4606b
smina_redock,"NC(=O)[C@H]1CCCN(C(=O)[C@]2(Cc3ccc(F)cc3)CCCCO2)C1 |&1:3,&2:10|",4.609064892896621,6.392815902600125,1,1,A71EV2A-x4416a
smina_redock,NC(=O)[C@H]1CCCN(C(=O)c2ccnc3[nH]ncc23)C1 |&1:3|,4.787812395596042,6.374710676959891,1,1,A71EV2A-x3223a
smina_redock,NC(=O)[C@H]1CCN(C(=O)Cc2c(Cl)cccc2Cl)C1 |&1:3|,4.7544873321858505,5.504362427225295,1,1,A71EV2A-x5427a
smina_redock,NC(=O)[C@H]1CCN(C(=O)Cc2cc(C(F)(F)F)ccc2Cl)C1 |&1:3|,5.04901488179868,5.663944964639681,1,1,A71EV2A-x3989a
smina_redock,NC(=O)[C@H]1CCN(C(=O)Cn2c(=O)sc3ccc(Cl)cc32)C1 |a:3|,4.001740661576301,5.617516422451324,2,2,A71EV2A-x5824a; A71EV2A-x5824b
smina_redock,NC(=O)[C@H]1CCN(C(=O)Cn2cc(Br)cc(Cl)c2=O)C1 |a:3|,4.024899837282849,5.411769224679775,1,1,A71EV2A-x5779a
smina_redock,NC(=O)[C@H]1CCN(C(=O)[C@H]2CCCN2C(=O)c2cccs2)C1 |&1:9|,5.012334272309165,5.44155122135033,2,2,A71EV2A-x5705a; A71EV2A-x5705b
smina_redock,NC(=O)[C@H]1CCN(C(=O)[C@H]2CCOc3ccc(Cl)cc32)C1 |&1:9|,4.437172628708407,6.079998651821736,1,1,A71EV2A-x5728a
smina_redock,NC(=O)[C@H]1CCN(C(=O)[C@H]2CSc3ccccc32)C1 |&1:9|,4.129009644321656,5.803384522272948,1,1,A71EV2A-x5570a
smina_redock,"NC(=O)[C@H]1CCN(C(=O)[C@H]2SCCc3sccc32)C1 |&1:3,&2:9|",4.430090742898188,5.740917828788707,1,1,A71EV2A-x5431a
smina_redock,"NC(=O)[C@H]1C[C@@H]2C[C@@H]2N(C(=O)Cc2ccccc2Cl)C1 |&1:3,5,7|",4.5796822958876815,6.220490071754344,2,2,A71EV2A-x5802a; A71EV2A-x5802b
smina_redock,"NC(=O)[C@H]1C[C@H]2C[C@H]2N(C(=O)Cc2ccccc2Cl)C1 |&1:3,5,7|",4.476253533188435,5.865810900477422,2,2,A71EV2A-x5798a; A71EV2A-x5798b
smina_redock,NC(=O)[C@]12CN(C(=O)Cc3ccccc3Cl)C[C@@H](C1)C2 |&1:3|,4.0045909104114665,5.966866646748307,1,1,A71EV2A-x5277a
smina_redock,NC(=O)c1ccccc1CC(=O)N1CCC[C@H](C(N)=O)C1 |a:16|,3.660111973943557,5.412524219919023,1,1,A71EV2A-x4840a
smina_redock,O=C(NCCc1cocn1)N1CCc2ccccc21,5.162973800773931,5.560298045387491,1,1,A71EV2A-x3392a
smina_redock,O=C(NCCc1cocn1)c1ccccc1,5.093196163745395,4.4162750165015705,1,1,A71EV2A-x3435a
