Name,SMILES,is_binder
A71EV2A-x1346a,Cc1nn(C)c(C)c1CC(=O)N[C@@H](CNC(=O)CCl)c1ccc2ccccc2c1,True
A71EV2A-x2293a,Cn1nc(C(=O)NC[C@@H]2Cc3ccccc3CN2)c2ccccc21,True
A71EV2A-x2846a,Cn1nc(C(=O)NCCc2cocn2)c2ccccc21,True
A71EV2A-x2972a,Cn1nc(C(=O)NCc2c[nH]cn2)c2ccccc21,True
A71EV2A-x3054a,Cc1cccc(NC(=O)N2CCC[C@H](C(N)=O)C2)c1,True
A71EV2A-x3175a,Cc1cc(CNC(=O)c2cn(C)c3ccccc23)on1,True
A71EV2A-x3181a,Cn1nc(C(=O)NCCn2cncn2)c2ccccc21,True
A71EV2A-x3186a,COc1ccccc1CC(=O)N1CCC[C@H](C(N)=O)C1,True
A71EV2A-x3188a,Cn1cc2c(CC(=O)N3CCC[C@H](C(N)=O)C3)cccc2n1,True
A71EV2A-x3191a,NC(=O)[C@H]1CCCN(C(=O)Cc2cccc3occc23)C1,True
A71EV2A-x3193a,NC(=O)[C@H]1CCCN(C(=O)Cc2ccnc(Cl)c2Br)C1,True
A71EV2A-x3194a,Cc1cc(CC(=O)N2CCC[C@H](C(N)=O)C2)ccn1,True
A71EV2A-x3201a,COc1ncccc1CC(=O)N1CCC[C@H](C(N)=O)C1,True
A71EV2A-x3207a,NC(=O)[C@H]1CCCN(C(=O)Cc2ccnc(N)c2)C1,True
A71EV2A-x3208a,NC(=O)[C@H]1CCCN(C(=O)Cc2cc(C(F)(F)F)ccc2Cl)C1,True
A71EV2A-x3210a,NC(=O)[C@H]1CCCN(C(=O)Cc2cccc3cn[nH]c23)C1,True
A71EV2A-x3218a,NC(=O)[C@H]1CCCN(C(=O)[C@@H]2CCNc3[nH]ncc32)C1,True
A71EV2A-x3221a,Cc1nc(C)c(CC(=O)N2CCC[C@H](C(N)=O)C2)[nH]1,True
A71EV2A-x3223a,NC(=O)[C@H]1CCCN(C(=O)c2ccnc3[nH]ncc23)C1,True
A71EV2A-x3225a,Cc1nc2ccccc2n1CC(=O)N1CCC[C@H](C(N)=O)C1,True
A71EV2A-x3229a,COc1ccncc1CC(=O)N1CCC[C@H](C(N)=O)C1,True
A71EV2A-x3234a,Cc1cc(C)c(Nc2ccn(C3COC3)n2)c(C)c1,True
A71EV2A-x3264a,Cn1nc(C(=O)NCCc2cocn2)c2cccnc21,True
A71EV2A-x3280a,Cn1nc(C(=O)NCC(F)(F)c2ccccn2)c2ccccc21,True
A71EV2A-x3286a,Cc1ocnc1CCNC(=O)c1nn(C)c2ccccc12,True
A71EV2A-x3305a,Cc1ccc2c(cnn2C)c1Nc1ccn([C@H]2CCNC2=O)n1,True
A71EV2A-x3306a,Cn1nc(C(=O)NCCc2cscn2)c2ccccc21,True
A71EV2A-x3324a,Cn1nc(C(=O)NCCc2ccc(S(C)(=O)=O)cc2)c2ccccc21,True
A71EV2A-x3371a,Cn1cnc(CCNC(=O)c2nn(C)c3ccccc23)c1,True
A71EV2A-x3379a,C[C@@H](Cc1cocn1)NC(=O)c1nn(C)c2ccccc12,True
A71EV2A-x3392a,O=C(NCCc1cocn1)N1CCc2ccccc21,True
A71EV2A-x3403a,Cn1cc2cccc(NC(=O)Cc3cocn3)c2n1,True
A71EV2A-x3410a,Cc1nn(C)c2cc(C(=O)NCCc3cocn3)ccc12,True
A71EV2A-x3419a,Cn1nc(C(=O)NCCc2cocn2)c2ccccc2c1=O,True
A71EV2A-x3450a,N#Cc1sccc1CC(=O)N1CCC[C@H](C(N)=O)C1,True
A71EV2A-x3480a,N#CCc1cccc(NC(=O)N2CCC[C@H](C(N)=O)C2)c1,True
A71EV2A-x3483a,COCc1ccccc1NC(=O)N1CCC[C@H](C(N)=O)C1,True
A71EV2A-x3485a,COc1cccc(NC(=O)N2CCC[C@H](C(N)=O)C2)c1,True
A71EV2A-x3488a,COCC(=O)Nc1c(Cl)cc(C)cc1Oc1cccc(C(N)=O)c1,True
A71EV2A-x3489a,Cc1nc2n(c1CC(=O)N1CCC[C@H](C(N)=O)C1)CCCC2,True
A71EV2A-x3509a,N#Cc1cccc(NC(=O)N2CCC[C@H](C(N)=O)C2)c1,True
A71EV2A-x3510a,Cc1ccccc1NC(=O)N1CCC[C@H](C(N)=O)C1,True
A71EV2A-x3521a,N#C[C@H]1C[C@@H](NC(=O)C2(c3ccc(Cl)cc3Cl)CCOCC2)C1,True
A71EV2A-x3522a,COCC(=O)Nc1c(Cl)cc(C)cc1OCc1ncccn1,True
A71EV2A-x3546a,COc1ccc(F)cc1CC(=O)N1CCC[C@H](C(N)=O)C1,True
A71EV2A-x3550a,COc1ccccc1CC(=O)N1C[C@@H](C(N)=O)CC[C@@H]1C,True
A71EV2A-x3556a,Cn1cc2c(CC(=O)N3CC[C@H](C(N)=O)C3)cccc2n1,True
A71EV2A-x3557a,COc1ccc(CC(=O)N2CCC[C@H](C(N)=O)C2)c(OC)c1,True
A71EV2A-x3564a,Cc1ccccc1NC(=O)c1cncc(C(N)=O)c1,True
A71EV2A-x3568a,Cc1ccc2c(C(=O)NCCc3cocn3)c[nH]c2c1,True
A71EV2A-x3571a,COc1ccccc1CC(=O)N1CCCC[C@H](C(N)=O)C1,True
A71EV2A-x3575a,COc1c(C#N)cccc1CC(=O)N1CCC[C@H](C(N)=O)C1,True
A71EV2A-x3579a,COc1ccccc1CN1C[C@@H](C(N)=O)CCC1=O,True
A71EV2A-x3581a,COc1ccccc1CC(=O)N1CC[C@H](C(N)=O)C1,True
A71EV2A-x3585a,Cc1cc(NC(=O)N2CCC[C@H](C(N)=O)C2)c2cnn(C)c2c1,True
A71EV2A-x3606a,Cn1ncc(-c2cc(Cl)cc(Cl)c2)c1CC(=O)N1CCC[C@H](C(N)=O)C1,True
A71EV2A-x3612a,NC(=O)[C@H]1CCCN(C(=O)Nc2ccccc2F)C1,True
A71EV2A-x3616a,Cc1ccccc1CNC(=O)N1CCC[C@H](C(N)=O)C1,True
A71EV2A-x3618a,CCNC(=O)c1cccc(NC(=O)N2CCC[C@H](C(N)=O)C2)c1,True
A71EV2A-x3623a,Cc1cnc(CNS(=O)(=O)C[C@@H](C)c2ccccc2)o1,True
A71EV2A-x3634a,COc1ccccc1CC(=O)N1C[C@H](C(N)=O)[C@@H](C)C1,True
A71EV2A-x3663a,COc1ccccc1CC(=O)N1CCO[C@@H](C(N)=O)C1,True
A71EV2A-x3665a,COc1ccccc1CC(=O)N1C[C@@H](C(N)=O)CC(F)(F)C1,True
A71EV2A-x3685a,COc1ccccc1CC(=O)N1CC[C@@H](NC(N)=O)C1,True
A71EV2A-x3694a,COc1ccccc1CC(=O)N1CC[C@@H](CC(N)=O)C1,True
A71EV2A-x3706a,Cc1cccc(CNC(=O)N2CCC[C@H](C(N)=O)C2)c1,True
A71EV2A-x3849a,COc1ncccc1CC(=O)N1CCC[C@@H](C(N)=O)C1,True
A71EV2A-x3858a,COc1cccc(Cl)c1CC(=O)N1CCC[C@@H](C(N)=O)C1,True
A71EV2A-x3862a,COc1ccccc1[C@@H](OC)C(=O)N1CCC[C@H](C(N)=O)C1,True
A71EV2A-x3867a,Cc1ccccc1NC(=O)c1ccc(C)c(C(N)=O)c1,True
A71EV2A-x3868a,COc1ccccc1N(C)C(=O)N1CCC[C@H](C(N)=O)C1,True
A71EV2A-x3883a,COc1ccccc1[C@H](OC)C(=O)N1CCC[C@H](C(N)=O)C1,True
A71EV2A-x3884a,COc1ccccc1[C@H](NC(=O)OC(C)(C)C)C(=O)N1CCC[C@H](C(N)=O)C1,True
A71EV2A-x3890a,COc1ccccc1[C@H](N)C(=O)N1CCC[C@H](C(N)=O)C1,True
A71EV2A-x3897a,COc1ccncc1CC(=O)N1CCC[C@@H](C(N)=O)C1,True
A71EV2A-x3901a,COc1ccccc1CC(=O)N1CCN[C@H](C(N)=O)C1,True
A71EV2A-x3908a,Cc1cccc(N(CC(=O)N2CCCCC2)C(=O)N2CCC[C@H](C(N)=O)C2)c1,True
A71EV2A-x3936a,COC[C@]1(C(=O)N2CCC[C@H](C(N)=O)C2)CCCCO1,True
A71EV2A-x3937a,CO[C@@H](C(=O)N1CCC[C@H](C(N)=O)C1)c1cccnc1,True
A71EV2A-x3939a,CO[C@@H](C(=O)N1CCC[C@H](C(N)=O)C1)c1ccccc1C,True
A71EV2A-x3940a,COc1ccc(Cl)cc1CC(=O)N1CCC[C@H](C(N)=O)C1,True
A71EV2A-x3942a,COc1cccc(Cl)c1CC(=O)N1CCC[C@H](C(N)=O)C1,True
A71EV2A-x3944a,CCN(CC1CC1)C(=O)c1cccc(CC(=O)N2CCC[C@H](C(N)=O)C2)c1,True
A71EV2A-x3954a,COc1ccc2c(n1)[C@@H](C(=O)N1CCC[C@H](C(N)=O)C1)CC2,True
A71EV2A-x3956a,COc1ccccc1CCN1C[C@@H](C(N)=O)CC1=O,True
A71EV2A-x3963a,NC(=O)[C@H]1CCCN(C(=O)Cc2cccnc2N)C1,True
A71EV2A-x3968a,NC(=O)[C@H]1CCCN(C(=O)[C@H](OCC2CCCC2)c2ccccc2)C1,True
A71EV2A-x3975a,NC(=O)[C@H]1CCCN(C(=O)[C@@H](CN2CCCC2)c2ccccc2)C1,True
A71EV2A-x3981a,NC(=O)[C@H]1CCCN(C(=O)[C@@H](CCc2ccccc2)c2ccccc2)C1,True
A71EV2A-x3982a,NC(=O)[C@H]1CCCN(C(=O)C(c2ccccc2)c2ccccc2)C1,True
A71EV2A-x3986a,NC(=O)[C@H]1CCCN(C(=O)[C@@H](Sc2ccccc2)c2ccccc2)C1,True
A71EV2A-x3989a,NC(=O)[C@H]1CCN(C(=O)Cc2cc(C(F)(F)F)ccc2Cl)C1,True
A71EV2A-x3990a,COc1ccccc1CC(=O)N1C[C@H](C(N)=O)[C@@H](C(F)(F)F)C1,True
A71EV2A-x3992a,COc1cccc(Cl)c1NC(=O)N1CC[C@H](C(N)=O)C1,True
A71EV2A-x3993a,COc1cccc(Cl)c1CC(=O)N1C[C@H](C(N)=O)C[C@H](C(=O)NC2CC2)C1,True
A71EV2A-x4012a,COc1ccccc1NC(=O)N1CCC[C@H](C(N)=O)C1,True
A71EV2A-x4017a,Cn1ncc2c(NC(=O)N3CCC[C@H](C(N)=O)C3)cccc21,True
A71EV2A-x4018a,COc1ccccc1CC(=O)N1CCC[C@H](C(N)=O)CC1,True
A71EV2A-x4020a,Cc1cccc(CC(=O)N2CCC[C@H](C(N)=O)C2)c1,True
A71EV2A-x4028a,COc1ccc(C(F)(F)F)cc1CC(=O)N1CCC[C@H](C(N)=O)C1,True
A71EV2A-x4031a,COc1ncccc1NC(=O)N1CCC[C@H](C(N)=O)C1,True
A71EV2A-x4035a,COc1cccc(Cl)c1NC(=O)N1CCC[C@H](C(N)=O)C1,True
A71EV2A-x4202a,NC(=O)[C@H]1CCCN(C(=O)[C@H]2CCc3cccc(Br)c32)C1,True
A71EV2A-x4203a,COc1cc(Cl)ccc1CC(=O)N1CCC[C@H](C(N)=O)C1,True
A71EV2A-x4207a,COc1ccccc1[C@@H](NC(C)=O)C(=O)N1CCC[C@H](C(N)=O)C1,True
A71EV2A-x4214a,COc1ccccc1S(=O)(=O)N1CCC[C@H](C(N)=O)C1,True
A71EV2A-x4237a,NC(=O)[C@H]1CCCN(C(=O)[C@@H](Cc2ccc(F)cc2)c2ccccc2)C1,True
A71EV2A-x4239a,COc1cccc(Cl)c1CC(=O)N1C[C@H](C(N)=O)[C@H]2CCC[C@H]21,True
A71EV2A-x4254a,NC(=O)[C@H]1CCCN(C(=O)[C@H]2Cc3cccc(Cl)c32)C1,True
A71EV2A-x4260a,NC(=O)[C@H]1CCCN(C(=O)[C@H]2CCOc3ccc(Cl)cc32)C1,True
A71EV2A-x4283a,COc1cccnc1CC(=O)N1CCC[C@H](C(N)=O)C1,True
A71EV2A-x4290a,CSc1c(Br)cccc1CC(=O)N1CCC[C@H](C(N)=O)C1,True
A71EV2A-x4291a,Cc1cc(C)c(CC(=O)N2CCC[C@H](C(N)=O)C2)c(=O)[nH]1,True
A71EV2A-x4292a,NC(=O)[C@H]1CCCN(C(=O)Cc2cnccc2C(F)(F)F)C1,True
A71EV2A-x4295a,COc1ccccc1[C@@H](O)CN1C[C@@H](C(N)=O)CC1=O,True
A71EV2A-x4298a,COc1cccc(NC(=O)N2CCC[C@H](C(N)=O)C2)n1,True
A71EV2A-x4303a,COc1ccc(S(C)(=O)=O)cc1NC(=O)N1CCC[C@H](C(N)=O)C1,True
A71EV2A-x4304a,COc1ccc(NS(C)(=O)=O)cc1NC(=O)N1CCC[C@H](C(N)=O)C1,True
A71EV2A-x4305a,CC(C)Oc1ccccc1NC(=O)N1CCC[C@H](C(N)=O)C1,True
A71EV2A-x4306a,NC(=O)[C@H]1CCCN(C(=O)Nc2ccccc2OCC(F)(F)F)C1,True
A71EV2A-x4308a,NC(=O)[C@H]1CCCN(C(=O)Nc2cc3c(cc2Cl)OCO3)C1,True
A71EV2A-x4309a,CCS(=O)(=O)c1ccc(OC)c(NC(=O)N2CCC[C@H](C(N)=O)C2)c1,True
A71EV2A-x4310a,COc1c(NC(=O)N2CCC[C@H](C(N)=O)C2)cccc1C(F)(F)F,True
A71EV2A-x4311a,CC(C)(C)c1ccccc1NC(=O)N1CCC[C@H](C(N)=O)C1,True
A71EV2A-x4312a,NC(=O)[C@H]1CC(=O)N(Cc2cccc3c2OCC3)C1,True
A71EV2A-x4313a,COc1ccccc1[C@H](C)CN1C[C@@H](C(N)=O)CC1=O,True
A71EV2A-x4315a,NC(=O)[C@H]1CCC(=O)N(Cc2cccc3c2OCO3)C1,True
A71EV2A-x4316a,COc1cccc2c1CC[C@H]2N1C[C@@H](C(N)=O)CCC1=O,True
A71EV2A-x4317a,COc1ccccc1CC(=O)N1C[C@@H](C(N)=O)CC12CC2,True
A71EV2A-x4319a,NC(=O)[C@H]1CCCN(C(=O)Cc2ccccc2OC(F)F)C1,True
A71EV2A-x4320a,NC(=O)[C@H]1CCCN(C(=O)Cc2ccc3c(c2)CCC(=O)N3)C1,True
A71EV2A-x4321a,N#CCc1ccccc1CC(=O)N1CCC[C@H](C(N)=O)C1,True
A71EV2A-x4322a,CC(=O)Nc1ccccc1CC(=O)N1CCC[C@H](C(N)=O)C1,True
A71EV2A-x4324a,NC(=O)[C@H]1CCC(=O)N(Cc2cccc3c2OCC3)C1,True
A71EV2A-x4331a,CCc1ccccc1CC(=O)N1CCC[C@H](C(N)=O)C1,True
A71EV2A-x4333a,Cc1ncccc1CC(=O)N1CCC[C@H](C(N)=O)C1,True
A71EV2A-x4334a,CSc1cccc(CC(=O)N2CCC[C@H](C(N)=O)C2)c1,True
A71EV2A-x4336a,NC(=O)[C@H]1CCCN(C(=O)Cc2cccc(Cl)c2Cl)C1,True
A71EV2A-x4341a,NC(=O)[C@H]1CCCN(C(=O)Cc2cccc3sccc23)C1,True
A71EV2A-x4342a,NC(=O)[C@H]1CCCN(C(=O)Cc2cccnc2C(F)(F)F)C1,True
A71EV2A-x4343a,NC(=O)[C@H]1CCCN(C(=O)Cc2ccnc(O)c2Br)C1,True
A71EV2A-x4344a,NC(=O)[C@H]1CCCN(C(=O)Cc2cccc3c2CCC3)C1,True
A71EV2A-x4346a,NC(=O)[C@H]1CCCN(C(=O)Cc2cccc3nonc23)C1,True
A71EV2A-x4350a,Cc1cnccc1CC(=O)N1CCC[C@H](C(N)=O)C1,True
A71EV2A-x4351a,NC(=O)C[C@H]1CCCN(c2ncnc3ccccc23)C1,True
A71EV2A-x4365a,NC(=O)[C@H]1CCCN(C(=O)Cc2cccc3c2OCCO3)C1,True
A71EV2A-x4368a,COCc1ccccc1CC(=O)N1CCC[C@H](C(N)=O)C1,True
A71EV2A-x4372a,NC(=O)[C@H]1CCCN(C(=O)Cc2cccnc2O)C1,True
A71EV2A-x4373a,NC(=O)[C@H]1CCCN(C(=O)Cc2cccc3c2OCO3)C1,True
A71EV2A-x4374a,NC(=O)[C@H]1CCCN(C(=O)Cc2ccccc2CO)C1,True
A71EV2A-x4380a,NC(=O)[C@H]1CCCN(C(=O)Cc2cc(F)ccc2Cl)C1,True
A71EV2A-x4381a,NC(=O)[C@H]1CCCN(C(=O)Cc2cc(C(F)(F)F)ccc2C(F)(F)F)C1,True
A71EV2A-x4386a,CSc1ccccc1CC(=O)N1CCC[C@H](C(N)=O)C1,True
A71EV2A-x4388a,COc1ncc(Br)cc1CC(=O)N1CCC[C@H](C(N)=O)C1,True
A71EV2A-x4390a,COc1ccccc1CCN1C[C@H](C(N)=O)CCC1=O,True
A71EV2A-x4402a,Cc1cccc(N2CCCN(CCC(N)=O)C2=O)c1,True
A71EV2A-x4403a,NC(=O)[C@H]1CCCN(C(=O)Cc2ccccc2CS(N)(=O)=O)C1,True
A71EV2A-x4406a,COc1ccccc1[C@H](O)CN1C[C@@H](C(N)=O)CCC1=O,True
A71EV2A-x4409a,NC(=O)[C@H]1CCC(=O)N(C[C@H]2CCOc3ccccc32)C1,True
A71EV2A-x4415a,COc1ccc(C#N)cc1NC(=O)N1CCC[C@H](C(N)=O)C1,True
A71EV2A-x4416a,NC(=O)[C@H]1CCCN(C(=O)[C@]2(Cc3ccc(F)cc3)CCCCO2)C1,True
A71EV2A-x4418a,COc1ncccc1NC(=O)N1CC[C@H](C(N)=O)C1,True
A71EV2A-x4420a,NC(=O)[C@H]1CCC(=O)N(Cc2cc(Cl)c3c[nH]nc3c2)C1,True
A71EV2A-x4421a,COc1ccncc1CC(=O)N1CC[C@H](C(N)=O)C1,True
A71EV2A-x4423a,COc1ccncc1CC(=O)N1CCC[C@H](CCO)C1,True
A71EV2A-x4426a,C#C[C@H](NCCc1cocn1)c1nn(C)c2ccccc12,True
A71EV2A-x4429a,COc1ccc(C(F)(F)F)cc1NC(=O)N1CCC[C@H](C(N)=O)C1,True
A71EV2A-x4431a,CSc1ccc(Br)cc1CC(=O)N1CCC[C@H](C(N)=O)C1,True
A71EV2A-x4445a,COc1ccccc1[C@H](C)C(=O)N1CCC[C@H](C(N)=O)C1,True
A71EV2A-x4447a,Cn1cnc2c(NC(=O)N3CCC[C@H](C(N)=O)C3)cccc21,True
A71EV2A-x4449a,COc1ccccc1[C@H](NC(C)=O)C(=O)N1CCC[C@H](C(N)=O)C1,True
A71EV2A-x4451a,NC(=O)[C@H]1CCCN(C(=O)[C@H](c2ccccc2)n2cccn2)C1,True
A71EV2A-x4456a,NC(=O)[C@H]1CCCN(C(=O)[C@@H]2CCc3cccc(O)c32)C1,True
A71EV2A-x4461a,NC(=O)[C@H]1CCCN(C(=O)Cc2ccncc2Cl)C1,True
A71EV2A-x4463a,NC(=O)[C@H]1CCCN(C(=O)Cc2cccc3nsnc23)C1,True
A71EV2A-x4464a,Cc1ncnc(C)c1CC(=O)N1CCC[C@H](C(N)=O)C1,True
A71EV2A-x4467a,NC(=O)[C@H]1CCCN(C(=O)C2(n3cccn3)CCCC2)C1,True
A71EV2A-x4472a,NC(=O)[C@H]1CCCN(C(=O)[C@H]2CCc3snnc32)C1,True
A71EV2A-x4476a,COc1ccccc1CC(=O)N1C[C@]2(C(N)=O)CC[C@H]1C2,True
A71EV2A-x4490a,NC(=O)[C@H]1CCC(=O)N(Cc2cccc3cc[nH]c23)C1,True
A71EV2A-x4494a,C[C@@H](C(=O)N1CCC[C@H](C(N)=O)C1)c1noc2ccccc12,True
A71EV2A-x4496a,NC(=O)[C@H]1CCCN(C(=O)C2(c3ccnn3C(F)(F)F)CC2)C1,True
A71EV2A-x4509a,C[C@H](C(=O)N1CCC[C@H](C(N)=O)C1)c1cncc(F)c1,True
A71EV2A-x4510a,C[C@H](C(=O)N1CCC[C@H](C(N)=O)C1)c1cn(C)nc1C(F)(F)F,True
A71EV2A-x4514a,NC(=O)[C@H]1CCCN(C(=O)C2(c3ccoc3)CCC2)C1,True
A71EV2A-x4516a,NC(=O)[C@H]1CCCN(C(=O)C(F)(F)c2cnsc2Cl)C1,True
A71EV2A-x4519a,NC(=O)[C@H]1CCCN(C(=O)Cc2ncc3ccc(Br)cn23)C1,True
A71EV2A-x4524a,COc1cccc(NC(=O)N2CCC[C@H](C(N)=O)C2)c1Cl,True
A71EV2A-x4528a,NC(=O)[C@H]1CCCN(C(=O)CN2CCOc3ccc(Cl)cc32)C1,True
A71EV2A-x4537a,NC(=O)[C@H]1CCC(=O)N(Cc2csc3ccccc23)C1,True
A71EV2A-x4538a,NC(=O)[C@H]1CCCN(C(=O)C(F)(F)c2cccc(F)c2Br)C1,True
A71EV2A-x4540a,NC(=O)[C@H]1CCCN(C(=O)Cn2cc(Br)cc(Cl)c2=O)C1,True
A71EV2A-x4544a,CS(=O)(=O)c1ccc(Br)cc1CC(=O)N1CCC[C@H](C(N)=O)C1,True
A71EV2A-x4547a,Cn1nc(CN2C[C@H](C(N)=O)CCC2=O)c2ccccc21,True
A71EV2A-x4554a,COc1cccc(SC)c1NC(=O)N1CCC[C@H](C(N)=O)C1,True
A71EV2A-x4559a,Cc1ccc2c(ccn2CC(=O)N2CCC[C@H](C(N)=O)C2)c1,True
A71EV2A-x4583a,CN1c2ccccc2C[C@@H]1C(=O)N1CCC[C@H](C(N)=O)C1,True
A71EV2A-x4596a,NC(=O)[C@H]1CCC(=O)N(Cc2ccc3cc[nH]c3c2)C1,True
A71EV2A-x4606a,NC(=O)[C@H]1CCCN(C(=O)[C@@H]2SCc3cccnc32)C1,True
A71EV2A-x4608a,Cn1cc2c(n1)CCC[C@@H]2C(=O)N1CCC[C@H](C(N)=O)C1,True
A71EV2A-x4611a,NC(=O)[C@H]1CCC(=O)N(Cc2noc3ccccc23)C1,True
A71EV2A-x4644a,NC(=O)[C@H]1CCCN(C(=O)Cc2ccc(F)c(F)c2Br)C1,True
A71EV2A-x4650a,NC(=O)[C@H]1CCCN(C(=O)Cc2ccccc2C(F)(F)F)C1,True
A71EV2A-x4654a,NC(=O)[C@H]1CCCN(C(=O)Nc2cccc3c2S(=O)(=O)CCC3)C1,True
A71EV2A-x4656a,NC(=O)[C@H]1CCCN(C(=O)Nc2ccccc2SC(F)F)C1,True
A71EV2A-x4661a,COc1ccccc1[C@H](C)N1C[C@@H](C(N)=O)CCC1=O,True
A71EV2A-x4669a,NC(=O)[C@H]1CCCN(C(=O)Cc2cc3c(cc2Cl)OCCO3)C1,True
A71EV2A-x4670a,CSc1cccc(Br)c1CC(=O)N1CCC[C@H](C(N)=O)C1,True
A71EV2A-x4673a,NC(=O)[C@H]1CCCN(C(=O)Cc2cc3c(cc2Br)OCO3)C1,True
A71EV2A-x4674a,NC(=O)[C@H]1CCCN(C(=O)Nc2cccc3c2SCCC3)C1,True
A71EV2A-x4675a,CS(=O)(=O)c1ccccc1CC(=O)N1CCC[C@H](C(N)=O)C1,True
A71EV2A-x4684a,CSc1ccccc1N(C)C(=O)N1CC[C@H](C(N)=O)C1,True
A71EV2A-x4689a,CSc1cnccc1CC(=O)N1CCC[C@H](C(N)=O)C1,True
A71EV2A-x4694a,CSc1ccccc1CN1C[C@H](C(N)=O)CCC1=O,True
A71EV2A-x4695a,CSc1ccccc1CN1C[C@@H](C(N)=O)CCC1=O,True
A71EV2A-x4703a,CSc1cn(C)nc1NC(=O)N1CCC[C@H](C(N)=O)C1,True
A71EV2A-x4710a,CSc1cccc(CN2C[C@H](C(N)=O)CCC2=O)c1,True
A71EV2A-x4711a,CSc1cccc(CN2C[C@@H](C(N)=O)CCC2=O)c1,True
A71EV2A-x4712a,CSc1ccccc1N(C)C(=O)N1CCC[C@H](C(N)=O)C1,True
A71EV2A-x4724a,CSc1ccccc1CC(=O)N1CCC(F)(F)[C@H](C(N)=O)C1,True
A71EV2A-x4727a,CSc1c(NC(=O)N2CCC[C@H](C(N)=O)C2)c(C)nn1C,True
A71EV2A-x4735a,CSc1ccccc1CC(=O)N1CCC[C@@H]1c1cnc[nH]1,True
A71EV2A-x4739a,CSc1ccccc1CC(=O)N1CC[C@@H]2[C@H](C1)[C@H]2C(N)=O,True
A71EV2A-x4742a,NC(=O)[C@H]1CCCN(C(=O)[C@@H]2CCSc3ccccc32)C1,True
A71EV2A-x4745a,CSc1ccccc1CC(=O)N1CCC[C@H](S(N)(=O)=O)C1,True
A71EV2A-x4746a,CSc1ccccc1CC(=O)N1CCC[C@H](C(F)F)C1,True
A71EV2A-x4748a,CSc1ccccc1CC(=O)N1CCO[C@H](C(N)=O)C1,True
A71EV2A-x4751a,CSc1ccccc1CC(=O)N1CCC[C@H](CF)C1,True
A71EV2A-x4752a,CSc1ccccc1CC(=O)N1CCc2nccc(O)c2C1,True
A71EV2A-x4753a,CSc1ccccc1CC(=O)N1CCC[C@](F)(C(N)=O)C1,True
A71EV2A-x4771a,CSc1ccccc1CC(=O)N1CCc2nc[nH]c(=O)c2C1,True
A71EV2A-x4774a,CSc1nccnc1CC(=O)N1CCC[C@H](C(N)=O)C1,True
A71EV2A-x4777a,COc1ccc(C(F)(F)F)cc1CC(=O)N1CCS[C@@H](C(N)=O)C1,True
A71EV2A-x4778a,COc1ccc(C(F)(F)F)cc1CC(=O)N1CCS[C@H](C(N)=O)C1,True
A71EV2A-x4791a,CSc1ccccc1CC(=O)N1CCC[C@H]2C(=O)NC[C@H]21,True
A71EV2A-x4806a,NC(=O)[C@H]1CCCN(C(=O)[C@H]2CSc3ccccc32)C1,True
A71EV2A-x4809a,CSc1ccccc1CC(=O)N1CCC[C@H](CCO)C1,True
A71EV2A-x4812a,CSc1cncnc1CC(=O)N1CCC[C@H](C(N)=O)C1,True
A71EV2A-x4824a,CSc1ccccc1OC(=O)N1CCC[C@H](C(N)=O)C1,True
A71EV2A-x4826a,CSc1ccncc1NC(=O)N1CCC[C@H](C(N)=O)C1,True
A71EV2A-x4827a,CSc1ccncc1CC(=O)N1CCC[C@H](C(N)=O)C1,True
A71EV2A-x4829a,COc1ccc(Cl)cc1OC(=O)N1CCC[C@H](C(N)=O)C1,True
A71EV2A-x4836a,CC(=O)N1c2ccccc2C[C@@H]1C(=O)N1CCC[C@H](C(N)=O)C1,True
A71EV2A-x4839a,Cn1ncc2ccc(CN3C[C@@H](C(N)=O)CCC3=O)cc21,True
A71EV2A-x4840a,NC(=O)c1ccccc1CC(=O)N1CCC[C@H](C(N)=O)C1,True
A71EV2A-x4843a,COc1ccc(C(F)(F)F)cc1N(C)C(=O)N1CCC[C@H](C(N)=O)C1,True
A71EV2A-x4845a,COc1cc(Br)c(CC(=O)N2CCC[C@H](C(N)=O)C2)cc1OC,True
A71EV2A-x4846a,CSc1ccccc1C(=O)N1CCC[C@H](C(N)=O)C1,True
A71EV2A-x4847a,NC(=O)[C@H]1CCC(=O)N(Cc2cccc3[nH]ccc23)C1,True
A71EV2A-x4851a,CSc1c(F)cccc1NC(=O)N1CCC[C@H](C(N)=O)C1,True
A71EV2A-x4855a,CSc1ccccc1NC(=O)N1CC[C@H](C(N)=O)C1,True
A71EV2A-x4856a,CSc1ccc(Br)cc1CC(=O)N1CC[C@H](C(N)=O)C1,True
A71EV2A-x4877a,NC(=O)[C@H]1CCCN(C(=O)[C@H]2SCCc3sccc32)C1,True
A71EV2A-x4880a,NC(=O)[C@H]1CCC(=O)N(Cc2ccc3[nH]ccc3c2)C1,True
A71EV2A-x4882a,NC(=O)[C@H]1CCCN(C(=O)Cc2cc(F)c(F)cc2Br)C1,True
A71EV2A-x4883a,CSc1ncccc1NC(=O)N1CCC[C@H](C(N)=O)C1,True
A71EV2A-x4885a,CSc1ccccc1CC(=O)N1C[C@@H](C)C[C@H](C(N)=O)C1,True
A71EV2A-x4894a,CSc1ccccc1CC(=O)N1CCC[C@](O)(C(N)=O)C1,True
A71EV2A-x4895a,C[C@H](C(=O)N1CCC[C@H](C(N)=O)C1)c1nc(F)ccc1Cl,True
A71EV2A-x4899a,COc1ncccc1NS(=O)(=O)N1CCC[C@H](C(N)=O)C1,True
A71EV2A-x4908a,NC(=O)[C@H]1CCCN(C(=O)Cc2cccc3ccoc23)C1,True
A71EV2A-x4914a,CSc1cccnc1CC(=O)N1CCC[C@H](C(N)=O)C1,True
A71EV2A-x4918a,CSc1ncccc1CC(=O)N1CCC[C@H](C(N)=O)C1,True
A71EV2A-x4926a,Cc1nc2c(CN3C[C@@H](C(N)=O)CCC3=O)c(F)ccc2[nH]1,True
A71EV2A-x4934a,NC(=O)[C@H]1CCC(=O)N(Cc2ccccc2-c2cccnc2)C1,True
A71EV2A-x4935a,CSc1cscc1CC(=O)N1CCC[C@H](C(N)=O)C1,True
A71EV2A-x4943a,NC(=O)[C@H]1CCCN(C(=O)[C@H]2CCSc3ccccc32)C1,True
A71EV2A-x4947a,CSc1ccccc1CC(=O)N1C[C@@H]2C[C@]2(C(N)=O)C1,True
A71EV2A-x4949a,CSc1cc2c(cc1NC(=O)N1CCC[C@H](C(N)=O)C1)CCC(=O)N2,True
A71EV2A-x4959a,NC(=O)[C@H]1CCCN(C(=O)Nc2ccccc2SC2CC2)C1,True
A71EV2A-x4963a,COC[C@]12C[C@](C(N)=O)(CN1C(=O)Cc1ccccc1OC)C2,True
A71EV2A-x4967a,COc1ccncc1CC(=O)N1C[C@@H](C(N)=O)C[C@@H]2CCCC[C@H]21,True
A71EV2A-x4974a,Cn1ncc2ccc(CN3C[C@H](C(N)=O)CCC3=O)cc21,True
A71EV2A-x4977a,CSc1ccc2ncccc2c1NC(=O)N1CCC[C@H](C(N)=O)C1,True
A71EV2A-x4979a,NC(=O)[C@H]1CCCN(C(=O)Cc2ncncc2Cl)C1,True
A71EV2A-x4986a,CSc1ccc(N2CCCC2=O)cc1NC(=O)N1CCC[C@H](C(N)=O)C1,True
A71EV2A-x4992a,Cn1cc(CC(=O)N2C[C@@H](C(N)=O)C[C@H]3C[C@H]32)cn1,True
A71EV2A-x4994a,Cn1nc(CC(=O)N2CC(C(N)=O)C2)c2ccccc21,True
A71EV2A-x5015a,C=Cc1cccc(CC(=O)N2CCC[C@H](C(N)=O)C2)n1,True
A71EV2A-x5016a,C=Cc1ncccc1CC(=O)N1CCC[C@H](C(N)=O)C1,True
A71EV2A-x5022a,CSc1nc2c(cc1NC(=O)N1CCC[C@H](C(N)=O)C1)CCCC2,True
A71EV2A-x5028a,CSc1ccccc1CC(=O)N1CC[C@H](CC(N)=O)C1,True
A71EV2A-x5036a,COc1cccc(CN2C[C@@H](C(N)=O)CCC2=O)c1,True
A71EV2A-x5039a,CSc1ncncc1CC(=O)N1CCC[C@H](C(N)=O)C1,True
A71EV2A-x5052a,NC(=O)[C@@H]1CCC(=O)N([C@@H]2CCCc3ccccc32)C1,True
A71EV2A-x5065a,CSc1ccccc1CCN1C[C@@H](C(N)=O)CC1=O,True
A71EV2A-x5073a,NC(=O)[C@H]1CCC(=O)N([C@@H]2CCCc3ccccc32)C1,True
A71EV2A-x5079a,NC(=O)[C@H]1CCCN(C(=O)Cc2cccnc2Cl)C1,True
A71EV2A-x5081a,NC(=O)[C@H]1CCCN(C(=O)Cc2cncnc2Cl)C1,True
A71EV2A-x5082a,N#Cc1cccc(CC(=O)N2CCC[C@H](C(N)=O)C2)n1,True
A71EV2A-x5090a,Cn1cc(NS(=O)(=O)N2CCC[C@H](C(N)=O)C2)cn1,True
A71EV2A-x5091a,Cc1cccc(N(C)C(=O)N2CC[C@H](C(N)=O)C2)c1,True
A71EV2A-x5104a,CSc1ccccc1CC(=O)N1C[C@H](C)C[C@H](C(N)=O)C1,True
A71EV2A-x5106a,Cn1ccnc1[C@@H](c1ccccc1)N1C[C@@H](C(N)=O)CC1=O,True
A71EV2A-x5151a,NC(=O)[C@H]1CCCN(C(=O)Cc2cccc3c2SCC3)C1,True
A71EV2A-x5171a,CSc1ccccc1CC(=O)N1C[C@H](C(N)=O)C[C@H](C(N)=O)C1,True
A71EV2A-x5177a,CSc1ccccc1CC(=O)N1C[C@@H](C(N)=O)C[C@H]2C[C@H]21,True
A71EV2A-x5182a,CSc1ccncc1NS(=O)(=O)N1CCC[C@H](C(N)=O)C1,True
A71EV2A-x5203a,CSc1ccc(Br)cc1CC(=O)N1CCC[C@H](C(N)=O)CC1,True
A71EV2A-x5210a,NC(=O)[C@H]1CCC(=O)N([C@H]2CCCc3ccccc32)C1,True
A71EV2A-x5212a,N#Cc1ncncc1CC(=O)N1CCC[C@H](C(N)=O)C1,True
A71EV2A-x5213a,NC(=O)[C@H]1CCCN(C(=O)Cc2ccnc(Cl)n2)C1,True
A71EV2A-x5219a,C[C@@H]1CCCC[C@H]1OC(=O)N1CCC[C@H](C(N)=O)C1,True
A71EV2A-x5221a,NC(=O)[C@H]1CCCN(C(=O)Cc2cccc3ncsc23)C1,True
A71EV2A-x5222a,Cc1[nH]c2cc(C#N)ccc2c1CCN1C[C@@H](C(N)=O)CCC1=O,True
A71EV2A-x5226a,CNC(=O)c1oc2ccccc2c1CN1C[C@@H](C(N)=O)CCC1=O,True
A71EV2A-x5231a,CS[C@@H]1CCCC[C@H]1OC(=O)N1CCC[C@H](C(N)=O)C1,True
A71EV2A-x5247a,CSc1ccc(Br)cc1CC(=O)N1C[C@H](C(N)=O)CC[C@H]1C,True
A71EV2A-x5249a,CSc1cccc2c1N(C(=O)N1CCC[C@H](C(N)=O)C1)CCCO2,True
A71EV2A-x5255a,Cc1ccccc1CC(=O)N1C[C@H]2C[C@@](C(N)=O)(C1)C2,True
A71EV2A-x5261a,CSc1ccc2cnccc2c1NC(=O)N1CCC[C@H](C(N)=O)C1,True
A71EV2A-x5262a,CSc1ccccc1CC(=O)N1C[C@H]2C[C@]1(CC(N)=O)C2,True
A71EV2A-x5276a,CSc1ccc(C2CC2)cc1CC(=O)N1CCC[C@H](C(N)=O)C1,True
A71EV2A-x5277a,NC(=O)[C@]12CN(C(=O)Cc3ccccc3Cl)C[C@H](C1)C2,True
A71EV2A-x5278a,COc1ccc(Cl)cc1NS(=O)(=O)N1CCC[C@H](C(N)=O)C1,True
A71EV2A-x5283a,CSc1ccc2scnc2c1NC(=O)N1CCC[C@H](C(N)=O)C1,True
A71EV2A-x5288a,CCCSc1cccc(OC)c1NC(=O)N1CCC[C@H](C(N)=O)C1,True
A71EV2A-x5289a,COc1cccc(SC(C)C)c1NC(=O)N1CCC[C@H](C(N)=O)C1,True
A71EV2A-x5317a,CNC(=O)[C@@H](c1cccc(C)c1)N1C[C@@H](C(N)=O)CC1=O,True
A71EV2A-x5339a,CSc1ccc(Br)cc1CC(=O)N1C[C@H](C(N)=O)CC[C@@H]1C,True
A71EV2A-x5359a,C=Cc1ccccc1CS(=O)(=O)N1CCC[C@H](C(N)=O)C1,True
A71EV2A-x5366a,CSc1ccc(Br)cc1CC(=O)N1C[C@@H](C(N)=O)CC[C@H]1C,True
A71EV2A-x5381a,CC[C@@H](c1cccc2cc[nH]c12)N1C[C@@H](C(N)=O)CCC1=O,True
A71EV2A-x5383a,CSc1ccccc1[C@@H](NC(C)=O)C(=O)N1CC[C@H](C(N)=O)C1,True
A71EV2A-x5387a,CSc1ccccc1CC(=O)N1C[C@@H](O)C[C@H](C(N)=O)C1,True
A71EV2A-x5388a,CSc1ccc(Br)cc1CC(=O)N1CC[C@](O)(C(N)=O)C1,True
A71EV2A-x5389a,COc1cccc2c1N(C(=O)N1CCC[C@H](C(N)=O)C1)CCS2,True
A71EV2A-x5393a,Cc1ccccc1CC(=O)N1CCC[C@H](C(N)=O)C1,True
A71EV2A-x5394a,NC(=O)[C@H]1CCCN(C(=O)Cc2ccccc2Cl)C1,True
A71EV2A-x5398a,COC[C@]1(C)C[C@H](C(N)=O)CN1C(=O)Cc1cc(Br)ccc1SC,True
A71EV2A-x5402a,NC(=O)[C@H]1CCCN(C(=O)Oc2ccccc2F)C1,True
A71EV2A-x5403a,CSc1ccc(SC(C)(C)C)cc1CC(=O)N1CCC[C@H](C(N)=O)C1,True
A71EV2A-x5409a,NC(=O)CC1CCN(C(=O)c2cccc(F)c2)CC1,True
A71EV2A-x5427a,NC(=O)[C@H]1CCN(C(=O)Cc2c(Cl)cccc2Cl)C1,True
A71EV2A-x5431a,NC(=O)[C@H]1CCN(C(=O)[C@@H]2SCCc3sccc32)C1,True
A71EV2A-x5448a,N#Cc1nccc(CC(=O)N2CCC[C@H](C(N)=O)C2)n1,True
A71EV2A-x5449a,CSc1ccc(S(C)(=O)=O)cc1CC(=O)N1CCC[C@H](C(N)=O)C1,True
A71EV2A-x5452a,CSc1ccc2c(c1)[C@@H](C(=O)N1CCC[C@H](C(N)=O)C1)CCO2,True
A71EV2A-x5460a,NC(=O)[C@H]1CCC(=O)N(c2cccc3ccccc23)C1,True
A71EV2A-x5461a,CSc1ccccc1[C@@H]([NH3+])C(=O)N1CC[C@H](C(N)=O)C1,True
A71EV2A-x5462a,Cc1cccc2cccc(N3C[C@@H](C(N)=O)CCC3=O)c12,True
A71EV2A-x5466a,C#Cc1ccc(C)c(OC(=O)N2CCC[C@H](C(N)=O)C2)c1,True
A71EV2A-x5475a,CSc1ccc2c(c1)[C@H](C(=O)N1CCC[C@H](C(N)=O)C1)CCO2,True
A71EV2A-x5479a,Cc1ccc2cccnc2c1OC(=O)N1CCC[C@H](C(N)=O)C1,True
A71EV2A-x5482a,Cc1cc2sccc2c(Cl)c1OC(=O)N1CCC[C@H](C(N)=O)C1,True
A71EV2A-x5488a,COC[C@H]1CC[C@H](C(N)=O)CN1C(=O)Cc1ccccc1SC,True
A71EV2A-x5489a,N#Cc1ccccc1CC(=O)N1CCC[C@H](C(N)=O)C1,True
A71EV2A-x5494a,CSc1ccc(Br)cc1CC(=O)N1CCC[C@H](C(N)=O)[C@@H]1C,True
A71EV2A-x5497a,CN(C)C(=O)[C@@H](c1ccccc1)N1C[C@@H](C(N)=O)CC1=O,True
A71EV2A-x5509a,CSc1ccc(-c2ccncc2)cc1CC(=O)N1CCC[C@H](C(N)=O)C1,True
A71EV2A-x5512a,CSc1ccc(C(=O)Nc2ccncc2)cc1CC(=O)N1CCC[C@H](C(N)=O)C1,True
A71EV2A-x5525a,CSc1ccc(-c2cc[nH]n2)cc1CC(=O)N1CCC[C@H](C(N)=O)C1,True
A71EV2A-x5526a,CSc1ccc(-c2ccccc2)cc1CC(=O)N1CCC[C@H](C(N)=O)C1,True
A71EV2A-x5533a,CSc1ccc(OC2CC2)cc1NC(=O)N1CCC[C@H](C(N)=O)C1,True
A71EV2A-x5539a,CCSc1ccccc1OC(=O)N1CCC[C@H](C(N)=O)C1,True
A71EV2A-x5544a,CSc1ncnc(-c2cn[nH]c2)c1CC(=O)N1CCC[C@H](C(N)=O)C1,True
A71EV2A-x5550a,NC(=O)[C@H]1CCCN(C(=O)[C@H]2CC[C@H]2c2ccc(Cl)cc2)C1,True
A71EV2A-x5556a,C[C@@H](c1ccc(Cl)c(Br)c1)N1C[C@@H](C(N)=O)CCC1=O,True
A71EV2A-x5559a,N#Cc1ccc(Br)cc1OC(=O)N1CCC[C@H](C(N)=O)C1,True
A71EV2A-x5570a,NC(=O)[C@H]1CCN(C(=O)[C@@H]2CSc3ccccc32)C1,True
A71EV2A-x5572a,Cc1ccc2ccccc2c1N1C[C@@H](C(N)=O)CCC1=O,True
A71EV2A-x5576a,NC(=O)[C@H]1CCCN(C(=O)Oc2ccccc2N2CCCCC2)C1,True
A71EV2A-x5581a,CSc1ncnc(SC)c1CC(=O)N1CCC[C@H](C(N)=O)C1,True
A71EV2A-x5584a,CN1CCc2cc(F)c(OC(=O)N3CCC[C@H](C(N)=O)C3)cc2C1,True
A71EV2A-x5594a,N#Cc1ccncc1OC(=O)N1CCC[C@H](C(N)=O)C1,True
A71EV2A-x5598a,CSc1ccc(N2CCOCC2)cc1NC(=O)N1CCC[C@H](C(N)=O)C1,True
A71EV2A-x5599a,Cc1ccc2c(c1OC(=O)N1CCC[C@H](C(N)=O)C1)CCC2,True
A71EV2A-x5604a,CSc1ccc(-n2cccn2)cc1CC(=O)N1CCC[C@H](C(N)=O)C1,True
A71EV2A-x5635a,NC(=O)[C@H]1CCC(=O)N(Cc2cc(F)cnc2C(F)(F)F)C1,True
A71EV2A-x5665a,NC(=O)[C@H]1CCC(=O)N([C@@H](CC(F)(F)F)c2cc(Cl)cc(Cl)c2)C1,True
A71EV2A-x5666a,CSc1ncnc(N2CCc3ccsc3C2)c1CC(=O)N1CCC[C@H](C(N)=O)C1,True
A71EV2A-x5673a,C[C@@H](c1cccc(Cl)c1F)N1C[C@@H](C(N)=O)CCC1=O,True
A71EV2A-x5676a,CC[C@@H](c1ccc(Cl)c(Cl)c1)N1C[C@@H](C(N)=O)CCC1=O,True
A71EV2A-x5687a,CSc1cccc2c1[C@H](C(=O)N1CCC[C@H](C(N)=O)C1)CC2,True
A71EV2A-x5699a,CC[C@@H](c1cc(F)cc(Br)c1)N1C[C@@H](C(N)=O)CCC1=O,True
A71EV2A-x5705a,NC(=O)[C@H]1CCN(C(=O)[C@@H]2CCCN2C(=O)c2cccs2)C1,True
A71EV2A-x5721a,Cn1ncc2ccc(CN3C[C@@H](C(N)=O)CC(C)(C)C3=O)cc21,True
A71EV2A-x5727a,Cc1ccc([C@H](c2nccn2C)N2C[C@@H](C(N)=O)CCC2=O)cc1,True
A71EV2A-x5728a,NC(=O)[C@H]1CCN(C(=O)[C@@H]2CCOc3ccc(Cl)cc32)C1,True
A71EV2A-x5744a,C[C@@H](c1ccc2[nH]ncc2c1)N1C[C@@H](C(N)=O)CCC1=O,True
A71EV2A-x5747a,C#C[C@@H]1CCCC[C@H]1OC(=O)N1CCC[C@H](C(N)=O)C1,True
A71EV2A-x5753a,CCn1ncc2c1C[C@@H](C(=O)N1CC[C@H](C(N)=O)C1)CC2,True
A71EV2A-x5758a,CSc1ccc(Br)cc1CC(=O)N1[C@H]2CC[C@H](C(N)=O)[C@@H]1CC2,True
A71EV2A-x5764a,NC(=O)[C@H]1CCN(C(=O)[C@@H]2CCc3cccc(Br)c32)C1,True
A71EV2A-x5766a,C[C@H]1CC(=O)N(Cc2ccc3cnn(C)c3c2)C[C@H]1C(N)=O,True
A71EV2A-x5777a,C[C@@H]1CC(=O)N(Cc2ccc3cnn(C)c3c2)C[C@H]1C(N)=O,True
A71EV2A-x5779a,NC(=O)[C@H]1CCN(C(=O)Cn2cc(Br)cc(Cl)c2=O)C1,True
A71EV2A-x5788a,CSc1cccc(-n2ccnc2)c1CC(=O)N1CCC[C@H](C(N)=O)C1,True
A71EV2A-x5793a,NC(=O)[C@H]1CCCN(C(=O)Nc2ccccc2Cl)C1,True
A71EV2A-x5798a,NC(=O)[C@H]1C[C@H]2C[C@H]2N(C(=O)Cc2ccccc2Cl)C1,True
A71EV2A-x5802a,NC(=O)[C@H]1C[C@@H]2C[C@@H]2N(C(=O)Cc2ccccc2Cl)C1,True
A71EV2A-x5808a,CSc1ncnc(N2CC(c3nncn3C)C2)c1CC(=O)N1CCC[C@H](C(N)=O)C1,True
A71EV2A-x5819a,CSc1ccc(Br)cc1OC(=O)N1C[C@H](C(N)=O)CC[C@@H]1C,True
A71EV2A-x5822a,NC(=O)[C@H]1CCN(C(=O)C2(c3ccc4c(c3)OCO4)CCOCC2)C1,True
A71EV2A-x5824a,NC(=O)[C@H]1CCN(C(=O)Cn2c(=O)sc3ccc(Cl)cc32)C1,True
A71EV2A-x5830a,CSc1ccc(Br)cc1OC(=O)N1C[C@@H](C(N)=O)C[C@@H]2C[C@@H]21,True
A71EV2A-x5833a,CSc1ccc(-n2ccnc2)cc1CC(=O)N1CCC[C@H](C(N)=O)C1,True
A71EV2A-x5836a,CSc1ccc(-c2cn[nH]c2)cc1CC(=O)N1C[C@@H](C([NH3+])=O)C[C@@H]2C[C@@H]21,True
A71EV2A-x5850a,CSc1cccc2c1[C@@H](C(=O)N1CCC[C@H](C(N)=O)C1)CCC2,True
A71EV2A-x5854a,CSc1ccc2ncccc2c1NC(=O)N1C[C@@H](C(N)=O)C[C@@H]2C[C@@H]21,True
A71EV2A-x5857a,CSc1cccc(-c2ccc(C(F)(F)F)o2)c1CC(=O)N1CCC[C@H](C(N)=O)C1,True
A71EV2A-x5864a,CSc1ccc(-c2csc(C(F)F)c2)cc1CC(=O)N1CCC[C@H](C(N)=O)C1,True
A71EV2A-x5868a,CC(C)[C@@H](c1cc(Cl)cc(Br)c1)N1C[C@@H](C(N)=O)CCC1=O,True
A71EV2A-x5877a,COc1ncc(-c2ccc(SC)c(CC(=O)N3CCC[C@H](C(N)=O)C3)c2)cc1C#N,True
A71EV2A-x5879a,CSc1ccc(-c2cc(C)c(=O)n(C)c2)cc1CC(=O)N1CCC[C@H](C(N)=O)C1,True
A71EV2A-x5884a,CSc1cccc(-c2ccc(C(F)(F)F)cc2C#N)c1CC(=O)N1CCC[C@H](C(N)=O)C1,True
A71EV2A-x5891a,CSc1ccc(Br)cc1[C@@H](NC(=O)OC(C)(C)C)C(=O)N1CC[C@H](C(N)=O)C1,True
A71EV2A-x5894a,C[C@@H](c1nccc2ccccc12)N1C[C@@H](C(N)=O)CCC1=O,True
A71EV2A-x5898a,Cn1ccnc1[C@@H](c1ccccc1)[N@H+]1C[C@H]2C[C@@](C(N)=O)(C1)C2,True
A71EV2A-x5949a,CN(C)c1cccc2c1C[C@@H](C(=O)N1CC[C@H](C(N)=O)C1)S2,True
A71EV2A-x5992a,CSc1ccccc1CC(=O)N1C[C@@H](C(N)=O)CC[C@@H]1CO,True
A71EV2A-x5995a,CSc1cccc2c1[C@H](C(=O)N1CCC[C@H](C(N)=O)C1)CCC2,True
A71EV2A-x6021a,CNc1ncnc(SC)c1CC(=O)N1CCC[C@H](C(N)=O)C1,True
A71EV2A-x6025a,CSc1ccc(-c2cccc3cnn(C)c23)cc1CC(=O)N1CCC[C@H](C(N)=O)C1,True
A71EV2A-x6027a,C=C(C)c1cccc(SC)c1CC(=O)N1CCC[C@H](C(N)=O)C1,True
A71EV2A-x6028a,CSc1cccc(-c2cn(C)c(=O)c3ccccc23)c1CC(=O)N1CCC[C@H](C(N)=O)C1,True
A71EV2A-x6032a,CSc1ccc(-c2cncc(C)c2C)cc1CC(=O)N1CCC[C@H](C(N)=O)C1,True
A71EV2A-x6035a,CSc1ccc(-c2cncc3ccccc23)cc1CC(=O)N1CCC[C@H](C(N)=O)C1,True
A71EV2A-x6714a,NC(=O)[C@H]1CCC(=O)N(c2cc3cnccc3c(F)c2F)C1,True
A71EV2A-x6726a,CSc1ccccc1[C@H](NC(=O)CC1CC1)C(=O)N1CC[C@H](C(N)=O)C1,True
A71EV2A-x6730a,Cc1sc([C@H](C)N2C[C@@H](C(N)=O)CCC2=O)nc1-c1ccco1,True
A71EV2A-x6736a,COc1ncccc1-c1ccc(SC)c(CC(=O)N2CCC[C@H](C(N)=O)C2)c1,True
A71EV2A-x6738a,CCC1(CC)CCN(c2ncnc(SC)c2CC(=O)N2CCC[C@H](C(N)=O)C2)C1,True
A71EV2A-x6739a,CSc1ccc(C(=O)N2Cc3nccc(C)c3C2)cc1CC(=O)N1CCC[C@H](C(N)=O)C1,True
A71EV2A-x6746a,CSc1ccc(-c2ccncc2)cc1NC(=O)N1C[C@@H](C(N)=O)C[C@@H]2C[C@@H]21,True
A71EV2A-x6769a,CSc1ccc(-c2cc(C#N)ncc2F)cc1CC(=O)N1CCC[C@H](C(N)=O)C1,True
A71EV2A-x6776a,CSc1ccccc1[C@@H](NC(=O)C[NH+](C)C)C(=O)N1CC[C@H](C(N)=O)C1,True
A71EV2A-x6778a,CSc1ccc(-c2cccnc2C(C)C)cc1CC(=O)N1CCC[C@H](C(N)=O)C1,True
A71EV2A-x6791a,CSc1ccc(-c2ccnc(N(C)C)c2)cc1CC(=O)N1CCC[C@H](C(N)=O)C1,True
A71EV2A-x6794a,CSc1cccc(-c2sccc2C2CC2)c1CC(=O)N1CCC[C@H](C(N)=O)C1,True
A71EV2A-x6797a,CCn1cc(C(=O)N[C@H](C(=O)N2CC[C@H](C(N)=O)C2)c2ccccc2SC)cn1,True
A71EV2A-x6802a,CSc1ncnc(N2CCN(c3ccccn3)CC2)c1CC(=O)N1CCC[C@H](C(N)=O)C1,True
A71EV2A-x6808a,CSc1ncnc(N2Cc3ccccc3C2)c1CC(=O)N1CCC[C@H](C(N)=O)C1,True
A71EV2A-x6816a,CSc1ccccc1[C@@H](NC(=O)Cn1cccn1)C(=O)N1CC[C@H](C(N)=O)C1,True
A71EV2A-x6818a,CSc1ccccc1[C@@H](NC(=O)CC(F)(F)F)C(=O)N1CC[C@H](C(N)=O)C1,True
A71EV2A-x6819a,CSc1ccccc1[C@@H](NC(=O)Cc1ccccc1)C(=O)N1CC[C@H](C(N)=O)C1,True
A71EV2A-x6821a,CSc1ccccc1[C@@H](NC(=O)CNC(C)=O)C(=O)N1CC[C@H](C(N)=O)C1,True
A71EV2A-x6827a,CSc1ccc(C2=CC[NH2+]CC2)cc1CC(=O)N1CCC[C@H](C(N)=O)C1,True
A71EV2A-x6832a,CSc1ncnc(N2CCC[C@@H]2C(N)=O)c1CC(=O)N1CCC[C@H](C(N)=O)C1,True
A71EV2A-x6838a,CSc1ncnc(N2CCCC2)c1CC(=O)N1C[C@@H](C([NH3+])=O)C[C@@H]2C[C@@H]21,True
A71EV2A-x6841a,CCOC(=O)N[C@@H](C(=O)N1CC[C@H](C(N)=O)C1)c1ccccc1SC,True
A71EV2A-x6844a,CCOC(=O)N[C@H](C(=O)N1CC[C@H](C(N)=O)C1)c1ccccc1SC,True
A71EV2A-x6847a,CSc1ccccc1[C@@H](NC(=O)OC(C)(C)C)C(=O)N1CC[C@H](C(N)=O)C1,True
A71EV2A-x6851a,CSc1ccccc1[C@H](NC(=O)OC(C)(C)C)C(=O)N1CC[C@H](C(N)=O)C1,True
A71EV2A-x6853a,CCC(=O)N[C@@H](C(=O)N1CC[C@H](C(N)=O)C1)c1ccccc1SC,True
A71EV2A-x6856a,CSc1ccccc1[C@@H](NC(=O)Cc1cccnc1)C(=O)N1CC[C@H](C(N)=O)C1,True
A71EV2A-x6895a,CSc1ncnc(N2CC(CC3CCC3)C2)c1CC(=O)N1CCC[C@H](C(N)=O)C1,True
A71EV2A-x6914a,CSc1ncnc(N(C)Cc2nn(C)cc2Cl)c1CC(=O)N1CCC[C@H](C(N)=O)C1,True
A71EV2A-x6920a,CSc1ncnc(N2CC(C)C2)c1CC(=O)N1CCC[C@H](C(N)=O)C1,True
A71EV2A-x6925a,CSc1ccc(-c2cnnn2C)cc1CC(=O)N1CCC[C@H](C(N)=O)C1,True
A71EV2A-x6932a,CSc1ccc(Br)cc1OC(=O)N1C[C@H](C(N)=O)C[C@H]2C[C@H]21,True
A71EV2A-x6934a,CSc1ccccc1[C@@H](NC(=O)C1CC1)C(=O)N1CC[C@H](C(N)=O)C1,True
A71EV2A-x6938a,CSc1cccc(C2=CCCCC2)c1CC(=O)N1CCC[C@H](C(N)=O)C1,True
A71EV2A-x6944a,CSc1ccccc1[C@@H](NC(=O)C1COC1)C(=O)N1CC[C@H](C(N)=O)C1,True
A71EV2A-x6945a,CCn1nccc1C(=O)N[C@@H](C(=O)N1CC[C@H](C(N)=O)C1)c1ccccc1SC,True
A71EV2A-x6948a,CSc1ccc(-c2cncc(S(C)(=O)=O)c2)cc1CC(=O)N1CCC[C@H](C(N)=O)C1,True
A71EV2A-x6955a,CSc1cccc(-c2cc(C(F)(F)F)nn2C)c1CC(=O)N1CCC[C@H](C(N)=O)C1,True
A71EV2A-x6973a,COC(C)(C)C(=O)N[C@@H](C(=O)N1CC[C@H](C(N)=O)C1)c1ccccc1SC,True
A71EV2A-x6980a,CSc1ccc2ncccc2c1NC(=O)N1C[C@@H](C(N)=O)C[C@H]2C[C@H]21,True
A71EV2A-x6991a,CSc1ccccc1[C@@H](NC(=O)C1(C)CCC1)C(=O)N1CC[C@H](C(N)=O)C1,True
A71EV2A-x7002a,CSc1ccc(-c2cnco2)cc1OC(=O)N1C[C@H](C(N)=O)C[C@H]2C[C@H]21,True
A71EV2A-x7008a,CSc1ncnc(N2CCC(N(C)S(C)(=O)=O)CC2)c1CC(=O)N1CCC[C@H](C(N)=O)C1,True
A71EV2A-x7011a,CC[C@H]1CCCN1c1ncnc(SC)c1CC(=O)N1CCC[C@H](C(N)=O)C1,True
A71EV2A-x7015a,CSc1ncnc(N2CCc3ccccc3CC2)c1CC(=O)N1CCC[C@H](C(N)=O)C1,True
A71EV2A-x7018a,COC(=O)N1CCCN(c2ncnc(SC)c2CC(=O)N2CCC[C@H](C(N)=O)C2)CC1,True
A71EV2A-x7021a,CSc1ccc(C2=CCOCC2)cc1OC(=O)N1C[C@@H](C(N)=O)C[C@@H]2C[C@@H]21,True
A71EV2A-x7024a,CSc1ncnc(N2CCC3(CCCC3)C2)c1CC(=O)N1CCC[C@H](C(N)=O)C1,True
A71EV2A-x7025a,CSc1ncnc(N2CC[C@@H](OC(F)F)C2)c1CC(=O)N1CCC[C@H](C(N)=O)C1,True
A71EV2A-x7026a,CSc1ncnc(N2CC[C@H](C)C2)c1CC(=O)N1CCC[C@H](C(N)=O)C1,True
A71EV2A-x7031a,CSc1ncnc(N2CC[C@H](OC(F)F)C2)c1CC(=O)N1CCC[C@H](C(N)=O)C1,True
A71EV2A-x7032a,CSc1ccc(-c2cccnc2)cc1OC(=O)N1C[C@@H](C(N)=O)C[C@H]2C[C@H]21,True
A71EV2A-x7035a,CSc1ccccc1[C@@H](NC(=O)C(C)C)C(=O)N1CC[C@H](C(N)=O)C1,True
A71EV2A-x7038a,CSc1ccccc1[C@H](C(=O)N1CC[C@H](C(N)=O)C1)N1CCCC1=O,True
A71EV2A-x7043a,CSc1ncnc(N2CCn3nc4c(c3C2)CCC4)c1CC(=O)N1CCC[C@H](C(N)=O)C1,True
A71EV2A-x7044a,CSc1ccc(-c2ccnn2C2CCC2)cc1OC(=O)N1C[C@H](C(N)=O)C[C@H]2C[C@H]21,True
A71EV2A-x7046a,CSc1ccc(C2=CC[N@@H+](C)CC2)cc1OC(=O)N1C[C@@H](C(N)=O)C[C@H]2C[C@H]21,True
A71EV2A-x7050a,CSc1ncnc(N2CCc3ccsc3C2)c1CC(=O)N1C[C@@H](C(N)=O)C[C@@H]2C[C@@H]21,True
A71EV2A-x7056a,CSc1ncnc(N2CCC3(CCC3)C2)c1CC(=O)N1CCC[C@H](C(N)=O)C1,True
A71EV2A-x7070a,CSc1ccc(-c2cccnc2)cc1OC(=O)N1C[C@@H](C(N)=O)C[C@@H]2C[C@@H]21,True
A71EV2A-x7071a,CSc1ccccc1[C@@H](NS(C)(=O)=O)C(=O)N1CC[C@H](C(N)=O)C1,True
A71EV2A-x7093a,CSc1ncnc(N2CC[C@@H](SC)C2)c1CC(=O)N1CCC[C@H](C(N)=O)C1,True
A71EV2A-x7095a,CSc1ncnc(N2CC(Oc3ccccc3Cl)C2)c1CC(=O)N1CCC[C@H](C(N)=O)C1,True
A71EV2A-x7096a,CSc1ncnc(N2CCC(C(=O)N(C(C)C)C(C)C)CC2)c1CC(=O)N1CCC[C@H](C(N)=O)C1,True
A71EV2A-x7101a,CSc1ncnc(N2CCC3(CCCCC3)C2)c1CC(=O)N1CCC[C@H](C(N)=O)C1,True
A71EV2A-x7127a,CSc1ncnc(N2CCC[C@@H]2Cn2cccn2)c1CC(=O)N1CCC[C@H](C(N)=O)C1,True
A71EV2A-x7130a,CSc1ncnc(N2CCn3ncc(C#N)c3C2)c1CC(=O)N1CCC[C@H](C(N)=O)C1,True
A71EV2A-x7132a,CSc1ncnc(N2CCC[C@@H]2Cc2ccnn2C)c1CC(=O)N1CCC[C@H](C(N)=O)C1,True
A71EV2A-x7135a,CSc1ncnc(N2CCC[C@@H]2C(C)C)c1CC(=O)N1CCC[C@H](C(N)=O)C1,True
A71EV2A-x7147a,CSc1ncnc(N2CCC[C@@H]2CC(C)C)c1CC(=O)N1CCC[C@H](C(N)=O)C1,True
A71EV2A-x7151a,CSc1ncnc(N2CCc3cnc(C(C)C)nc3C2)c1CC(=O)N1CCC[C@H](C(N)=O)C1,True
A71EV2A-x7154a,CSc1ncnc(N2CCC(N3CCOC3=O)CC2)c1CC(=O)N1CCC[C@H](C(N)=O)C1,True
A71EV2A-x7161a,COC[C@@H]1CCCN1c1ncnc(SC)c1CC(=O)N1CCC[C@H](C(N)=O)C1,True
A71EV2A-x7167a,CSc1ccc(-c2ccnn2C(C)(C)C)cc1OC(=O)N1CCC[C@H](C(N)=O)C1,True
A71EV2A-x7169a,CCC1(CC)CN(c2ncnc(SC)c2CC(=O)N2CCC[C@H](C(N)=O)C2)CCS1(=O)=O,True
A71EV2A-x7170a,CSc1ncnc(N2CCC(C#N)(CC(C)C)CC2)c1CC(=O)N1CCC[C@H](C(N)=O)C1,True
A71EV2A-x7172a,CSc1ncnc(N(C)C2CCC2)c1CC(=O)N1CCC[C@H](C(N)=O)C1,True
A71EV2A-x7175a,COC[C@H]1CCCN1c1ncnc(SC)c1CC(=O)N1CCC[C@H](C(N)=O)C1,True
A71EV2A-x7176a,CSc1ncnc(N(C)Cc2cc(F)c(F)c(F)c2)c1CC(=O)N1CCC[C@H](C(N)=O)C1,True
A71EV2A-x7184a,CSc1ccc(-c2ccncc2)cc1OC(=O)N1C[C@H](C(N)=O)C[C@H]2C[C@H]21,True
A71EV2A-x7190a,CSc1ncnc(N2CC[C@H](C(=O)N3CCC(C)CC3)C2)c1CC(=O)N1CCC[C@H](C(N)=O)C1,True
A71EV2A-x7238a,CO[C@@H]1CCCN(c2ncnc(SC)c2CC(=O)N2CCC[C@H](C(N)=O)C2)C1,True
A71EV2A-x7246a,CSc1ncnc(N2CCC[C@H](C(F)(F)F)C2)c1CC(=O)N1CCC[C@H](C(N)=O)C1,True
A71EV2A-x7247a,CSc1ncnc(N2CCC[C@H]2Cc2ccnn2C)c1CC(=O)N1CCC[C@H](C(N)=O)C1,True
A71EV2A-x7250a,CSc1ncnc(N2CCC[C@H](C)C2)c1CC(=O)N1CCC[C@H](C(N)=O)C1,True
A71EV2A-x7251a,CSc1ncnc(N(C)CC(C)(C)O)c1CC(=O)N1CCC[C@H](C(N)=O)C1,True
A71EV2A-x7254a,CSc1ncnc(N(C)CC2CCCC2)c1CC(=O)N1CCC[C@H](C(N)=O)C1,True
A71EV2A-x7256a,CSc1ccc(-c2ccncc2)cc1CC(=O)N1C[C@@H](C(N)=O)C[C@@H]2C[C@@H]21,True
A71EV2A-x7257a,CSc1ncnc(N2CCC[C@H]2CC(C)C)c1CC(=O)N1CCC[C@H](C(N)=O)C1,True
A71EV2A-x7259a,CSc1ncnc(N2CCC[C@@H]2C2CC2)c1CC(=O)N1CCC[C@H](C(N)=O)C1,True
A71EV2A-x7260a,CSc1ccc(-c2cc(C)nn2C)cc1OC(=O)N1CCC[C@H](C(N)=O)C1,True
A71EV2A-x7261a,CSc1ccc(-c2ccc(N3CCN(C)CC3)nc2)cc1OC(=O)N1CCC[C@H](C(N)=O)C1,True
A71EV2A-x7263a,CSc1ncnc(N2CC(C)(c3ccccc3F)C2)c1CC(=O)N1CCC[C@H](C(N)=O)C1,True
A71EV2A-x7284a,CSc1ncnc(N2CCC3(CCCO3)CC2)c1CC(=O)N1CCC[C@H](C(N)=O)C1,True
A71EV2A-x7287a,CSc1ccc(-c2ocnc2C)cc1OC(=O)N1C[C@@H](C(N)=O)C[C@@H]2C[C@@H]21,True
A71EV2A-x7297a,CNC(=O)[C@@H]1CCN1c1ncnc(SC)c1CC(=O)N1CCC[C@H](C(N)=O)C1,True
A71EV2A-x7301a,CSc1ccc(-c2cccnc2N)cc1OC(=O)N1CCC[C@H](C(N)=O)C1,True
A71EV2A-x7307a,CSc1ccc(C(=O)N(C)C2CCC(C)(C)CC2)cc1CC(=O)N1CCC[C@H](C(N)=O)C1,True
A71EV2A-x7309a,CSc1ncnc(N2CCC[C@@H]2C(=O)N(C)C)c1CC(=O)N1CCC[C@H](C(N)=O)C1,True
A71EV2A-x7316a,CSc1ncnc(N2CC[C@H](OC3CC3)C2)c1CC(=O)N1CCC[C@H](C(N)=O)C1,True
A71EV2A-x7317a,CSc1ncnc(N2C[C@H]3C[C@H]3C2)c1CC(=O)N1CCC[C@H](C(N)=O)C1,True
A71EV2A-x7318a,CSc1ccc(C(=O)N2CC=CCC23CCC3)cc1CC(=O)N1CCC[C@H](C(N)=O)C1,True
A71EV2A-x7321a,CC[C@H]1CS[C@H](C(N)=O)CN1C(=O)Oc1cc(Br)ccc1SC,True
A71EV2A-x7323a,CSc1ccc(-c2cn[nH]c2)cc1OC(=O)N1C[C@@H](C(N)=O)C[C@@H]2C[C@@H]21,True
A71EV2A-x7333a,CSc1ncnc(N(C)CC(C)(F)F)c1CC(=O)N1CCC[C@H](C(N)=O)C1,True
A71EV2A-x7334a,CSc1ncnc(N2CC(O)C2)c1CC(=O)N1CCC[C@H](C(N)=O)C1,True
A71EV2A-x7338a,CSc1ncnc(N(C)CCC(F)(F)F)c1CC(=O)N1CCC[C@H](C(N)=O)C1,True
A71EV2A-x7339a,CSc1ncnc(N2CC[C@H]2C)c1CC(=O)N1CCC[C@H](C(N)=O)C1,True
A71EV2A-x7350a,CSc1ccc(-c2ccccn2)cc1OC(=O)N1C[C@H](C(N)=O)C[C@H]2C[C@H]21,True
A71EV2A-x7353a,COC[C@@H]1CCN1c1ncnc(SC)c1CC(=O)N1CCC[C@H](C(N)=O)C1,True
A71EV2A-x7359a,CSc1ccc(Br)cc1CC(=O)N1C[C@@H](C(N)=O)[C@@H]2C[C@@H]21,True
A71EV2A-x7368a,CSc1ccc(C2=CC[N@@H+](C)CC2)cc1OC(=O)N1C[C@@H](C(N)=O)C[C@@H]2C[C@@H]21,True
A71EV2A-x7369a,CSc1ccc(C2=CC[N@@H+](C)CC2)cc1CC(=O)N1C[C@@H](C(N)=O)C[C@@H]2C[C@@H]21,True
A71EV2A-x7379a,CSc1ccc(-c2cn[nH]c2)cc1OC(=O)N1C[C@@H](C(N)=O)C[C@H]2C[C@H]21,True
A71EV2A-x7410a,CSc1ccc(-c2cnn[nH]2)cc1OC(=O)N1C[C@@H](C(N)=O)C[C@@H]2C[C@@H]21,True
A71EV2A-x7420a,CSc1ncnc(N2CCCC[C@@H]2C(C)C)c1CC(=O)N1CCC[C@H](C(N)=O)C1,True
A71EV2A-x7424a,CSc1ncnc(N(C)C2CCOCC2)c1CC(=O)N1CCC[C@H](C(N)=O)C1,True
A71EV2A-x7427a,CSc1ncnc(N2CC[C@H](C(=O)N(C)C)C2)c1CC(=O)N1CCC[C@H](C(N)=O)C1,True
A71EV2A-x7430a,CSc1ncnc(N2CCCC[C@H]2CO)c1CC(=O)N1CCC[C@H](C(N)=O)C1,True
A71EV2A-x7432a,CCN(c1ncnc(SC)c1CC(=O)N1CCC[C@H](C(N)=O)C1)C(C)C,True
A71EV2A-x7433a,CSc1ncnc(N2CCC[C@H]2Cc2ccccc2)c1CC(=O)N1CCC[C@H](C(N)=O)C1,True
A71EV2A-x7436a,CSc1ncnc(N(C)[C@@H](C)c2ccccc2)c1CC(=O)N1CCC[C@H](C(N)=O)C1,True
A71EV2A-x7442a,CSc1ccc(-c2ccccn2)cc1OC(=O)N1CCC[C@H](C(N)=O)C1,True
A71EV2A-x7445a,CSc1ccc(-c2ccncc2)cc1CC(=O)N1C[C@H](C(N)=O)C[C@H]2C[C@H]21,True
A71EV2A-x7446a,CCS(=O)(=O)N1CCN(c2ncnc(SC)c2CC(=O)N2CCC[C@H](C(N)=O)C2)[C@H](C)C1,True
A71EV2A-x7448a,CSc1cccc2c1[C@@H](C(=O)N1C[C@@H](C(N)=O)C[C@@H]3C[C@@H]31)CC2,True
A71EV2A-x7459a,CSc1ccc2ncccc2c1OC(=O)N1C[C@H](C(N)=O)C[C@@H]2C[C@@H]21,True
A71EV2A-x7461a,CSc1ccc2ncccc2c1OC(=O)N1C[C@@H](C(N)=O)C[C@H]2C[C@H]21,True
A71EV2A-x7465a,CSc1ccc2ncccc2c1OC(=O)N1C[C@H](C(N)=O)C[C@H]2C[C@H]21,True
A71EV2A-x7475a,CSc1ncnc(N2CCC[C@H]2C2CC2)c1CC(=O)N1CCC[C@H](C(N)=O)C1,True
A71EV2A-x7491a,CSc1ncnc(N2CCC[C@H]2C(C)C)c1CC(=O)N1CCC[C@H](C(N)=O)C1,True
A71EV2A-x7501a,CSc1ncnc(N2CCC[C@H]2C)c1CC(=O)N1CCC[C@H](C(N)=O)C1,True
A71EV2A-x7510a,CC[C@@H]1CCCN1c1ncnc(SC)c1CC(=O)N1CCC[C@H](C(N)=O)C1,True
A71EV2A-x7515a,CSc1ccc2ncccc2c1OC(=O)N1C[C@@H](C(N)=O)C[C@@H]2C[C@@H]21,True
A71EV2A-x7533a,CSc1ncnc(N2CCC[C@@H]2C)c1CC(=O)N1CCC[C@H](C(N)=O)C1,True
A71EV2A-x7545a,CSc1ncnc(N(C)C)c1CC(=O)N1CCC[C@H](C(N)=O)C1,True
A71EV2A-x7558a,CSc1ccc(Br)cc1OC(=O)N1C[C@@H](C(N)=O)CC[C@H]1CO,True
A71EV2A-x7560a,CSc1ncnc(N2CCCCCC2)c1CC(=O)N1CCC[C@H](C(N)=O)C1,True
A71EV2A-x7570a,CSc1ncnc(N2CCC[C@@H]2c2ccccc2)c1CC(=O)N1CCC[C@H](C(N)=O)C1,True
A71EV2A-x7576a,CSc1ccc(-c2cc[nH]n2)cc1CC(=O)N1C[C@@H](C(N)=O)C[C@@H]2C[C@@H]21,True
A71EV2A-x7580a,CSc1ncnc(N(C)C)c1CC(=O)N1C[C@@H](C(N)=O)C[C@H]2C[C@H]21,True
A71EV2A-x7589a,COC(=O)N[C@H]1CCN(c2ncnc(SC)c2CC(=O)N2CCC[C@H](C(N)=O)C2)C1,True
A71EV2A-x7597a,CSc1ccc(-c2cc[nH]n2)cc1OC(=O)N1CCC[C@H](C(N)=O)C1,True
A71EV2A-x7608a,CSc1ncnc(N(C)CC(F)(F)F)c1CC(=O)N1C[C@@H](C(N)=O)C[C@@H]2C[C@@H]21,True
A71EV2A-x7613a,CC[C@@H]1CS[C@H](C(N)=O)CN1C(=O)Oc1cc(Br)ccc1SC,True
A71EV2A-x7622a,CSc1ncnc(N2CCCC2)c1NC(=O)N1C[C@@H](C(N)=O)C[C@@H]2C[C@@H]21,True
A71EV2A-x7631a,CSc1ccccc1CC(=O)N1C[C@@H](C(N)=O)C[C@@H]2C[C@@H]21,True
A71EV2A-x2499,CCCC(NC(=O)C1C2CCCC2CN1C(=O)C(NC(=O)C(NC(=O)c1cnccn1)C1CCCCC1)C(C)(C)C)C(=O)C(=O)NC1CC1,False
A71EV2A-x3747,O=C(NCCc1ccc(Cl)cc1Cl)c1n[nH]c2ccccc12,False
A71EV2A-x3748,O=C(NCC(c1cccnc1)N1CCOCC1)c1n[nH]c2ccccc12,False
A71EV2A-x3749,O=C(NCC(c1ccccc1)c1ccccc1)c1n[nH]c2ccccc12,False
A71EV2A-x3750,Cc1cc(Br)ccc1CNC(=O)c1n[nH]c2ccccc12,False
A71EV2A-x3751,O=C(NCCc1ccc(C(F)(F)F)cc1)c1n[nH]c2ccccc12,False
A71EV2A-x3752,O=C(NCCc1ccccc1C(F)(F)F)c1n[nH]c2ccccc12,False
A71EV2A-x3753,O=C(N[C@H](c1ccccc1)[C@@H](O)c1ccccc1)c1n[nH]c2ccccc12,False
A71EV2A-x3754,COc1cccc(CCNC(=O)c2n[nH]c3ccccc23)c1,False
A71EV2A-x3756,O=C(NCCc1ccc(Cl)c(Cl)c1)c1n[nH]c2ccccc12,False
A71EV2A-x3757,NC(=O)[C@H](Cc1ccc(O)cc1)NC(=O)c1n[nH]c2ccccc12,False
A71EV2A-x3758,O=C(NCC(O)c1ccc(O)cc1)c1n[nH]c2ccccc12,False
A71EV2A-x3759,O=C(NC[C@H](O)c1ccc(O)c(O)c1)c1n[nH]c2ccccc12,False
A71EV2A-x3760,O=C(NCc1ccsc1Br)c1n[nH]c2ccccc12,False
A71EV2A-x3762,O=C(NCCc1cc(F)cc(F)c1)c1n[nH]c2ccccc12,False
A71EV2A-x3763,O=C(NCCc1cccc(Br)c1)c1n[nH]c2ccccc12,False
A71EV2A-x3764,O=C(CNC(=O)c1n[nH]c2ccccc12)c1ccc([N+](=O)[O-])cc1,False
A71EV2A-x3765,COc1cc(CCNC(=O)c2n[nH]c3ccccc23)cc(OC)c1O,False
A71EV2A-x3766,O=C(NCC1(c2ccccc2)CCCC1)c1n[nH]c2ccccc12,False
A71EV2A-x3767,Cc1cc(C)nc(CCNC(=O)c2n[nH]c3ccccc23)n1,False
A71EV2A-x3768,O=C(NC[C@@H](c1ccc(Cl)cc1)N1CCCC1)c1n[nH]c2ccccc12,False
A71EV2A-x3769,O=C(NCc1cc(-c2ccc(Cl)cc2)on1)c1n[nH]c2ccccc12,False
A71EV2A-x3770,O=C(N[C@H]1Cc2ccc(Br)cc2C1)c1n[nH]c2ccccc12,False
A71EV2A-x3771,CCOc1ccc(CCNC(=O)c2n[nH]c3ccccc23)cc1OC,False
A71EV2A-x3772,O=C(N[C@H]1C[C@@H]1c1ccc(F)c(F)c1)c1n[nH]c2ccccc12,False
A71EV2A-x3773,O=C(NCCc1c(F)cccc1Cl)c1n[nH]c2ccccc12,False
A71EV2A-x3774,O=C(N[C@@H](Cc1ccccc1)c1ccccc1)c1n[nH]c2ccccc12,False
A71EV2A-x3775,O=C(CNC(=O)c1n[nH]c2ccccc12)c1ccc(O)cc1,False
A71EV2A-x3776,O=C(N[C@H](CO)[C@H](O)c1ccc([N+](=O)[O-])cc1)c1n[nH]c2ccccc12,False
A71EV2A-x3777,O=C(CNC(=O)c1n[nH]c2ccccc12)c1ccccc1F,False
A71EV2A-x3778,COc1cccc2c1OC[C@@H](NC(=O)c1n[nH]c3ccccc13)C2,False
A71EV2A-x3779,Cc1ccc([C@H](CNC(=O)c2n[nH]c3ccccc23)N(C)C)cc1,False
A71EV2A-x3781,COc1ccc2ccccc2c1CCNC(=O)c1n[nH]c2ccccc12,False
A71EV2A-x3783,O=C(NCCc1cc(Cl)ccc1Cl)c1n[nH]c2ccccc12,False
A71EV2A-x3784,O=C(NCC1(c2ccccc2F)CCCC1)c1n[nH]c2ccccc12,False
A71EV2A-x3785,CC(C)n1cnnc1CCNC(=O)c1n[nH]c2ccccc12,False
A71EV2A-x3788,COc1cccc(CCNC(=O)c2n[nH]c3ccccc23)c1OC,False
A71EV2A-x3789,O=C(NCCc1ccccc1[N+](=O)[O-])c1n[nH]c2ccccc12,False
A71EV2A-x3790,C[C@@H](Cc1ccc(O)cc1)NC(=O)c1n[nH]c2ccccc12,False
A71EV2A-x3791,CCc1nc(CCNC(=O)c2n[nH]c3ccccc23)cs1,False
A71EV2A-x3792,O=C(NCCc1nc(-c2ccc(Cl)cc2)no1)c1n[nH]c2ccccc12,False
A71EV2A-x3793,CCOc1ccccc1CCNC(=O)c1n[nH]c2ccccc12,False
A71EV2A-x3794,O=C(Cc1cccc2[nH]ncc12)N1CCC(Oc2ccccc2)CC1,False
A71EV2A-x3795,O=C(Cc1cccc2[nH]ncc12)N1CCC(O)(c2ccc(Cl)cc2)CC1,False
A71EV2A-x3796,O=C(Cc1cccc2[nH]ncc12)N1CCC(C(F)(F)F)CC1,False
A71EV2A-x3797,CN1CCN(C2CCN(C(=O)Cc3cccc4[nH]ncc34)CC2)CC1,False
A71EV2A-x3798,CCOC(=O)C1CCCN(C(=O)Cc2cccc3[nH]ncc23)C1,False
A71EV2A-x3801,O=C(Cc1cccc2[nH]ncc12)N1CC[C@@]2(O)CCCC[C@H]2C1,False
A71EV2A-x3802,O=C(Cc1cccc2[nH]ncc12)N1CCC[C@H](c2ccccc2)C1,False
A71EV2A-x3803,CNC(=O)CC[C@H]1CCCN(C(=O)Cc2cccc3[nH]ncc23)C1,False
A71EV2A-x3804,CC1(C)CC(O)CC(C)(C)N1C(=O)Cc1cccc2[nH]ncc12,False
A71EV2A-x3805,N#CC1(c2ccccc2)CCN(C(=O)Cc2cccc3[nH]ncc23)CC1,False
A71EV2A-x3806,O=C(Cc1cccc2[nH]ncc12)N1CCCC[C@H]1C(F)(F)F,False
A71EV2A-x3807,O=C(Cc1cccc2[nH]ncc12)N1CC[C@@H](c2ccc(F)cc2)[C@H](COc2ccc3c(c2)OCO3)C1,False
A71EV2A-x3810,O=C1CC2(CCN(C(=O)Cc3cccc4[nH]ncc34)CC2)CN1,False
A71EV2A-x3811,O=C(Cc1cccc2[nH]ncc12)N1CCC(N2CCOCC2)CC1,False
A71EV2A-x3812,O=C(Cc1cccc2[nH]ncc12)N1CCC(CCN2CCCC2)CC1,False
A71EV2A-x3813,O=C(Cc1cccc2[nH]ncc12)N1CCCC[C@@H]1Cc1ccccc1,False
A71EV2A-x3814,C[C@@H]1CN(C2CCN(C(=O)Cc3cccc4[nH]ncc34)CC2)C[C@H](C)O1,False
A71EV2A-x3815,O=C(NCCO)C1CCN(C(=O)Cc2cccc3[nH]ncc23)CC1,False
A71EV2A-x3816,O=C([C@@H]1CCCCN1C(=O)Cc1cccc2[nH]ncc12)N1CCCC1,False
A71EV2A-x3817,O=C(Cc1cccc2[nH]ncc12)N1CCC(Oc2cnccn2)CC1,False
A71EV2A-x3818,CC(=O)N(C)C1CCN(C(=O)Cc2cccc3[nH]ncc23)CC1,False
A71EV2A-x3820,O=C(Cc1cccc2[nH]ncc12)N1CCC(N2CCc3ccccc3C2)CC1,False
A71EV2A-x3821,NC(=O)C1(N2CCCCC2)CCN(C(=O)Cc2cccc3[nH]ncc23)CC1,False
A71EV2A-x3822,O=C1CC2(CCN(C(=O)Cc3cccc4[nH]ncc34)CC2)Oc2ccccc21,False
A71EV2A-x3823,O=C(Cc1cccc2[nH]ncc12)N1CCC(O)(Cc2ccccn2)CC1,False
A71EV2A-x3824,Cn1ccnc1[C@@H](O)C1CCN(C(=O)Cc2cccc3[nH]ncc23)CC1,False
A71EV2A-x3825,CN(C)CC[C@H]1CCCCN1C(=O)Cc1cccc2[nH]ncc12,False
A71EV2A-x3826,O=C(Cc1cccc2[nH]ncc12)N1CCC(N2CCCC2=O)CC1,False
A71EV2A-x3827,O=C(Cc1cccc2[nH]ncc12)N1CCC(c2noc3ccc(F)cc23)CC1,False
A71EV2A-x3829,CNC(=O)C1(C)CCN(C(=O)Cc2cccc3[nH]ncc23)CC1,False
A71EV2A-x3830,O=C(Cc1cccc2[nH]ncc12)N1CCC(Oc2ncccn2)CC1,False
A71EV2A-x3832,O=C(Cc1cccc2[nH]ncc12)N1CCC(c2nnc3n2CCCCC3)CC1,False
A71EV2A-x3833,O=C(Cc1cccc2[nH]ncc12)N1CCC(O)(c2ccc(Br)cc2)CC1,False
A71EV2A-x3834,O=C1NC(=O)C2(CCN(C(=O)Cc3cccc4[nH]ncc34)CC2)N1,False
A71EV2A-x3835,CS(=O)(=O)C1CCN(C(=O)Cc2cccc3[nH]ncc23)CC1,False
A71EV2A-x3836,Cc1ccc(OC2CCN(C(=O)Cc3cccc4[nH]ncc34)CC2)cc1,False
A71EV2A-x3837,O=C(Cc1cccc2[nH]ncc12)N1CCC(c2cccc(Cl)c2)CC1,False
A71EV2A-x3838,CC1(C)CC(=O)CC(C)(C)N1C(=O)Cc1cccc2[nH]ncc12,False
A71EV2A-x3839,CN1CCN(C[C@H]2CCCN(C(=O)Cc3cccc4[nH]ncc34)C2)CC1,False
A71EV2A-x3840,O=C(Cc1cccc2[nH]ncc12)N1CCC(Cc2ccc(Br)cc2)CC1,False
A71EV2A-x3841,Cc1ccc(CNC(=O)C2CCN(C(=O)Cc3cccc4[nH]ncc34)CC2)cc1,False
A71EV2A-x3842,O=C(Cc1cccc2[nH]ncc12)N1CCC(c2ccncc2)CC1,False
A71EV2A-x3843,O=C(Cc1cccc2[nH]ncc12)N1CCC(n2c(=O)[nH]c3ccccc32)CC1,False
A71EV2A-x3844,O=C(c1ccc(F)cc1)[C@H]1CCCN(C(=O)Cc2cccc3[nH]ncc23)C1,False
A71EV2A-x4082,Cc1ccc2[nH]cc(CCNC(=O)c3n[nH]c4ccccc34)c2c1,False
A71EV2A-x4088,O=C(Nc1ccc(SC(F)(F)F)cc1)c1n[nH]c2ccccc12,False
A71EV2A-x4091,O=C(NCCc1csc(-c2ccncc2)n1)c1n[nH]c2ccccc12,False
A71EV2A-x4105,O=C(N[C@H](CO)Cc1ccc(Cl)cc1)c1n[nH]c2ccccc12,False
A71EV2A-x4106,CC1(C)C[C@]1(CNC(=O)c1n[nH]c2ccccc12)c1ccccc1,False
A71EV2A-x4108,CC(CNC(=O)c1n[nH]c2ccccc12)(c1ccccc1)c1ccccc1,False
A71EV2A-x4109,COc1cc(CCNC(=O)c2n[nH]c3ccccc23)cc(OC)c1,False
A71EV2A-x4112,O=C(NCCc1cccc2ccccc12)c1n[nH]c2ccccc12,False
A71EV2A-x4113,CCOc1ccc(CCNC(=O)c2n[nH]c3ccccc23)cc1,False
A71EV2A-x4118,O=C(NCCc1ccc(O)c(O)c1)c1n[nH]c2ccccc12,False
A71EV2A-x4126,CCCOc1cccc(CCNC(=O)c2n[nH]c3ccccc23)c1,False
A71EV2A-x4133,O=C(NC1CCN(C(=O)Cc2cccc3[nH]ncc23)CC1)c1ccccc1,False
A71EV2A-x4134,O=C(Cc1cccc2[nH]ncc12)N1CCC[C@H](c2nnc3ccccn23)C1,False
A71EV2A-x4141,O=C(Cc1cccc2[nH]ncc12)N1CCC[C@H](c2nc3ccccc3o2)C1,False
A71EV2A-x4142,O=C(Cc1cccc2[nH]ncc12)N1CCC[C@H](C(F)(F)F)C1,False
A71EV2A-x4149,Cn1c(CO)nnc1[C@H]1CCCN(C(=O)Cc2cccc3[nH]ncc23)C1,False
A71EV2A-x4154,CCN(CC)C(=O)C1CCN(C(=O)Cc2cccc3[nH]ncc23)CC1,False
A71EV2A-x4162,O=C(Cc1cccc2[nH]ncc12)N1C[C@@H]2C[C@H](C1)c1cccc(=O)n1C2,False
A71EV2A-x4166,CN1CCN(C(=O)C2CCN(C(=O)Cc3cccc4[nH]ncc34)CC2)CC1,False
A71EV2A-x4168,Cc1ccc(C[C@H]2CCCN(C(=O)Cc3cccc4[nH]ncc34)C2)cc1,False
A71EV2A-x4174,CCN(CC)C1CCN(C(=O)Cc2cccc3[nH]ncc23)CC1,False
ASAP-0004433-002,CC(=O)Nc1ccc(C2=NN(C(=O)CCl)C(c3ccco3)C2)cc1,False
ASAP-0016595-001,C=CC(=O)NC1(CNC(=O)c2cccc3nnn(C)c23)CCCCCC1,False
ASAP-0016596-001,C=CC(=O)N1CCC[C@H](C(=O)N2CCc3cc(Br)c(S(N)(=O)=O)cc32)C1,False
ASAP-0016598-001,C=CC(=O)N1CCC(C(=O)NCc2cccc3c2OCCO3)(c2ccccc2)CC1,False
ASAP-0016599-001,C=CC(=O)N[C@@H]1CCCN(c2cc(C)nn2C)C1=O,False
ASAP-0016601-001,Cc1noc(C)c1CC(=O)Nc1cccc(OCc2ccccn2)c1,False
ASAP-0016602-001,COc1ccc2ccccc2c1CNC(=O)c1c(C)nn2c(C)cc(C)nc12,False
ASAP-0016604-001,Cc1cnc2c(S(=O)(=O)NCCc3nc(C)cs3)cccc2c1,False
ASAP-0016607-001,CC(=O)N[C@H](Cc1c[nH]c2ccccc12)C(=O)N1CCN(C)c2ccccc2C1,False
ASAP-0016608-001,Cc1nc(-c2cccc(NC(=O)CN3CCn4cccc4[C@H]3C)c2)cs1,False
ASAP-0016610-001,C=CC(=O)N1CCC(C(=O)NCc2cnc3n2CCC3)(c2ccccc2)CC1,False
ASAP-0016611-001,C=CC(=O)NC1(CNC(=O)[C@H]2CCc3ccccc3C2)CCCCCC1,False
ASAP-0016612-001,C=CC(=O)NC1(CNC(=O)c2cccc3c2OCCCO3)CCCCC1,False
ASAP-0016613-001,C=CC(=O)NCC1(NC(=O)c2ccc(F)c3ccccc23)CCOCC1,False
ASAP-0016614-001,C=CC(=O)N(Cc1cc(Cl)c2c(c1)OCCCO2)[C@H]1CCCCNC1=O,False
ASAP-0016615-001,C=CC(=O)NC[C@H](NC(=O)c1ccc(F)c2ccsc12)C1CCCC1,False
ASAP-0016617-001,O=C(CCl)NC1(CNC(=O)c2nsc3ccccc23)CCCCCC1,False
ASAP-0016619-001,C=CC(=O)N1CCCC[C@@H]1c1ccc(C(=O)NC)n1C,False
ASAP-0016621-001,C=CC(=O)NC1(CNC(=O)c2c(C3CCCC3)noc2C)CCCCC1,False
ASAP-0016622-001,C=CC(=O)N1CCC(C(=O)NCc2cnc3n2CCCC3)(c2ccccc2)CC1,False
ASAP-0016623-001,C=CC(=O)NCc1ccccc1C(=O)Nc1cc(C(=O)Nc2nc(C)cs2)ccc1OC,False
ASAP-0016624-001,C=CC(=O)NCCC(=O)N[C@@H]1CCOc2cc(OC)ccc21,False
ASAP-0016625-001,C=CC(=O)NC1(CNC(=O)c2csc3c2CC[C@H](C)C3)CCOCC1,False
ASAP-0016626-001,C=CC(=O)N1CCC[C@H]1c1cccc2c1OCCO2,False
ASAP-0016627-001,C=CC(=O)N1CCC[C@H]1C(=O)Nc1nc2ccccc2s1,False
ASAP-0016629-001,C=CC(=O)N1CCCc2c([nH]c3c(F)cccc23)C1,False
ASAP-0016675-001,Cc1nc(C(N)=O)ccc1NC(=O)Cn1cnc2c(C)cccc2c1=O,False
ASAP-0016676-001,C[C@H](C#N)CNC(=O)C1(c2ccc(Cl)cc2Cl)CCOCC1,False
ASAP-0016679-001,Cc1ccc(C2(C(=O)NC3=NOC(C)(C)C3)CCOCC2)cc1,False
ASAP-0016682-001,Cc1nc(C(N)=O)ccc1NC(=O)CCn1cnc2cc(F)c(F)cc21,False
ASAP-0016683-001,O=C(N[C@@H]1CC=CCC1)C1(c2ccc(F)cc2F)CCOCC1,False
ASAP-0016687-001,CO[C@@H]1CNC[C@H]1c1cn(CC(=O)Nc2cccc3nc(Cl)ccc23)nn1,False
ASAP-0016690-001,Cc1nc(C(N)=O)ccc1NC(=O)Cc1csc(-c2cccc(Cl)c2)n1,False
ASAP-0016692-001,O=C(Nc1c[nH]nn1)C1(c2ccc(F)cc2F)CCOCC1,False
ASAP-0016694-001,Cc1cc(C)n(-c2ccc(CC(=O)Nc3ccc(C(N)=O)nc3C)cc2)n1,False
ASAP-0016695-001,Cc1nc(C(N)=O)ccc1NC(=O)COc1ccc(Cl)c2cccnc12,False
ASAP-0016696-001,Cc1nc(C(N)=O)ccc1NC(=O)Cc1csc(-c2cccc(F)c2)n1,False
ASAP-0016697-001,CCC(=O)Nc1cccc(-c2noc([C@H]3CCCO3)n2)c1,False
ASAP-0016698-001,Cc1nc(C(N)=O)ccc1NC(=O)Cc1ccc2oc3ccccc3c2c1,False
ASAP-0016699-001,Cc1nnc(NC(=O)C2(c3ccc(Cl)cc3)CCOCC2)n1C,False
ASAP-0016700-001,C[C@H]1CN=C(NC(=O)C2(c3cccc(Br)c3)CCOCC2)S1,False
ASAP-0016703-001,O=C(CCn1nnc2ccccc2c1=O)Nc1cccc2nc(Cl)ccc12,False
ASAP-0016704-001,CC(C)n1nc(-c2ccco2)cc1NC(=O)C(C)(C)CC(F)F,False
ASAP-0016708-001,O=C(Cc1nnc(-c2ccncc2)[nH]1)Nc1cccc2nc(Cl)ccc12,False
ASAP-0016710-001,CCn1nc(-c2ccccc2)cc1NC(=O)C(C)(C)C(F)F,False
ASAP-0016711-001,CC(C)(C)c1nnn(CC(=O)Nc2cccc3nc(Cl)ccc23)n1,False
ASAP-0016712-001,O=C(Cc1n[nH]c(C2CC2)n1)Nc1cccc2nc(Cl)ccc12,False
ASAP-0016713-001,CCCC(=O)Nc1c(-c2ccccc2)c(C)nn1C,False
ASAP-0016714-001,O=C(Nc1cncc(F)n1)C1(c2cccc(Br)c2)CCOCC1,False
ASAP-0016715-001,Cn1c(CC(=O)Nc2cccc3nc(Cl)ccc23)nnc1-c1ccccc1,False
ASAP-0016716-001,Cc1c(CC(=O)Nc2cccc3nc(Cl)ccc23)nnn1-c1ccccc1,False
ASAP-0016717-001,CCn1nc(C(C)(C)C)cc1NC(=O)C[C@@H](C)C(F)F,False
ASAP-0016718-001,CCn1nc(C(C)(C)C)cc1NC(=O)[C@@H](C)C(F)(F)F,False
ASAP-0016722-001,COc1cccc(-c2nc(CC(=O)Nc3ccc(C(N)=O)nc3C)cs2)c1,False
ASAP-0016723-001,O=C(NC[C@H]1CCCS1)C1(c2ccc(Cl)cc2Cl)CCOCC1,False
ASAP-0016724-001,CC(C)n1nc(-c2ccccc2)cc1NC(=O)CC(C)(F)F,False
ASAP-0016728-001,Cc1nc(C(N)=O)ccc1NC(=O)Cc1csc(CCC(F)(F)F)n1,False
ASAP-0016730-001,Cc1nc(C(N)=O)ccc1NC(=O)COc1cccc2c1OC(C)(C)C2,False
ASAP-0016731-001,O=C(Cn1cc(C2CCC2)nn1)Nc1cccc2nc(Cl)ccc12,False
ASAP-0016732-001,O=C(Cn1c(=O)[nH]c2ccccc21)Nc1cccc2nc(Cl)ccc12,False
ASAP-0016738-001,CC(C)(C(=O)Nc1cccc2nc(Cl)ccc12)C1CCS(=O)(=O)CC1,False
ASAP-0016739-001,Cc1nc(C(N)=O)ccc1NC(=O)Cn1cnc2ccc(F)cc2c1=O,False
ASAP-0016740-001,Cc1nc(NC(=O)C2(c3cccc(Cl)c3)CCOCC2)[nH]c1C,False
ASAP-0016741-001,COC(=O)c1cc(NC(=O)C(C)(C)CC(F)(F)F)n(C)n1,False
ASAP-0016743-001,CCn1nc(-c2ccccc2)cc1NC(=O)CC(C)(C)C#N,False
ASAP-0016744-001,O=C(N[C@H]1C[C@H](CO)C1)C1(c2ccc(Cl)cc2Cl)CCOCC1,False
ASAP-0016746-001,C=CC(=O)N1CCC(C(=O)N[C@H]2CCN(c3ccccc3F)C2)(c2ccccc2)CC1,False
ASAP-0016946-001,C=CC(=O)N(Cc1ccc(OCC(C)C)cc1)Cc1nc(C(N)=O)cs1,False
ASAP-0023319,Cn1cc(B2OC(C)(C)C(C)(C)O2)c2ccccc21,False
ASAP-0027674-001,O=C(O)[C@@H]1C[C@H]2C[C@H]2N1C(=O)c1ccc2[nH]cnc2c1,False
ASAP-0027879,O=C(Nc1cccnc1-c1c[nH]c2ccccc12)c1ccccc1Br,False
ASAP-0027880,O=C(Nc1cccc(-c2cccc3cccnc23)n1)c1ccccc1Br,False
ASAP-0027881,CCCC(C)C(=O)Nc1cccnc1-c1c[nH]c2ccccc12,False
ASAP-0027882,CCCC(C)C(=O)Nc1cccnc1-c1cn(C)c2ccccc12,False
ASAP-0027883,Cc1cc(C(=O)Nc2cccnc2-c2c[nH]c3ccccc23)on1,False
ASAP-0027884,Cc1cc(C(=O)Nc2cccc(-c3cccc4cccnc34)n2)on1,False
ASAP-0027885,Cc1ncsc1C(=O)Nc1cccc(-c2cccc3cccnc23)n1,False
ASAP-0027886,O=C(Nc1ccnc(-c2cccc3cc[nH]c23)c1)c1ccccc1Br,False
ASAP-0027887,Cn1cc(-c2cc(NC(=O)c3ccccc3Br)ccn2)c2ccccc21,False
ASAP-0027888,CCCC(C)C(=O)Nc1cccnc1-c1ccccc1,False
ASAP-0027889,CCCC(C)C(=O)Nc1ccc(-c2ccccc2)nc1,False
ASAP-0027890,Cc1cc(C(=O)Nc2ccnc(-c3cn(C)c4ccccc34)c2)on1,False
ASAP-0027891,Cc1ncsc1C(=O)Nc1ccnc(-c2cn(C)c3ccccc23)c1,False
ASAP-0027892,Cc1ncsc1C(=O)Nc1cccnc1-c1ccccc1,False
ASAP-0027893,Cc1ncsc1C(=O)Nc1ccc(-c2ccccc2)nc1,False
ASAP-0027894,Nc1cccc(-c2cccc3ccn(C(=O)c4ccccc4Br)c23)n1,False
ASAP-0027895,O=C(Nc1ccnc(-c2ccccc2)c1)c1ccccc1Br,False
ASAP-0027896,CCCC(C)C(=O)Nc1cccc(-c2cccc3cc[nH]c23)n1,False
ASAP-0027897,CCCC(C)C(=O)Nc1ccnc(-c2ccccc2)c1,False
ASAP-0027898,Cc1cc(C(=O)Nc2cccc(-c3cccc4cc[nH]c34)n2)on1,False
ASAP-0027899,Cc1cc(C(=O)Nc2ccnc(-c3cn(C)c4ccccc34)n2)on1,False
ASAP-0027900,Cc1ncsc1C(=O)Nc1ccnc(-c2cn(C)c3ccccc23)n1,False
ASAP-0027901,Nc1ccc(-c2cccc3ccn(C(=O)c4ccccc4Br)c23)nc1,False
ASAP-0027902,Cn1cc(-c2ccc(NC(=O)c3ccccc3Br)cn2)c2ccccc21,False
ASAP-0027903,CCCC(C)C(=O)n1ccc2cccc(-c3ccc(N)cn3)c21,False
ASAP-0027905,CCCC(C)C(=O)Nc1cccc(-c2ccccc2)n1,False
ASAP-0027906,Cc1cc(C(=O)Nc2ccc(-c3cccc4cc[nH]c34)nc2)on1,False
ASAP-0027907,Cc1cc(C(=O)Nc2ccc(-c3cn(C)c4ccccc34)nc2)on1,False
ASAP-0027908,Cc1ncsc1C(=O)n1ccc2cccc(-c3ccc(N)cn3)c21,False
ASAP-0027909,Cc1ncsc1C(=O)Nc1ccc(-c2cn(C)c3ccccc23)nc1,False
ASAP-0027910,Cc1ncsc1C(=O)Nc1cccc(-c2ccccc2)n1,False
ASAP-0027911,CC(Oc1ccc(-c2cn(C)c3ccccc23)nc1)c1ccccc1,False
ASAP-0027912,Brc1cc(OCCn2cccn2)cc(-c2ccccc2)n1,False
ASAP-0027914,Cn1cc(-c2ccc(OCCOc3ccccc3)cn2)c2ccccc21,False
ASAP-0027915,Cn1cc(-c2ccc(OCCn3cccn3)cn2)c2ccccc21,False
ASAP-0027916,c1ccc(-c2ncccc2OCCn2cccn2)cc1,False
ASAP-0027917,c1ccc(OCCOc2ccnc(-c3ccccc3)c2)cc1,False
ASAP-0027918,CC(Oc1ccc(-c2ccccc2)nc1)c1ccccc1,False
ASAP-0027920,c1ccc(OCCOc2ccc(-c3ccccc3)nc2)cc1,False
ASAP-0027921,Cn1cc(-c2ccc(OCC3CC3)cn2)c2ccccc21,False
ASAP-0029096-001,O=C(NC1CC(C(F)(F)F)C1)c1cc2ccsc2[nH]1,False
ASAP-0029098-001,O=C1NCCN1c1ccc(NCc2cccc(F)c2)cc1,False
ASAP-0029101-001,O=C1CCCN1c1ccc(NCc2cccc(F)c2)nc1,False
ASAP-0029102-001,CC(=O)N(C)c1ccc(NCc2cccc(C(C)C)c2)cn1,False
ASAP-0029111-001,CC(=O)Nc1ccc(NCc2cccc(C(C)C)c2)nc1,False
ASAP-0029115-001,CC(=O)Nc1ccc(NCc2cc(F)ccc2C)nc1,False
ASAP-0029126-001,CC(=O)Nc1ccc(NCc2ccc(F)cc2)nc1,False
ASAP-0029145-001,CC(=O)Nc1ccc(NCc2c(C)cccc2F)nc1,False
ASAP-0029149-001,CCC1CC(NC(=O)c2ccc(NC(=O)C(C)(C)C)nc2)C1,False
ASAP-0029154-001,O=C1NCCN1c1ccc(NCc2ccc(C(F)(F)F)cc2)cc1,False
ASAP-0029155-001,Cc1ccc(CNc2ccc(N3CCNC(=O)C3)cn2)cc1C,False
ASAP-0029159-001,COc1cccc(CNc2ccc(NC(C)=O)cn2)c1,False
ASAP-0029164-001,CC1(NC(=O)Nc2ccccc2CS(N)(=O)=O)CCC1,False
ASAP-0029172-001,NCc1ccc(C(=O)Nc2c[nH]c3ccccc23)cc1,False
ASAP-0029179-001,O=C1CCCN1c1ccc(NCc2ccc(C(F)(F)F)cc2)nc1,False
ASAP-0029181-001,Cn1cc([C@H](O)C(=O)Nc2cccc(NC(=O)CC#N)c2)cn1,False
ASAP-0029185-001,CC(C)(C)C(=O)Nc1ccc(C(=O)NC2(C(F)F)CCC2)cn1,False
ASAP-0029206-001,CCCC(=O)NC1CCN(C(=O)NC2CC(CC#N)C2)CC1,False
ASAP-0029217-001,Cn1nc(C2CCOCC2)cc1C(=O)OC[C@H]1CNC(=O)C1,False
ASAP-0029226-001,N#CCC1CC(NC(=O)N2CCC[C@H](CS(N)(=O)=O)C2)C1,False
ASAP-0029229-001,COc1cncc(CCC(=O)N[C@H]2CCNC2=O)c1,False
ASAP-0029230-001,CC(=O)Nc1ccc(NCc2ccc(C)cc2F)nc1,False
ASAP-0029237-001,CC(=O)Nc1ccc(NCc2ccccc2C2CC2)nc1,False
ASAP-0029238-002,O=C1NCC[C@H]1C(=O)N1CCC[C@H](NCc2ccccc2)C1,False
ASAP-0029244-001,CC(=O)N(C)c1ccc(NCc2ccccc2C2CC2)cn1,False
ASAP-0029247-001,CN(C)C(=O)c1ccc(NC(=O)CC(C)(C)C(F)(F)F)c(F)c1,False
ASAP-0029249-001,CC[C@H](C)CC(=O)Nc1ccc(C(=O)N(C)C)cc1,False
ASAP-0029252-001,CC(C)(C)OC1CC(NC(=O)N2CCC[C@H]2CS(N)(=O)=O)C1,False
ASAP-0029266-001,CSc1cccc(CNc2ccc(N3CCNC(=O)C3)cn2)c1,False
ASAP-0029268-001,Cc1ccc(C(=O)Nc2ccc(N3CCNC(=O)C3)nc2)cc1C,False
ASAP-0030122-001,Cn1cc(C(=O)N[C@H]2Cc3cnccc3NC2=O)c(C2CC2)n1,False
ASAP-0030125-001,CCc1ccc(S(=O)(=O)Nc2cnccc2NC(C)=O)s1,False
ASAP-0030129-001,Cc1nc(CNC(=O)[C@H]2CCCN(C(=O)c3ccccc3)C2)cs1,False
ASAP-0030138-001,O=C(Nc1cnccc1O)[C@H]1CCCN(C(=O)c2ccccc2)C1,False
ASAP-0030139-001,CCn1cc(S(=O)(=O)Nc2cnccc2C(N)=O)cn1,False
ASAP-0030142-001,O=C1NCc2c1cccc2C(=O)N1CCCC[C@H]1C(=O)OCc1ccccc1,False
ASAP-0030149-001,CN(C(=O)CN(C)S(C)(=O)=O)c1ccnc2c1CCCC2,False
ASAP-0030150-001,Cc1nc(CNC(=O)[C@]2(C)CCCN(C(=O)c3ccccc3)C2)n[nH]1,False
ASAP-0030151-001,CN(Cc1nccs1)C(=O)[C@]1(C)CCCN(C(=O)c2ccccc2)C1,False
ASAP-0030161-001,O=C(NC1(CO)CCOCC1)[C@H]1CCCN(C(=O)c2ccccc2)C1,False
ASAP-0030163-001,Cn1nc(C(=O)NCCn2cnc(C(=O)O)c2)c2ccccc21,False
ASAP-0030168-001,O=C1CCC[C@H]1CNC(=O)[C@H]1CCCN(C(=O)c2ccccc2)C1,False
ASAP-0030169-001,CNc1cnccc1C(=O)N1CC2(CCCC2)C[C@H]1C,False
ASAP-0030171-001,C[C@]1(C(=O)NS(C)(=O)=O)CCCN(C(=O)c2ccccc2)C1,False
ASAP-0030174-001,Cc1nsc(NC(=O)[C@]2(C)CCCN(C(=O)c3ccccc3)C2)n1,False
ASAP-0030183-001,Cc1nc2ccccc2c(NC(=O)Cn2cccn2)c1C(C)C,False
ASAP-0030185-001,Cn1nc(C(=O)N2CCC[C@H](C(=O)O)C2)c2ccccc21,False
ASAP-0030188-001,C[S@](=O)CCNC(=O)[C@]1(C)CCCN(C(=O)c2ccccc2)C1,False
ASAP-0030194-001,CO[C@H](CNC(=O)[C@H]1CCCN(C(=O)c2ccccc2)C1)C(C)C,False
ASAP-0030195-001,Cc1cnc(CNC(=O)[C@H]2CCCN(C(=O)c3ccccc3)C2)o1,False
ASAP-0030205-001,COCCN(CC(N)=O)C(=O)[C@H]1CCCN(C(=O)c2ccccc2)C1,False
ASAP-0030206-001,CC(C)[C@H](NC(=O)[C@H]1CCCN(C(=O)c2ccccc2)C1)C(=O)O,False
ASAP-0030209-001,COCCNC(=O)CNC(=O)[C@H]1CCCN(C(=O)c2ccccc2)C1,False
ASAP-0030210-001,Cc1cc(Br)oc1C(=O)N1CC(=O)Nc2cnccc21,False
ASAP-0030214-001,CC(C)c1nnc(NC(=O)[C@H]2CCCN(C(=O)c3ccccc3)C2)[nH]1,False
ASAP-0030215-001,COc1cc(C(=O)Nc2cnccc2NC(C)=O)sc1Br,False
ASAP-0030217-001,CCN1CCN(C(=O)c2nn(C)c3ccccc23)CC1,False
ASAP-0030226-001,Cc1ccc(C(=O)Nc2cnccc2C(N)=O)cc1,False
ASAP-0030234-001,Cc1cnccc1NC(=O)[C@H]1CCCCN1C(=O)OC(C)(C)C,False
ASAP-0030239-001,CN(C[C@H]1CCCOC1)C(=O)[C@H]1CCCN(C(=O)c2ccccc2)C1,False
ASAP-0030242-001,CCc1cc(NC(=O)[C@]2(C)CCCN(C(=O)c3ccccc3)C2)[nH]n1,False
ASAP-0030248-001,NC[C@H]1CCCN(C(=O)c2cccc3c2CNC3=O)C1,False
ASAP-0030251-001,Cc1cc(NC(=O)[C@@H]2CCCO[C@H]2c2ccn[nH]2)c(C)cn1,False
ASAP-0030253-001,Cn1nc(C(=O)N[C@H](CC(=O)O)c2ccccn2)c2ccccc21,False
ASAP-0030267-001,COC(=O)N1CC[C@H](NC(=O)c2ccncc2N)C1,False
ASAP-0030268-001,CSCC[C@H](C)NC(=O)[C@]1(C)CCCN(C(=O)c2ccccc2)C1,False
ASAP-0030271-001,CCn1ccnc1[C@@H]1OCC[C@H]1C(=O)Nc1cc(C)ncc1C,False
ASAP-0030276-001,O=C(O)c1csc(NC(=O)[C@H]2CCCN(C(=O)c3ccccc3)C2)c1,False
ASAP-0030284-001,COc1ccc(Br)c(CC(=O)Nc2ccncc2C)c1,False
ASAP-0030287-001,Cc1cnccc1NC(=O)[C@H]1CCCN(C(=O)c2ccccc2)C1,False
ASAP-0030288-001,Cn1cc(C(=O)NC[C@H]2CCCO2)c2ccccc21,False
ASAP-0030289-001,Cn1nc(C(=O)N2CCC[C@H](C(C)(C)C(=O)O)C2)c2ccccc21,False
ASAP-0030296-001,Cc1nnsc1CNC(=O)[C@H]1CCCN(C(=O)c2ccccc2)C1,False
ASAP-0030299-001,CO[C@H](C(=O)Nc1ccncc1C)c1ccccc1C(F)(F)F,False
ASAP-0030305-001,Cn1nc(C(=O)N[C@H](C(=O)O)c2cccc(O)c2)c2ccccc21,False
ASAP-0030308-001,O=C(NOCC(F)(F)F)[C@H]1CCCN(C(=O)c2ccccc2)C1,False
ASAP-0030311-001,Cc1conc1NC(=O)[C@]1(C)CCCN(C(=O)c2ccccc2)C1,False
ASAP-0030321-001,Cc1cnccc1NC(=O)[C@@H]1CCCO[C@H]1c1ccnn1C,False
ASAP-0030328-001,Cn1cccc1CNC(=O)[C@H]1CCCN(C(=O)c2ccccc2)C1,False
ASAP-0030332-001,C[C@]1(C(=O)Nc2ccncc2)CCCN(C(=O)c2ccccc2)C1,False
ASAP-0030334-001,Cc1ccnc(C)c1NC(=O)[C@H]1CCCN(C(=O)c2ccccc2)C1,False
ASAP-0030336-001,O=C(NCCN1CCCCC1)[C@H]1CCCN(C(=O)c2ccccc2)C1,False
ASAP-0030346-001,N[C@H]1CCC[C@H](C(=O)N[C@H]2Cc3cnccc3NC2=O)CC1,False
ASAP-0030349-001,CCc1nn(C)cc1NC(=O)[C@H]1CCCN(C(=O)c2ccccc2)C1,False
ASAP-0030353-001,COCC(=O)N1CCC[C@H](C(=O)N2CCOCC2)C1,False
ASAP-0030354-001,CN1CCC(NC(=O)[C@]2(C)CCCN(C(=O)c3ccccc3)C2)CC1,False
ASAP-0030355-001,C[C@H](Cc1ccco1)NC(=O)[C@H]1CCCN(C(=O)c2ccccc2)C1,False
ASAP-0030359-001,Cn1cc(C(=O)NC2(C(=O)O)CC2)c2ccccc21,False
ASAP-0030362-001,CNC(=O)[C@]1(C)CCCN(C(=O)c2ccccc2)C1,False
ASAP-0030366-001,CCC[C@H](C)NC(=O)[C@H]1CCCN(C(=O)c2ccccc2)C1,False
ASAP-0030368-001,C[C@H]1CC(NC(=O)c2nn(C)c3ccccc23)C[C@H](C)O1,False
ASAP-0030369-001,Cc1ccc(NC(=O)[C@]2(C)CCN(C)C2=O)c(C)n1,False
ASAP-0030370-001,Cn1nc(C(=O)N2CC[C@H](C(=O)O)C2)c2ccccc21,False
ASAP-0030372-001,CCCS(=O)(=O)Nc1cnccc1NC(=O)c1ccccc1,False
ASAP-0030373-001,Cn1nc(C(=O)N2CCOC[C@H]2CC(=O)O)c2ccccc21,False
ASAP-0030377-001,Cn1nccc1[C@@H]1OCCC[C@H]1C(=O)N1CCc2cnccc21,False
ASAP-0030386-001,Cc1cnccc1N1NC(=O)C[C@](C)(C2CCCCC2)C1=O,False
ASAP-0030389-001,COCC(=O)N1CCC[C@H](C(=O)Nc2ccccc2)C1,False
ASAP-0030393-001,Cc1cc2c(cn1)CCN2C(=O)Cn1ncn2nccc2c1=O,False
ASAP-0030403-001,CN(Cc1ccon1)C(=O)[C@]1(C)CCCN(C(=O)c2ccccc2)C1,False
ASAP-0030424-001,Cn1nc(C(=O)N2Cc3ccccc3C[C@H]2C(N)=O)c2ccccc21,False
ASAP-0030433-001,O=C(NCc1cccnc1)[C@H]1CCCN(C(=O)c2ccccc2)C1,False
ASAP-0030435-001,CCCC(=O)N1CCCC[C@H]1C(=O)N1CCc2cnccc21,False
ASAP-0030436-001,C[C@]1(C(=O)Nc2cn[nH]c2)CCCN(C(=O)c2ccccc2)C1,False
ASAP-0030437-001,Cn1nc(C(=O)N[C@H](CC2CC2)C(=O)O)c2ccccc21,False
ASAP-0030447-001,Cn1nc(C(=O)NC2(C(=O)O)CCOCC2)c2ccccc21,False
ASAP-0030449-001,O=C(c1ccccc1)N1CCC[C@H](C(=O)N2CCn3ncnc3C2)C1,False
ASAP-0030450-001,CC(=O)Nc1ccncc1NS(=O)(=O)c1cc(Br)ccc1F,False
ASAP-0030452-001,N#Cc1cnn(C(=O)[C@H]2CCCN(C(=O)c3ccccc3)C2)c1N,False
ASAP-0030460-001,CSC[C@H](C)NC(=O)[C@]1(C)CCCN(C(=O)c2ccccc2)C1,False
ASAP-0030461-001,CCc1cc(NC(=O)[C@H]2CCCN(C(=O)c3ccccc3)C2)no1,False
ASAP-0030465-001,CC(C)c1cc(NC(=O)[C@H]2CCCN(C(=O)c3ccccc3)C2)[nH]n1,False
ASAP-0030467-001,Cn1nc(C(=O)NCc2nc(C(F)(F)F)no2)c2ccccc21,False
ASAP-0030469-001,Cn1nc(C(=O)NC2(c3ccc(C#N)cc3)CCC2)c2ccccc21,False
ASAP-0030472-001,O=C(Nc1ccc(O)cc1F)[C@H]1CCCN(C(=O)c2ccccc2)C1,False
ASAP-0030473-001,CCc1cnccc1NC(=O)[C@@H]1CCCO[C@H]1c1ccn[nH]1,False
ASAP-0030474-001,CCn1ccnc1[C@@H]1OCC[C@H]1C(=O)Nc1ccncc1C,False
ASAP-0030479-001,C[C@H]1Cc2cnccc2N1C(=O)Cn1cnc2sccc2c1=O,False
ASAP-0030482-001,Cc1cc([C@H](C)NC(=O)c2nn(C)c3ccccc23)on1,False
ASAP-0030485-001,Cn1nccc1CNC(=O)[C@]1(C)CCCN(C(=O)c2ccccc2)C1,False
ASAP-0030488-001,O=C(c1ccccc1)N1CCC[C@H](C(=O)N2CCc3ccncc32)C1,False
ASAP-0030492-001,Cc1ccc(C(=O)Nc2cnccc2C(N)=O)cc1Cl,False
ASAP-0030493-001,C[C@H](NC(=O)[C@H]1CCCN(C(=O)c2ccccc2)C1)c1cccnc1,False
ASAP-0030494-001,CCCc1nnc(NC(=O)[C@H]2CCCN(C(=O)c3ccccc3)C2)s1,False
ASAP-0030495-001,Cn1nc(C(=O)N2C[C@@H](O)C[C@H](OC(C)(C)C)C2)c2ccccc21,False
ASAP-0030500-001,O=C(NCCc1nc(=O)o[nH]1)[C@H]1CCCN(C(=O)c2ccccc2)C1,False
ASAP-0030509-001,Cn1nc(C(=O)NNS(=O)(=O)c2ccns2)c2ccccc21,False
ASAP-0030511-001,Cc1cnccc1NC(=O)[C@H](C)Oc1ccccc1Br,False
ASAP-0030512-001,Cn1nc(C(=O)N[C@H]2CCN(C3CCCCC3)C2)c2ccccc21,False
ASAP-0030515-001,CC(C)S(=O)(=O)NC(=O)[C@H]1CCCN(C(=O)c2ccccc2)C1,False
ASAP-0030520-001,Cc1ccc(NC(=O)[C@@H]2CCO[C@H]2c2nccn2C)c(C)n1,False
ASAP-0030525-001,O=C1CN(C(=O)c2cc(Cl)ccc2F)c2ccncc2N1,False
ASAP-0030533-001,CN1C[C@H](NC(=O)[C@H]2CCCN(C(=O)c3ccccc3)C2)CCC1=O,False
ASAP-0030534-001,C[C@H](CNC(=O)[C@]1(C)CCCN(C(=O)c2ccccc2)C1)CC(=O)O,False
ASAP-0030539-001,O=C(Nc1cc(F)ccc1O)[C@H]1CCCN(C(=O)c2ccccc2)C1,False
ASAP-0030540-001,Cc1cnccc1NC(=O)[C@@H]1CCCN1C(=O)c1cccs1,False
ASAP-0030543-001,CC(=O)Nc1ccncc1NC(=O)[C@@H]1C[C@H]1c1ccc(F)cc1,False
ASAP-0030546-001,Cn1nc(C(=O)NCC2(C#N)CCCCC2)c2ccccc21,False
ASAP-0030547-001,Cc1nonc1NC(=O)[C@]1(C)CCCN(C(=O)c2ccccc2)C1,False
ASAP-0030550-001,Cn1nc(C(=O)NCC2CCOCC2)c2ccccc21,False
ASAP-0030551-001,CNc1cnccc1C(=O)N[C@H]1CC[C@@H](C(=O)OC)C1,False
ASAP-0030565-001,COCC(=O)N1CCC[C@H](C(=O)NCCNC(=O)OC(C)(C)C)C1,False
ASAP-0030573-001,Cc1c(C(N)=O)cccc1C(=O)N1CCCC[C@H]1c1cnn(C)c1,False
ASAP-0030578-001,CN1CCO[C@H](CNC(=O)[C@H]2CCCN(C(=O)c3ccccc3)C2)C1,False
ASAP-0030588-001,C[C@H](Cn1cc(C2CC2)nn1)NC(=O)c1nn(C)c2ccccc12,False
ASAP-0030589-001,O=C(N[C@@H]1C=C[C@H](CO)C1)[C@H]1CCCN(C(=O)c2ccccc2)C1,False
ASAP-0030593-001,O=C(NCc1ccc(Cl)cn1)[C@H]1CCCN(C(=O)c2ccccc2)C1,False
ASAP-0030597-001,Cc1noc(C)c1N(C)C(=O)[C@H]1CCCN(C(=O)c2ccccc2)C1,False
ASAP-0030598-001,CNc1cnccc1C(=O)NC[C@H](C1CC1)S(C)(=O)=O,False
ASAP-0030599-001,O=C(NCC[C@H]1CCCCO1)[C@H]1CCCN(C(=O)c2ccccc2)C1,False
ASAP-0030600-001,O=C(O)[C@H]1CN(C(=O)[C@H]2CCCN(C(=O)c3ccccc3)C2)CCO1,False
ASAP-0030601-001,COC(=O)[C@@H]1CC[C@H](NC(=O)c2ccncc2N)C1,False
ASAP-0030604-001,O=C(Nc1cnns1)[C@H]1CCCN(C(=O)c2ccccc2)C1,False
ASAP-0030609-001,C[C@]1(C(=O)Nc2nncs2)CCCN(C(=O)c2ccccc2)C1,False
ASAP-0030615-001,Cc1noc(NC(=O)[C@H]2CCCN(C(=O)c3ccccc3)C2)n1,False
ASAP-0030619-001,O=C(c1ccccc1)N1CCC[C@H](C(=O)N2CCc3[nH]ncc3C2)C1,False
ASAP-0030624-001,O=C(NC[C@H]1CCCS1)[C@H]1CCCN(C(=O)c2ccccc2)C1,False
ASAP-0030626-001,N#Cc1cnccc1NC(=O)COc1ccccc1C(F)(F)F,False
ASAP-0030628-001,Cc1cc(NC(=O)[C@@H]2CCO[C@H]2c2nccn2C)c(C)cn1,False
ASAP-0030631-001,O=C(Nc1nc(C2CC2)cs1)[C@H]1CCCN(C(=O)c2ccccc2)C1,False
ASAP-0030636-001,O=C(Nc1cccnc1O)[C@H]1CCCN(C(=O)c2ccccc2)C1,False
ASAP-0030639-001,Cn1ccc(C(=O)N2CCC[C@H](C(N)=O)C2)cc1=O,False
ASAP-0030644-001,Cc1cccnc1CNC(=O)[C@H]1CCCN(C(=O)c2ccccc2)C1,False
ASAP-0030645-001,Cn1nc(C(=O)Nc2ccc(CN)cc2)c2ccccc21,False
ASAP-0030650-001,Cc1c(C(=O)O)cccc1C(=O)N1CCCC[C@H]1Cn1ccnn1,False
ASAP-0030651-001,CCc1cnccc1NC(=O)[C@@H]1CCO[C@H]1c1nccn1C,False
ASAP-0030652-001,Cc1nc(NC(=O)c2nn(C)c3ccccc23)oc1C,False
ASAP-0030657-001,N#Cc1cnccc1NC(=O)C1CCN(CC(F)(F)F)CC1,False
ASAP-0030658-001,Cn1nc(C(=O)NCC[C@]2(O)CCCOC2)c2ccccc21,False
ASAP-0030666-001,Cn1cc(CNC(=O)[C@]2(C)CCCN(C(=O)c3ccccc3)C2)cn1,False
ASAP-0030668-001,C[C@H]1Cc2ccccc2CN1C(=O)c1nn(C)c2ccccc12,False
ASAP-0030678-001,Cn1nnc(CNC(=O)[C@]2(C)CCCN(C(=O)c3ccccc3)C2)n1,False
ASAP-0030679-001,CCc1cc(NC(=O)c2nn(C)c3ccccc23)n(C)n1,False
ASAP-0030681-001,Cc1cnccc1NC(=O)[C@@H]1CCCN1C(=O)OC(C)(C)C,False
ASAP-0030696-001,O=S(=O)(CCc1ccccc1)Nc1cccc(-c2nnco2)c1,False
ASAP-0030699-001,NC(=O)CN1CCC(NS(=O)(=O)CCc2ccccc2)CC1,False
ASAP-0030704-001,O=[N+]([O-])c1ccccc1CCS(=O)(=O)Nc1ccncc1F,False
ASAP-0030707-001,CCN(c1cccc(O)c1)S(=O)(=O)CCc1cccc(F)c1,False
ASAP-0030725-001,Cc1cc(C)c(NC(=O)COc2ncnc3sccc23)c(C)c1,False
ASAP-0030728-001,O=C(O)c1cccc(NS(=O)(=O)C2Cc3ccccc3C2)c1,False
ASAP-0030729-001,COCc1csc(NS(=O)(=O)CCc2ccccc2)n1,False
ASAP-0030733-001,O=S(=O)(CCc1ccc(Cl)cc1)NC[C@@H]1Cc2ccccc2CO1,False
ASAP-0030762-001,O=C(NCCNS(=O)(=O)CCc1ccccc1)c1ncccc1O,False
ASAP-0030768-001,CC(=O)N1CCC(NS(=O)(=O)CCc2ccccc2)CC1,False
ASAP-0030770-001,O=S1(=O)CCc2ccccc2N1Cc1nnc2n1CCCC2,False
ASAP-0030781-001,Cn1cc(Br)cc(NC(=O)C2(O)CCOCC2)c1=O,False
ASAP-0030784-001,O=S(=O)(CCc1ccccc1)Nc1ccc2c(c1)CNCC2,False
ASAP-0030786-001,COc1ccc(CCS(=O)(=O)Nc2c(C)ccn3ncnc23)cc1,False
ASAP-0030791-001,O=[N+]([O-])c1ccccc1CCS(=O)(=O)Nc1ncccc1F,False
ASAP-0030793-001,Cc1cc(C)c(NC(=O)COc2ccccc2C(N)=O)c(C)c1,False
ASAP-0030795-001,O=C(O)c1ccc(NS(=O)(=O)CCc2ccccc2)cn1,False
ASAP-0030803-001,O=S(=O)(CCc1ccc(F)cc1)Nc1ccccc1-c1nc(C2CC2)n[nH]1,False
ASAP-0030815-001,O=[N+]([O-])c1ccccc1CCS(=O)(=O)Nc1ccon1,False
ASAP-0030829-001,Cc1cc(C)c(NC(=O)COC(=O)c2cnc(C)cn2)c(C)c1,False
ASAP-0030831-001,COC(=O)Cn1cc(NS(=O)(=O)CCc2ccc(C(F)(F)F)cc2)cn1,False
ASAP-0030836-001,CC(C)(C(=O)O)c1ccc(NS(=O)(=O)CCc2c(F)cccc2F)cc1,False
ASAP-0030843-001,Cc1ccn2cc(CNS(=O)(=O)CCc3ccccc3)nc2c1,False
ASAP-0030849-001,Cc1cncc(NS(=O)(=O)CCc2ccccc2)c1,False
ASAP-0030868-001,Cc1c(NS(=O)(=O)CCc2ccccc2)cccc1C(=O)O,False
ASAP-0030877-001,N#Cc1ncn(-c2ccccc2NS(=O)(=O)CCc2ccccc2Br)n1,False
ASAP-0030883-001,CC(C)(CNc1ncccc1CCS(N)(=O)=O)C1(O)CCC1,False
ASAP-0030884-001,O=S(=O)(CCc1ccccc1)Nc1cnn(CC(F)F)c1,False
ASAP-0030915-001,Cc1cc2c(cc1C)[C@H](C(=O)NC1CC3(CC(N)C3)C1)CO2,False
ASAP-0030977-001,O=C(Nc1nncn1C1CC1)[C@H]1CCOc2ccc(Cl)cc21,False
ASAP-0031119-001,COCC(=O)N1CCO[C@H](C(=O)N(C)c2c(C)noc2C)C1,False
ASAP-0031136-001,COCC(=O)N1CCO[C@H](C(=O)NC[C@@H]2CCCO2)C1,False
ASAP-0031154-001,COCC(=O)N1CCO[C@H](C(=O)NC[C@H](OC)C(C)C)C1,False
ASAP-0031163-001,COCC(=O)N1CCO[C@H](C(=O)NCc2cccnc2)C1,False
ASAP-0031168-001,COCC(=O)N1CCC[C@H](C(=O)NC[C@H](OC)C(C)C)C1,False
ASAP-0031171-001,COCC(=O)N1CCO[C@H](C(=O)NCc2csc(C)n2)C1,False
ASAP-0031172-001,COCC(=O)N1CCO[C@H](C(=O)NCc2ncccc2C)C1,False
ASAP-0031179-001,COCC(=O)N1CCO[C@H](C(=O)N[C@@H]2C=C[C@H](CO)C2)C1,False
ASAP-0031193-001,COCC(=O)N1CCC[C@H](C(=O)NCc2cnco2)C1,False
ASAP-0031202-001,COCC(=O)N1CCO[C@H](C(=O)N(C)C[C@H]2CCCOC2)C1,False
ASAP-0031209-001,COCC(=O)N1CCO[C@H](C(=O)N[C@H]2CCC(=O)N(C)C2)C1,False
ASAP-0031225-001,COCC(=O)N1CCO[C@H](C(=O)Nc2nc(C3CC3)cs2)C1,False
ASAP-0031230-001,COCC(=O)N1CCC[C@H](C(=O)NC2CC(O)C2)C1,False
ASAP-0031234-001,COCC(=O)N1CCO[C@H](C(=O)NCCN2CCCCC2)C1,False
ASAP-0031243-001,COCC(=O)N1CCC[C@H](C(=O)NCc2cc[nH]n2)C1,False
ASAP-0031249-001,COCC(=O)N1CCO[C@H](C(=O)NC2(CO)CC2)C1,False
ASAP-0031252-001,COCC(=O)N1CCO[C@H](C(=O)NC2CC(O)C2)C1,False
ASAP-0031255-001,COCC(=O)N1CCC[C@H](C(=O)NC[C@H]2CCCC2=O)C1,False
ASAP-0031256-001,COCC(=O)N1CCO[C@H](C(=O)NOCC(F)(F)F)C1,False
ASAP-0031257-001,COCC(=O)N1CCC[C@H](C(=O)NC2(CO)CC2)C1,False
ASAP-0031258-001,COCC(=O)N1CCO[C@H](C(=O)N2CCc3ccncc32)C1,False
ASAP-0031262-001,COCC(=O)N1CCO[C@H](C(=O)NCc2ncc(C)o2)C1,False
ASAP-0031263-001,COCC(=O)N1CCO[C@H](C(=O)NCC(=O)NC2CC2)C1,False
ASAP-0031264-001,COCC(=O)N1CCO[C@H](C(=O)NC2(CO)CCOCC2)C1,False
ASAP-0031271-001,COCC(=O)N1CCC[C@H](C(=O)NCc2ncc(C)o2)C1,False
ASAP-0031291-001,COCC(=O)N1CCC[C@H](C(=O)NCC(=O)N2CCN(C)CC2)C1,False
ASAP-0031292-001,COCC(=O)N1CCO[C@H](C(=O)NCCc2nc(=O)o[nH]2)C1,False
ASAP-0031300-001,COCC(=O)N1CCC[C@H](C(=O)N[C@@H]2C=C[C@H](CO)C2)C1,False
ASAP-0031302-001,COCC(=O)N1CCC[C@H](C(=O)N2CCn3ncnc3C2)C1,False
ASAP-0031316-001,COCC(=O)N1CCO[C@H](C(=O)NCC(=O)N2CCN(C)CC2)C1,False
ASAP-0031320-001,Cn1nc(C(=O)NCCS(=O)(=O)c2ccccc2)c2ccccc21,False
ASAP-0031329-001,CN1CC(CNC(=O)c2nn(C)c3ccccc23)C1,False
ASAP-0031336-001,COCC(=O)N1CCO[C@H](C(=O)NCc2cnco2)C1,False
ASAP-0031342-001,Cn1cc(C(=O)NC[C@H](O)CC2CC2)c2ccccc21,False
ASAP-0031343-001,COCC(=O)N1CCC[C@H](C(=O)NC[C@H]2CCCS2)C1,False
ASAP-0031353-001,COCC(=O)N1CCO[C@H](C(=O)NCC2(O)CC2)C1,False
ASAP-0031366-001,Cn1cc(C(=O)NCCNC(=O)c2ccccc2)c2ccccc21,False
ASAP-0031368-001,Cn1nc(C(=O)NCC2(O)CCC2)c2ccccc21,False
ASAP-0031374-001,COCC(=O)N1CCO[C@H](C(=O)NC[C@H]2CCCC2=O)C1,False
ASAP-0031378-001,COCC(=O)N1CCC[C@H](C(=O)NC2(CO)CCOCC2)C1,False
ASAP-0031385-001,COCC(=O)N1CCO[C@H](C(=O)N(CCO)C2CC2)C1,False
ASAP-0031386-001,Cn1nc(C(=O)NCC(=O)NC2CCCC2)c2ccccc21,False
ASAP-0031391-001,COCC(=O)N1CCC[C@H](C(=O)NCC(=O)N2CCOCC2)C1,False
ASAP-0031399-001,COCC(=O)N1CCO[C@H](C(=O)N[C@@H]2C[C@H]2CO)C1,False
ASAP-0031401-001,COCC(=O)N1CCC[C@H](C(=O)NCC(=O)NC2CC2)C1,False
ASAP-0031405-001,Cn1cc(C(=O)NCCN2CCOC2=O)c2ccccc21,False
ASAP-0031422-001,Cn1cc(C(=O)NCCS(=O)(=O)c2ccccc2)c2ccccc21,False
ASAP-0031424-001,COCC(=O)N1CCC[C@H](C(=O)NCCc2nc(=O)o[nH]2)C1,False
ASAP-0031429-001,Cn1cc(C(=O)NCC2(O)CCC2)c2ccccc21,False
ASAP-0031438-001,Cn1cc(C(=O)NCC(=O)NC2CCCC2)c2ccccc21,False
ASAP-0031439-001,COCC(=O)N1CCC[C@H](C(=O)NC[C@@H]2CCCO2)C1,False
ASAP-0031441-001,COCC(=O)N1CCO[C@H](C(=O)NCC(=O)N2CCCC2)C1,False
ASAP-0031476-001,Cn1cc(C(=O)NCc2cc(C(F)(F)F)[nH]n2)c2ccccc21,False
ASAP-0031480-001,Cc1cccc(NC(=O)N2CCC[C@H](C(=O)NCCO)C2)c1,False
ASAP-0031481-001,O=C(NCCO)[C@H]1CCCN(S(=O)(=O)c2ccccc2)C1,False
ASAP-0031485-001,Cc1noc(C)c1S(=O)(=O)N1CCC[C@H](C(N)=O)C1,False
ASAP-0031486-001,Cn1cc(C(=O)NCCc2cocn2)c2ccccc21,False
ASAP-0031487-001,COc1ccc(NCc2cccc3c2nnn3C)c(C(F)(F)F)n1,False
ASAP-0031489-001,COCC(=O)N1CCO[C@H](C(=O)NCc2cc[nH]n2)C1,False
ASAP-0031490-001,Cn1nnc2c(C(=O)Nc3cccc(NC(=O)[C@H]4C[C@](C)(F)C4)c3)cccc21,False
ASAP-0031491-001,CC(C)(C)OC(=O)N1CC[C@]2(CCOC2)[C@H](C(N)=O)C1,False
ASAP-0031495-001,O=C(NCCO)[C@H]1CCCN(C(=O)NC2CCCC2)C1,False
ASAP-0031503-001,CC(C)(C)OC(=O)N1C[C@H](C(=O)NCCO)CC2(CCC2)C1,False
ASAP-0031504-001,CO[C@H]1C[C@@H](C(=O)NCCO)CN(C(=O)OC(C)(C)C)C1,False
ASAP-0031505-001,Cn1nc(C(=O)NCCC(=O)NC2CC2)c2ccccc21,False
ASAP-0031507-001,O=C(NCCO)[C@H]1CCCN(C(=O)c2ccccn2)C1,False
ASAP-0031508-001,NC(=O)[C@@H]1CCCN(CC(=O)Nc2ccccc2)C1,False
ASAP-0031510-001,CN(C1(C(=O)O)CC1)S(=O)(=O)c1cccc2ccccc12,False
ASAP-0031512-001,CC(C)S(=O)(=O)NCCNC(=O)c1cn(C)c2ccccc12,False
ASAP-0031513-001,C[C@@H]1CN(S(=O)(=O)c2cccc3nonc23)C[C@H]1CO,False
ASAP-0031517-001,CC(C)(C)C[C@H]1CCCN1S(=O)(=O)c1cccnc1C#N,False
ASAP-0031521-001,C[C@H]1C[C@@H](C(=O)NCCO)CN(C(=O)OC(C)(C)C)C1,False
ASAP-0031523-001,CC(C)COc1cc(NS(=O)(=O)c2cccc3c2nnn3C)ncn1,False
ASAP-0031526-001,CC(C)CNC(=O)CCNC(=O)c1cn(C)c2ccccc12,False
ASAP-0031529-001,CC(C)Oc1cccnc1NC(=O)N1CC[C@H](Oc2cccc(F)c2)C1,False
ASAP-0031531-001,Cn1nnc2c(CNc3ccc(OC(F)(F)F)c(C#N)c3)cccc21,False
ASAP-0031532-001,O=C(NCCO)[C@H]1CCCN(C(=O)c2c[nH]c3ccccc23)C1,False
ASAP-0031535-001,NC(=O)[C@@H]1CCCN(C(=O)COc2ccccc2)C1,False
ASAP-0031537-001,O=C(NCCO)[C@H]1CCCN(C(=O)COc2ccccc2)C1,False
ASAP-0031538-001,CC(C)(C)OC(=O)N1C[C@]2(C(N)=O)C[C@]2(C(F)(F)F)C1,False
ASAP-0031542-001,Cn1nc(C(=O)NC[C@H](O)CC2CC2)c2ccccc21,False
ASAP-0031543-001,CC(C)CNC(=O)CCNC(=O)c1nn(C)c2ccccc12,False
ASAP-0031544-001,O=C1CCc2cc(C(=O)Nc3ncccc3OCC3CCCCC3)c(F)cc2N1,False
ASAP-0031551-001,COCC(=O)N1CCO[C@H](C(=O)NC[C@H]2CN(C)CCO2)C1,False
ASAP-0031559-001,CC(C)(C)OC(=O)N1CCC[C@](C#N)(C(=O)NCCO)C1,False
ASAP-0031560-001,CC(C)(C)OC(=O)N1C[C@H](C(N)=O)CC2(CCC2)C1,False
ASAP-0031561-001,CN1CCc2c(cccc2S(=O)(=O)N2CCSC[C@H]2C(C)(C)C)C1,False
ASAP-0031562-001,COc1ccc2c(n1)N(S(=O)(=O)c1c(C)ccc3nonc13)CC2,False
ASAP-0031563-001,CC(C)c1nc(NS(=O)(=O)c2cccc3c2nnn3C)no1,False
ASAP-0031568-001,NC(=O)[C@@H]1CCCN(C(=O)c2ccccc2OC(F)F)C1,False
ASAP-0031571-001,Cn1cc(C(=O)NCCNC(=O)C2CC2)c2ccccc21,False
ASAP-0031574-001,Cn1nc(C(=O)NCCNC(=O)C2CC2)c2ccccc21,False
ASAP-0031576-001,Cc1cnccc1CC(=O)Nc1ncccc1OC(C)C,False
ASAP-0031577-001,Cc1ccc2nonc2c1S(=O)(=O)N(C)[C@H](CC#N)C(F)(F)F,False
ASAP-0031578-001,Cn1nc(C(=O)NCc2cc(C(F)(F)F)[nH]n2)c2ccccc21,False
ASAP-0031581-001,O=S(=O)(c1cccc2nonc12)N1CCC[C@H](c2ccncc2)C1,False
ASAP-0031582-001,O=S(=O)(c1cccc2nonc12)N1CCc2ccccc2[C@H]1CO,False
ASAP-0031584-001,O=C(NCCO)[C@H]1CCCN(C(=O)c2ccc(F)cc2)C1,False
ASAP-0031585-001,CC(C)(C)OC(=O)N1C[C@H](C(=O)NCCO)CCC12CCC2,False
ASAP-0031587-001,CCC(=O)NCCNC(=O)c1cn(C)c2ccccc12,False
ASAP-0031588-001,O=C(Nc1ncccc1OCc1ccncc1)c1cc(-c2ccccc2F)on1,False
ASAP-0031589-001,CC(C)[C@H](O)CCNC(=O)c1nn(C)c2ccccc12,False
ASAP-0031593-001,Cn1nc(C(=O)NCCC2(O)CC2)c2ccccc21,False
ASAP-0031597-001,Cn1cc(C(=O)NCc2nnc[nH]2)c2ccccc21,False
ASAP-0031603-001,Cc1cc([C@H](C)NCc2cccc3c2nnn3C)c(C)s1,False
ASAP-0031605-001,Cc1ccc2nonc2c1S(=O)(=O)Nc1cccc2c1CCN2,False
ASAP-0031607-001,NCC1(NS(=O)(=O)c2cccc3nonc23)CCCC1,False
ASAP-0031608-001,CC(=O)N1C[C@H](C(=O)NCCO)Oc2ccccc21,False
ASAP-0031609-001,COc1ncc(Br)nc1N1NC(=O)C2(CCC2)CC1=O,False
ASAP-0031610-001,COc1cc(Br)ccc1CC(=O)N(C)[C@H]1CCN(C)C1=O,False
ASAP-0031611-001,Cn1cc(C(=O)NCCOC2CC2)c2ccccc21,False
ASAP-0031612-001,Cn1cc(C(=O)NCCC(=O)NC2CC2)c2ccccc21,False
ASAP-0031615-001,NC(=O)[C@@H]1CCCN(C(=O)c2cccc3ccccc23)C1,False
ASAP-0031619-001,CC(C)(C)OC(=O)N1C[C@]2(C(=O)NCCO)C[C@]2(C(F)(F)F)C1,False
ASAP-0031620-001,O=S(=O)(Nc1cccc2c1CNCC2)c1cccc2nonc12,False
ASAP-0031621-001,Cc1ccc(C(=O)Nc2ncccc2OCc2ccncc2)s1,False
ASAP-0031624-001,NC(=O)NC[C@H]1CCCN1S(=O)(=O)c1cccc2c1cnn2[C@H]1CCCCO1,False
ASAP-0031629-001,Cn1nc(C(=O)NCCOC2CC2)c2ccccc21,False
ASAP-0031630-001,COc1cccc(CNC(=O)c2nn(C)c3ccccc23)c1,False
ASAP-0031640-001,C[C@]1(C(=O)NCCO)CCCN(C(=O)c2ccccc2)C1,False
ASAP-0031642-001,C[C@H]1C[C@H](C(F)(F)F)CCN1S(=O)(=O)c1cccc2cnccc12,False
ASAP-0031643-001,O=C(NCCO)[C@H]1CCCN(C(=O)c2ccccc2OC(F)F)C1,False
ASAP-0031644-001,C[C@H](C#N)CN(C)C(=O)c1c2c(nc3ccccc13)CCC2,False
ASAP-0031645-001,CC(C)[C@H](O)CNC(=O)c1nn(C)c2ccccc12,False
ASAP-0031646-001,O=S(=O)(NCc1cc2cc(Cl)ccc2o1)c1ccc(Cl)c2nonc12,False
ASAP-0031649-001,CCc1cccnc1NS(=O)(=O)c1cccc2nonc12,False
ASAP-0031652-001,C[C@H]1CN(Cc2ccccc2)C[C@@H](C(=O)NCCO)O1,False
ASAP-0031656-001,Cn1cc([C@@H]2CN(S(=O)(=O)c3cccc4nonc34)C[C@H]2CO)cn1,False
ASAP-0031657-001,COc1ncncc1NC(=O)N(C)[C@H]1CCCC[C@H]1C(F)(F)F,False
ASAP-0031658-001,CC(C)c1cc(NS(=O)(=O)c2cccc3nonc23)on1,False
ASAP-0031659-001,O=C(NCCO)[C@H]1CCCN(C(=O)Cc2ccc(F)cc2)C1,False
ASAP-0031662-001,C=CS(=O)(=O)N(Cc1cccc2c1nnn2C)[C@H]1C[C@@H](OC)C1,False
ASAP-0031663-001,O=C(NCCO)[C@H]1CCCN(S(=O)(=O)c2ccc(F)cc2)C1,False
ASAP-0031666-001,CCOc1ccc(N(CC)S(=O)(=O)c2cccc3c2nnn3C)cc1,False
ASAP-0031667-001,Cn1cc(C(=O)NCCn2cncn2)c2ccccc21,False
ASAP-0031669-001,O=C(O)[C@H](Cc1ccccc1)NS(=O)(=O)c1cccc2[nH]ncc12,False
ASAP-0031671-001,CN1C(=O)CCc2cc(C(=O)Nc3ncccc3OCC3CCCCC3)ccc21,False
ASAP-0031676-001,Cn1nnc2c(NCc3cccc(C(F)(F)F)c3F)nccc21,False
ASAP-0031677-001,O=C(Cn1ccc2cc(F)ccc21)Nc1ncccc1OCC(F)F,False
ASAP-0031678-001,Cc1ccc2nonc2c1S(=O)(=O)NCC[C@H](N)C(F)(F)F,False
ASAP-0031679-001,O=S(=O)(Nc1c(F)ccc(Cl)c1CO)c1cccc2nonc12,False
ASAP-0031681-001,O=C(NCCO)[C@H]1CCCN(C(=O)[C@H]2Cc3cc(Cl)ccc3O2)C1,False
ASAP-0031682-001,CC(C)S(=O)(=O)NCCNC(=O)c1nn(C)c2ccccc12,False
ASAP-0031684-001,CC(C)C[C@@H](NS(=O)(=O)c1cccc2[nH]ncc12)C(=O)O,False
ASAP-0031685-001,Cn1nnc2c(S(=O)(=O)N[C@H]3C[C@@](N)(c4ccccc4)C3)cccc21,False
ASAP-0031686-001,C[C@H](C#N)CN(C)C(=O)NCc1ccc(N2CCCN(C)CC2)nc1,False
ASAP-0031689-001,COC(=O)c1nn(C)cc1NS(=O)(=O)c1cccc2nonc12,False
ASAP-0031695-001,COC(=O)c1cnc(NC(=O)c2ccc(C(C)C)cc2C(C)C)c(OC)n1,False
ASAP-0031696-001,CC(C)[C@H](O)CNC(=O)c1cn(C)c2ccccc12,False
ASAP-0031699-001,COc1ncc(NS(=O)(=O)c2ccc(Cl)c3nonc23)cc1C,False
ASAP-0031705-001,CN(Cc1ccc(OC(F)(F)F)cc1)S(=O)(=O)c1ccccc1Br,False
ASAP-0031706-001,Cc1cccc(S(=O)(=O)N2CC[C@H](C(F)(F)F)C(C)(C)C2)c1C#N,False
ASAP-0031707-001,Cn1nnc2c(NCc3ccc(CC(F)(F)F)cc3)nccc21,False
ASAP-0031708-001,CC(C)(C)OC(=O)N1CCC[C@H](C(=O)NCCO)C1,False
ASAP-0031712-001,Cc1nccnc1C(=O)Nc1ncccc1OCc1ccccc1,False
ASAP-0031713-001,CC(C)[C@H](O)CCNC(=O)c1cn(C)c2ccccc12,False
ASAP-0031714-001,COCCOc1nccnc1NC(=O)c1cnn(-c2ccccc2C)c1,False
ASAP-0031715-001,Cc1ccn2nc(C(=O)Nc3nccnc3OCC(F)F)nc2n1,False
ASAP-0031716-001,Cn1nnc2c(S(=O)(=O)Nc3cccnc3OC(F)F)cccc21,False
ASAP-0031717-001,O=S(=O)(Nc1ccc(-c2noc(C(F)(F)F)n2)cc1)c1cccc2nonc12,False
ASAP-0031718-001,O=C(Nc1c[nH]nc1C1CC1)Nc1ncccc1OCC1CC(F)(F)C1,False
ASAP-0031719-001,Cc1ccc2nonc2c1S(=O)(=O)NC[C@]1(C(=O)O)CCOC1,False
ASAP-0031725-001,COCCNC(=O)CN(C)C(=O)Cc1ccc(Br)cc1OC,False
ASAP-0031726-001,Cc1cc(CNC(=O)c2nn(C)c3ccccc23)on1,False
ASAP-0031727-001,C#Cc1cc(F)c(NS(=O)(=O)c2cccc3nonc23)c(F)c1,False
ASAP-0031728-001,Cn1nccc1C(=O)Nc1ncccc1OCc1cccc(Cl)c1,False
ASAP-0031732-001,COc1cc(Br)ccc1CC(=O)N(C)[C@@H]1CCN(C(=O)OC(C)(C)C)C1,False
ASAP-0031735-001,O=C(Nc1nccnc1OCC(F)F)c1cccc(-n2cncn2)c1,False
ASAP-0031736-001,CC(C)CNC(=O)N1CCC[C@H](C(=O)NCCO)C1,False
ASAP-0031737-001,Cc1ccc2nonc2c1S(=O)(=O)Nc1ccc2c(c1)CN([C@H]1CCC(=O)NC1=O)C2=O,False
ASAP-0031738-001,Cc1noc(C)c1S(=O)(=O)N1CCC[C@H](C(=O)NCCO)C1,False
ASAP-0031739-001,CC(C)c1noc([C@]2(O)CCN(S(=O)(=O)c3cccc4nonc34)C2)n1,False
ASAP-0031743-001,COc1cc(Br)ccc1CC(=O)N(C)C[C@H]1CCn2ccnc2C1,False
ASAP-0031749-001,COc1cc(Br)ccc1CC(=O)N(C)CC1(O)CCC1,False
ASAP-0031751-001,COc1cc(Br)ccc1CC(=O)N(C)CC1(O)CC1,False
ASAP-0031752-001,COc1cc(Br)ccc1CC(=O)N(C)Cc1ncnn1CC(F)F,False
ASAP-0031753-001,COc1cc(Br)ccc1CC(=O)N(C)CC1CN(C)C1,False
ASAP-0031762-001,COc1cc(Br)ccc1CC(=O)N(C)CCN(C)C1CC1,False
ASAP-0031767-001,CCn1cnnc1CN(C)C(=O)Cc1ccc(Br)cc1OC,False
ASAP-0031770-001,COc1cc(Br)ccc1CC(=O)N(C)Cc1ccon1,False
ASAP-0031783-001,COc1cc(Br)ccc1CC(=O)N(C)Cc1cn(C)nn1,False
ASAP-0031786-001,COc1cc(Br)ccc1CC(=O)N(C)[C@H](C)CN(C)C(C)=O,False
ASAP-0031789-001,NC(=O)[C@H]1CCCN(C(=O)Cc2cnn3c2CCCC3)C1,False
ASAP-0031791-001,COc1cc(Br)ccc1CC(=O)N(C)CC(=O)NCC(F)(F)F,False
ASAP-0031797-001,COc1cc(Br)ccc1CC(=O)N(C)C[C@@H]1CCCN1C,False
ASAP-0031801-001,C#CCn1cc(CN(C)C(=O)Cc2ccc(Br)cc2OC)cn1,False
ASAP-0031802-001,COc1cc(Br)ccc1CC(=O)N(C)CCN1CCCC1=O,False
ASAP-0031807-001,COc1cc(Br)ccc1CC(=O)N(C)Cc1nnc2n1CCC2,False
ASAP-0031810-001,COC(=O)[C@H](C)CN(C)C(=O)Cc1ccc(Br)cc1OC,False
ASAP-0031814-001,COc1cc(Br)ccc1CC(=O)N(C)C[C@H]1CCN1C(=O)OC(C)(C)C,False
ASAP-0031819-001,CNC(=O)CN(C)C(=O)Cc1ccc(Br)cc1OC,False
ASAP-0031820-001,COc1cc(Br)ccc1CC(=O)N(C)CC(=O)NCc1ccco1,False
ASAP-0031821-001,COc1cc(Br)ccc1CC(=O)N(C)Cc1ccnn1C,False
ASAP-0031823-001,O=C(NCCO)[C@H]1CCCN(C(=O)N2CCCC2)C1,False
ASAP-0031826-001,COc1cc(Br)ccc1CC(=O)N(C)C[C@@H](C)CO,False
ASAP-0031831-001,COC(=O)[C@@H]1C[C@H](C(=O)NCCO)CN(C(=O)OC(C)(C)C)C1,False
ASAP-0031838-001,COc1cc(Br)ccc1CC(=O)N(C)C[C@H](C)NC(=O)OC(C)(C)C,False
ASAP-0031843-001,COc1cc(Br)ccc1CC(=O)N(C)Cc1cscn1,False
ASAP-0031846-001,COc1cccc(CNC(=O)c2cn(C)c3ccccc23)c1,False
ASAP-0031849-001,COc1ccc([C@H](CC(=O)NCCO)NC(C)=O)cc1,False
ASAP-0031854-001,COc1cc(Br)ccc1CC(=O)N(C)Cc1cncn1C1CC1,False
ASAP-0031856-001,NC(=O)[C@@H]1CCCN(C(=O)OCc2ccccc2)C1,False
ASAP-0031862-001,COc1cc(Br)ccc1CC(=O)N(C)[C@H](C)CS(C)(=O)=O,False
ASAP-0031864-001,Cn1nc(C(=O)NCCN2CCOC2=O)c2ccccc21,False
ASAP-0031866-001,COC(=O)[C@@H]1C[C@H](C(N)=O)CN(C(=O)OC(C)(C)C)C1,False
ASAP-0031874-001,COc1cc(Br)ccc1CC(=O)N(C)Cc1ccn(C)n1,False
ASAP-0031880-001,COc1cc(Br)ccc1CC(=O)N(C)CC1(C#N)CC1,False
ASAP-0031886-001,COc1cc(Br)ccc1CC(=O)N(C)Cc1noc(C2CC2)n1,False
ASAP-0031890-001,COc1cc(Br)ccc1CC(=O)N(C)[C@H](C)C1(S(C)(=O)=O)CC1,False
ASAP-0031892-001,COc1cc(Br)ccc1CC(=O)N(C)C[C@H]1CCOC1,False
ASAP-0031895-001,CC(C)(C)OC(=O)N1CCO[C@H](C(=O)NCCO)C1,False
ASAP-0031897-001,COc1cncc(CC(=O)N2CCC[C@H](C(N)=O)C2)c1C,False
ASAP-0031903-001,COc1cc(Br)ccc1CC(=O)N(C)Cc1nnc(C)o1,False
ASAP-0031925-001,Cc1nc2cc(CC(=O)N3CCC[C@H](C(N)=O)C3)ccc2s1,False
ASAP-0031939-001,NC(=O)[C@H]1CCCN(C(=O)Cc2cnc(C3CC3)[nH]2)C1,False
ASAP-0031940-001,Cn1ncc2c1CCC[C@H]2C(=O)N1CCC[C@H](C(N)=O)C1,False
ASAP-0031942-001,Cn1ncc2cc(CC(=O)N3CCC[C@H](C(N)=O)C3)ccc21,False
ASAP-0031954-001,CN(C)C(=O)c1ccc(CC(=O)N2CCC[C@H](C(N)=O)C2)cc1,False
ASAP-0031962-001,COc1cc(Br)ccc1CC(=O)N(C)C[C@@H]1CCO1,False
ASAP-0031966-001,COc1cc(Br)ccc1CC(=O)N(C)CCc1cnccn1,False
ASAP-0031975-001,Cn1nc(C(=O)NCCc2nc(-c3ccccc3)no2)c2ccccc21,False
ASAP-0031976-001,COC(=O)C1CCN(S(=O)(=O)c2cncc(C)c2)CC1,False
ASAP-0031977-001,Cn1nc(CC(=O)NCCc2cocn2)c2ccccc21,False
ASAP-0031979-001,Cc1cc(F)c(NC(=O)C2CCN(C(N)=O)CC2)c(Cl)c1,False
ASAP-0031984-001,Cn1nc(CC(=O)NCc2cocn2)c2ccccc21,False
ASAP-0031985-001,CC(=O)N1CCN(S(=O)(=O)c2ccccc2)CC1=O,False
ASAP-0031986-001,C[C@H](CNC(=O)c1nn(C)c2ccccc12)c1ccncc1,False
ASAP-0031988-001,Cn1nc(C(=O)NC[C@@H](O)c2ccccc2)c2ccccc21,False
ASAP-0031989-001,Cc1nccc(CCNC(=O)c2nn(C)c3ccccc23)n1,False
ASAP-0031990-001,Cn1cc(NC(=O)c2cccnc2-n2cccn2)c(C(F)F)n1,False
ASAP-0031993-001,COc1cc(Br)ccc1CC(=O)N(C)CCN1CCOC1=O,False
ASAP-0031996-001,Cn1cc(NC(=O)c2cncc(-n3ccnc3)n2)c(C(F)F)n1,False
ASAP-0031997-001,Cn1nc(CN(CCc2cocn2)S(C)(=O)=O)c2ccccc21,False
ASAP-0031998-001,Cn1cc(NC(=O)c2csc(-c3ncc[nH]3)n2)c(C(F)F)n1,False
ASAP-0031999-001,Cn1cc(NC(=O)c2cc(C#N)ccc2Cl)c(C(F)F)n1,False
ASAP-0032000-001,Cc1cnc(CCNC(=O)c2nn(C)c3ccccc23)cn1,False
ASAP-0032006-001,Cn1nc(C(=O)NC[C@](C)(O)c2ccccc2)c2ccccc21,False
ASAP-0032007-001,CCn1nccc1CC(=O)Nc1cn(C)nc1C(F)F,False
ASAP-0032010-001,COCC(=O)N1C[C@H]2CCN(C(=O)OC(C)(C)C)C[C@@]2(C(N)=O)C1,False
ASAP-0032011-001,Cc1nc(CCNC(=O)c2nn(C)c3ccccc23)sc1C,False
ASAP-0032012-001,CC(C)[C@H](C(=O)Nc1cn(C)nc1C(F)F)c1nc[nH]n1,False
ASAP-0032013-001,O=C(NCCc1cocn1)N1CC2(CC2)c2ccccc21,False
ASAP-0032014-001,Cn1cc(C2CN(C(=O)c3nn(C)c4ccccc34)C2)cn1,False
ASAP-0032016-001,Cc1nc(CCNC(=O)c2nn(C)c3ccccc23)c[nH]1,False
ASAP-0032017-001,COC(=O)C1CCN(S(=O)(=O)c2ccccc2C)CC1,False
ASAP-0032018-001,COCC(=O)N1CC[C@](Cc2ccccc2)(C(N)=O)C1,False
ASAP-0032019-001,COCC(=O)N1C[C@H](C(N)=O)C2(CCCCCC2)C1,False
ASAP-0032020-001,Cn1nc(C(=O)NCCc2ccon2)c2ccccc21,False
ASAP-0032022-001,Cc1cc(C)c(Nc2ccn([C@H]3CCNC3=O)n2)c(C)c1,False
ASAP-0032024-001,Cn1cc2c(n1)[C@@H](NC(=O)Cc1cocn1)CCC2,False
ASAP-0032025-001,Cn1nc(C(=O)NCCc2ccc(=O)[nH]c2)c2ccccc21,False
ASAP-0032026-001,Cn1nc(C(=O)NCCc2cccc(C#N)c2)c2ccccc21,False
ASAP-0032029-001,COCC(=O)N1CC[C@H](C(N)=O)C12CCN(C(=O)OC(C)(C)C)CC2,False
ASAP-0032030-001,COCC(=O)Nc1c(Cl)cc(C)cc1NC(=O)C1(C)CCCC1,False
ASAP-0032033-001,COc1cc(Br)ccc1CC(=O)N(C)[C@H](CC#N)C(F)(F)F,False
ASAP-0032034-001,CCS(=O)(=O)N1CCN(C(=O)OCc2ccccc2)C(=O)C1,False
ASAP-0032035-001,CCS(=O)(=O)N1CCC(c2nc(C(F)(F)F)c[nH]2)CC1,False
ASAP-0032036-001,C[C@H](CNC(=O)c1nn(C)c2ccccc12)c1nccs1,False
ASAP-0032037-001,COCC(=O)N1C[C@H](C(N)=O)[C@@H](c2ccc(F)c(F)c2)C1,False
ASAP-0032040-001,Cn1cc(NC(=O)[C@]2(F)CSCC23COC3)c(C(F)F)n1,False
ASAP-0032041-001,Cn1nc(NC(=O)NCc2cocn2)c2ccccc21,False
ASAP-0032044-001,Cn1cc(CCNC(=O)c2nn(C)c3ccccc23)cn1,False
ASAP-0032047-001,Cn1nc(C(=O)NCCc2cccc(=O)[nH]2)c2ccccc21,False
ASAP-0032048-001,CCC(=O)N1CCC[C@@H]1C(=O)Nc1cn(C)nc1C(F)F,False
ASAP-0032049-001,Cn1nc(CCNC(=O)c2cocn2)c2ccccc21,False
ASAP-0032053-001,Cn1nc(C(=O)NCCC2CCCCC2)c2ccccc21,False
ASAP-0032055-001,Cc1cc(C)n(CCCC(=O)Nc2cn(C)nc2C(F)F)n1,False
ASAP-0032056-001,CC1CCN(C(=O)C(=O)Nc2cn(C)nc2C(F)F)CC1,False
ASAP-0032057-001,Cc1cc(C)c(Nc2ccn(CC3CC3)n2)c(C)c1,False
ASAP-0032060-001,Cn1nc(C(=O)NCCc2ccc3ccccc3n2)c2ccccc21,False
ASAP-0032062-001,COC(=O)C1CCN(S(=O)(=O)c2cccc(C)c2)CC1,False
ASAP-0032063-001,C[C@H](Cn1cc(Br)cn1)C(=O)Nc1cn(C)nc1C(F)F,False
ASAP-0032068-001,Cn1nc(C(=O)N2CC(c3cn[nH]c3)C2)c2ccccc21,False
ASAP-0032069-001,CC[C@H](C(=O)Nc1cn(C)nc1C(F)F)n1cc(Br)cn1,False
ASAP-0032070-001,Cn1cc(NC(=O)c2cnn3cc(Br)cnc23)c(C(F)F)n1,False
ASAP-0032071-001,CCn1cnnc1[C@H]1C[C@H]1C(=O)Nc1cn(C)nc1C(F)F,False
ASAP-0032072-001,COCC(=O)N1C[C@H](C(N)=O)[C@]2(CCN2C(=O)OC(C)(C)C)C1,False
ASAP-0032073-001,Cc1c(C(=O)NCCc2cocn2)c2ccccc2n1C,False
ASAP-0032074-001,CC(=O)Nc1ccc(CCNC(=O)c2nn(C)c3ccccc23)cc1,False
ASAP-0032075-001,COCC(=O)Nc1c(F)cc(C)cc1-c1cncc(N)c1,False
ASAP-0032077-001,Cn1nc(C(=O)NCCc2nnc[nH]2)c2ccccc21,False
ASAP-0032078-001,NC(=O)[C@H]1CCCN(C(=O)Cc2cccc3[nH]c(N)nc23)C1,False
ASAP-0032081-001,Cn1nc(C(=O)NCCc2nc3ccccc3o2)c2ccccc21,False
ASAP-0032082-001,Cc1ccc2c(cnn2C)c1Nc1ccn(C2COC2)n1,False
ASAP-0032085-001,CC(=O)N1CCCC[C@@H]1C(=O)Nc1cn(C)nc1C(F)F,False
ASAP-0032086-001,CCS(=O)(=O)N1CCC(c2nc3cc(C(F)(F)F)ccc3s2)CC1,False
ASAP-0032087-001,CCC(=O)N1CC[C@H](C(=O)Nc2cn(C)nc2C(F)F)C1,False
ASAP-0032089-001,Cn1nc(C(=O)NCC[C@H]2CCOC2)c2ccccc21,False
ASAP-0032090-001,Cn1cc(NC(=O)C(C)(C)c2ccc(F)cn2)c(C(F)F)n1,False
ASAP-0032093-001,C[C@H](CNC(=O)c1nn(C)c2ccccc12)Cc1cocn1,False
ASAP-0032094-001,Cn1nc(C(=O)N2CCc3cn[nH]c3C2)c2ccccc21,False
ASAP-0032095-001,C[C@H](C(=O)Nc1cn(C)nc1C(F)F)c1cncc(F)c1,False
ASAP-0032099-001,COCCn1ccc(Nc2c(C)ccc3c2cnn3C)n1,False
ASAP-0032101-001,CC(C)c1ncc(Br)c(C(=O)Nc2cn(C)nc2C(F)F)n1,False
ASAP-0032102-001,COC(=O)C1CCN(S(=O)(=O)Cc2ccccc2)CC1,False
ASAP-0032105-001,COCC(=O)N1CC[C@](C(N)=O)(c2ccc(F)cc2)C1,False
ASAP-0032106-001,Cc1ccc2c(cnn2C)c1Nc1ccn(CC(=O)O)n1,False
ASAP-0032108-001,COCC(=O)N1CC[C@H](C(N)=O)C12CCS(=O)(=O)CC2,False
ASAP-0032109-001,Cn1cc(NC(=O)CC(C)(C)c2ccccn2)c(C(F)F)n1,False
ASAP-0032110-001,Cn1cc(NC(=O)Cc2coc(-c3cccs3)n2)c(C(F)F)n1,False
ASAP-0032114-001,Cn1nc(C(=O)NCCc2cc3ccccc3[nH]2)c2ccccc21,False
ASAP-0032115-001,O=C1CN(S(=O)(=O)c2ccccc2)CCN1C(=O)OCc1ccccc1,False
ASAP-0032116-001,COCC(=O)N1C[C@H](C(N)=O)CCC12CN(C(=O)OC(C)(C)C)C2,False
ASAP-0032117-001,Cn1nc(C(=O)NCCc2cn[nH]c2)c2ccccc21,False
ASAP-0032120-001,Cn1nc(C(=O)NCCc2c(F)cccc2F)c2ccccc21,False
ASAP-0032124-001,Cn1cc2c(n1)CN(C(=O)c1nn(C)c3ccccc13)CC2,False
ASAP-0032127-001,CC[C@H](C(=O)Nc1cn(C)nc1C(F)F)[C@H]1CCC(=O)N1,False
ASAP-0032129-001,COc1cc(CCNC(=O)c2nn(C)c3ccccc23)cc(OC)c1,False
ASAP-0032130-001,Cn1nc(C(=O)NCCc2ccccn2)c2ccccc21,False
ASAP-0032131-001,Cn1nc(C(=O)NCCc2ccnc3ccccc23)c2ccccc21,False
ASAP-0032132-001,Cn1nc(NC(=O)CCc2cocn2)c2ccccc21,False
ASAP-0032133-001,Cc1nnc(CCNC(=O)c2nn(C)c3ccccc23)s1,False
ASAP-0032135-001,CN(CCNC(=O)c1nn(C)c2ccccc12)c1ccccn1,False
ASAP-0032136-001,Cn1nc(C(=O)NCCn2cnnc2)c2ccccc21,False
ASAP-0032137-001,COc1cc(Br)ccc1CC(=O)N(C)[C@@H]1CC[C@H]1O,False
ASAP-0032138-001,Cc1ccc2c(cnn2C)c1N(C)c1ccn(C)n1,False
ASAP-0032140-001,CCC[C@@H](NC(C)=O)C(=O)Nc1cn(C)nc1C(F)F,False
ASAP-0032141-001,O=C(NCCc1cocn1)c1n[nH]c2ccccc12,False
ASAP-0032142-001,Cc1ccc2c(cnn2C)c1Nc1ccn(CC2CC2)n1,False
ASAP-0032143-001,Cn1cc(NC(=O)c2ccnn2-c2ccncc2)c(C(F)F)n1,False
ASAP-0032144-001,COCC(=O)N1C[C@H](C(N)=O)CCC12CCOCC2,False
ASAP-0032145-001,CC(C)n1cc(C(=O)NCCc2cocn2)c2ccccc21,False
ASAP-0032149-001,O=C(NCCc1cocn1)c1cccc2cccnc12,False
ASAP-0032151-001,COc1ccc([C@H](C)CCNS(=O)(=O)C[C@H](C)c2ccccc2)cc1,False
ASAP-0032152-001,O=C(NCCc1cocn1)c1nc2ccccc2s1,False
ASAP-0032162-001,Cc1cccc(NC(=O)N2CCC(C(N)=O)CC2)c1,False
ASAP-0032169-001,COCC(=O)N1CC[C@](C(N)=O)(C2CCOCC2)C1,False
ASAP-0032171-001,C[C@H](CNS(=O)(=O)C[C@H](C)c1ccccc1)c1ccc(F)cc1,False
ASAP-0032177-001,Cc1cccc(NC(=O)N2CCC[C@H](C(=O)O)C2)c1,False
ASAP-0032182-001,C[C@H](CS(=O)(=O)NCc1cc(F)ccc1OC(F)F)c1ccccc1,False
ASAP-0032187-001,C[C@H]1CN(C(=O)NCCc2cocn2)c2ccccc21,False
ASAP-0032191-001,Cc1cccc(NC(=O)N2CCC[C@H](S(N)(=O)=O)C2)c1,False
ASAP-0032199-001,O=C(NCCc1cocn1)c1nn(C(=O)CCl)c2ccccc12,False
ASAP-0032205-001,Cn1cc(NC(=O)c2cc(-n3cnnc3)ccn2)c(C(F)F)n1,False
ASAP-0032206-001,Cn1cc2c(n1)[C@H](NS(=O)(=O)Cc1cocn1)CCC2,False
ASAP-0032208-001,CCOC(=O)[C@@H]1CN(C(=O)Cc2cnn(C)c2)CC[C@H]1NC(=O)OC(C)(C)C,False
ASAP-0032209-001,CC1(NC(=O)N2CCC[C@H](C(N)=O)C2)CCCCC1,False
ASAP-0032214-001,COc1ccc(CCNS(=O)(=O)C[C@H](C)c2ccccc2)c(F)c1,False
ASAP-0032215-001,O=C(NCCc1cocn1)c1cnn(-c2ccccc2)c1C(F)(F)F,False
ASAP-0032217-001,COc1ccc(F)cc1CCNS(=O)(=O)C[C@H](C)c1ccccc1,False
ASAP-0032219-001,Cn1nc(C(=O)NCCc2cocn2)cc1C(F)(F)F,False
ASAP-0032221-001,C[C@H](CS(=O)(=O)N1CCC[C@H]1Cc1ccccc1Cl)c1ccccc1,False
ASAP-0032222-001,Cn1ncc(C(=O)NCCc2cocn2)c1-c1ccccc1,False
ASAP-0032227-001,C[C@H](CS(=O)(=O)NCCc1cccc(OC(F)F)c1)c1ccccc1,False
ASAP-0032229-001,O=C(NCCc1cocn1)c1cnc2cccnn12,False
ASAP-0032230-001,Cc1cc(C(=O)NCCc2cocn2)nn1-c1ccc(Cl)cc1,False
ASAP-0032231-001,COCC(=O)N1C[C@H]2CN(C(=O)OC(C)(C)C)CC[C@@]2(C(N)=O)C1,False
ASAP-0032234-001,CNS(=O)(=O)[C@H]1CCCN(C(=O)Nc2cccc(C)c2)C1,False
ASAP-0032236-001,Cc1cc(C(=O)NCCc2cocn2)nn1-c1ccccc1,False
ASAP-0032243-001,Cn1cc(C(=O)NCCc2cocn2)c(-c2ccccc2)n1,False
ASAP-0032245-001,Cn1cc(NC(=O)c2csc(-c3ncccn3)n2)c(C(F)F)n1,False
ASAP-0032247-001,COc1cccc(C[C@H]2CCN(S(=O)(=O)C[C@H](C)c3ccccc3)C2)c1,False
ASAP-0032250-001,CCc1cc(OC)ccc1CNS(=O)(=O)C[C@H](C)c1ccccc1,False
ASAP-0032255-001,NC(=O)C1CCN(c2noc3ccc(Cl)cc23)CC1,False
ASAP-0032258-001,NC(=O)[C@@H]1CCCN(C(=O)c2c[nH]c3ccccc23)C1,False
ASAP-0032265-001,C[C@H](CS(=O)(=O)N1CCC[C@H]1Cc1c(F)cccc1Cl)c1ccccc1,False
ASAP-0032267-001,O=C(NCCc1cocn1)c1cnnc2ccccc12,False
ASAP-0032268-001,O=C(NCCc1cocn1)c1cnc2ccccc2c1,False
ASAP-0032270-001,C[C@H](CS(=O)(=O)N1CC[C@H](Cc2cccc(Cl)c2)C1)c1ccccc1,False
ASAP-0032272-001,COc1ccccc1C[C@H]1CCN(S(=O)(=O)C[C@H](C)c2ccccc2)C1,False
ASAP-0032283-001,CNC(=O)[C@H]1CCCN(C(=O)Nc2cccc(C)c2)C1,False
ASAP-0032284-001,COc1ccc([C@H](Cc2ccc(F)cc2)NS(=O)(=O)C[C@H](C)c2ccccc2)cc1,False
ASAP-0032288-001,O=C(NCCc1cocn1)c1cc(O)nc2ccccc12,False
ASAP-0032293-001,O=C(NCCc1cocn1)c1cnn2c1CCCC2,False
ASAP-0032296-001,C[C@H](CS(=O)(=O)NC[C@H](Cc1ccc(F)cc1)C(=O)N(C)C)c1ccccc1,False
ASAP-0032298-001,NC(=O)C1CCN(Cc2nc3ccccc3[nH]2)CC1,False
ASAP-0032301-001,CCn1cc(C(=O)Nc2cn(C)nc2C(F)F)c(C(F)(F)F)n1,False
ASAP-0032309-001,CCCc1[nH]ncc1C(=O)Nc1cn(C)nc1C(F)F,False
ASAP-0032317-001,CCc1ccc(NC(=O)N2CCC[C@H](C(N)=O)C2)cc1,False
ASAP-0032318-001,CC(C)(C)OC(=O)N[C@H](C(N)=O)c1c(Cl)cccc1Cl,False
ASAP-0032324-001,CC(C)n1cc(NC(=O)N2CCC[C@H](C(N)=O)C2)cn1,False
ASAP-0032331-001,CCCOc1cncc(NC(=O)N2CCC[C@H](C(N)=O)C2)c1,False
ASAP-0032336-001,C=C(CN1CCC[C@@H](C(N)=O)C1)C(=O)Nc1ccccc1,False
ASAP-0032338-001,Cn1cc(CC(=O)N2CC[C@H](N)[C@@H](C(N)=O)C2)cn1,False
ASAP-0032345-001,Cn1cc(CC(=O)N2CC[C@H](NC(=O)OC(C)(C)C)[C@@H](C(N)=O)C2)cn1,False
ASAP-0032346-001,NC(=O)[C@H]1CCCN(C(=O)NCc2cccnc2)C1,False
ASAP-0032361-001,C[C@@H](NC(=O)N1CCC[C@H](C(N)=O)C1)c1ccccc1,False
ASAP-0032370-001,C=CC[C@H](NCCc1cocn1)c1nn(C)c2ccccc12,False
ASAP-0032377-001,COCC(=O)Nc1c(F)cc(C)cc1Cc1cnc(C)s1,False
ASAP-0032394-001,CNC(=O)[C@H]1CCN(C(=O)Nc2cccc(C)c2)C1,False
ASAP-0032400-001,N#Cc1ccnc(NC(=O)N2CCC[C@H](C(N)=O)C2)c1,False
ASAP-0032405-001,Cc1ccc(CC(=O)N2CCC[C@H](C(N)=O)C2)nn1,False
ASAP-0032415-001,CCOc1ncccc1CNS(=O)(=O)C[C@H](C)c1ccccc1,False
ASAP-0032416-001,COc1ccccc1CC(=O)N1CCCN(C(N)=O)CC1,False
ASAP-0032420-001,COCC(=O)N1CC[C@](CNC(=O)OC(C)(C)C)(C(N)=O)C1,False
ASAP-0032421-001,C[C@H](CS(=O)(=O)NCc1ccn(C)n1)c1ccccc1,False
ASAP-0032424-001,Cc1nnc(CNS(=O)(=O)C[C@H](C)c2ccccc2)s1,False
ASAP-0032425-001,Cc1noc(CCCNS(=O)(=O)C[C@H](C)c2ccccc2)n1,False
ASAP-0032431-001,CCN(Cc1ccccc1)C(=O)CNS(=O)(=O)C[C@H](C)c1ccccc1,False
ASAP-0032433-001,CC(=O)N1CCN(c2ccccc2CNS(=O)(=O)C[C@H](C)c2ccccc2)CC1,False
ASAP-0032434-001,COc1ccccc1CC(=O)N1CCC[C@@H](OC)C1,False
ASAP-0032439-001,Cc1cccc(NC(=O)N2CCC[C@H](c3ccn[nH]3)C2)c1,False
ASAP-0032440-001,COc1ccccc1CC(=O)N1CCC[C@H](NC(C)=O)C1,False
ASAP-0032441-001,Cc1ccc(NC(=O)N2CCC(C(N)=O)CC2)cc1,False
ASAP-0032442-001,C[C@H](CS(=O)(=O)NCCc1ccc2c(c1)OCO2)c1ccccc1,False
ASAP-0032443-001,Cc1cccc(NC(=O)N2CCC[C@H](c3cn[nH]c3)C2)c1,False
ASAP-0032445-001,COc1ccccc1CC(=O)N1CCC[C@H](CO)C1,False
ASAP-0032446-001,COc1ccccc1CC(=O)N1CCC[C@H](c2nnc[nH]2)C1,False
ASAP-0032448-001,Cc1nnc(CNS(=O)(=O)C[C@H](C)c2ccccc2)n1C,False
ASAP-0032451-001,COc1ccccc1CC(=O)N1CCC[C@H](C(=O)NC(C)C)C1,False
ASAP-0032457-001,N#Cc1cccc2c(C(=O)NCCc3cocn3)c[nH]c12,False
ASAP-0032459-001,C[C@H](CS(=O)(=O)NCc1cnc(N(C)C)cn1)c1ccccc1,False
ASAP-0032460-001,O=C(NCc1c[nH]cn1)c1n[nH]c(=O)c2ccccc12,False
ASAP-0032463-001,COc1ccccc1CC(=O)N1CCC[C@H](S(N)(=O)=O)C1,False
ASAP-0032464-001,C[C@H](CS(=O)(=O)NCc1ccncc1OCCN(C)C)c1ccccc1,False
ASAP-0032465-001,Cc1cccc(NC(=O)N2CCO[C@H](c3nc[nH]n3)C2)c1,False
ASAP-0032467-001,C[C@H](CNS(=O)(=O)C[C@H](C)c1cccnc1)c1ccc(F)cc1,False
ASAP-0032470-001,COc1ccccc1CC(=O)N1C[C@H]2COCC[C@@]2(C(N)=O)C1,False
ASAP-0032472-001,C[C@H](CS(=O)(=O)NCC(=O)Nc1cccnc1)c1ccccc1,False
ASAP-0032473-001,COc1ccccc1CC(=O)N[C@H]1CCCC[C@H]1C(N)=O,False
ASAP-0032474-001,C[C@H](CS(=O)(=O)NCc1ccc(N(C)C)cc1)c1ccccc1,False
ASAP-0032475-001,COc1ccccc1CC(=O)N1CC[C@](C)(C(N)=O)C1,False
ASAP-0032476-001,C[C@H](CS(=O)(=O)NCC(=O)NCc1ccccc1)c1ccccc1,False
ASAP-0032477-001,C[C@H](CS(=O)(=O)NCc1ccccc1OCCN(C)C)c1ccccc1,False
ASAP-0032481-001,COCc1nnc(CNS(=O)(=O)C[C@H](C)c2ccccc2)[nH]1,False
ASAP-0032484-001,COc1ccccc1CC(=O)N1C[C@H](C(N)=O)Oc2ccccc21,False
ASAP-0032485-001,Cc1cccc(NC(=O)N2CCO[C@H](c3ncc[nH]3)C2)c1,False
ASAP-0032487-001,COc1ccccc1CC(=O)N1Cc2ccccc2[C@H](C(N)=O)C1,False
ASAP-0032488-001,COc1ccccc1C[C@H]1CCN(S(=O)(=O)C[C@H](C)c2cccnc2)C1,False
ASAP-0032490-001,Cc1cccc(NC(=O)N2CCC[C@H](c3c[nH]cn3)C2)c1,False
ASAP-0032491-001,CC(=O)N1CCC(NC(=O)N2CCC[C@H](C(N)=O)C2)CC1,False
ASAP-0032492-001,COc1ccccc1CC(=O)N1CCN[C@H](C(N)=O)CC1,False
ASAP-0032493-001,COc1ccccc1CC(=O)N1CCC[C@H](NS(C)(=O)=O)C1,False
ASAP-0032494-001,Cc1cccc(NC(=O)N2CCC[C@H](c3ccon3)C2)c1,False
ASAP-0032495-001,COc1ccccc1CC(=O)N1CCC[C@@H](CC(N)=O)C1,False
ASAP-0032497-001,Cc1nc(CNS(=O)(=O)C[C@H](C)c2ccccc2)co1,False
ASAP-0032498-001,COc1ccccc1CC(=O)N1C[C@H](C(N)=O)[C@@H](c2cnn(C)c2)C1,False
ASAP-0032499-001,COc1ccccc1CC(=O)N[C@H]1CC[C@@H](C(N)=O)CC1,False
ASAP-0032501-001,Cc1cccc(NC(=O)N2CCO[C@H](c3cc[nH]n3)C2)c1,False
ASAP-0032504-001,C[C@H](CS(=O)(=O)NCc1cccnc1OCCN(C)C)c1ccccc1,False
ASAP-0032505-001,COc1ccccc1CC(=O)N1CCC[C@H](C(=O)N(C)C)C1,False
ASAP-0032506-001,CN(CCc1cocn1)C(=O)c1nn(C)c2ccccc12,False
ASAP-0032507-001,CCNC(=O)CNS(=O)(=O)C[C@H](C)c1ccccc1,False
ASAP-0032508-001,CNC(=O)c1cccc(CNS(=O)(=O)C[C@H](C)c2ccccc2)c1,False
ASAP-0032511-001,Cc1cc(NC(=O)N2CCC[C@H](C(N)=O)C2)ccn1,False
ASAP-0032513-001,COc1ccccc1CC(=O)N1C[C@H](C(N)=O)C2(CC2)C1,False
ASAP-0032515-001,Cc1cccc(NC(=O)[C@H]2CCCN(C(N)=O)C2)c1,False
ASAP-0032517-001,C[C@H](CS(=O)(=O)NCCCc1cnn(C)n1)c1ccccc1,False
ASAP-0032518-001,COc1ccccc1CC(=O)N1CCC[C@H](C#N)C1,False
ASAP-0032519-001,C[C@H](CS(=O)(=O)NCc1ncccc1N(C)C)c1ccccc1,False
ASAP-0032520-001,CCc1nnc(CNS(=O)(=O)C[C@H](C)c2ccccc2)s1,False
ASAP-0032521-001,C[C@H](CS(=O)(=O)NCc1nc(C(C)(C)C)no1)c1ccccc1,False
ASAP-0032524-001,Cc1cccc(NC(=O)N2CCC[C@H](c3ncco3)C2)c1,False
ASAP-0032533-001,COc1ccccc1CC(=O)N1CCC(CC(N)=O)CC1,False
ASAP-0032534-001,Cc1coc(CNS(=O)(=O)C[C@H](C)c2ccccc2)n1,False
ASAP-0032536-001,CNC(=O)N[C@H]1CCN(C(=O)Cc2ccccc2OC)C1,False
ASAP-0032538-001,NC(=O)[C@H]1CCCN(C(=O)N[C@H]2C[C@@H]2c2ccccc2)C1,False
ASAP-0032539-001,Cc1cccc(NC(=O)N2CCC[C@H](c3cnco3)C2)c1,False
ASAP-0032540-001,C[C@H](CS(=O)(=O)NCCc1nc(-c2ccccc2)no1)c1ccccc1,False
ASAP-0032544-001,COc1ccccc1CC(=O)N1CCN(C2CC2)[C@H](C(N)=O)C1,False
ASAP-0032547-001,COc1ccccc1CC(=O)N1CCC[C@@H]1CC(N)=O,False
ASAP-0032548-001,Cc1cccc(NC(=O)N2CCO[C@H](c3cn[nH]c3)C2)c1,False
ASAP-0032551-001,CNC(=O)[C@H]1CCCN(C(=O)Cc2ccccc2OC)C1,False
ASAP-0032552-001,COc1ccccc1CC(=O)N1CCC[C@H](c2c[nH]cn2)C1,False
ASAP-0032553-001,Cc1cccc(NC(=O)N2CCC[C@H](c3ncc[nH]3)C2)c1,False
ASAP-0032554-001,COc1ccccc1CC(=O)N1CCC[C@H](CN)C1,False
ASAP-0032555-001,COc1ccccc1CC(=O)N1CCC(NC(C)=O)CC1,False
ASAP-0032556-001,Cc1cccc(NC(=O)CN2CCC[C@H](C(N)=O)C2)c1,False
ASAP-0032557-001,COc1ccccc1CC(=O)N1CCO[C@H](C(N)=O)C1,False
ASAP-0032558-001,COc1ccccc1CC(=O)N1C[C@H]2CCC[C@@]2(C(N)=O)C1,False
ASAP-0032563-001,CNC(=O)N[C@H]1CCCN(C(=O)Cc2ccccc2OC)C1,False
ASAP-0032564-001,COCc1noc(CNS(=O)(=O)C[C@H](C)c2ccccc2)n1,False
ASAP-0032566-001,CC(C)CNC(=O)CNS(=O)(=O)C[C@H](C)c1ccccc1,False
ASAP-0032567-001,COc1ccccc1CC(=O)N1CCC[C@H](c2ccno2)C1,False
ASAP-0032569-001,CC(=O)Nc1cccc(CNS(=O)(=O)C[C@H](C)c2ccccc2)c1,False
ASAP-0032570-001,Cc1cccc(NC(=O)N2CCO[C@H](c3cnco3)C2)c1,False
ASAP-0032571-001,C[C@H](CS(=O)(=O)NCc1cccc(C#N)c1)c1ccccc1,False
ASAP-0032573-001,Cc1cccc(NC(=O)N2CCC[C@H](C(=O)NS(C)(=O)=O)C2)c1,False
ASAP-0032575-001,COCC(=O)N1CC2(CCOCC2)[C@](F)(C(N)=O)C1,False
ASAP-0032580-001,COc1ccccc1CC(=O)Nc1c(F)cccc1N1CCCC1,False
ASAP-0032586-001,COc1cccc(C[C@H]2CCN(S(=O)(=O)C[C@H](c3ccccc3)C3CC3)C2)c1,False
ASAP-0032595-001,COCc1ccccc1CNS(=O)(=O)C[C@H](C)c1ccccc1,False
ASAP-0032597-001,COc1ccccc1CC(=O)N1C[C@H](C(N)=O)Cc2ccccc21,False
ASAP-0032599-001,COc1ccccc1[C@H](C)NC(=O)N1CCC[C@H](C(N)=O)C1,False
ASAP-0032601-001,COc1ccccc1CC(=O)N1CCNC[C@H](C(N)=O)C1,False
ASAP-0032602-001,NC(=O)[C@H]1CCCN(C(=O)Nc2nc3ccccc3o2)C1,False
ASAP-0032603-001,COCCN(C)c1ccccc1CNS(=O)(=O)C[C@H](C)c1ccccc1,False
ASAP-0032610-001,C[C@H](CS(=O)(=O)NCCC(=O)N(C)C)c1ccccc1,False
ASAP-0032612-001,C[C@H](CS(=O)(=O)NCCCc1cnn(C)c1)c1ccccc1,False
ASAP-0032615-001,Cc1ccccc1NC(=O)c1ccnc(C(N)=O)c1,False
ASAP-0032620-001,CNC(=O)c1nn(C)cc1NS(=O)(=O)C[C@H](C)c1ccccc1,False
ASAP-0032621-001,COCC(=O)Nc1c(Cl)cc(C)cc1N1CCCN(C)CC1,False
ASAP-0032622-001,CCCNC(=O)[C@@H]1CCCN(C(=O)Cc2ccccc2OC)C1,False
ASAP-0032635-001,COc1ccc(CCNS(=O)(=O)C[C@H](C)c2cccnc2)c(F)c1,False
ASAP-0032639-001,C[C@H](CS(=O)(=O)NCc1coc(CN(C)C)n1)c1ccccc1,False
ASAP-0032651-001,COc1ccccc1C[C@H]1CCN(S(=O)(=O)C[C@H](c2ccccc2)C2CC2)C1,False
ASAP-0032655-001,NC(=O)[C@H]1CCCN(C(=O)Nc2cccc(C(F)(F)F)n2)C1,False
ASAP-0032659-001,COc1ccccc1CC(=O)N1c2ccccc2C[C@H]1C(N)=O,False
ASAP-0032664-001,COc1ccccc1CC(=O)N1C[C@H](C(N)=O)c2ccccc21,False
ASAP-0032667-001,CC(=O)NCCNC(=O)c1ccccc1NS(=O)(=O)C[C@H](C)c1ccccc1,False
ASAP-0032675-001,Cc1ccccc1NC(=O)c1cccc(C(N)=O)n1,False
ASAP-0032679-001,C[C@H](CS(=O)(=O)NCCc1ccc(CO)cc1)c1ccccc1,False
ASAP-0032683-001,Cc1ccccc1NC(=O)c1cc(C(N)=O)ccn1,False
ASAP-0032694,Cc1cc(C)c(NC(=O)COCC(=O)N(C)C)cc1O,False
ASAP-0032695,Cc1cc(NC(=O)C2CCCO2)cc(OC2CCN(C)C2=O)c1,False
ASAP-0032696,Cc1cc(C)c(OCC(=O)N(C)C)cc1NC(=O)CS,False
ASAP-0032698,Cc1ccc(OCC(=O)N(C)C)cc1NC(=O)CS,False
ASAP-0032699,Cc1ccc(NC(=O)CS)cc1OCC(=O)N(C)C,False
ASAP-0032700,Cc1cc(NC(=O)CS)cc(OCC(=O)N(C)C)c1,False
ASAP-0032701,Cc1ccc(NC(=O)COCC(=O)N(C)C)cc1O,False
ASAP-0032702,Cc1cccc(OC2CCN(C)C2=O)c1NC(=O)CS,False
ASAP-0032703,Cc1cc(C)c(NC(=O)CS)c(OC2CCN(C)C2=O)c1,False
ASAP-0032705,Cc1ccc(OCC(=O)N(C)C)cc1NC(=O)CO,False
ASAP-0032706,Cc1cc(NC(=O)CO)cc(OCC(=O)N(C)C)c1,False
ASAP-0032708,Cc1cc(OC2CCN(C)C2=O)c(NC(=O)CS)c(C)n1,False
ASAP-0032709,CN1CCC(Oc2ccc(F)c(NC(=O)C3CCCO3)c2)C1=O,False
ASAP-0032710,Cc1cc(C)c(OC2CCN(C)C2=O)cc1NC(=O)C1CCCO1,False
ASAP-0032711,Cc1cc(NC(=O)C2CCCO2)cc(OCC(=O)N(C)C)c1,False
ASAP-0032713,CN1CCC(Oc2ccccc2NC(=O)CS)C1=O,False
ASAP-0032714,Cc1ccc(NC(=O)CS)c(OC2CCN(C)C2=O)c1,False
ASAP-0032715,CN1CCC(Oc2cc(F)ccc2NC(=O)CS)C1=O,False
ASAP-0032716,CN(C)C(=O)COc1cccc(NC(=O)C2CCCO2)c1,False
ASAP-0032717,Cc1ccc(OCC(=O)N(C)C)cc1NC(=O)C1CCCO1,False
ASAP-0032718,Cc1ccc(NC(=O)C2CCCO2)cc1OCC(=O)N(C)C,False
ASAP-0032719,Cc1cc(C)c(OCC(=O)N(C)C)cc1NC(=O)C1CCCO1,False
ASAP-0032722-001,COc1ccc([C@H](C)CCNS(=O)(=O)C[C@H](c2ccccc2)C2CC2)cc1,False
ASAP-0032734-001,O=S(=O)(C[C@H](c1ccccc1)C1CC1)N1CC[C@H](Cc2cccc(Cl)c2)C1,False
ASAP-0032735-001,NC(=O)C1CCN(C(=O)Nc2cccc(N3CCCCC3)c2)CC1,False
ASAP-0032742-001,O=S(=O)(C[C@H](c1ccccc1)C1CC1)N1CCC[C@H]1Cc1ccccc1Br,False
ASAP-0032744-001,Cc1ccccc1NC(=O)c1cccc(C(N)=O)c1C,False
ASAP-0032748-001,CN(C)C(=O)[C@H](CNS(=O)(=O)C[C@H](c1ccccc1)C1CC1)Cc1ccc(F)cc1,False
ASAP-0032752-001,C[C@H](CNS(=O)(=O)C[C@H](c1ccccc1)C1CC1)c1ccc(F)cc1,False
ASAP-0032753-001,C=CCn1nc(C(=O)NCc2c[nH]cn2)c2ccccc21,False
ASAP-0032756-001,O=S(=O)(C[C@H](c1ccccc1)C1CC1)N1CCC[C@H]1Cc1ccccc1Cl,False
ASAP-0032761-001,COc1cccc(Cl)c1CC(=O)N1CCN(C(=O)OC(C)(C)C)C[C@H](C(N)=O)C1,False
ASAP-0032764-001,NC(=O)CC1CCN(C(=O)[C@H](N)Cc2ccccc2)CC1,False
ASAP-0032766-001,CCc1nc(CNS(=O)(=O)C[C@H](C)c2ccccc2)n[nH]1,False
ASAP-0032769-001,COc1ccccc1CC(=O)N1CCCC[C@H]1C(N)=O,False
ASAP-0032775-001,COCC(=O)Nc1c(Cl)cc(C)cc1OC1CCN(C)CC1,False
ASAP-0032777-001,COc1ccccc1CC(=O)N1CCN(C)[C@H](C(N)=O)C1,False
ASAP-0032778-001,CCNC(=O)NCCNS(=O)(=O)C[C@H](C)c1ccccc1,False
ASAP-0032780-001,COCC(=O)Nc1c(F)cc(C)cc1Cc1ccncc1,False
ASAP-0032792-001,C[C@H]1CCCCCN1c1nc2ccccc2nc1N1CCCCC1,False
ASAP-0032796-001,COc1ccc(F)cc1CCNS(=O)(=O)C[C@H](c1ccccc1)C1CC1,False
ASAP-0032801-001,C[C@H](CS(=O)(=O)Nc1cccc2c1oc(=O)n2C)c1ccccc1,False
ASAP-0032805-001,C[C@H](CS(=O)(=O)NCc1cccc(CN(C)C)c1)c1ccccc1,False
ASAP-0032807-001,O=S(=O)(C[C@H](c1ccccc1)C1CC1)NCc1cc(F)ccc1OC(F)F,False
ASAP-0032809-001,COc1ccccc1CC(=O)N1CC[C@H](CC(=O)O)C1,False
ASAP-0032811-001,CCC(=O)N[C@H]1CCCN(C(=O)Nc2cccc(C)c2)C1,False
ASAP-0032812-001,Cc1cccc(NC(=O)N2CCC[C@H](C(=O)N3CCC3)C2)c1,False
ASAP-0032825-001,Cc1cccc(NC(=O)N2CCC[C@H](C(=O)N(C)C)C2)c1,False
ASAP-0032826-001,C[C@H](CS(=O)(=O)NCc1nc2ccccc2o1)c1ccccc1,False
ASAP-0032831-001,C[C@H](CS(=O)(=O)Nc1ccn(CCC(=O)N(C)C)n1)c1ccccc1,False
ASAP-0034375-001,COc1ccccc1CC(=O)N1CCCN(C)[C@H](C(N)=O)C1,False
ASAP-0034378-001,NC(=O)[C@H]1CCCN(C(=O)[C@H](CC2CCCCC2)c2ccccc2)C1,False
ASAP-0034382-001,COc1ccccc1CC(=O)N1CC[C@H](N)[C@@H](C(N)=O)C1,False
ASAP-0034384-001,COc1ccccc1CC(=O)N1CCc2nc[nH]c2C1,False
ASAP-0034405-001,CNC(=O)Cn1nc(C(=O)NCc2c[nH]cn2)c2ccccc21,False
ASAP-0034415-001,COc1ccccc1CC(=O)N[C@H]1CCN(C(N)=O)C1,False
ASAP-0034428-001,C[C@H](Oc1ccc(F)cc1Br)C(=O)N1CCC(C(N)=O)CC1,False
ASAP-0034433-001,CC(C)NC(=O)C1CCN(C(=O)Nc2nc3c(Br)cccc3s2)CC1,False
ASAP-0034443-001,COc1ccccc1CC(=O)N1CCC[C@H](N(C)S(C)(=O)=O)C1,False
ASAP-0034444-001,CC(C)(C)OC(=O)N1CCCC[C@H](Nc2ccc(CC(N)=O)cc2)C1,False
ASAP-0034454-001,COc1ccccc1CC(=O)N1CCCN(S(C)(=O)=O)CC1,False
ASAP-0034464-001,COc1ccccc1CC(=O)N1CC[C@H](NS(C)(=O)=O)C1,False
ASAP-0034465-001,NC(=O)[C@H]1CC(=O)N(C[C@H]2CCOc3ccccc32)C1,False
ASAP-0034471-001,COc1ccccc1CC(=O)N1CCCN[C@H](C(N)=O)C1,False
ASAP-0034479-001,COc1ccccc1CC(=O)N1CCC[C@H](c2nc(=O)[nH][nH]2)C1,False
ASAP-0034490-001,CNC(=O)N(CCc1cocn1)Cc1nn(C)c2ccccc12,False
ASAP-0035271-001,NC(=O)[C@H]1CCCN(C(=O)NC(c2ccccc2)c2ccccc2)C1,False
ASAP-0035273-001,NC(=O)[C@H]1CCCN(C(=O)Cc2cc3ccccc3c(=O)[nH]2)C1,False
ASAP-0035282-001,NC(=O)[C@H]1CCCN(C(=O)Cc2ccc3ocnc3c2)C1,False
ASAP-0035285-001,CCC[C@@H]1CN(C(=O)Cc2ccccc2OC)C[C@H]1C(N)=O,False
ASAP-0035295-001,NC(=O)[C@H]1CCCN(C(=O)Cc2ccc3ncccc3c2)C1,False
ASAP-0035305-001,NC(=O)[C@H]1CC(=O)N(CCc2cccc3c2OCO3)C1,False
ASAP-0035309-001,COc1ccccc1CC(=O)N1CC[C@@]2(C(N)=O)CCC[C@@H]12,False
ASAP-0035310-001,Cc1nc(C)c(CC(=O)N2CCC[C@H](C(N)=O)C2)c(=O)[nH]1,False
ASAP-0035312-001,NC(=O)[C@H]1CCCN(C(=O)Cc2cnc(C(F)(F)F)cn2)C1,False
ASAP-0035324-001,COc1ccccc1CC(=O)N1C[C@H]2[C@@](C(N)=O)(C1)CS2(=O)=O,False
ASAP-0035327-001,NC(=O)[C@H]1CCC(=O)N(C[C@H]2COc3ccccc3C2)C1,False
ASAP-0035329-001,NC(=O)[C@H]1CCCN(C(=O)CN2CCc3ccccc3C2)C1,False
ASAP-0035330-001,CCOc1cc(NC(=O)N2CCC[C@H](C(N)=O)C2)cc(OCC)c1,False
ASAP-0035331-001,NC(=O)[C@H]1CCCN(C(=O)Cc2ccccc2S(=O)(=O)C(F)F)C1,False
ASAP-0035334-001,COc1ccccc1CC(=O)N1C[C@H](C(N)=O)CC12CCCC2,False
ASAP-0035358-001,CS(=O)(=O)n1nc(C(=O)NCc2c[nH]cn2)c2ccccc21,False
ASAP-0035360-001,COc1ccccc1CC(=O)N1CC[C@](C(N)=O)(N(C)C)C1,False
ASAP-0035373-001,COc1ccccc1CC(=O)N1C[C@H](C(N)=O)[C@@H](c2cnn(C)c2C)C1,False
ASAP-0035374-001,COc1ccccc1CC(=O)N1C[C@H](C(N)=O)CC1(C)C,False
ASAP-0035379-001,Cn1ncc(CC(=O)N2CCC[C@H](C(N)=O)C2)c1C(F)(F)F,False
ASAP-0035389-001,COc1ccccc1CN[C@H]1CCC[C@H](C(N)=O)C1,False
ASAP-0035392-001,NC(=O)[C@H]1CCC(=O)N(CCc2cccc3c2OCO3)C1,False
ASAP-0035395-001,CC(C)c1ccccc1CC(=O)N1CCC[C@H](C(N)=O)C1,False
ASAP-0035408-001,Cn1cc2ccc(CC(=O)N3CCC[C@H](C(N)=O)C3)cc2n1,False
ASAP-0035409-001,Cc1nc2ncccc2cc1CC(=O)N1CCC[C@H](C(N)=O)C1,False
ASAP-0035419-001,NC(=O)[C@H]1CCCN(C(=O)Cc2ccc3ncsc3c2)C1,False
ASAP-0036204-001,NC(=O)C[C@H]1CCCN(c2ncc3ccccc3n2)C1,False
ASAP-0036205-001,COc1ccncc1CC(=O)N1CCC[C@H](C2(O)COC2)C1,False
ASAP-0036206-001,COc1ccncc1CC(=O)N1CCC[C@@H](CO)C1,False
ASAP-0036207-001,COc1ccncc1CC(=O)N1CCC[C@@H](CCO)C1,False
ASAP-0036215-001,COc1ccccc1[C@H](C)CN1C[C@H](C(N)=O)CCC1=O,False
ASAP-0036227-001,COc1cccc2c1C[C@H](N1C[C@H](C(N)=O)CC1=O)C2,False
ASAP-0036237-001,Cc1cccc2sc(N3CCC(C(N)=O)CC3)nc12,False
ASAP-0036238-001,COc1ccccc1N(Cc1nc(C)cs1)C(=O)N1CCC[C@H](C(N)=O)C1,False
ASAP-0036241-001,COc1ccncc1CC(=O)N1CCC[C@H](C2(O)CCC2)C1,False
ASAP-0036246-001,COc1ccncc1CC(=O)N1CCC[C@H](C(C)(C)O)C1,False
ASAP-0036247-001,COc1cccc2c1CC[C@H]2N1C[C@H](C(N)=O)CC1=O,False
ASAP-0036248-001,C=C[C@]1(C(N)=O)CCN(C(=O)Cc2ccccc2OC)C1,False
ASAP-0036250-001,COc1cccc(Cl)c1CC(=O)N1C[C@H](C(N)=O)C[C@H](C(=O)N2CCCC2)C1,False
ASAP-0036254-001,COc1ccncc1CC(=O)N1CCC[C@H](CO)C1,False
ASAP-0036271-001,COc1cccc(OC)c1CN1C[C@H](C(N)=O)CC1=O,False
ASAP-0036275-001,COc1ccccc1CC(=O)N1CC[C@](CO)(C(N)=O)C1,False
ASAP-0036279-001,Cc1nc2c(s1)C[C@H](C(=O)N1CCC[C@H](C(N)=O)C1)CC2,False
ASAP-0036280-001,COc1ccncc1CC(=O)N1CCO[C@H](c2ncn[nH]2)C1,False
ASAP-0036281-001,COc1ccncc1CC(=O)N1CCC[C@H](c2ncc[nH]2)C1,False
ASAP-0036284-001,NC(=O)[C@H]1CCCN(C(=O)C2(c3ccc(Br)cc3)CCC2)C1,False
ASAP-0036285-001,COc1ccncc1CC(=O)N1CCC[C@H](c2ncco2)C1,False
ASAP-0036289-001,Cc1ccc2c(CC(=O)N3CCC[C@H](C(N)=O)C3)cn(C)c2c1,False
ASAP-0036290-001,CC(C)(C(=O)N1CCC[C@H](C(N)=O)C1)c1cc(F)ccc1Br,False
ASAP-0036292-001,COc1ccccc1CC(=O)N1C[C@H](C(N)=O)C(C)(C)C1,False
ASAP-0036293-001,COc1ccncc1CC(=O)N1CCO[C@H](c2ncc[nH]2)C1,False
ASAP-0036296-001,C[C@]1(C(=O)N2CCC[C@H](C(N)=O)C2)CCc2ccccc21,False
ASAP-0036299-001,Cn1nc(C(=O)NCc2nc(C(N)=O)cs2)c2ccccc21,False
ASAP-0036300-001,Cc1c(CC(=O)N2CCC[C@H](C(N)=O)C2)c(=O)[nH]c2ccccc12,False
ASAP-0036301-001,COc1ccncc1CC(=O)N1CCC[C@H](c2cn[nH]c2)C1,False
ASAP-0036305-001,COc1ccncc1CC(=O)N1CCC[C@H](c2cnc[nH]2)C1,False
ASAP-0036307-001,COc1ccncc1CC(=O)N1CCC[C@H](c2cnco2)C1,False
ASAP-0036309-001,NC(=O)[C@H]1CCCN(C(=O)C2(c3ccc(Cl)c(Cl)c3)CCC2)C1,False
ASAP-0036325-001,NC(=O)[C@H]1CCCN(C(=O)C2(c3ccc(F)cc3Br)CC2)C1,False
ASAP-0036326-001,C[C@@H](c1cc2ccccc2[nH]1)N1C[C@@H](C(N)=O)CCC1=O,False
ASAP-0036329-001,NC(=O)[C@H]1CCCN(C(=O)[C@H](O)c2ccc(F)c(Cl)c2F)C1,False
ASAP-0036331-001,Cc1ccc(F)cc1C1(C(=O)N2CCC[C@H](C(N)=O)C2)CC1,False
ASAP-0036333-001,NC(=O)C[C@H]1CCN(C(=O)N2CCC[C@H]2Cc2ccccc2Br)C1,False
ASAP-0036335-001,C[C@](O)(C(=O)N1CCC[C@H](C(N)=O)C1)c1cccc(Br)c1,False
ASAP-0036338-001,Cc1nnc2n1CC[C@]2(C)C(=O)N1CCC[C@H](C(N)=O)C1,False
ASAP-0036343-001,COc1ccncc1CC(=O)N1CCO[C@H](c2cnco2)C1,False
ASAP-0036346-001,COc1ccccc1CC(=O)N1CC[C@H](C(N)=O)C1(C)C,False
ASAP-0036350-001,C#Cc1ccc(C2(C(=O)N3CCC[C@H](C(N)=O)C3)CC2)cc1,False
ASAP-0036354-001,NC(=O)[C@H]1CCCN(C(=O)C(F)(F)c2csc(C(F)(F)F)n2)C1,False
ASAP-0036356-001,COc1ccncc1CC(=O)N1CCO[C@H](c2cn[nH]c2)C1,False
ASAP-0036364-001,COc1ccncc1CC(=O)N1CCC[C@H](C(=O)N2CC(C)(O)C2)C1,False
ASAP-0036373-001,NC(=O)[C@H]1CCCN(C(=O)[C@H]2C[C@@H]2c2ccncc2F)C1,False
ASAP-0036376-001,NC(=O)[C@H]1CCCN(C(=O)C(F)(F)c2cc(Cl)sc2Cl)C1,False
ASAP-0036378-001,COc1ccccc1C(C)(C)N1C[C@H](C(N)=O)CC1=O,False
ASAP-0036381-001,C[C@]1(C(=O)N2CCC[C@H](C(N)=O)C2)CCCc2ccccc21,False
ASAP-0036385-001,COc1ccncc1CC(=O)N1CCC[C@H](c2ccn[nH]2)C1,False
ASAP-0036388-001,Cc1ccc([C@H](C)C(=O)N2CCC[C@H](C(N)=O)C2)cc1Br,False
ASAP-0036396-001,NC(=O)[C@H]1CCCN(C(=O)[C@H]2C[C@@H]2c2ccccc2F)C1,False
ASAP-0036399-001,COc1ccccc1CC(=O)N1C[C@@H](C(N)=O)[C@H](C(C)C)C1,False
ASAP-0036401-001,COc1ccncc1CC(=O)N1CCC[C@H](c2ccon2)C1,False
ASAP-0036415-001,Cn1nc(C(=O)NCc2cccc(C(N)=O)c2)c2ccccc21,False
ASAP-0036417-001,Cn1nc(C(=O)NCCc2nc(C(=O)O)cs2)c2ccccc21,False
ASAP-0036418-001,COc1ccc(C(F)(F)F)cc1CC(=O)N1CCC[C@H](C(=O)N(C)C)C1,False
ASAP-0036419-001,NC(=O)[C@H]1C[C@]12CCc1cc(-c3cccnc3)ccc12,False
ASAP-0036425-001,CNC(=O)[C@H]1CCCN(C(=O)Cc2cnccc2OC)C1,False
ASAP-0036426-001,Cc1cc(Oc2ccc(C(N)=O)cn2)ccc1C(C)C,False
ASAP-0036432-001,CCc1cc(C(N)=O)c2c(C3CC3)nn(Cc3ccccc3)c2n1,False
ASAP-0036434-001,Cn1nc(C(=O)NCc2cccc(C(=O)O)c2)c2ccccc21,False
ASAP-0036438-001,NC(=O)c1cnn(-c2ccc(C(F)(F)F)cn2)c1C(F)(F)F,False
ASAP-0036440-001,CC(C)(C)OC(=O)N1CCc2cc(C(N)=O)ccc2[C@H]1C1CC1,False
ASAP-0036453-001,NC(=O)c1cc(-c2cc(Cl)cc(C(F)(F)F)c2)no1,False
ASAP-0036454-001,Cn1nc(C(=O)NCc2ccc(C(=O)O)cc2)c2ccccc21,False
ASAP-0036455-001,Cc1sc(CCNC(=O)c2nn(C)c3ccccc23)nc1C(=O)O,False
ASAP-0036458-001,NC(=O)c1cnn(-c2cccc(C(F)(F)F)c2)c1-n1cccc1,False
ASAP-0036462-001,COc1ccncc1CC(=O)N1CCC[C@H](C(=O)N(C)C)C1,False
ASAP-0036463-001,CC(C)(C)OC(=O)N1CCCC[C@]12CC[C@H](C(N)=O)CC2,False
ASAP-0036465-001,Cn1nc(C(=O)NCc2nc(C(=O)O)cs2)c2ccccc21,False
ASAP-0036466-001,NC(=O)c1ccc(Cn2nc(C(F)F)c(Cl)c2C(F)F)cc1,False
ASAP-0036473-001,Cc1oc(CCNC(=O)c2nn(C)c3ccccc23)nc1C(N)=O,False
ASAP-0036477-001,NC(=O)[C@H]1CCCN(C(=O)Cc2cnccc2O)C1,False
ASAP-0036478-001,NC(=O)c1cnc(OCc2cccc(Cl)c2)c(Cl)c1,False
ASAP-0036479-001,Cc1sc(CCNC(=O)c2nn(C)c3ccccc23)nc1C(N)=O,False
ASAP-0036483-001,Cc1nn(-c2cccc(C(F)(F)F)c2)c2sc(C(N)=O)cc12,False
ASAP-0036487-001,Cc1cc(COc2ccc(C(N)=O)cc2)c2ccccc2n1,False
ASAP-0036490-001,CNC(=O)[C@H]1CCCN(C(=O)Cc2cc(C(F)(F)F)ccc2OC)C1,False
ASAP-0036495-001,Cc1oc(CNC(=O)c2nn(C)c3ccccc23)nc1C(=O)O,False
ASAP-0036496-001,Cn1nc(C(=O)NCCc2nc(C(N)=O)cs2)c2ccccc21,False
ASAP-0036502-001,CC(C)(C)OC(=O)N1CCC2(CC1)CC(C(N)=O)=NO2,False
ASAP-0036505-001,NC(=O)c1ccc(OCc2c(F)ccc(F)c2F)cc1,False
ASAP-0036506-001,NC(=O)[C@H]1CCCN(C(=O)Cc2cccc3c2SCCC3)C1,False
ASAP-0036509-001,COc1ccc(C(F)(F)F)cc1CC(=O)N1C[C@H](C(N)=O)[C@@H](N)C1,False
ASAP-0036510-001,Cn1nc(C(=O)NCc2ccc(C(=O)O)o2)c2ccccc21,False
ASAP-0036513-001,Cn1nc(C(=O)NCc2ccc(C(N)=O)o2)c2ccccc21,False
ASAP-0036516-001,NC(=O)[C@H]1CCCN(C(=O)[C@H](O)c2ccc(Cl)c(Cl)c2)C1,False
ASAP-0036517-001,CC(C)(C)c1cc(C(N)=O)nn1Cc1cccnc1,False
ASAP-0036519-001,Cn1nc(C(=O)NCCc2ccc(C(=O)O)s2)c2ccccc21,False
ASAP-0036520-001,CC(C)(C)OC(=O)N[C@H]1CCCn2nc(C(N)=O)cc21,False
ASAP-0036530-001,O=C(N1CCCC1)N1CCCC[C@H]1c1nc2ccccc2[nH]1,False
ASAP-0036534-001,CC(C)N1C(=O)C[C@H](C(N)=O)[C@H]1c1ccc(Cl)c(F)c1,False
ASAP-0036537-001,CN(C)[C@]1(C(=O)N2CCC[C@H](C(N)=O)C2)CCc2ccccc21,False
ASAP-0036542-001,Cn1nc(C(=O)NCc2ccc(C(N)=O)cc2)c2ccccc21,False
ASAP-0036554-001,C[S@+]([O-])c1ccccc1CC(=O)N1CCC[C@H](C(N)=O)C1,False
ASAP-0036556-001,COc1ccccc1CC(=O)N1C[C@H](CC(=O)O)C[C@H]1C,False
ASAP-0036558-001,NC(=O)[C@H]1CCCN(C(=O)Nc2ccccc2SC2CCCC2)C1,False
ASAP-0036564-001,COc1ccncc1CC(=O)N1C[C@H](C(N)=O)C[C@@H]2CCCC[C@H]21,False
ASAP-0036566-001,CC(C)Sc1ccccc1NC(=O)N1CCC[C@H](C(N)=O)C1,False
ASAP-0036567-001,Cc1sc(CNC(=O)c2nn(C)c3ccccc23)nc1C(N)=O,False
ASAP-0036570-001,NC(=O)[C@H]1CCCN(C(=O)Nc2cccc(Cl)c2SCC(F)F)C1,False
ASAP-0036575-001,COc1ccc(C(F)(F)F)cc1CC(=O)N1C[C@H](NC(C)=O)[C@@H](C(N)=O)C1,False
ASAP-0036576-001,COc1ccncc1CC(=O)N1CCC[C@H](C(=O)N(C)CC2(O)CC2)C1,False
ASAP-0036585-001,CC(C)(C)OC(=O)N1CCC[C@H](n2cc(C(N)=O)nn2)C1,False
ASAP-0036588-001,CSc1ccc(F)cc1NC(=O)N1CCC[C@H](C(N)=O)C1,False
ASAP-0036590-001,Cc1oc(CCNC(=O)c2nn(C)c3ccccc23)nc1C(=O)O,False
ASAP-0036591-001,NC(=O)c1cc(=O)c(OCc2ccc(F)cc2)co1,False
ASAP-0036601-001,COc1ccc(C(F)(F)F)cc1CC(=O)N1CCC[C@H](C(=O)NCC2(O)CC2)C1,False
ASAP-0036602-001,N#Cc1cccc(Br)c1CC(=O)N1CCC[C@H](C(N)=O)C1,False
ASAP-0036603-001,CC(C)(C)OC(=O)N[C@@H](CC(N)=O)Cc1cccc2ccccc12,False
ASAP-0036606-001,CSc1ccccc1CC(=O)N1CCCc2ccccc21,False
ASAP-0036607-001,CO[C@H]1CCN(C(=O)Cc2ccccc2SC)C[C@H]1F,False
ASAP-0036613-001,NC(=O)C1=NN(c2ccccc2)[C@H](c2ccccc2)C1,False
ASAP-0036617-001,CSc1ccccc1CC(=O)N1CC[C@H](CN2CCNC2=O)C1,False
ASAP-0036622-001,CC(C)(C)OC(=O)N1CCC[C@]2(C1)C[C@H](C(N)=O)C2,False
ASAP-0036623-001,CSc1ccccc1CC(=O)N1CCCC(F)(F)C1,False
ASAP-0036625-001,Cc1c(C(N)=O)nnn1[C@H]1CCN(C(=O)OC(C)(C)C)C1,False
ASAP-0036627-001,CNC(=O)C1CN(C(=O)Cc2ccccc2SC)C1,False
ASAP-0036636-001,CSc1ccccc1CC(=O)N1CCNC(=O)C12CCCCC2,False
ASAP-0036642-001,NC(=O)[C@H]1CCCN(C(=O)Nc2cc(Cl)ccc2SC(F)(F)F)C1,False
ASAP-0036644-001,CS(=O)(=O)c1cscc1CC(=O)N1CCC[C@H](C(N)=O)C1,False
ASAP-0036646-001,CSc1ccccc1CC(=O)N1CCCC[C@]12CCNC2=O,False
ASAP-0036647-001,CSc1ccccc1CC(=O)N1CCCC[C@H](S(N)(=O)=O)C1,False
ASAP-0036652-001,CSc1ccccc1CC(=O)N1CC(C)(C(N)=O)C1,False
ASAP-0036660-001,CSc1ccc(Cl)c(C[C@H](NC(=O)OC(C)(C)C)C(N)=O)c1,False
ASAP-0036661-001,CSc1ccccc1CC(=O)N1CCC[C@]2(C1)OC(=O)NC2=O,False
ASAP-0036667-001,NC(=O)[C@H]1CCCN(C(=O)Nc2ccccc2SC(F)(F)F)C1,False
ASAP-0036672-001,CSc1ccccc1CC(=O)N(C)c1ncccc1S(N)(=O)=O,False
ASAP-0036674-001,CCN(C(=O)Cc1ccccc1SC)[C@H]1CCC(=O)NC1,False
ASAP-0036684-001,CSc1ccccc1CC(=O)N1C[C@H](CCO)CC1(C)C,False
ASAP-0036688-001,CSc1ccccc1CC(=O)N1Cc2c[nH]nc2[C@H](C)C1,False
ASAP-0036689-001,CSc1ccccc1CC(=O)N(C)[C@H]1CCc2c[nH]nc2C1,False
ASAP-0036690-001,CSc1ccccc1CC(=O)N1CC[C@]2(CC[C@H](O)CC2)C1,False
ASAP-0036694-001,CSc1ccccc1CC(=O)N1CCCc2[nH]nc(C)c21,False
ASAP-0036697-001,CSc1ccccc1CC(=O)N1C[C@H](CCO)c2ccccc21,False
ASAP-0036699-001,COc1ccc(C(F)(F)F)cc1CC(=O)N1CCC[C@H](C(=O)N(C)CC2(O)CC2)C1,False
ASAP-0036704-001,CSc1ccccc1CC(=O)N1CC[C@H](S(N)(=O)=O)C1,False
ASAP-0036706-001,CSc1ccccc1CC(=O)N(C)[C@H](C)c1nnn[nH]1,False
ASAP-0036709-001,COc1cccc(Cl)c1CC(=O)N1CCN(S(C)(=O)=O)C[C@H](C(N)=O)C1,False
ASAP-0036711-001,CSc1ccccc1CC(=O)N1CCC[C@H](C#N)C1,False
ASAP-0036714-001,CSc1ccccc1CC(=O)N1Cc2cn[nH]c2C[C@H](C)C1,False
ASAP-0036721-001,COc1ccc(Cl)cc1CC(=O)N1CC2(CC2)[C@](F)(C(N)=O)C1,False
ASAP-0036733-001,CSc1ccccc1CC(=O)N1C[C@H](CO)CC12CCOCC2,False
ASAP-0036735-001,COc1ccc(C(F)(F)F)cc1CC(=O)N1C[C@H](NS(C)(=O)=O)[C@@H](C(N)=O)C1,False
ASAP-0036739-001,CSc1ccccc1CC(=O)N1CC[C@H](C(F)(F)CO)C1,False
ASAP-0036741-001,CSc1ccccc1CC(=O)N1C[C@H](CO)OCC12CCC2,False
ASAP-0036742-001,C=C[C@H]1CCCN(C(=O)Cc2ccccc2SC)C1,False
ASAP-0036743-001,CSc1ccccc1CC(=O)N(C)c1ccccc1S(N)(=O)=O,False
ASAP-0036744-001,CSc1ccccc1CC(=O)N1CCc2ccc(O)c(Br)c2C1,False
ASAP-0036745-001,CSc1ccccc1CC(=O)N1CC2(CCC2)[C@H]1C(N)=O,False
ASAP-0036748-001,COc1cccc(Cl)c1CC(=O)N1CCNC[C@H](C(N)=O)C1,False
ASAP-0036749-001,CSc1ccccc1CC(=O)N1CC2(CC2)[C@](F)(C(N)=O)C1,False
ASAP-0036752-001,CSc1ccccc1CC(=O)N1Cc2c([nH][nH]c2=O)C1(C)C,False
ASAP-0036754-001,CSc1ccccc1CC(=O)N1C[C@H](C(N)=O)CC(F)(F)C1,False
ASAP-0036757-001,CO[C@H]1CCCN(C(=O)Cc2ccccc2SC)C1,False
ASAP-0036760-001,CSc1ccccc1CC(=O)N1CCC[C@]2(CNC(=O)C2)C1,False
ASAP-0036766-001,CSc1ccccc1CC(=O)N1C[C@@H]2C[C@H]1CN2C(N)=O,False
ASAP-0036767-001,CSc1ccccc1CC(=O)N1C[C@]2(CO)CC[C@H]1CC2,False
ASAP-0036769-001,CSc1ccccc1CC(=O)N1CCC[C@]2(COCC(=O)N2)C1,False
ASAP-0036770-001,CSc1ccccc1CC(=O)N1CCC[C@H]1CS(N)(=O)=O,False
ASAP-0036772-001,COC[C@H]1CCCN(C(=O)Cc2ccccc2SC)C1,False
ASAP-0036774-001,COc1ccncc1CC(=O)N1CCC[C@H](C(=O)NCC2(O)CC2)C1,False
ASAP-0036776-001,CSc1ccccc1CC(=O)N1CC2(CCNC(=O)C2)C1,False
ASAP-0036777-001,CSc1ccccc1CC(=O)N1C[C@H]2CC[C@](CO)(C2)C1,False
ASAP-0036780-001,CSc1ccccc1CC(=O)N1CCCCNS(=O)(=O)CC1,False
ASAP-0036781-001,CSc1ccccc1CC(=O)N1CCC[C@H]2CNC(=O)[C@H]21,False
ASAP-0036786-001,CSc1ccccc1CC(=O)N1CC(C)(CS(N)(=O)=O)C1,False
ASAP-0036787-001,CSc1ccccc1CC(=O)N1CC2(CCC(=O)NC2)C1,False
ASAP-0036790-001,CSc1ccccc1CC(=O)N1CC[C@]2(CCNC(=O)C2)C1,False
ASAP-0036796-001,CSc1ccccc1CC(=O)N1Cc2c(O)n[nH]c2C(F)(F)C1,False
ASAP-0036799-001,C#C[C@H]1CCCN(C(=O)Cc2ccccc2SC)C1,False
ASAP-0036802-001,CSc1ccccc1CC(=O)N1CC(CS(N)(=O)=O)C1,False
ASAP-0036806-001,CSc1ccccc1CC(=O)N1C[C@H]2CCC[C@@]2(C(N)=O)C1,False
ASAP-0036810-001,CSc1ccccc1CC(=O)N1CCC[C@H](S(C)(=O)=O)C1,False
ASAP-0036813-001,CSc1ccccc1CC(=O)N(C)C1(C(N)=O)CCCC1,False
ASAP-0036822-001,CSc1ccccc1CC(=O)N1CCC[C@H](CC#N)C1,False
ASAP-0036823-001,CCO[C@H]1CCCN(C(=O)Cc2ccccc2SC)C1,False
ASAP-0036824-001,CSc1ccccc1CC(=O)N1CCC[C@H](CCF)C1,False
ASAP-0036825-001,CSc1ccccc1CC(=O)N1CCC[C@H](C(F)(F)F)C1,False
ASAP-0036828-001,COc1cccc(Cl)c1CC(=O)N1CCN(C(C)=O)C[C@H](C(N)=O)C1,False
ASAP-0036829-001,CSc1ccccc1CC(=O)N1CCC[C@H](OCCO)C1,False
ASAP-0037610-001,COc1ccccc1CC(=O)N1C[C@@H](C(N)=O)[C@H](c2ccncc2)C1,False
ASAP-0037617-001,CSc1c(NC(=O)N2CCC[C@H](C(N)=O)C2)cnc2cccnc12,False
ASAP-0037622-001,COc1ccncc1NC(=O)N1CCC[C@H](C(N)=O)C1,False
ASAP-0037628-001,CSc1ccccc1CC(=O)N1CCC[C@H](C2COC2)C1,False
ASAP-0037632-001,CSc1ccccc1CC(=O)N1C[C@]2(F)C[C@](CO)(C1)C2,False
ASAP-0037638-001,C#CC[C@H]1CCCN(C(=O)Cc2ccccc2SC)C1,False
ASAP-0037656-001,CSc1ccccc1CC(=O)N1CCc2cc(=O)[nH]cc21,False
ASAP-0037664-001,CSc1ccccc1CC(=O)N1CCc2ccc(S(N)(=O)=O)cc21,False
ASAP-0037675-001,COc1ccccc1CC(=O)N1C[C@H](C(N)=O)[C@@H](O)C1,False
ASAP-0037679-001,CC1(C)CCc2[nH]nc(CN3C[C@H](C(N)=O)CCC3=O)c2C1,False
ASAP-0037688-001,CC(C)(CN1C[C@H](C(N)=O)CCC1=O)c1cnccn1,False
ASAP-0037705-001,CC(C)(CN1C[C@H](C(N)=O)CCC1=O)c1ccc(Cl)cn1,False
ASAP-0037734-001,COc1ccccc1CC(=O)N1C[C@@H](N(C)C)[C@H](C(N)=O)C1,False
ASAP-0037749-001,CS[C@@H]1CCC[C@H]1NC(=O)N1CCC[C@H](C(N)=O)C1,False
ASAP-0037799-001,C=C(CN1CCC[C@H](C(N)=O)C1)C(=O)Nc1ccccc1,False
ASAP-0037803-001,CC(C)[C@@H](C(=O)N1CC(C(N)=O)C1)c1cnn(C)c1,False
ASAP-0037805-001,CSc1ccccc1CC(=O)N1C[C@]2(C(N)=O)C[C@](C(N)=O)(C1)C2,False
ASAP-0038122-001,CC(C)(C)c1cn2c(n1)[C@H](CN1C[C@H](C(N)=O)CCC1=O)CCC2,False
ASAP-0038137-001,Cc1ccccc1S(=O)(=O)CC(=O)N1CC(C(N)=O)C1,False
ASAP-0038144-001,CCc1cccc(SC)c1CC(=O)N1CCC[C@H](C(N)=O)C1,False
ASAP-0038154-001,CSc1ccccc1CC(=O)N1C[C@H](CO)CCC1(C)C,False
ASAP-0038155-001,CO[C@H]1C[C@@H](C(N)=O)CN(C(=O)Cc2ccccc2SC)C1,False
ASAP-0038166-001,CSc1ccccc1CC(=O)N1CCC[C@H](c2cnc[nH]2)C1,False
ASAP-0038174-001,COc1ccccc1CC(=O)N1C[C@H](C(N)=O)C2(CN(C(C)=O)C2)C1,False
ASAP-0038212-001,C[C@H](CNC(=O)C1CN(C(N)=O)C1)NC(=O)Cc1cnn(C)c1,False
ASAP-0038224-001,NC(=O)[C@H]1CC(=O)N([C@H](c2ccccc2)c2nc3ccccc3[nH]2)C1,False
ASAP-0038228-001,COc1ccccc1CC(=O)N1C[C@H](OC)[C@@H](C(N)=O)C1,False
ASAP-0038232-001,CSc1ccccc1CC(=O)N1C[C@H](C)C[C@@H](C(N)=O)C1,False
ASAP-0038250-001,CSc1ccc(Br)cc1CC(=O)N1CCCN(C(N)=O)CC1,False
ASAP-0038254-001,CSc1ccccc1CC(=O)N1CCC[C@H](c2ccn[nH]2)C1,False
ASAP-0038262-001,CSc1ccc(Br)cc1CC(=O)N1CC(C(N)=O)C1,False
ASAP-0038265-001,Cn1cc(CC(=O)N2C[C@H](C(N)=O)C[C@H](C(N)=O)C2)cn1,False
ASAP-0038267-001,COc1ccc(C(F)(F)F)cc1CC(=O)N1CC[C@]2(C(N)=O)CN(C(C)=O)C[C@H]12,False
ASAP-0038274-001,COc1ccncc1CC(=O)N1C[C@H](C(N)=O)C[C@H]2CCCC[C@H]21,False
ASAP-0038276-001,COc1ccc(F)cc1CC(=O)N1CC(C(N)=O)C1,False
ASAP-0038281-001,COc1ccncc1CC(=O)N1C[C@H](C(N)=O)C[C@H]2CCCC[C@@H]21,False
ASAP-0038283-001,COc1ccccc1CC(=O)N[C@H](C)CNC(=O)N1CC(C(N)=O)C1,False
ASAP-0038288-001,COc1cccc2c(SC)c(NC(=O)N3CCC[C@H](C(N)=O)C3)cnc12,False
ASAP-0038294-001,NC(=O)[C@@H]1CC(=O)N([C@@H](C(N)=O)c2ccccc2)C1,False
ASAP-0038299-001,Cn1cc(CC(=O)N2C[C@]3(C(N)=O)C[C@](C(N)=O)(C2)C3)cn1,False
ASAP-0038408-001,Cc1cc(C2CC2)[nH]c(=O)c1CN1C[C@H](C(N)=O)CCC1=O,False
ASAP-0038411-001,CC1(C)CCCC[C@H]1OC(=O)N1CCC[C@H](C(N)=O)C1,False
ASAP-0038412-001,CC1(C)CCCC[C@@H]1OC(=O)N1CCC[C@H](C(N)=O)C1,False
ASAP-0038433-001,CS[C@H]1CCCC[C@@H]1OC(=O)N1CCC[C@H](C(N)=O)C1,False
ASAP-0038446-001,C=Cc1nccc(CC(=O)N2CCC[C@H](C(N)=O)C2)n1,False
ASAP-0038450-001,CS[C@@H]1CCCC[C@@H]1OC(=O)N1CCC[C@H](C(N)=O)C1,False
ASAP-0038451-001,CS[C@H]1CCCC[C@H]1OC(=O)N1CCC[C@H](C(N)=O)C1,False
ASAP-0038453-001,Cn1nc2cc(Br)ccc2c1CN1C[C@H](C(N)=O)CCC1=O,False
ASAP-0038454-001,Cn1ccnc1[C@H](c1ccccc1)N1C[C@@H](C(N)=O)CC1=O,False
ASAP-0038459-001,CNC(=O)[C@@H](c1ccn(C)n1)N1CCC[C@H](C(N)=O)C1,False
ASAP-0038460-001,CNC(=O)[C@H](c1ccn(C)n1)N1CCC[C@H](C(N)=O)C1,False
ASAP-0038465-001,COc1ccc2cccnc2c1CN1C[C@H](C(N)=O)CCC1=O,False
ASAP-0038466-001,CNC(=O)[C@H](c1cccc(C)c1)N1CCC[C@H](C(N)=O)C1,False
ASAP-0038467-001,CNC(=O)[C@@H](c1cccc(C)c1)N1CCC[C@H](C(N)=O)C1,False
ASAP-0038479-001,COc1cccc(Cl)c1NC(=O)N1CC2(CC2)[C@@](F)(C(N)=O)C1,False
ASAP-0038482-001,CNC(=O)[C@@H](c1ccccc1)N1CCC[C@H](C(N)=O)C1,False
ASAP-0038483-001,CNC(=O)[C@H](c1ccccc1)N1CCC[C@H](C(N)=O)C1,False
ASAP-0038486-001,Cn1cc(CC(=O)N[C@@H](CNC(=O)N2CC(C(N)=O)C2)c2ccc3ccccc3c2)cn1,False
ASAP-0038489-001,NC(=O)[C@H]1CCCN(S(=O)(=O)Cc2ccccc2Br)C1,False
ASAP-0038500-001,Cn1cc(CC(=O)N[C@H]2C[C@@H]2NC(=O)C2CN(C(N)=O)C2)cn1,False
ASAP-0038501-001,CC(C)(CN1C[C@H](C(N)=O)CCC1=O)c1ccccc1Cl,False
ASAP-0038504-001,NC(=O)[C@H]1CCC(=O)N(Cc2cc3c(nc2O)CCCC3)C1,False
ASAP-0038509-001,CSc1ccccc1CC(=O)N1CC2(CC(C(N)=O)C2)C1,False
ASAP-0038511-001,C[C@H]1CCCC[C@@H]1OC(=O)N1CCC[C@H](C(N)=O)C1,False
ASAP-0038517-001,Cn1cc(CC(=O)N2CC3(CC(C(N)=O)C3)C2)cn1,False
ASAP-0038518-001,COc1cccc(Cl)c1CC(=O)N1CC(C(N)=O)C1,False
ASAP-0038521-001,Cc1nn(C)c(C)c1NS(=O)(=O)N1CCC[C@H](C(N)=O)C1,False
ASAP-0038531-001,CSc1ccccc1CC(=O)N1C[C@]2(C(N)=O)C[C@](C(=O)N(C)C)(C1)C2,False
ASAP-0038534-001,CS[C@@H]1CCCC[C@H]1NC(=O)N1CCC[C@H](C(N)=O)C1,False
ASAP-0038548-001,Cn1ccc([C@H](C(N)=O)N2CCC[C@H](C(N)=O)C2)n1,False
ASAP-0038559-001,CS[C@H]1CCCC[C@H]1NC(=O)N1CCC[C@H](C(N)=O)C1,False
ASAP-0038574-001,Cn1cc(CC(=O)N[C@H]2C[C@@H]2NC(=O)N2CC(C(N)=O)C2)cn1,False
ASAP-0038577-001,COc1cccc(CC(=O)N[C@H](C)CNC(=O)N2CC(C(N)=O)C2)c1,False
ASAP-0038579-001,CCc1ccccc1CS(=O)(=O)N1CCC[C@H](C(N)=O)C1,False
ASAP-0038592-001,C[C@H](C(=O)N1CCOCC1)S(=O)(=O)c1cc(F)ccc1F,False
ASAP-0038593-001,C[C@H]1CN(C[C@H]2CCCN2C(=O)c2cccc(F)c2)C[C@H](C)O1,False
ASAP-0038596-001,CSc1ccc(Cc2ccccc2)cc1CC(=O)N1CCC[C@H](C(N)=O)C1,False
ASAP-0038602-001,CC(C)(C)[C@H]1CN(C(=O)CSCC(N)=O)c2ccccc21,False
ASAP-0038604-001,NC(=O)CC[C@H]1CCCN(C(=O)c2ccc(Cl)o2)C1,False
ASAP-0038607-001,CC[C@H](C(=O)N1CCCN(C(N)=O)CC1)c1ccccc1,False
ASAP-0038614-001,CN1CCC[C@H]1C(=O)N(C)[C@H]1CCN(c2ccccc2Cl)C1=O,False
ASAP-0038622-001,CO[C@H]1CCCC[C@@H]1OC(=O)N1CCC[C@H](C(N)=O)C1,False
ASAP-0038631-001,CCc1nnc(S[C@H](C)C(=O)N2CCC(C)CC2)[nH]1,False
ASAP-0038635-001,C[C@H](c1ccccc1F)N(C(=O)CSCC(N)=O)C1CC1,False
ASAP-0038639-001,CCSc1ccc([N+](=O)[O-])cc1C(=O)N1CC(CC(N)=O)C1,False
ASAP-0038644-001,CN([C@]1(C#N)CCOC1)S(=O)(=O)Cc1cc(Cl)ccc1F,False
ASAP-0038649-001,O=S(=O)(Cc1ccccc1)Cc1cccc2c1CCNC2,False
ASAP-0038651-001,CN(Cc1ccc(Cl)cc1)S(=O)(=O)N1CCOCC1,False
ASAP-0038652-001,NC(=O)C1CCN(C(=O)c2cc(Br)ccc2Cl)CC1,False
ASAP-0038660-001,Cc1cscc1C(=O)N1CCCC[C@H]1CCS(C)(=O)=O,False
ASAP-0038662-001,O=C(c1cc(F)c(F)c(F)c1)N(C1CC1)[C@H]1CCS(=O)(=O)C1,False
ASAP-0038663-001,CC[C@H](c1ccc(F)cc1)S(=O)(=O)CC1(C)CS(=O)(=O)C1,False
ASAP-0038679-001,NC(=O)[C@H]1CCCN(C(=O)O[C@H]2CCCC[C@@H]2C2CC2)C1,False
ASAP-0038682-001,O=C1NCCN1[C@H]1CCCN(C(=O)C2(Cc3cccc(F)c3)CCC2)C1,False
ASAP-0038696-001,O=C1CCC(=O)N1CCC(=O)N1CCSc2ccc(Cl)cc21,False
ASAP-0038700-001,NC(=O)[C@H]1CCCN(C(=O)Cc2ccccc2F)C1,False
ASAP-0038702-001,N#CCC(=O)N1CCC(Oc2cncc(Cl)c2)CC1,False
ASAP-0038704-001,Cc1ccc(CCC(=O)N2CCS(=O)(=O)C(C)(C)C2)o1,False
ASAP-0038718-001,CO[C@H]1CCCC[C@H]1OC(=O)N1CCC[C@H](C(N)=O)C1,False
ASAP-0038727-001,C[C@H](CNC(=O)N1CC(C(N)=O)C1)NC(=O)Cc1cnn(C)c1,False
ASAP-0038728-001,C[C@H]1CCCN(C(=O)[C@H]2CC23CCS(=O)(=O)CC3)c2ccccc21,False
ASAP-0038738-001,N=S1(=O)CCN(C(=O)CCc2cccc(F)c2)CC1,False
ASAP-0038742-001,NC(=O)C[C@H]1CCCCN1C(=O)c1cc(F)ccc1Br,False
ASAP-0038745-001,CNC(=O)[C@H](c1cccc(C)c1)N1C[C@H](C(N)=O)CC1=O,False
ASAP-0038749-001,C[C@H](CC(=O)N1CCOC2(CNC2)C1)c1cccc(C(F)(F)F)c1,False
ASAP-0038753-001,COC(=O)C[C@H]1CCCCN1C(=O)c1cc(Cl)ccc1F,False
ASAP-0038755-001,CCc1cc(=O)[nH]c(SCc2ccn(C(C)C)n2)n1,False
ASAP-0038761-001,CN(C)C(=O)[C@]12CN(C(=O)Cc3cnn(C)c3)C[C@](C(N)=O)(C1)C2,False
ASAP-0038762-001,NC(=O)[C@H]1CCC(=O)N(Cc2cccc(-c3nnn[nH]3)c2)C1,False
ASAP-0038768-001,CC(C)CN(C(=O)c1cccc(C#N)c1)[C@H]1CCS(=O)(=O)C1,False
ASAP-0038772-001,C[C@H]1CC[C@H](C(N)=O)CN1C(=O)CCc1ccc(Cl)s1,False
ASAP-0038774-001,Cc1nc2cc(Cl)ccn2c1CN1C[C@H](C(N)=O)CCC1=O,False
ASAP-0038776-001,NC(=O)[C@H]1CCCN(C(=O)Oc2c(Br)ccc3[nH]ncc23)C1,False
ASAP-0038779-001,NC(=O)[C@H]1CCCN(S(=O)(=O)CC2CCCCC2)C1,False
ASAP-0038788-001,NC(=O)[C@H]1CCCN(C(=O)Oc2ccccc2Cl)C1,False
ASAP-0038791-001,C=C[C@H]1CCCC[C@@H]1OC(=O)N1CCC[C@H](C(N)=O)C1,False
ASAP-0038799-001,NC(=O)[C@H]1CCCN(C(=O)Oc2ccccc2SC(F)(F)F)C1,False
ASAP-0038805-001,C=C[C@H]1CCCC[C@H]1OC(=O)N1CCC[C@H](C(N)=O)C1,False
ASAP-0038807-001,NC(=O)[C@H]1CCC(=O)N(CC2(c3ccc(Cl)cc3Cl)CCCCC2)C1,False
ASAP-0038812-001,CSc1ccccc1CC(=O)N1CC2(C(N)=O)CC(C(=O)NCCO)(C1)C2,False
ASAP-0038821-001,NC(=O)[C@H]1CCC(=O)N([C@H](c2c(F)cccc2F)C2CCC2)C1,False
ASAP-0038824-001,NC(=O)[C@H]1CCC(=O)N([C@H](c2ccc(F)cc2F)C2CCCC2)C1,False
ASAP-0038833-001,CN1CCN(c2cccc(Cl)c2CN2C[C@H](C(N)=O)CCC2=O)CC1,False
ASAP-0038851-001,CSc1ccc(C(=O)O)cc1CC(=O)N1CCC[C@H](C(N)=O)C1,False
ASAP-0038856-001,CSC1(CN2C[C@H](C(N)=O)CCC2=O)CCCCC1,False
ASAP-0038869-001,C[C@H](CNC(=O)C[C@H]1C[C@@H]1C(N)=O)NC(=O)Cc1ccccc1,False
ASAP-0038885-001,NC(=O)[C@H]1CCCN(C(=O)O[C@@H]2CCCC[C@H]2F)C1,False
ASAP-0038886-001,CNC(=O)[C@H](c1ccccc1C)N1CCC[C@H](C(N)=O)C1,False
ASAP-0038890-001,CSc1ccccc1CS(=O)(=O)N1CCC[C@H](C(N)=O)C1,False
ASAP-0038930-001,CN(C)C(=O)[C@@H](c1ccccc1)N1C[C@H](C(N)=O)CC1=O,False
ASAP-0038944-001,COC[C@@H]1CC[C@H](C(N)=O)CN1C(=O)Cc1ccccc1SC,False
ASAP-0038949-001,NC(=O)[C@H]1CCC(=O)N(CC2(c3cccc(Cl)c3)CCOCC2)C1,False
ASAP-0038954-001,NC(=O)[C@H]1CCCN(S(=O)(=O)C[C@H]2CCCC[C@H]2C(F)(F)F)C1,False
ASAP-0038965-001,CC(C)(CN1C[C@H](C(N)=O)CCC1=O)c1cnc[nH]1,False
ASAP-0038968-001,CC(C)[C@H](c1ccc(Cl)c(Cl)c1)N1C[C@H](C(N)=O)CCC1=O,False
ASAP-0039000-001,Cc1[nH]c2c(Cl)cccc2c1CN1C[C@H](C(N)=O)CCC1=O,False
ASAP-0039014-001,CCC[C@H](c1ccc(F)cc1F)N1C[C@H](C(N)=O)CC1=O,False
ASAP-0039017-001,NC(=O)[C@H]1CC(=O)N(C[C@H]2CCCN(c3ncccn3)C2)C1,False
ASAP-0039036-001,CC(C)[C@H](c1ccc(F)c(F)c1)N1C[C@H](C(N)=O)CC1=O,False
ASAP-0039047-001,NC(=O)[C@H]1CCCN(C(=O)Oc2ccccc2[C@H]2CNC(=O)C2)C1,False
ASAP-0039060-001,CCC[C@H](C(=O)N1CCc2sccc2C1)N1C[C@H](C(N)=O)CC1=O,False
ASAP-0039065-001,COc1ccc([C@H](C2CC2)N2C[C@H](C(N)=O)CC2=O)cc1F,False
ASAP-0039066-001,Cc1sc(CC(=O)N2CC[C@H](C(N)=O)C2)nc1-c1ccco1,False
ASAP-0039070-001,C[C@H](CNC(=O)C[C@H]1C[C@@H]1C(N)=O)NC(=O)Cc1cnn(C)c1,False
ASAP-0039081-001,CSc1ccc(N2C[C@H](C(=O)N3CC[C@H](C(N)=O)C3)CC2=O)cc1,False
ASAP-0039110-001,C[C@H](c1cccc(Cl)c1Cl)N1C[C@H](C(N)=O)CCC1=O,False
ASAP-0039118-001,CC(=O)Nc1ccccc1CC(=O)N1CC[C@H](C(N)=O)C1,False
ASAP-0039121-001,NC(=O)[C@H]1CC(=O)N(CC2(c3cccc(F)c3)CCC2)C1,False
ASAP-0039136-001,NC(=O)[C@H]1CCCN(C(=O)O[C@H]2CCCCC23CC3)C1,False
ASAP-0039140-001,Cn1cc([C@H](Cc2ccc(F)cc2F)N2C[C@H](C(N)=O)CC2=O)cn1,False
ASAP-0039144-001,CN(C)C(=O)[C@H](c1ccn(C)n1)N1CCC[C@H](C(N)=O)C1,False
ASAP-0039169-001,COc1ccccc1[C@H](c1ccccc1Cl)N1C[C@H](C(N)=O)CC1=O,False
ASAP-0039180-001,COc1ccc(C2(CN3C[C@H](C(N)=O)CC3=O)CCCCC2)nc1,False
ASAP-0039185-001,NC(=O)[C@H]1CCC(=O)N(Cc2cnc3c(F)cccn23)C1,False
ASAP-0039192-001,NC(=O)[C@H]1CC(=O)N([C@H](C(=O)Nc2ccccc2)c2ccccc2)C1,False
ASAP-0039218-001,Cc1nnc2n1C[C@H](C(=O)N1CC[C@H](C(N)=O)C1)N(C)C2,False
ASAP-0039220-001,CC(C)C[C@@H](c1ncnn1C)N1C[C@H](C(N)=O)CC1=O,False
ASAP-0039227-001,CCC[C@H](c1nnc2ccccn12)N1C[C@H](C(N)=O)CC1=O,False
ASAP-0039230-001,C[C@](F)(CN1C[C@H](C(N)=O)CCC1=O)c1ccccc1,False
ASAP-0039241-001,CSc1cccc([C@H](c2ccc(F)c(F)c2)N2C[C@H](C(N)=O)CC2=O)c1,False
ASAP-0039256-001,Cn1cc(C(=O)N2CC[C@H](C(N)=O)C2)c(-c2cc(F)ccc2F)n1,False
ASAP-0039258-001,CSc1ccc(Br)cc1CC(=O)N1C[C@H](C(N)=O)C[C@@H](c2cnn(C)c2)C1,False
ASAP-0039261-001,C[C@H](C(=O)N1CC[C@H](C(N)=O)C1)n1c(C(F)(F)F)nc2ccccc21,False
ASAP-0039265-001,NC(=O)[C@H]1CCN(C(=O)[C@H]2CCCN(c3ccccc3)C2=O)C1,False
ASAP-0039267-001,NC(=O)[C@H]1CC(=O)N([C@H](c2cccnc2)C2CCCCC2)C1,False
ASAP-0039276-001,Cc1ccc([C@H](c2nccn2C)N2C[C@@H]3C[C@]3(C(N)=O)C2)cc1,False
ASAP-0039295-001,N#Cc1ccc(N2CCC[C@H]2C(=O)N2CC[C@H](C(N)=O)C2)cc1,False
ASAP-0039297-001,NC(=O)[C@H]1CC(=O)N([C@H](Cc2cc(F)c(F)cc2F)CC(F)(F)F)C1,False
ASAP-0039301-001,NC(=O)[C@H]1CC(=O)N([C@H](c2ccccc2)C2CCCC2)C1,False
ASAP-0039304-001,C=Cc1ccc(CC(=O)N2CCC[C@H](C(N)=O)C2)c(SC)c1,False
ASAP-0039312-001,Cn1ccc([C@H](CCC(C)(C)C)N2C[C@H](C(N)=O)CC2=O)n1,False
ASAP-0039318-001,NC(=O)[C@H]1CCN(C(=O)[C@H]2CCCN(c3nc4ccccc4s3)C2)C1,False
ASAP-0039319-001,NC(=O)[C@H]1CCN(C(=O)[C@H](O)c2cccc(Cl)c2Cl)C1,False
ASAP-0039323-001,CSc1ccc(Br)cc1CC(=O)N1[C@@H]2CC[C@H](C(N)=O)[C@H]1CC2,False
ASAP-0039333-001,CC(C)[C@H](c1ccncc1)N1C[C@H](C(N)=O)CC1=O,False
ASAP-0039339-001,NC(=O)[C@H]1CC(=O)N([C@H]2CCCc3c2cnn3C2CCCC2)C1,False
ASAP-0039345-001,C[C@H](c1nc2c(s1)CCCCC2)N1C[C@H](C(N)=O)CC1=O,False
ASAP-0039352-001,CSc1ccc2c(c1)[C@H](C(=O)N1CCC[C@H](C(N)=O)C1)CC2,False
ASAP-0039354-001,CSc1cc2sc(N)nc2cc1NC(=O)N1CCC[C@H](C(N)=O)C1,False
ASAP-0039360-001,CSc1ccc(N)cc1CC(=O)N1CCC[C@H](C(N)=O)C1,False
ASAP-0039361-001,NC(=O)[C@H]1CCN(C(=O)C[C@H]2CCc3cc(Br)ccc32)C1,False
ASAP-0039363-001,CSc1cc(-c2ccccc2)ccc1CC(=O)N1CCC[C@H](C(N)=O)C1,False
ASAP-0039380-001,Cc1nc2c(s1)CCC[C@H]2CN1C[C@H](C(N)=O)CCC1=O,False
ASAP-0039381-001,CC(C)(C)[C@H](CN1CCc2ccccc2C1)N1C[C@H](C(N)=O)CC1=O,False
ASAP-0039382-001,NC(=O)[C@H]1CCN(C(=O)[C@H]2NC(=O)c3ccccc32)C1,False
ASAP-0039393-001,NC(=O)[C@H]1CCCN(C(=O)Oc2ccc(Cl)cc2S(=O)(=O)F)C1,False
ASAP-0039397-001,CC=C[C@H](c1nn(C)cc1Br)N1C[C@H](C(N)=O)CC1=O,False
ASAP-0039405-001,CN1CC[C@H](c2ccccc2)C[C@@H]1C(=O)N1CC[C@H](C(N)=O)C1,False
ASAP-0039410-001,Cc1ccc([C@@H](c2nccn2C)N2C[C@H](C(N)=O)CC2=O)cc1,False
ASAP-0039411-001,CC(C)(C)[C@H](c1ncccn1)N1C[C@H](C(N)=O)CC1=O,False
ASAP-0039413-001,NC(=O)[C@H]1CC(=O)N([C@H](CN2CCCCC2)c2ccccc2)C1,False
ASAP-0039700-002,CSc1ccc(-c2cn[nH]c2)cc1CC(=O)N1C[C@H](C(N)=O)C[C@H]2C[C@H]21,False
ASAP-0039732-001,CSc1ccc(-n2ccnc2C)cc1NC(=O)N1CCC[C@H](C(N)=O)C1,False
ASAP-0039733-001,COc1cc(C)ccc1-c1ccc(SC)c(CC(=O)N2CCC[C@H](C(N)=O)C2)c1,False
ASAP-0039764-001,CSc1ccc(-c2cc(N)nc(C(F)(F)F)c2)cc1CC(=O)N1CCC[C@H](C(N)=O)C1,False
ASAP-0039783-001,NC(=O)[C@H]1CCC(=O)N(Cc2c(Br)sc3ccccc23)C1,False
ASAP-0039798-001,Cn1ccc([C@H](C(=O)NCc2ccccc2)N2CCC[C@H](C(N)=O)C2)n1,False
ASAP-0039799-001,Cc1c(Br)c(C(F)(F)F)nn1CC(=O)N1CC[C@H](C(N)=O)C1,False
ASAP-0039825-001,Cn1c(CN2C[C@H](C(N)=O)CCC2=O)nnc1C1CCC1,False
ASAP-0039842-001,Cc1ccc([C@H](c2nccn2C)N2C[C@H]3C[C@@]3(C(N)=O)C2)cc1,False
ASAP-0039902-001,NCC(=O)N1CCC(C(=O)c2ccc3c(c2)CC(=O)N3)CC1,False
ASAP-0039903-001,C=C(Cl)C(=O)N1CCC(C(=O)c2ccc3c(c2)CC(=O)N3)CC1,False
ASAP-0039910-001,CN(C)C(=O)c1ccc2c(c1)CCN2C(=O)C(N)=O,False
ASAP-0039911-001,N#CCC(=O)N1CCC(C(=O)c2ccc3c(c2)CC(=O)N3)CC1,False
ASAP-0039913-001,COCC(=O)N1CCC(C(=O)c2ccc3c(c2)CC(=O)N3)CC1,False
ASAP-0039915-001,C=C(Cl)C(=O)N1CCc2cc(C(=O)N(C)C)ccc21,False
ASAP-0039916-001,CN(C)C(=O)c1ccc2c(c1)CCN2C(=O)CC#N,False
ASAP-0039924-001,NC(CCl)C(=O)N1CCC(C(=O)c2ccc3c(c2)CC(=O)N3)CC1,False
ASAP-0039931-001,CC[S+]([O-])CC(=O)N1CCC(C(=O)c2ccc3c(c2)CC(=O)N3)CC1,False
ASAP-0039933-001,CC(O)C(F)C(=O)N1CCC(C(=O)c2ccc3c(c2)CC(=O)N3)CC1,False
ASAP-0039935-001,N#CC(=NO)C(=O)N1CCC(C(=O)c2ccc3c(c2)CC(=O)N3)CC1,False
ASAP-0039946-001,O=C1Cc2cc(C(=O)C3CCN(C(=O)CS)CC3)ccc2N1,False
ASAP-0039950-001,O=C1C(Cl)=C(Cl)C(=O)c2cc(NC(=O)C3CNC3)ccc21,False
ASAP-0039963-001,O=C1Cc2cc(C(=O)C3CCN(C(=O)CO)CC3)ccc2N1,False
ASAP-0039966-001,CC(C#N)C(=O)N1CCC(C(=O)c2ccc3c(c2)CC(=O)N3)CC1,False
ASAP-0039967-001,O=C1Cc2cc(C(=O)C3CCN(C(=O)CCCF)CC3)ccc2N1,False
ASAP-0039968-001,CC(C#N)C(=O)N1CCc2cc(C(=O)N(C)C)ccc21,False
ASAP-0039973-001,CC(=O)N1CCC(C(=O)c2ccc3c(c2)CC(=O)N3)CC1,False
ASAP-0039980-001,CN(C)C(=O)c1ccc2c(c1)CCN2C(=O)C1CNC1,False
ASAP-0039982-001,O=C1C(Cl)=C(Cl)C(=O)c2cc(NC(=O)C3CCCS3)ccc21,False
ASAP-0039989-001,CN(C)C(=O)c1ccc2c(c1)CCN2C(=O)C(N)CCl,False
ASAP-0039991-001,COCC(=O)N1CCc2cc(C(=O)N(C)C)ccc21,False
ASAP-0041660-001,CSc1cccc(-c2cccc3ccccc23)c1CC(=O)N1CCC[C@H](C(N)=O)C1,False
ASAP-0041662-001,CSc1ccc(C2=CCN(c3ccccc3)CC2)cc1CC(=O)N1CCC[C@H](C(N)=O)C1,False
ASAP-0041679-001,CSc1ccc(-c2ccnc3[nH]ccc23)cc1CC(=O)N1CCC[C@H](C(N)=O)C1,False
ASAP-0041682-001,CSc1ncnc(N2CC[C@H](C(N)=O)C2)c1CC(=O)N1CCC[C@H](C(N)=O)C1,False
ASAP-0041706-001,NC(=O)[C@H]1CC(=O)N([C@H](Cc2ccc(Cl)cc2)c2ccccn2)C1,False
ASAP-0041711-001,C#C[C@H]1CCCC[C@@H]1OC(=O)N1CCC[C@H](C(N)=O)C1,False
ASAP-0041719-001,CSc1ncnc(N2CCC(C)CC2)c1CC(=O)N1CCC[C@H](C(N)=O)C1,False
ASAP-0041725-001,NC(=O)[C@H]1CC(=O)N([C@H](c2ccccc2)C2(O)CCCCC2)C1,False
ASAP-0041731-001,CC(C)(CN1C[C@H](C(N)=O)CCC1=O)C1=CCCC1,False
ASAP-0041734-001,NC(=O)[C@H]1CC(=O)N(CC2(c3ccccc3Br)CCCC2)C1,False
ASAP-0041741-001,CSc1ncnc(N2CCOCC2)c1CC(=O)N1CCC[C@H](C(N)=O)C1,False
ASAP-0041744-001,CSc1cc(S(C)(=O)=O)ccc1CC(=O)N1CCC[C@H](C(N)=O)C1,False
ASAP-0041750-001,CSc1ccc(Br)cc1OC(=O)N1C[C@H](C(N)=O)CC[C@H]1C,False
ASAP-0041756-001,CCc1ccc(C(F)(F)F)cc1-c1cccc(SC)c1CC(=O)N1CCC[C@H](C(N)=O)C1,False
ASAP-0041760-001,CSc1ccc(-c2c(C)sc(C)c2C)cc1CC(=O)N1CCC[C@H](C(N)=O)C1,False
ASAP-0041775-001,CSc1cccc(-c2cccc(Cl)c2F)c1CC(=O)N1CCC[C@H](C(N)=O)C1,False
ASAP-0041783-001,Cc1noc([C@H](C2CCOCC2)N2C[C@H](C(N)=O)CC2=O)n1,False
ASAP-0041801-001,CSc1ccc(-c2ccc(C(C)(C)C#N)c(F)c2)cc1CC(=O)N1CCC[C@H](C(N)=O)C1,False
ASAP-0043122-001,CSc1ncnc(NCCc2ccncc2Cl)c1CC(=O)N1CCC[C@H](C(N)=O)C1,False
ASAP-0043126-001,CSc1ccc(NC(C)=O)cc1CC(=O)N1CCC[C@H](C(N)=O)C1,False
ASAP-0043128-001,CSc1ncnc(NCc2ccccc2)c1CC(=O)N1CCC[C@H](C(N)=O)C1,False
ASAP-0043134-001,CSc1ncnc(N[C@H]2CCCc3sccc32)c1CC(=O)N1CCC[C@H](C(N)=O)C1,False
ASAP-0043140-001,CSc1ccc(C2=CCN(c3ncccn3)CC2)cc1CC(=O)N1CCC[C@H](C(N)=O)C1,False
ASAP-0043159-001,CSc1ncnc(N2CCCC2)c1CC(=O)N1C[C@H](C(N)=O)C[C@@H]2C[C@@H]21,False
ASAP-0043165-001,CSc1ccc(-c2cn[nH]c2)cc1CC(=O)N1CC[C@H](C(N)=O)C1,False
ASAP-0043453-001,CSc1ccc(Br)cc1CN1CC[C@@H]2CC[C@H](C(N)=O)C[C@@H]21,False
ASAP-0043464-001,CSc1ccc(-c2ccc(N)nc2)cc1OC(=O)N1C[C@H](C(N)=O)C[C@H]2C[C@H]21,False
ASAP-0043466-001,CSc1ccc(Br)cc1CN1CC[C@H]2CC[C@H](C(N)=O)C[C@@H]21,False
ASAP-0043468-001,CSc1ccc(Br)cc1NC(=O)N1C[C@H](C(N)=O)C[C@H]2C[C@H]21,False
ASAP-0043482-001,CSc1ccccc1[C@H](NC(=O)c1cccnc1)C(=O)N1CC[C@H](C(N)=O)C1,False
ASAP-0043490-001,CSc1ccc(-c2cnn(C(F)F)c2)cc1OC(=O)N1C[C@H](C(N)=O)C[C@H]2C[C@H]21,False
ASAP-0043492-001,CSc1ccc2ncccc2c1NC(=O)N1C[C@H](C(N)=O)C[C@H]2C[C@H]21,False
ASAP-0043493-001,CSc1ccccc1[C@H](NC(=O)C1CCOCC1)C(=O)N1CC[C@H](C(N)=O)C1,False
ASAP-0043507-001,CSc1ccc(-c2c(C)ccc3[nH]ncc23)cc1OC(=O)N1C[C@H](C(N)=O)C[C@H]2C[C@H]21,False
ASAP-0043512-001,CSc1ccc(-c2ccncc2)cc1OC(=O)N1C[C@H](C(N)=O)C[C@@H]2C[C@@H]21,False
ASAP-0043515-001,CSc1ccc(-c2cc(F)cc3c2CCCN3)cc1CC(=O)N1CCC[C@H](C(N)=O)C1,False
ASAP-0043521-001,CSc1ccccc1[C@H](NS(C)(=O)=O)C(=O)N1CC[C@H](C(N)=O)C1,False
ASAP-0043529-001,CCN(CC1CCCCC1)C(=O)c1ccc(SC)c(CC(=O)N2CCC[C@H](C(N)=O)C2)c1,False
ASAP-0043535-001,CSc1ccc(-c2cncnc2)cc1OC(=O)N1C[C@H](C(N)=O)C[C@H]2C[C@H]21,False
ASAP-0043536-001,CSc1cccc(C2CCCC2)c1CC(=O)N1CCC[C@H](C(N)=O)C1,False
ASAP-0044058-001,CSc1ccc(-c2ccc3oc(=O)[nH]c3c2)cc1OC(=O)N1C[C@H](C(N)=O)C[C@H]2C[C@H]21,False
ASAP-0044086-001,CSc1ccc(-c2cc[nH]n2)cc1CC(=O)N1C[C@H](C(N)=O)C[C@@H]2C[C@@H]21,False
ASAP-0044093-001,CSc1ncnc(N2CCc3c(Cl)cc(F)cc3C2)c1CC(=O)N1CCC[C@H](C(N)=O)C1,False
ASAP-0044097-001,CSc1ncnc(N2CCC[C@H]2Cn2cccn2)c1CC(=O)N1CCC[C@H](C(N)=O)C1,False
ASAP-0044104-001,CSc1ccc(-c2cnn(S(C)(=O)=O)c2)cc1OC(=O)N1CCC[C@H](C(N)=O)C1,False
ASAP-0044110-001,CSc1ccc(-c2cccnc2C(F)(F)F)cc1OC(=O)N1CCC[C@H](C(N)=O)C1,False
ASAP-0044113-001,CCO[C@@H]1CCCN(c2ncnc(SC)c2CC(=O)N2CCC[C@H](C(N)=O)C2)C1,False
ASAP-0044115-001,COc1cc(CN(C)C(=O)c2ccc(SC)c(CC(=O)N3CCC[C@H](C(N)=O)C3)c2)sn1,False
ASAP-0044125-001,CSc1ncnc(N(C)C)c1CC(=O)N1C[C@H](C(N)=O)C[C@H]2C[C@H]21,False
ASAP-0044126-001,CSc1ncnc(N2CCC[C@@H]2Cc2cccs2)c1CC(=O)N1CCC[C@H](C(N)=O)C1,False
ASAP-0044130-001,CSc1ncnc(N2CCC[C@@H]2C(=O)N2CCCC2)c1CC(=O)N1CCC[C@H](C(N)=O)C1,False
ASAP-0044132-001,CCN(CC)c1ncnc(SC)c1CC(=O)N1CCC[C@H](C(N)=O)C1,False
ASAP-0044137-001,CSc1ccc(-c2cc(C)no2)cc1OC(=O)N1C[C@H](C(N)=O)C[C@H]2C[C@H]21,False
ASAP-0044139-001,CSc1ncnc(N(C)c2ccccc2F)c1CC(=O)N1CCC[C@H](C(N)=O)C1,False
ASAP-0044143-001,CSc1ncnc(N2CCc3ccc(Cl)c(Cl)c3C2)c1CC(=O)N1CCC[C@H](C(N)=O)C1,False
ASAP-0044151-001,CSc1ncnc(N(C)[C@H](C)C2CC2)c1CC(=O)N1CCC[C@H](C(N)=O)C1,False
ASAP-0044154-001,CSc1ccc(-c2cnccc2C#N)cc1OC(=O)N1CCC[C@H](C(N)=O)C1,False
ASAP-0044160-001,CSc1ccc(C(=O)N2CCC(OC3CC3)CC2)cc1CC(=O)N1CCC[C@H](C(N)=O)C1,False
ASAP-0044168-001,CSc1ccc(-c2cnc(C)n2C(C)C)cc1OC(=O)N1C[C@H](C(N)=O)C[C@H]2C[C@H]21,False
ASAP-0044178-001,COCC(C)(C)NC(=O)c1ccc(SC)c(CC(=O)N2CCC[C@H](C(N)=O)C2)c1,False
ASAP-0044189-001,CSc1ncnc(N2CCC[C@H](F)C2)c1CC(=O)N1CCC[C@H](C(N)=O)C1,False
ASAP-0044191-001,CSc1ncnc(N2CCCC3(CCCCCC3)C2)c1CC(=O)N1CCC[C@H](C(N)=O)C1,False
ASAP-0044195-001,NC(=O)[C@H]1CCCN(C(=O)Nc2ccc3ncccc3c2)C1,False
ASAP-0044203-001,CSc1ncnc(N2CCc3nc(C#N)sc3C2)c1CC(=O)N1CCC[C@H](C(N)=O)C1,False
ASAP-0044218-001,CSc1ncnc(N2CCC[C@H]2c2ccccc2)c1CC(=O)N1CCC[C@H](C(N)=O)C1,False
ASAP-0044227-001,CSc1ncnc(N2CCc3ccc(C(C)C)cc3C2)c1CC(=O)N1CCC[C@H](C(N)=O)C1,False
ASAP-0044228-001,CSc1ncnc(N2C[C@@H]3C[C@]3(c3nc(C)no3)C2)c1CC(=O)N1CCC[C@H](C(N)=O)C1,False
ASAP-0044232-001,CSc1ncnc(N2CCc3c(cc(F)c(F)c3F)C2)c1CC(=O)N1CCC[C@H](C(N)=O)C1,False
ASAP-0044240-001,CCCn1cc(-c2ccc(SC)c(OC(=O)N3C[C@H](C(N)=O)C[C@H]4C[C@H]43)c2)c(C2CC2)n1,False
ASAP-0044241-001,CSc1ccc(C(=O)N2CCC(C3CCC3)CC2)cc1CC(=O)N1CCC[C@H](C(N)=O)C1,False
ASAP-0044259-001,CSc1ncnc(N2CCC[C@@H]2c2csc(C)n2)c1CC(=O)N1CCC[C@H](C(N)=O)C1,False
ASAP-0044263-001,CSc1ncnc(N2CCC[C@H]2c2csc(C)n2)c1CC(=O)N1CCC[C@H](C(N)=O)C1,False
ASAP-0044264-001,COc1ncc(-c2ccc(SC)c(OC(=O)N3CCC[C@H](C(N)=O)C3)c2)cn1,False
ASAP-0044268-001,CSc1ccc(-c2cnc(C(F)F)s2)cc1OC(=O)N1C[C@H](C(N)=O)C[C@H]2C[C@H]21,False
ASAP-0044270-001,CSc1ccc(C(=O)N(C)CC2(O)CCCCC2)cc1CC(=O)N1CCC[C@H](C(N)=O)C1,False
ASAP-0044279-001,CSc1ncnc(N2CC=C(c3ccccc3)CC2)c1CC(=O)N1CCC[C@H](C(N)=O)C1,False
ASAP-0044283-001,CSc1ncnc(N2CC(F)(F)C2)c1CC(=O)N1CCC[C@H](C(N)=O)C1,False
ASAP-0044289-001,CSc1ccc(-c2ccc(N)nc2)cc1OC(=O)N1CCC[C@H](C(N)=O)C1,False
ASAP-0044290-001,CSc1ccc(-c2cncs2)cc1OC(=O)N1C[C@H](C(N)=O)C[C@H]2C[C@H]21,False
ASAP-0044300-001,CSc1ncnc(N2CCC3(CCCC3)CC2)c1CC(=O)N1CCC[C@H](C(N)=O)C1,False
ASAP-0044306-001,CSc1ccc(Br)cc1CC(=O)N1C[C@H](C(N)=O)[C@H]2C[C@H]21,False
ASAP-0044311-001,CSc1ncnc(N2CCC[C@H]2C(=O)N2CCCC2)c1CC(=O)N1CCC[C@H](C(N)=O)C1,False
ASAP-0044318-001,COC[C@H](C)N(C)c1ncnc(SC)c1CC(=O)N1CCC[C@H](C(N)=O)C1,False
ASAP-0044322-001,CSc1ccc(Br)cc1CN1CC[C@@H]2CC[C@H](C(N)=O)C[C@H]21,False
ASAP-0044338-001,CSc1ncnc(N(C)[C@H](C)c2ccccc2)c1CC(=O)N1CCC[C@H](C(N)=O)C1,False
ASAP-0044339-001,CNC(=O)[C@@H]1CC[C@H](C)N1c1ncnc(SC)c1CC(=O)N1CCC[C@H](C(N)=O)C1,False
ASAP-0044340-001,CCN(Cc1ccncc1)c1ncnc(SC)c1CC(=O)N1CCC[C@H](C(N)=O)C1,False
ASAP-0044342-001,CSc1ncnc(N(C)CC(F)(F)F)c1CC(=O)N1C[C@H](C(N)=O)C[C@@H]2C[C@@H]21,False
ASAP-0044351-001,CSc1ccc(-n2cccn2)cc1CC(=O)N1C[C@H](C(N)=O)C[C@H]2C[C@H]21,False
ASAP-0044358-001,CSc1ncnc(C(C)C)c1NC(=O)N1CCC[C@H](C(N)=O)C1,False
ASAP-0044359-001,CCN(C)c1ncnc(SC)c1CC(=O)N1CCC[C@H](C(N)=O)C1,False
ASAP-0044361-001,CSc1ccc(Br)cc1CC(=O)N1C[C@H](C(N)=O)[C@@H]2C[C@@H]21,False
ASAP-0044365-001,CSc1ncnc(N(C)CC2CC2)c1CC(=O)N1CCC[C@H](C(N)=O)C1,False
ASAP-0044373-001,CSc1ccc(Br)cc1CN1CC[C@H]2CC[C@H](C(N)=O)C[C@H]21,False
ASAP-0044378-001,CSc1ccc(C(=O)N2CC(c3cc(C)on3)C2)cc1CC(=O)N1CCC[C@H](C(N)=O)C1,False
ASAP-0044380-001,CNC(=O)[C@H]1CCCN1c1ncnc(SC)c1CC(=O)N1CCC[C@H](C(N)=O)C1,False
ASAP-0044382-001,CSc1ccc(-c2ccncc2N)cc1OC(=O)N1CCC[C@H](C(N)=O)C1,False
ASAP-0044392-001,CSc1ncnc(N2CC3(CCC3)Cc3cccnc32)c1CC(=O)N1CCC[C@H](C(N)=O)C1,False
ASAP-0044401-001,CSc1ncnc(N(C)CC(F)(F)F)c1CC(=O)N1CCC[C@H](C(N)=O)C1,False
ASAP-0044404-001,CNC(=O)[C@@H]1C[C@@H](F)CN1c1ncnc(SC)c1CC(=O)N1CCC[C@H](C(N)=O)C1,False
ASAP-0044408-001,COC(=O)c1ccc(SC)c(OC(=O)N2C[C@H](C(=O)O)C[C@H]3C[C@H]32)c1,False
ASAP-0044410-001,CSc1ncnc(N(C)CCC(F)F)c1CC(=O)N1CCC[C@H](C(N)=O)C1,False
ASAP-0044435-001,CSc1ncnc(N(C)C)c1NC(=O)N1C[C@H](C(N)=O)C[C@@H]2C[C@@H]21,False
ASAP-0044437-001,CSc1ccc(Br)cc1CC(=O)N1C[C@H](C(N)=O)[C@H]2CC[C@@H]1C2,False
ASAP-0044450-001,CSc1ncnc(N2CCCn3nccc32)c1CC(=O)N1CCC[C@H](C(N)=O)C1,False
ASAP-0044455-001,CSc1ccc(-c2ccc3[nH]ncc3c2)cc1OC(=O)N1C[C@H](C(N)=O)C[C@H]2C[C@H]21,False
ASAP-0044459-001,CSc1ncnc(N2CCCC[C@@H]2CO)c1CC(=O)N1CCC[C@H](C(N)=O)C1,False
ASAP-0044462-001,CSc1ncnc(N2CCc3ccsc3C2)c1CC(=O)N1C[C@H](C(N)=O)C[C@H]2C[C@H]21,False
