fragalysis_code,smiles,experimental_pKD,smina_crystal,gnina_crystal,smina_crystal_minimised,gnina_crystal_minimised,gnina_redock,smina_redock,gnina_fragment_crossdock,smina_fragment_crossdock
A71EV2A-x1346a,Cc1nn(C)c(C)c1CC(=O)N[C@H](CNC(=O)CCl)c1ccc2ccccc2c1 |&1:12|,4.660785023463071,-6.26297,5.59963,-6.96177,5.67793,6.2475266457,-8.06229,5.2351431847,-6.92239
A71EV2A-x1445a,COc1cc(NC(=O)C[C@H](C)C(F)(F)F)n(C)n1 |&1:9|,4.632048101200719,-4.18926,4.14946,-4.86967,3.88564,4.0012264252,-6.8359,3.9637496471,-6.2785
A71EV2A-x1445b,COc1cc(NC(=O)C[C@H](C)C(F)(F)F)n(C)n1 |&1:9|,4.632048101200719,-3.74095,3.89,-4.38143,3.99306,4.4137339592,-6.87952,4.0115017891,-6.1077
A71EV2A-x1776a,CC(=O)Nc1ccc(C(=O)[C@H](C)Cl)cc1 |&1:10|,4.180676299350614,15.39612,4.43497,,,3.7933986187,-5.79835,4.2334485054,-5.82143
A71EV2A-x1778a,CC(=O)N1CCc2cc(C(=O)[C@H](C)Cl)ccc21 |&1:11|,5.151407131646511,16.61017,4.35705,,,4.8886818886,-6.53427,4.2924356461,-4.71856
A71EV2A-x2290a,CNC(=O)c1nn(C)c2ccccc12,5.376184576266073,-5.61491,4.59612,-5.99547,4.49228,4.5187220573,-5.9923,4.4950070381,-6.19851
A71EV2A-x2293a,Cn1nc(C(=O)N2Cc3ccccc3C[C@H]2CN)c2ccccc21 |&1:15|,5.041436116778033,-9.32875,6.81326,-10.1528,6.78995,6.0249042511,-9.6994,6.1455364227,-7.36916
A71EV2A-x2304a,Cn1nc(C(=O)Nc2cn[nH]c2)c2ccccc21,4.7783685062706525,-6.72235,5.63427,-7.34385,5.68825,5.6375260353,-7.09096,5.4130859375,-6.75643
A71EV2A-x2339a,Cn1nc(C(=O)NC2CC2)c2cc(F)ccc21,4.887413111043684,-6.36751,4.62851,-6.83,4.61674,4.4854998589,-6.70564,3.8336136341,-6.21997
A71EV2A-x2351a,Cn1nc(C(N)=O)c2cc(F)ccc21,5.050703769890054,-5.88152,4.02151,-6.53843,4.14498,4.5438423157,-6.94453,4.8777942657,-6.39048
A71EV2A-x2448a,CN(C)S(=O)(=O)c1cccnc1,5.10745472442027,-2.46163,3.07859,-3.33545,3.27939,2.9817631245,-4.42653,2.9352962971,-4.33173
A71EV2A-x2448b,CN(C)S(=O)(=O)c1cccnc1,5.10745472442027,-2.32675,3.18871,-3.39136,3.37896,3.2258617878,-4.43684,3.0899608135,-4.33119
A71EV2A-x2454a,CC(=O)Nc1cccc(NC(N)=O)c1,4.943095148663527,-4.14356,4.41492,-6.0155,3.97169,3.3628463745,-7.24212,3.8373491764,-7.04186
A71EV2A-x2458a,CNS(=O)(=O)c1ccccc1Cl,6.034867358576641,-3.05392,2.96906,-3.32013,3.08463,3.5242805481,-4.45151,3.5637409687,-3.85069
A71EV2A-x2513a,COc1ccc(Cl)c2c1C(=O)C(=O)N2,4.628932137728264,-3.10961,3.77186,-5.54874,3.94401,3.3505573273,-6.40961,3.6293945312,-5.10734
A71EV2A-x2629a,COc1ccccc1NC(=O)Nc1cccnc1,4.740875707793589,-5.98161,4.86854,-7.14887,5.15423,4.9273791313,-7.64185,4.280725956,-5.99517
A71EV2A-x3054a,Cc1cccc(NC(=O)N2CCC[C@H](C(N)=O)C2)c1 |a:13|,4.246416941107094,-8.01177,5.95333,-8.62695,6.1156,5.6834335327,-7.92007,4.8524823189,-7.61225
A71EV2A-x3066a,CNC(=O)c1cn(C)c2ccccc12,4.822826736702125,-5.70208,4.65,-6.30272,4.54984,4.533680439,-6.27838,4.512447834,-6.06484
A71EV2A-x3175a,Cc1cc(CNC(=O)c2cn(C)c3ccccc23)on1,4.953569528330592,-6.37364,4.70016,-6.53432,4.72867,4.3719105721,-7.58494,4.0849556923,-7.22428
A71EV2A-x3176a,COC[C@H](C)NC(=O)c1nn(C)c2ccccc12 |&1:3|,4.747146969020107,-5.89947,4.89561,-6.37617,4.95432,4.5872077942,-6.78686,4.1679377556,-6.40289
A71EV2A-x3177a,"Cn1nc(C(=O)N[C@H]2C[C@H]2CO)c2ccccc21 |&1:7,9|",4.895875462550428,-6.24714,5.01102,-7.12208,4.94664,4.8112273216,-7.51523,4.3575634956,-6.43215
A71EV2A-x3178a,Cn1nc(C(=O)N[C@H]2CCOC2)c2ccccc21 |&1:7|,5.062339877849264,-6.92316,4.77296,-7.67437,4.88353,4.8982448578,-7.74933,5.3974356651,-6.72927
A71EV2A-x3181a,Cn1nc(C(=O)NCCn2cncn2)c2ccccc21,4.939565029910406,-7.3828,5.46064,-7.7778,5.56424,5.5286049843,-7.09952,4.190220356,-6.96386
A71EV2A-x3181b,Cn1nc(C(=O)NCCn2cncn2)c2ccccc21,4.939565029910406,-4.2122,4.16703,-4.96189,4.21643,4.484436512,-5.45546,5.293680191,-5.14389
A71EV2A-x3186a,COc1ccccc1CC(=O)N1CCC[C@H](C(N)=O)C1 |&1:15|,4.128427064454121,-7.22454,5.77142,-7.88478,5.92191,5.9301600456,-8.04073,5.6130833626,-6.95854
A71EV2A-x3191a,NC(=O)[C@H]1CCCN(C(=O)Cc2cccc3occc23)C1 |&1:3|,3.960269771303526,-8.32387,5.90942,-9.0614,5.81044,5.3743224144,-8.19086,5.6622338295,-7.49652
A71EV2A-x3193a,NC(=O)[C@H]1CCCN(C(=O)Cc2ccnc(Cl)c2Br)C1 |&1:3|,4.162204305054052,-7.39599,6.5135,-8.21507,6.75992,7.0021648407,-7.84947,6.1037583351,-7.09266
A71EV2A-x3201a,COc1ncccc1CC(=O)N1CCC[C@H](C(N)=O)C1 |&1:15|,4.324153048333832,-7.14458,6.12147,-7.96514,6.17201,5.8502755165,-8.18948,5.8205375671,-6.72216
A71EV2A-x3208a,NC(=O)[C@H]1CCCN(C(=O)Cc2cc(C(F)(F)F)ccc2Cl)C1 |&1:3|,4.906948150425689,-7.98927,6.35613,-8.50046,6.46894,6.6107254028,-7.93304,4.4362120628,-8.0445
A71EV2A-x3210a,NC(=O)[C@H]1CCCN(C(=O)Cc2cccc3cn[nH]c23)C1 |&1:3|,5.011185771310347,-8.3724,6.50127,-8.84016,6.45032,6.1211838722,-8.04441,6.3617324829,-7.92487
A71EV2A-x3218a,"NC(=O)[C@H]1CCCN(C(=O)[C@H]2CCNc3[nH]ncc32)C1 |&1:3,&2:10|",5.556193958463214,-7.85793,6.05822,-8.16486,6.08828,6.453086853,-7.94479,5.283246994,-7.39205
A71EV2A-x3221a,Cc1nc(C)c(CC(=O)N2CCC[C@H](C(N)=O)C2)[nH]1 |a:13|,5.409458546594426,-8.49447,5.81776,-8.86771,5.79019,6.0042643547,-8.38962,5.6420688629,-7.05611
A71EV2A-x3223a,NC(=O)[C@H]1CCCN(C(=O)c2ccnc3[nH]ncc23)C1 |&1:3|,4.787812395596042,-7.76044,5.78911,-8.13026,6.07731,6.1409955025,-8.69668,5.2356219292,-7.54257
A71EV2A-x3225a,Cc1nc2ccccc2n1CC(=O)N1CCC[C@H](C(N)=O)C1 |&1:17|,4.137777547252243,-8.60331,6.22555,-9.09831,6.07925,6.0735287666,-8.74231,5.8580536842,-8.03078
A71EV2A-x3229a,COc1ccncc1CC(=O)N1CCC[C@H](C(N)=O)C1 |&1:15|,4.443671499997475,-7.77876,5.7289,-8.14216,5.73778,5.6364836693,-7.55576,4.8718094826,-6.8764
A71EV2A-x3234a,Cc1cc(C)c(Nc2ccn(C3COC3)n2)c(C)c1,5.016824927962187,-4.77215,3.96003,-5.51494,4.33468,4.3054671288,-6.47906,4.3855271339,-6.93048
A71EV2A-x3264a,Cn1nc(C(=O)NCCc2cocn2)c2cccnc21,4.981705511622298,-7.87249,5.5449,-8.32446,5.60386,4.7761330605,-7.34373,5.01704216,-7.14044
A71EV2A-x3279a,Cc1cc(C)c(Nc2ccn(C)n2)c(C)c1,5.3072486987698415,-4.74878,3.89961,-5.31264,4.04818,4.5001749992,-6.3752,3.6810057163,-6.13487
A71EV2A-x3280a,Cn1nc(C(=O)NCC(F)(F)c2ccccn2)c2ccccc21,5.168134464700943,-6.49234,5.68167,-7.36869,5.87289,5.0586075783,-7.67305,5.7845301628,-7.39294
A71EV2A-x3286a,Cc1ocnc1CCNC(=O)c1nn(C)c2ccccc12,5.09799710864927,-7.86026,5.7579,-8.27784,5.7817,5.0091099739,-8.01523,4.9737553596,-7.39412
A71EV2A-x3305a,Cc1ccc2c(cnn2C)c1Nc1ccn([C@H]2CCNC2=O)n1 |&1:16|,4.937001727490601,-7.82256,6.26639,-8.49006,6.31306,6.2337479591,-7.84217,5.50284338,-6.96037
A71EV2A-x3306a,Cn1nc(C(=O)NCCc2cscn2)c2ccccc21,5.337951414156192,-6.43096,5.71038,-7.41904,5.84797,5.9011363983,-7.41811,4.3958492279,-6.61095
A71EV2A-x3324a,Cn1nc(C(=O)NCCc2ccc(S(C)(=O)=O)cc2)c2ccccc21,4.84887783952492,-8.25212,6.01081,-8.77603,5.99903,6.2079200745,-8.75452,3.690246582,-7.62126
A71EV2A-x3579a,COc1ccccc1CN1C[C@H](C(N)=O)CCC1=O |&1:11|,4.956855685489159,-7.34366,5.72447,-7.83984,5.82351,5.6625466347,-7.67921,5.2413210869,-7.23504
A71EV2A-x3371a,Cn1cnc(CCNC(=O)c2nn(C)c3ccccc23)c1,5.2372107018718905,-7.24585,6.03616,-7.72548,5.8901,5.8821544647,-8.37333,4.547832489,-6.67012
A71EV2A-x3379a,C[C@H](Cc1cocn1)NC(=O)c1nn(C)c2ccccc12 |&1:1|,4.9657785438458255,-7.12791,5.47468,-7.88674,5.57477,5.7273621559,-6.93683,5.1731777191,-6.82649
A71EV2A-x3392a,O=C(NCCc1cocn1)N1CCc2ccccc21,5.162973800773931,-7.03886,5.28497,-7.98183,5.42886,5.5038151741,-7.58562,5.0321707726,-7.79468
A71EV2A-x3403a,Cn1cc2cccc(NC(=O)Cc3cocn3)c2n1,4.662403924407542,-6.18294,5.40008,-7.58168,5.52583,5.6427874565,-7.55088,4.3317327499,-7.42461
A71EV2A-x3408a,C=CS(=O)(=O)N1CCC[C@H](C(N)=O)C1 |&1:9|,5.1938200260161125,-4.57213,4.04331,-5.96642,4.72536,5.0537023544,-6.35412,4.4984936714,-6.40736
A71EV2A-x3410a,Cc1nn(C)c2cc(C(=O)NCCc3cocn3)ccc12,4.945173530861923,-7.70928,5.58725,-8.3791,5.57614,4.7948794365,-7.96088,4.6380829811,-6.98224
A71EV2A-x3417a,NC(=O)[C@H]1CCCN(C(=O)NCC2CC2)C1 |a:3|,5.064884396650843,-6.44682,5.77212,-6.97988,5.66118,5.333837986,-6.84421,4.9664707184,-6.63565
A71EV2A-x3419a,Cn1nc(C(=O)NCCc2cocn2)c2ccccc2c1=O,5.170374765613669,-8.14583,5.6303,-8.45948,5.55841,5.6239933968,-8.29048,4.7619495392,-6.87438
A71EV2A-x3435a,O=C(NCCc1cocn1)c1ccccc1,5.093196163745395,-5.2642,4.07835,-6.3147,4.17085,3.4911239147,-6.02489,4.126188755,-6.0145
A71EV2A-x3436a,Cn1ncc(C(=O)NCCc2cocn2)n1,5.545714601514328,-5.25684,4.41728,-6.09061,4.32252,4.0122303963,-5.68292,4.2138981819,-5.0473
A71EV2A-x3450a,N#Cc1sccc1CC(=O)N1CCC[C@H](C(N)=O)C1 |a:14|,5.008444067750377,-6.41228,5.75686,-7.23184,6.05433,6.0436420441,-7.14031,5.2276496887,-6.85417
A71EV2A-x3480a,N#CCc1cccc(NC(=O)N2CCC[C@H](C(N)=O)C2)c1 |a:15|,5.356959172517914,-7.16593,5.88358,-7.88507,5.91312,5.7743954659,-7.23678,5.4638004303,-7.16472
A71EV2A-x3483a,COCc1ccccc1NC(=O)N1CCC[C@H](C(N)=O)C1 |a:16|,4.816470464384151,-7.36892,5.97172,-7.72179,6.07907,5.7995028496,-7.68398,6.0976061821,-7.35435
A71EV2A-x3485a,COc1cccc(NC(=O)N2CCC[C@H](C(N)=O)C2)c1 |a:14|,4.956109291095229,-8.23968,5.78383,-8.71295,5.92304,5.6864190102,-7.03082,5.5342202187,-7.29354
A71EV2A-x3488a,COCC(=O)Nc1c(Cl)cc(C)cc1Oc1cccc(C(N)=O)c1,4.822657723022635,-7.83483,6.2512,-8.16337,6.3826,6.3399682045,-8.05453,4.9806461334,-7.36396
A71EV2A-x3489a,Cc1nc2n(c1CC(=O)N1CCC[C@H](C(N)=O)C1)CCCC2 |&1:13|,5.221581099702723,-8.43909,6.04355,-9.03815,6.01521,5.7130970955,-7.69644,5.3753609657,-7.70355
A71EV2A-x3509a,N#Cc1cccc(NC(=O)N2CCC[C@H](C(N)=O)C2)c1 |a:14|,5.189128446912704,-8.01075,6.10415,-8.67971,6.31721,6.1161961555,-7.39301,5.6506428719,-7.16782
A71EV2A-x3509b,N#Cc1cccc(NC(=O)N2CCC[C@H](C(N)=O)C2)c1 |a:14|,5.189128446912704,-8.17677,6.1049,-8.74031,6.32679,6.0970244408,-7.48884,4.4515080452,-7.16299
A71EV2A-x3510a,Cc1ccccc1NC(=O)N1CCC[C@H](C(N)=O)C1 |a:14|,4.386163320168128,-7.86059,5.84583,-8.32874,6.01098,5.9459815025,-8.18771,5.6914620399,-7.56119
A71EV2A-x3593a,C[C@H](Cc1cocn1)NC(=O)c1nn(C)c2ccccc12 |&1:1|,4.9657785438458255,-7.16449,5.55527,-7.94196,5.61622,5.5696220398,-6.89041,5.080344677,-6.82808
A71EV2A-x3606a,Cn1ncc(-c2cc(Cl)cc(Cl)c2)c1CC(=O)N1CCC[C@H](C(N)=O)C1 |&1:21|,4.958377726777354,-8.5765,7.04285,-8.93327,7.15012,6.8064684868,-7.98144,7.2172584534,-8.4747
A71EV2A-x3612a,NC(=O)[C@H]1CCCN(C(=O)Nc2ccccc2F)C1 |a:3|,4.851286884122841,-7.85628,5.89756,-8.3793,6.09997,6.072663784,-8.35456,5.5967307091,-7.23702
A71EV2A-x3616a,Cc1ccccc1CNC(=O)N1CCC[C@H](C(N)=O)C1 |a:15|,4.978810700930062,-7.99584,6.09823,-8.31749,6.13597,5.897102356,-7.10101,5.3999385834,-7.51518
A71EV2A-x3616b,Cc1ccccc1CNC(=O)N1CCC[C@H](C(N)=O)C1 |a:15|,4.978810700930062,-8.20727,6.31511,-8.47099,6.43124,6.2095108032,-7.44085,5.4129581451,-7.58535
A71EV2A-x3621a,COc1ccccc1CC(=O)N1CC[C@@H](O)C1 |a:14|,4.951406063714552,-6.07851,4.35226,-7.10971,4.33868,4.3656635284,-7.16046,4.0447974205,-6.55606
A71EV2A-x3623a,Cc1cnc(CNS(=O)(=O)C[C@H](C)c2ccccc2)o1 |&1:11|,4.8184062698439085,-4.44985,4.35798,-6.1338,4.15196,4.3072319031,-6.77959,4.5333456993,-6.93773
A71EV2A-x3634a,"COc1ccccc1CC(=O)N1C[C@H](C)[C@@H](C(N)=O)C1 |&1:13,15|",5.303920706565589,-8.03822,5.80525,-8.81956,5.81586,5.7074246407,-8.62872,4.7925949097,-6.92177
A71EV2A-x3663a,COc1ccccc1CC(=O)N1CCO[C@@H](C(N)=O)C1 |a:15|,4.615695746966642,-7.03713,5.39,-8.16353,5.54391,5.5718283653,-7.70792,4.7609329224,-6.90352
A71EV2A-x3665a,COc1ccccc1CC(=O)N1C[C@H](C(N)=O)CC(F)(F)C1 |&1:13|,5.41096889227547,-8.28865,6.17057,-8.65361,6.32503,5.0749144554,-7.11737,4.6290874481,-7.4535
A71EV2A-x3685a,COc1ccccc1CC(=O)N1CC[C@H](NC(N)=O)C1 |&1:14|,5.056011124926228,-8.01614,6.13965,-8.48943,6.01751,6.1350135803,-8.40598,5.7520918846,-6.63718
A71EV2A-x3694a,COc1ccccc1CC(=O)N1CC[C@H](CC(N)=O)C1 |&1:14|,5.055150304924533,-7.39432,5.61713,-7.87083,5.68137,6.179649353,-7.0731,5.4608287811,-7.12339
A71EV2A-x3694b,COc1ccccc1CC(=O)N1CC[C@H](CC(N)=O)C1 |&1:14|,5.055150304924533,-7.95957,5.70716,-8.26261,5.73413,5.5310235023,-7.99914,5.2608466148,-7.13504
A71EV2A-x3706a,Cc1cccc(CNC(=O)N2CCC[C@H](C(N)=O)C2)c1 |a:14|,4.967584368389079,-8.00159,6.29835,-8.43363,6.27732,6.1795887947,-7.7426,5.122253418,-8.04097
A71EV2A-x3706b,Cc1cccc(CNC(=O)N2CCC[C@H](C(N)=O)C2)c1 |a:14|,4.967584368389079,-8.25223,6.28445,-8.58532,6.3975,6.1531825066,-7.80132,5.1780171394,-8.02835
A71EV2A-x3521a,N#CC1CC(NC(=O)C2(c3ccc(Cl)cc3Cl)CCOCC2)C1,4.726469830785563,-1.74758,4.97335,-4.79976,4.8932,5.2698154449,-6.11652,5.8682174683,-6.41918
A71EV2A-x3521b,N#CC1CC(NC(=O)C2(c3ccc(Cl)cc3Cl)CCOCC2)C1,4.726469830785563,-3.55697,5.42516,-5.14703,5.60838,5.7816796303,-6.08272,5.6055164337,-6.33529
A71EV2A-x3522a,COCC(=O)Nc1c(Cl)cc(C)cc1OCc1ncccn1,4.858392228943246,-4.71228,4.21971,-5.42521,4.3682,4.6340727806,-7.31376,5.1676602364,-6.75064
A71EV2A-x3522b,COCC(=O)Nc1c(Cl)cc(C)cc1OCc1ncccn1,4.858392228943246,-4.76519,4.05945,-5.52969,4.31859,4.8354930878,-7.31692,5.136554718,-6.65151
A71EV2A-x3546a,COc1ccc(F)cc1CC(=O)N1CCC[C@H](C(N)=O)C1 |a:16|,4.2094239507757765,-8.04072,5.88407,-8.39637,5.88195,6.0176739693,-7.72707,5.6823635101,-7.47941
A71EV2A-x3548a,COc1ccncc1CC(=O)N1CCC[C@H](C(N)=O)C1 |a:15|,4.7516996536545095,-7.73323,5.80779,-8.0832,5.89726,5.6353554726,-7.39692,4.9707274437,-7.00621
A71EV2A-x3550b,"COc1ccccc1CC(=O)N1C[C@H](C(N)=O)CC[C@@H]1C |&1:13,19|",4.411260481653311,-5.9605,4.36018,-6.06454,4.26141,4.7403564453,-6.24015,5.3106389046,-5.64366
A71EV2A-x3550a,"COc1ccccc1CC(=O)N1C[C@H](C(N)=O)CC[C@@H]1C |&1:13,19|",4.411260481653311,-8.15802,6.04603,-8.37199,6.05719,5.9934334755,-8.18339,5.5618610382,-7.24721
A71EV2A-x3556a,Cn1cc2c(CC(=O)N3CC[C@H](C(N)=O)C3)cccc2n1 |&1:11|,4.410050398674293,-8.78913,6.55008,-9.0469,6.57261,5.7645316124,-8.25364,5.8332538605,-7.82858
A71EV2A-x3557a,COc1ccc(CC(=O)N2CCC[C@H](C(N)=O)C2)c(OC)c1 |a:13|,4.635207042042172,-8.01248,5.94671,-8.29898,5.95511,5.7038173676,-7.73899,5.4741883278,-7.06924
A71EV2A-x3557b,COc1ccc(CC(=O)N2CCC[C@H](C(N)=O)C2)c(OC)c1 |a:13|,4.635207042042172,-7.92045,5.8411,-8.16186,5.82419,5.8262181282,-7.71392,5.4233679771,-7.03235
A71EV2A-x3564a,Cc1ccccc1NC(=O)c1cncc(C(N)=O)c1,4.632644078973981,-7.60303,6.00278,-8.28514,6.01704,5.1519675255,-7.89688,5.3553833961,-7.19971
A71EV2A-x3568a,Cc1ccc2c(C(=O)NCCc3cocn3)c[nH]c2c1,5.10808214227103,-6.83275,5.73053,-7.18592,5.71767,5.5621542931,-7.3789,4.6869978905,-7.38982
A71EV2A-x3571a,COc1ccccc1CC(=O)N1CCCC[C@H](C(N)=O)C1 |&1:16|,4.952204384072568,-8.16854,6.21735,-8.43609,6.08818,6.1206569672,-8.26109,5.3560466766,-7.1476
A71EV2A-x3571b,COc1ccccc1CC(=O)N1CCCC[C@H](C(N)=O)C1 |&1:16|,4.952204384072568,-8.11881,6.05676,-8.48438,6.04968,6.0294308662,-8.16273,5.3350329399,-7.135
A71EV2A-x3849a,COc1ncccc1CC(=O)N1CCC[C@H](C(N)=O)C1 |o1:15|,4.939681121858298,-8.27403,5.8088,-8.59385,5.84274,5.6216816902,-7.73199,5.2013230324,-6.97065
A71EV2A-x3858a,COc1cccc(Cl)c1CC(=O)N1CCC[C@@H](C(N)=O)C1 |a:16|,4.620456050805198,-7.96243,6.12165,-8.19784,6.16401,5.7258658409,-7.25535,5.9155974388,-7.07952
A71EV2A-x3858b,COc1cccc(Cl)c1CC(=O)N1CCC[C@@H](C(N)=O)C1 |a:16|,4.620456050805198,-8.05411,6.21606,-8.26797,6.19528,5.4483857155,-7.30125,5.3800139427,-7.11022
A71EV2A-x3862a,COc1ccccc1[C@H](OC)C(=O)N1CCC[C@H](C(N)=O)C1 |o1:8|,5.523700643055132,-7.24759,5.58679,-7.58773,5.6407,5.5624980927,-7.44564,5.3833127022,-6.94347
A71EV2A-x3867a,Cc1ccccc1NC(=O)c1ccc(C)c(C(N)=O)c1,4.804100347590766,-7.43742,5.7452,-8.35947,5.92019,5.9333591461,-8.18806,5.7752575874,-7.95683
A71EV2A-x3869a,COc1ncccc1CC(=O)N1CCC[C@H](C(N)=O)C1 |o1:15|,4.939681121858298,-8.08421,5.74007,-8.42764,5.75574,5.5752906799,-7.69799,5.2262597084,-6.97239
A71EV2A-x3883a,COc1ccccc1[C@H](OC)C(=O)N1CCC[C@H](C(N)=O)C1 |o1:8|,5.523700643055132,-7.98206,5.80826,-8.39284,5.81901,5.6860961914,-7.91269,5.1314082146,-7.94144
A71EV2A-x3884a,COc1ccccc1[C@H](NC(=O)OC(C)(C)C)C(=O)N1CCC[C@H](C(N)=O)C1 |o1:8|,4.930769702637148,-7.59777,6.50874,-7.89596,6.60381,7.0740246773,-7.75297,6.4975838661,-7.78109
A71EV2A-x3884b,COc1ccccc1[C@H](NC(=O)OC(C)(C)C)C(=O)N1CCC[C@H](C(N)=O)C1 |o1:8|,4.930769702637148,-7.34545,6.55609,-7.75019,6.62225,7.0412764549,-7.74627,6.4529514313,-7.68279
A71EV2A-x3890a,COc1ccccc1[C@H](N)C(=O)N1CCC[C@H](C(N)=O)C1 |o1:8|,5.349983835684398,-7.6601,5.95246,-8.48989,5.9117,5.9894542694,-7.64777,5.3723750114,-7.36102
A71EV2A-x3895a,COc1ccccc1CN1C[C@H](C(N)=O)CC1=O |&1:11|,4.62709189585908,-6.92703,5.56132,-7.24383,5.80138,5.41142416,-6.7706,5.4082016945,-6.615
A71EV2A-x3901a,COc1ccccc1CC(=O)N1CCN[C@H](C(N)=O)C1 |&1:15|,5.622664040174432,-7.38907,6.28568,-8.33357,6.39912,6.2052383423,-7.45525,5.2471232414,-6.92972
A71EV2A-x3908a,Cc1cccc(N(CC(=O)N2CCCCC2)C(=O)N2CCC[C@H](C(N)=O)C2)c1 |a:22|,4.627087997029894,-7.84626,6.92371,-8.71118,6.81153,6.6460766792,-8.38035,6.1584415436,-7.49456
A71EV2A-x3914a,Cn1cc2c(CC(=O)N3CCC[C@H](C(N)=O)C3)cccc2n1 |o1:12|,4.405607449624573,-8.81667,6.50406,-9.43262,6.62427,6.3159313202,-8.52625,6.2322449684,-8.15923
A71EV2A-x3936a,"COC[C@]1(C(=O)N2CCC[C@H](C(N)=O)C2)CCCCO1 |&1:3,&2:10|",6.0,-7.43403,5.56156,-7.72306,5.43654,5.3200969696,-7.36888,5.0810217857,-7.32031
A71EV2A-x3937a,"CO[C@H](C(=O)N1CCC[C@H](C(N)=O)C1)c1cccnc1 |&1:2,&2:9|",4.227015096629662,-7.42017,5.51317,-7.82083,5.31207,5.2634148598,-7.10281,5.3929867744,-6.71389
A71EV2A-x3939a,CO[C@H](C(=O)N1CCC[C@H](C(N)=O)C1)c1ccccc1C |&1:2|,4.928117992693875,-7.825,5.89125,-8.30376,5.89552,5.4637904167,-7.47861,5.4802880287,-7.48475
A71EV2A-x3940a,COc1ccc(Cl)cc1CC(=O)N1CCC[C@H](C(N)=O)C1 |a:16|,4.727236212379233,-7.14001,5.77769,-7.36214,5.73571,6.2828440666,-7.39953,5.3014297485,-7.16516
A71EV2A-x3942a,COc1cccc(Cl)c1CC(=O)N1CCC[C@H](C(N)=O)C1 |a:16|,4.78560502978966,-8.52624,6.29294,-8.69723,6.28993,6.1122264862,-8.01849,5.7151398659,-7.00062
A71EV2A-x3944a,CCN(CC1CC1)C(=O)c1cccc(CC(=O)N2CCC[C@H](C(N)=O)C2)c1 |a:21|,4.908336601699183,-6.59017,5.8166,-6.99392,5.91855,5.9459271431,-8.05753,6.2370638847,-7.79161
A71EV2A-x3954a,COc1ccc2c(n1)[C@H](C(=O)N1CCC[C@H](C(N)=O)C1)CC2 |&1:8|,4.452380443994761,-8.3912,6.35851,-8.75428,6.46436,6.1536540985,-7.62129,5.7537536621,-7.4595
A71EV2A-x3956a,COc1ccccc1CCN1C[C@H](C(N)=O)CC1=O |&1:12|,5.044970753420985,-5.91254,5.30198,-6.86208,5.29614,5.5154361725,-7.09585,5.2304458618,-6.67724
A71EV2A-x3968a,NC(=O)[C@H]1CCCN(C(=O)[C@H](OCC2CCCC2)c2ccccc2)C1 |&1:10|,5.567003508658591,-5.10457,5.90813,-7.11475,6.06612,6.055170536,-8.12881,5.8062005043,-7.72699
A71EV2A-x3975a,NC(=O)[C@H]1CCCN(C(=O)[C@H](CN2CCCC2)c2ccccc2)C1 |&1:10|,5.024630533433036,-8.01477,6.54755,-8.2306,6.52038,6.5812263489,-7.95341,4.945122242,-7.28616
A71EV2A-x3977a,COc1ccccc1CC(=O)N(C)CCC(N)=O,4.935542010773082,-6.49369,5.14181,-6.84524,5.09364,5.1490149498,-6.39853,5.6195759773,-5.59689
A71EV2A-x3977b,COc1ccccc1CC(=O)N(C)CCC(N)=O,4.935542010773082,-5.37469,4.19669,-5.51033,4.16352,4.2943797112,-5.90492,4.4419417381,-4.90062
A71EV2A-x3982a,NC(=O)[C@H]1CCCN(C(=O)C(c2ccccc2)c2ccccc2)C1 |a:3|,5.179858685151659,-8.01002,6.50135,-8.34415,6.53369,6.3907542229,-8.06205,4.9551239014,-7.96393
A71EV2A-x3986a,NC(=O)[C@H]1CCCN(C(=O)[C@H](Sc2ccccc2)c2ccccc2)C1 |&1:10|,5.135488918941608,-5.86303,6.02234,-7.17927,5.7461,6.6386370659,-8.04779,6.4415259361,-7.5714
A71EV2A-x3986b,NC(=O)[C@H]1CCCN(C(=O)[C@H](Sc2ccccc2)c2ccccc2)C1 |&1:10|,5.135488918941608,-6.72879,6.69269,-8.20719,6.61693,6.6319117546,-8.0102,6.2032146454,-7.54783
A71EV2A-x3989a,NC(=O)[C@H]1CCN(C(=O)Cc2cc(C(F)(F)F)ccc2Cl)C1 |&1:3|,5.04901488179868,-7.52167,6.4654,-7.90408,6.5097,6.0751404762,-7.72702,5.3994903564,-7.63703
A71EV2A-x3990a,"COc1ccccc1CC(=O)N1C[C@H](C(N)=O)[C@@H](C(F)(F)F)C1 |&1:13,17|",5.110698297493689,-7.85294,6.01104,-8.5014,5.96536,6.1269187927,-7.55203,4.7503046989,-7.03345
A71EV2A-x3992a,COc1cccc(Cl)c1NC(=O)N1CC[C@H](C(N)=O)C1 |a:15|,4.612119831707907,-8.17929,6.58927,-8.41214,6.65618,6.3202319145,-7.49512,4.9897518158,-7.14508
A71EV2A-x3992b,COc1cccc(Cl)c1NC(=O)N1CC[C@H](C(N)=O)C1 |a:15|,4.612119831707907,-7.86088,6.42875,-8.04629,6.52459,6.2287096977,-7.29012,5.1550326347,-7.15174
A71EV2A-x3993a,"COc1cccc(Cl)c1CC(=O)N1C[C@H](C(N)=O)C[C@H](C(=O)NC2CC2)C1 |o1:14,19|",4.899323290233971,-7.80209,6.8811,-8.86705,6.96448,7.1638221741,-7.67405,6.6618275642,-7.84835
A71EV2A-x3993b,"COc1cccc(Cl)c1CC(=O)N1C[C@H](C(N)=O)C[C@H](C(=O)NC2CC2)C1 |o1:14,19|",4.899323290233971,-7.79426,6.66865,-8.53727,6.64903,6.7674560547,-7.63994,6.4734492302,-7.88689
A71EV2A-x4018a,COc1ccccc1CC(=O)N1CCC[C@H](C(N)=O)CC1 |&1:15|,4.952188702489189,-7.84781,6.2691,-8.5848,6.30505,6.5541191101,-8.05013,5.6936583519,-7.64474
A71EV2A-x4018b,COc1ccccc1CC(=O)N1CCC[C@H](C(N)=O)CC1 |&1:15|,4.952188702489189,-7.2837,6.22128,-8.09595,6.2977,6.6185965538,-7.22177,5.5792450905,-7.6293
A71EV2A-x4020a,Cc1cccc(CC(=O)N2CCC[C@H](C(N)=O)C2)c1 |&1:13|,4.290127690297292,-8.01979,5.94105,-8.39697,6.02869,5.6769242287,-7.84525,5.4289221764,-7.52721
A71EV2A-x4020b,Cc1cccc(CC(=O)N2CCC[C@H](C(N)=O)C2)c1 |&1:13|,4.290127690297292,-7.86904,6.02917,-8.33255,6.11614,6.077647686,-7.78037,5.3505234718,-7.58186
A71EV2A-x4028a,COc1ccc(C(F)(F)F)cc1CC(=O)N1CCC[C@H](C(N)=O)C1 |a:19|,4.449959375475284,-6.93217,5.96993,-7.59891,6.00822,6.0020728111,-7.84064,5.8330483437,-7.89012
A71EV2A-x4029a,COc1ccccc1CN1C[C@H](C(N)=O)CCC1=O |&1:11|,4.956855685489159,-7.28265,5.57799,-7.7601,5.76858,5.6364684105,-7.64254,5.2214546204,-7.18482
A71EV2A-x4031a,COc1ncccc1NC(=O)N1CCC[C@H](C(N)=O)C1 |a:15|,4.487273331768478,-8.48786,5.99368,-8.87038,6.04706,6.1897354126,-8.19478,5.2769999504,-7.23208
A71EV2A-x4031b,COc1ncccc1NC(=O)N1CCC[C@H](C(N)=O)C1 |a:15|,4.487273331768478,-8.4054,5.8705,-8.74616,5.97234,6.1167449951,-8.1117,5.3334751129,-7.26044
A71EV2A-x4032a,COc1ccccc1CC(=O)N1CC[C@H](CC(N)=O)C1 |&1:14|,5.055150304924533,-7.65441,5.75215,-8.11651,5.80969,5.7868494987,-7.36251,5.3773436546,-7.10334
A71EV2A-x4032b,COc1ccccc1CC(=O)N1CC[C@H](CC(N)=O)C1 |&1:14|,5.055150304924533,-7.91619,5.73064,-8.10264,5.71858,5.6233735085,-7.83535,5.4044017792,-7.16101
A71EV2A-x4035a,COc1cccc(Cl)c1NC(=O)N1CCC[C@H](C(N)=O)C1 |a:16|,4.465918205168407,-8.30503,6.4343,-8.54031,6.54177,6.0954341888,-7.77215,6.2816681862,-7.54382
A71EV2A-x4035b,COc1cccc(Cl)c1NC(=O)N1CCC[C@H](C(N)=O)C1 |a:16|,4.465918205168407,-8.16941,6.44334,-8.29584,6.50719,6.1756763458,-7.6928,6.3113079071,-7.48727
A71EV2A-x4202a,NC(=O)[C@H]1CCCN(C(=O)[C@H]2CCc3cccc(Br)c32)C1 |&1:10|,4.479401524821051,-8.48723,6.72618,-8.86267,6.64877,6.4401059151,-7.65568,6.0622754097,-7.46858
A71EV2A-x4202b,NC(=O)[C@H]1CCCN(C(=O)[C@H]2CCc3cccc(Br)c32)C1 |&1:10|,4.479401524821051,-8.36255,6.64156,-8.95438,6.66012,6.6904835701,-7.78996,5.8739871979,-7.51686
A71EV2A-x4290a,CSc1c(Br)cccc1CC(=O)N1CCC[C@H](C(N)=O)C1 |a:16|,4.472492797097293,-6.99681,6.22524,-8.03896,6.58418,6.5153598785,-7.41456,6.1968073845,-6.97656
A71EV2A-x4291a,Cc1cc(C)c(CC(=O)N2CCC[C@H](C(N)=O)C2)c(=O)[nH]1 |a:13|,4.306273051076353,-8.25269,6.14262,-8.81409,6.201,6.0159816742,-8.55872,5.1823291779,-7.47431
A71EV2A-x4295a,"COc1ccccc1[C@H](O)CN1C[C@H](C(N)=O)CC1=O |&1:8,&2:13|",5.276902343492681,-4.89221,5.29896,-6.29196,5.13858,4.6374535561,-6.90481,4.67588377,-6.73335
A71EV2A-x4298a,COc1cccc(NC(=O)N2CCC[C@H](C(N)=O)C2)n1 |a:14|,5.072431269429168,-8.08227,5.9744,-8.7049,6.0206,5.5867381096,-7.33651,5.4573845863,-7.59654
A71EV2A-x4305a,CC(C)Oc1ccccc1NC(=O)N1CCC[C@H](C(N)=O)C1 |a:17|,4.877787213913532,-8.23329,6.46499,-8.65851,6.482,6.3269715309,-7.59636,4.6633114815,-7.77365
A71EV2A-x4306a,NC(=O)[C@H]1CCCN(C(=O)Nc2ccccc2OCC(F)(F)F)C1 |a:3|,5.15661038833037,-8.49274,6.51128,-8.85132,6.6216,6.4322371483,-8.24404,6.0566077232,-8.01365
A71EV2A-x4308a,NC(=O)[C@H]1CCCN(C(=O)Nc2cc3c(cc2Cl)OCO3)C1 |a:3|,4.6271423700874985,-8.03478,5.98866,-8.61239,6.23124,6.3810019493,-7.9594,6.1254782677,-7.92923
A71EV2A-x4309a,CCS(=O)(=O)c1ccc(OC)c(NC(=O)N2CCC[C@H](C(N)=O)C2)c1 |a:19|,4.09366495819491,-7.58413,6.52406,-8.18299,6.58496,6.8203511238,-8.01133,5.3271508217,-7.58449
A71EV2A-x4309b,CCS(=O)(=O)c1ccc(OC)c(NC(=O)N2CCC[C@H](C(N)=O)C2)c1 |a:19|,4.09366495819491,-7.83374,6.56857,-8.17193,6.60941,6.6336503029,-7.83828,4.3988337517,-7.54934
A71EV2A-x4310a,COc1c(NC(=O)N2CCC[C@H](C(N)=O)C2)cccc1C(F)(F)F |a:11|,5.032452023781138,-7.98959,6.19563,-8.21019,6.39515,6.529756546,-7.52073,5.2480330467,-7.82137
A71EV2A-x4310b,COc1c(NC(=O)N2CCC[C@H](C(N)=O)C2)cccc1C(F)(F)F |a:11|,5.032452023781138,-7.4722,6.1817,-7.89424,6.51589,6.6702647209,-7.50309,5.6417937279,-7.79566
A71EV2A-x4311a,CC(C)(C)c1ccccc1NC(=O)N1CCC[C@H](C(N)=O)C1 |a:17|,4.916961547867879,-7.76311,6.45384,-8.23476,6.42633,6.1914100647,-7.83257,6.011241436,-7.43044
A71EV2A-x4312a,NC(=O)[C@H]1CC(=O)N(Cc2cccc3c2OCC3)C1 |&1:3|,5.0762380391713,-7.15565,5.85383,-7.72785,5.8262,5.0031204224,-7.30768,5.2305665016,-7.23953
A71EV2A-x4313a,"COc1ccccc1[C@H](C)CN1C[C@H](C(N)=O)CC1=O |&1:8,&2:13|",4.917407524166997,-5.71787,5.95116,-6.67068,6.22891,4.9723310471,-6.8126,5.3815617561,-7.24818
A71EV2A-x4316a,"COc1cccc2c1CC[C@H]2N1C[C@H](C(N)=O)CCC1=O |&1:10,&2:13|",4.789637072991269,-5.37966,4.94745,-6.32978,4.8592,5.0564026833,-6.36568,5.9391198158,-7.27467
A71EV2A-x4319a,NC(=O)[C@H]1CCCN(C(=O)Cc2ccccc2OC(F)F)C1 |a:3|,4.229666366474778,-6.41729,5.466,-7.2812,5.53413,5.8911137581,-7.23593,5.5947012901,-7.40581
A71EV2A-x4320a,NC(=O)[C@H]1CCCN(C(=O)Cc2ccc3c(c2)CCC(=O)N3)C1 |a:3|,4.349692476868063,-7.02193,5.86819,-8.08186,5.7441,5.6170392036,-7.71975,5.455640316,-7.98101
A71EV2A-x4321a,N#CCc1ccccc1CC(=O)N1CCC[C@H](C(N)=O)C1 |a:16|,5.101757238648579,-7.42318,6.36121,-7.77709,6.51525,6.5393943787,-7.15118,6.4591140747,-7.60772
A71EV2A-x4321b,N#CCc1ccccc1CC(=O)N1CCC[C@H](C(N)=O)C1 |a:16|,5.101757238648579,-7.45774,6.32581,-7.97225,6.49894,6.5333690643,-7.48639,6.4620513916,-7.54409
A71EV2A-x4322a,CC(=O)Nc1ccccc1CC(=O)N1CCC[C@H](C(N)=O)C1 |a:17|,4.265200170411153,-7.0887,6.23293,-8.12699,6.21798,5.9608588219,-7.7196,5.3961410522,-7.92741
A71EV2A-x4334a,CSc1cccc(CC(=O)N2CCC[C@H](C(N)=O)C2)c1 |a:14|,4.165030350472351,-7.48465,5.92686,-8.02135,6.09021,6.0418419838,-7.66266,5.3984389305,-6.79084
A71EV2A-x4334b,CSc1cccc(CC(=O)N2CCC[C@H](C(N)=O)C2)c1 |a:14|,4.165030350472351,-7.53063,5.98169,-8.01518,6.08469,5.9247984886,-7.68385,5.9841580391,-6.7804
A71EV2A-x4336a,NC(=O)[C@H]1CCCN(C(=O)Cc2cccc(Cl)c2Cl)C1 |a:3|,4.065026720650614,-7.42277,6.56925,-7.74682,6.85904,6.2196564674,-8.22333,5.6349177361,-7.02754
A71EV2A-x4341a,NC(=O)[C@H]1CCCN(C(=O)Cc2cccc3sccc23)C1 |a:3|,3.9387751065420735,-6.1797,6.24591,-7.83606,6.54007,6.4761013985,-7.50966,5.7677283287,-7.5011
A71EV2A-x4344a,NC(=O)[C@H]1CCCN(C(=O)Cc2cccc3c2CCC3)C1 |a:3|,3.9502403164313615,-7.78818,6.39617,-8.39763,6.40141,6.3979430199,-8.5253,6.3232598305,-7.98272
A71EV2A-x4347a,COc1ncccc1CC(=O)N1CCC[C@H](C(N)=O)C1 |a:15|,4.286509456906058,-7.76316,5.74171,-8.54655,5.85399,5.6600861549,-7.61552,5.9278903008,-6.71892
A71EV2A-x4351a,NC(=O)C[C@H]1CCCN(c2ncnc3ccccc23)C1 |&1:4|,4.959254335737151,-5.18944,5.77659,-7.10232,6.07522,6.1719002724,-7.25468,6.6424021721,-7.85736
A71EV2A-x4368a,COCc1ccccc1CC(=O)N1CCC[C@H](C(N)=O)C1 |a:16|,4.576757218249551,-7.77473,5.98042,-8.14925,5.88348,5.8035354614,-7.58673,5.206474781,-7.1248
A71EV2A-x4372a,NC(=O)[C@H]1CCCN(C(=O)Cc2cccnc2O)C1 |a:3|,5.153756287657022,-7.25498,5.41676,-7.61258,5.35897,5.5448260307,-7.75148,5.1203231812,-7.12466
A71EV2A-x4374a,NC(=O)[C@H]1CCCN(C(=O)Cc2ccccc2CO)C1 |a:3|,4.345773777137761,-7.53685,5.68196,-7.9796,5.85806,5.6210465431,-7.9542,4.9198651314,-7.15061
A71EV2A-x4374b,NC(=O)[C@H]1CCCN(C(=O)Cc2ccccc2CO)C1 |a:3|,4.345773777137761,-7.40141,5.88029,-7.96023,6.00327,5.9958920479,-7.41269,5.022960186,-7.14303
A71EV2A-x4381a,NC(=O)[C@H]1CCCN(C(=O)Cc2cc(C(F)(F)F)ccc2C(F)(F)F)C1 |a:3|,3.806800765395556,-7.43091,6.50901,-8.32962,6.51739,6.7693524361,-8.42829,5.2370276451,-8.10941
A71EV2A-x4203a,COc1cc(Cl)ccc1CC(=O)N1CCC[C@H](C(N)=O)C1 |a:16|,4.018634490921456,-7.83413,5.89745,-8.2559,5.90883,5.9707274437,-7.46406,5.2753453255,-7.02805
A71EV2A-x4207a,COc1ccccc1[C@H](NC(C)=O)C(=O)N1CCC[C@H](C(N)=O)C1 |o1:8|,5.238439218136987,-7.24547,6.35765,-7.86869,6.23803,6.2308330536,-7.02666,5.5113883018,-7.46371
A71EV2A-x4207b,COc1ccccc1[C@H](NC(C)=O)C(=O)N1CCC[C@H](C(N)=O)C1 |o1:8|,5.238439218136987,-8.08528,6.567,-8.55702,6.69143,6.2789421082,-7.07138,6.0517368317,-7.55724
A71EV2A-x4209a,COc1cccc(Cl)c1CC(=O)N1CCC[C@H](C(N)=O)C1 |o1:16|,4.37828501116997,-7.15318,5.92946,-7.58392,5.85781,6.0550041199,-7.78904,5.4449081421,-7.14582
A71EV2A-x4214a,COc1ccccc1S(=O)(=O)N1CCC[C@H](C(N)=O)C1 |a:15|,5.161780778092374,-6.65713,5.43859,-7.40453,5.4322,5.7565059662,-7.00828,5.2042751312,-7.44272
A71EV2A-x4214b,COc1ccccc1S(=O)(=O)N1CCC[C@H](C(N)=O)C1 |a:15|,5.161780778092374,-6.77165,5.52165,-7.55711,5.61455,5.749478817,-7.2084,4.7240591049,-7.43733
A71EV2A-x4237a,NC(=O)[C@H]1CCCN(C(=O)[C@H](Cc2ccc(F)cc2)c2ccccc2)C1 |&1:10|,5.478592246479633,-7.22348,6.69016,-8.09586,6.51787,6.8632340431,-8.74712,6.4018497467,-8.36267
A71EV2A-x4237b,NC(=O)[C@H]1CCCN(C(=O)[C@H](Cc2ccc(F)cc2)c2ccccc2)C1 |&1:10|,5.478592246479633,-7.511,6.54352,-7.94416,6.62965,6.8732275963,-8.72043,6.4791426659,-8.35791
A71EV2A-x4237c,NC(=O)[C@H]1CCCN(C(=O)[C@H](Cc2ccc(F)cc2)c2ccccc2)C1 |&1:10|,5.478592246479633,-7.19514,6.82419,-8.08705,6.71602,6.8036971092,-8.32136,6.3083605766,-8.37433
A71EV2A-x4237d,NC(=O)[C@H]1CCCN(C(=O)[C@H](Cc2ccc(F)cc2)c2ccccc2)C1 |&1:10|,5.478592246479633,-7.40115,6.63266,-7.76669,6.72065,6.7903442383,-8.65212,5.8646659851,-8.36751
A71EV2A-x4239a,"COc1cccc(Cl)c1CC(=O)N1C[C@H](C(N)=O)[C@H]2CCC[C@H]21 |&1:14,&2:18,22|",4.819608655063361,-8.9758,6.59911,-9.25992,6.6588,6.8026862144,-8.95156,5.7112598419,-7.7956
A71EV2A-x4260a,NC(=O)[C@H]1CCCN(C(=O)[C@H]2CCOc3ccc(Cl)cc32)C1 |&1:10|,5.28547334915742,-7.14874,6.40549,-7.81564,6.46814,6.1369228363,-7.587,4.2478289604,-7.6853
A71EV2A-x4274a,COc1cccnc1CN1CCC[C@H](C(N)=O)C1 |a:13|,5.576653344896242,-7.09075,5.59119,-7.52006,5.77542,5.5766367912,-7.02499,4.953830719,-6.58811
A71EV2A-x4274b,COc1cccnc1CN1CCC[C@H](C(N)=O)C1 |a:13|,5.576653344896242,-7.00047,5.71142,-7.39973,5.78768,5.7265453339,-6.96541,5.0391983986,-6.56168
A71EV2A-x4283a,COc1cccnc1CC(=O)N1CCC[C@H](C(N)=O)C1 |a:15|,4.648165195719463,-7.79211,5.68812,-8.20287,5.66793,5.6088032722,-7.51353,5.6597084999,-6.96274
A71EV2A-x4283b,COc1cccnc1CC(=O)N1CCC[C@H](C(N)=O)C1 |a:15|,4.648165195719463,-7.7812,5.68793,-8.1296,5.7177,5.5706543922,-7.49512,5.5734248161,-7.03251
A71EV2A-x4386a,CSc1ccccc1CC(=O)N1CCC[C@H](C(N)=O)C1 |a:15|,5.393063563669464,-7.65835,6.18866,-7.99253,6.20266,6.3815627098,-7.65822,6.0919032097,-6.98194
A71EV2A-x4388a,COc1ncc(Br)cc1CC(=O)N1CCC[C@H](C(N)=O)C1 |a:16|,4.832067775571805,-8.20764,6.08091,-8.81313,6.11507,6.0885004997,-7.68566,5.7787513733,-7.24669
A71EV2A-x4402a,Cc1cccc(N2CCCN(CCC(N)=O)C2=O)c1,4.911546516921495,-6.62544,5.62086,-7.2466,5.70577,5.5873856544,-7.42762,4.7933592796,-7.18854
A71EV2A-x4403a,NC(=O)[C@H]1CCCN(C(=O)Cc2ccccc2CS(N)(=O)=O)C1 |a:3|,4.135380979941972,-7.20746,5.75146,-7.49563,5.80572,6.103126049,-7.962,5.4644293785,-7.86801
A71EV2A-x4406a,"COc1ccccc1[C@H](O)CN1C[C@H](C(N)=O)CCC1=O |&1:8,&2:13|",5.212129340035951,-6.02824,5.81629,-8.21372,5.81444,5.2769904137,-7.59474,5.2454800606,-7.4104
A71EV2A-x4409a,"NC(=O)[C@H]1CCC(=O)N(C[C@H]2CCOc3ccccc32)C1 |&1:3,&2:10|",4.620443689892642,-7.62032,6.36766,-8.34155,6.24635,5.6807723045,-7.4331,5.5072903633,-7.33443
A71EV2A-x4416a,"NC(=O)[C@H]1CCCN(C(=O)[C@]2(Cc3ccc(F)cc3)CCCCO2)C1 |&1:3,&2:10|",4.609064892896621,-7.83833,6.65404,-8.70669,6.70517,6.679412365,-8.72138,6.1307644844,-8.17364
A71EV2A-x4418a,COc1ncccc1NC(=O)N1CC[C@H](C(N)=O)C1 |a:14|,4.618016608302379,-6.6862,5.58037,-7.46465,5.37634,5.6950073242,-7.18844,4.4743499756,-6.9855
A71EV2A-x4426a,C#C[C@H](NCCc1cocn1)c1nn(C)c2ccccc12 |&1:2|,4.716801953096995,-6.09285,5.92879,-6.59145,5.94499,5.8973927498,-7.29729,4.7313790321,-6.12998
A71EV2A-x4429a,COc1ccc(C(F)(F)F)cc1NC(=O)N1CCC[C@H](C(N)=O)C1 |a:19|,4.069229199277436,-8.36015,6.3595,-8.65561,6.47833,6.1555228233,-8.17459,5.5352511406,-8.15791
A71EV2A-x4431a,CSc1ccc(Br)cc1CC(=O)N1CCC[C@H](C(N)=O)C1 |a:16|,6.504803930407411,-7.97231,6.45317,-8.14348,6.44679,6.4307866096,-7.58501,5.0739178658,-7.21416
A71EV2A-x4445a,COc1ccccc1[C@H](C)C(=O)N1CCC[C@H](C(N)=O)C1 |o1:8|,5.415903931859735,-7.12649,5.59526,-7.61634,5.57701,5.7222714424,-7.14391,5.1986842155,-6.78501
A71EV2A-x4445b,COc1ccccc1[C@H](C)C(=O)N1CCC[C@H](C(N)=O)C1 |o1:8|,5.415903931859735,-6.97436,6.02482,-7.54627,5.97035,6.0347943306,-7.23354,5.9384531975,-6.7869
A71EV2A-x4447a,Cn1cnc2c(NC(=O)N3CCC[C@H](C(N)=O)C3)cccc21 |a:13|,5.398637148380375,-7.92284,6.41496,-8.68134,6.52305,6.3551006317,-7.7876,5.776570797,-8.12047
A71EV2A-x4447b,Cn1cnc2c(NC(=O)N3CCC[C@H](C(N)=O)C3)cccc21 |a:13|,5.398637148380375,-8.50172,6.63847,-8.9132,6.68615,6.2790379524,-7.86109,5.6755428314,-8.12839
A71EV2A-x4449a,COc1ccccc1[C@H](NC(C)=O)C(=O)N1CCC[C@H](C(N)=O)C1 |o1:8|,5.238439218136987,-7.7018,6.2594,-8.06065,6.14196,5.7656607628,-7.81718,5.6224799156,-7.35692
A71EV2A-x4449b,COc1ccccc1[C@H](NC(C)=O)C(=O)N1CCC[C@H](C(N)=O)C1 |o1:8|,5.238439218136987,-7.60794,6.47717,-7.93848,6.5852,5.6843380928,-7.80398,5.4342474937,-7.37335
A71EV2A-x4451a,NC(=O)[C@H]1CCCN(C(=O)[C@H](c2ccccc2)n2cccn2)C1 |&1:10|,4.869666231504994,-6.77462,6.26769,-7.78585,6.25714,6.7203030586,-7.34105,5.676574707,-7.54115
A71EV2A-x4451b,NC(=O)[C@H]1CCCN(C(=O)[C@H](c2ccccc2)n2cccn2)C1 |&1:10|,4.869666231504994,-6.69583,6.36274,-7.76708,6.31398,6.5828399658,-7.45477,5.6578431129,-7.51453
A71EV2A-x4456a,NC(=O)[C@H]1CCCN(C(=O)[C@H]2CCc3cccc(O)c32)C1 |&1:10|,5.148337017678052,-8.50398,6.33247,-8.86211,6.29198,6.0669417381,-8.63681,5.474550724,-8.18066
A71EV2A-x4456b,NC(=O)[C@H]1CCCN(C(=O)[C@H]2CCc3cccc(O)c32)C1 |&1:10|,5.148337017678052,-8.04196,6.25644,-8.6566,6.30702,6.0089974403,-8.38228,5.5278377533,-8.18029
A71EV2A-x4461a,NC(=O)[C@H]1CCCN(C(=O)Cc2ccncc2Cl)C1 |a:3|,5.18523404082538,-7.57059,5.9822,-8.19505,6.07912,6.3700523376,-8.04945,5.6194186211,-6.9601
A71EV2A-x4463a,NC(=O)[C@H]1CCCN(C(=O)Cc2cccc3nsnc23)C1 |a:3|,4.492392502728005,-8.47078,6.70136,-8.988,6.57722,6.2437572479,-7.47922,4.7725172043,-7.39199
A71EV2A-x4464a,Cc1ncnc(C)c1CC(=O)N1CCC[C@H](C(N)=O)C1 |a:15|,3.654064344980796,-7.73982,6.06204,-8.66973,6.15733,6.234556675,-8.05502,5.5697593689,-7.24924
A71EV2A-x4472a,NC(=O)[C@H]1CCCN(C(=O)[C@H]2CCc3snnc32)C1 |&1:10|,4.667561540084395,-7.7283,5.53681,-8.02071,5.66078,5.5718941689,-7.37492,4.919960022,-7.21255
A71EV2A-x4476a,"COc1ccccc1CC(=O)N1C[C@]2(C(N)=O)CC[C@H]1C2 |a:13,19|",4.621697158125564,-6.56317,6.22123,-7.43622,6.124,5.9747948647,-7.11441,4.7062935829,-6.69268
A71EV2A-x4510a,C[C@H](C(=O)N1CCC[C@H](C(N)=O)C1)c1cn(C)nc1C(F)(F)F |&1:1|,4.462842099070634,-8.26227,6.54215,-9.21384,6.3937,6.58751297,-8.14182,6.1789031029,-7.70996
A71EV2A-x4514a,NC(=O)[C@H]1CCCN(C(=O)C2(c3ccoc3)CCC2)C1 |a:3|,4.618930913825583,-7.39641,6.26219,-7.99959,6.26647,6.0287747383,-7.62195,5.4349441528,-7.52379
A71EV2A-x4519a,NC(=O)[C@H]1CCCN(C(=O)Cc2ncc3ccc(Br)cn23)C1 |a:3|,4.424218724311264,-8.05436,6.73409,-8.32435,6.8779,6.7330832481,-7.94166,6.1885166168,-8.17146
A71EV2A-x4519b,NC(=O)[C@H]1CCCN(C(=O)Cc2ncc3ccc(Br)cn23)C1 |a:3|,4.424218724311264,-7.9954,6.76186,-8.35966,6.88967,6.7618999481,-7.95179,5.9487586021,-8.18001
A71EV2A-x4524a,COc1cccc(NC(=O)N2CCC[C@H](C(N)=O)C2)c1Cl |a:14|,4.612661045864782,-7.74775,6.55517,-7.94432,6.53083,6.2956080437,-7.72427,5.9429936409,-7.48889
A71EV2A-x4540a,NC(=O)[C@H]1CCCN(C(=O)Cn2cc(Br)cc(Cl)c2=O)C1 |a:3|,3.7253509633996433,-7.60449,6.13009,-8.29586,6.21922,6.2234330177,-7.9514,6.0302910805,-7.60838
A71EV2A-x4547a,Cn1nc(CN2C[C@H](C(N)=O)CCC2=O)c2ccccc21 |&1:7|,5.116903441948165,-8.70814,6.47438,-9.22836,6.5017,6.5860543251,-9.29618,4.8200149536,-6.89604
A71EV2A-x4554a,COc1cccc(SC)c1NC(=O)N1CCC[C@H](C(N)=O)C1 |a:17|,5.161195917717353,-5.62246,6.12546,-6.53456,6.01474,6.652841568,-7.45191,5.1173839569,-7.4044
A71EV2A-x4571a,C[C@H](C(=O)N1CCC[C@H](C(N)=O)C1)c1cn(C)nc1C(F)(F)F |&1:1|,4.462842099070634,-7.66167,6.44087,-8.85335,6.37831,6.5042433739,-7.91629,6.111644268,-7.67473
A71EV2A-x4575a,NC(=O)[C@H]1CCCN(C(=O)C2(c3ccoc3)CCC2)C1 |a:3|,4.618930913825583,-6.4381,5.97477,-7.3291,5.96088,5.8079476357,-7.28544,5.4298110008,-7.52995
A71EV2A-x4580a,NC(=O)[C@H]1CCCN(C(=O)Cc2ncc3ccc(Br)cn23)C1 |a:3|,4.424218724311264,-8.21115,6.81075,-8.51287,6.95873,6.8229146004,-8.04498,6.3162684441,-8.17268
A71EV2A-x4580b,NC(=O)[C@H]1CCCN(C(=O)Cc2ncc3ccc(Br)cn23)C1 |a:3|,4.424218724311264,-7.92896,6.70235,-8.33063,6.82774,6.7296910286,-7.97758,6.3563365936,-8.19388
A71EV2A-x4583a,CN1c2ccccc2C[C@H]1C(=O)N1CCC[C@H](C(N)=O)C1 |&1:9|,4.598941671349912,-7.93347,5.93016,-8.37969,6.03878,6.1082801819,-7.78981,5.2637543678,-7.79931
A71EV2A-x4583b,CN1c2ccccc2C[C@H]1C(=O)N1CCC[C@H](C(N)=O)C1 |&1:9|,4.598941671349912,-7.91763,6.30496,-8.43821,6.30068,6.2959389687,-8.02474,4.7845110893,-7.73183
A71EV2A-x4596a,NC(=O)[C@H]1CCC(=O)N(Cc2ccc3cc[nH]c3c2)C1 |&1:3|,4.611743840379951,-7.3252,5.80227,-8.54296,5.95421,5.9909796715,-8.48915,4.9664020538,-7.48521
A71EV2A-x4596c,NC(=O)[C@H]1CCC(=O)N(Cc2ccc3cc[nH]c3c2)C1 |&1:3|,4.611743840379951,-1.90132,3.98794,-3.02029,3.88243,3.9921646118,-5.65701,3.6753003597,-5.21545
A71EV2A-x4596b,NC(=O)[C@H]1CCC(=O)N(Cc2ccc3cc[nH]c3c2)C1 |&1:3|,4.611743840379951,-7.45504,5.8515,-8.56831,6.07102,6.048429966,-8.49788,4.9220385551,-7.40286
A71EV2A-x4606a,NC(=O)[C@H]1CCCN(C(=O)[C@H]2SCc3cccnc32)C1 |&1:10|,4.60382166833978,-8.04573,5.83507,-8.58617,5.91254,5.7999625206,-8.50818,5.2970275879,-7.56138
A71EV2A-x4606b,NC(=O)[C@H]1CCCN(C(=O)[C@H]2SCc3cccnc32)C1 |&1:10|,4.60382166833978,-7.56039,5.81464,-8.45145,5.85955,5.7584953308,-8.27187,5.2801098824,-7.57562
A71EV2A-x4608a,Cn1cc2c(n1)CCC[C@H]2C(=O)N1CCC[C@H](C(N)=O)C1 |&1:9|,3.749590923528832,-8.97991,6.38765,-9.18614,6.43908,6.4359259605,-8.81345,6.5920715332,-7.71118
A71EV2A-x4654a,NC(=O)[C@H]1CCCN(C(=O)Nc2cccc3c2S(=O)(=O)CCC3)C1 |a:3|,4.616184634019569,-8.68113,6.56738,-9.04615,6.71755,6.4007401466,-8.54288,6.0202946663,-8.42014
A71EV2A-x4656a,NC(=O)[C@H]1CCCN(C(=O)Nc2ccccc2SC(F)F)C1 |a:3|,4.325140144305149,-7.30117,6.24829,-8.23988,6.52896,6.4138278961,-7.63457,4.5797905922,-7.10807
A71EV2A-x4661a,"COc1ccccc1[C@H](C)N1C[C@H](C(N)=O)CCC1=O |&1:8,&2:12|",5.565980102355844,-7.16215,5.87429,-7.86787,5.99075,5.8503775597,-7.72144,5.5789756775,-7.35158
A71EV2A-x4669a,NC(=O)[C@H]1CCCN(C(=O)Cc2cc3c(cc2Cl)OCCO3)C1 |a:3|,4.037176387439713,-8.72108,6.12184,-9.07555,6.24481,6.1232643127,-8.5836,6.0445380211,-7.93198
A71EV2A-x4669b,NC(=O)[C@H]1CCCN(C(=O)Cc2cc3c(cc2Cl)OCCO3)C1 |a:3|,4.037176387439713,-8.02987,6.23998,-8.48473,6.42076,6.3610401154,-7.87616,6.0064301491,-7.96198
A71EV2A-x4670a,CSc1cccc(Br)c1CC(=O)N1CCC[C@H](C(N)=O)C1 |a:16|,5.23959580735841,-7.45371,6.35432,-7.59645,6.38286,6.5678658485,-7.52651,6.2650761604,-7.46703
A71EV2A-x4674a,NC(=O)[C@H]1CCCN(C(=O)Nc2cccc3c2SCCC3)C1 |a:3|,4.5141394746468695,-8.52104,6.86743,-8.93923,6.96769,6.4993491173,-8.20922,5.3479690552,-8.436
A71EV2A-x4674b,NC(=O)[C@H]1CCCN(C(=O)Nc2cccc3c2SCCC3)C1 |a:3|,4.5141394746468695,-7.29121,6.87051,-7.79416,6.99454,6.5430703163,-8.21146,5.4294395447,-8.42627
A71EV2A-x4674c,NC(=O)[C@H]1CCCN(C(=O)Nc2cccc3c2SCCC3)C1 |a:3|,4.5141394746468695,-8.57626,6.88356,-8.79355,6.89522,6.5375180244,-8.23363,5.1638617516,-8.43899
A71EV2A-x4675a,CS(=O)(=O)c1ccccc1CC(=O)N1CCC[C@H](C(N)=O)C1 |a:17|,4.018181392829336,-7.10301,6.3043,-7.87239,6.22495,6.0367145538,-7.38659,5.8122735023,-7.35103
A71EV2A-x4684a,CSc1ccccc1N(C)C(=O)N1CC[C@H](C(N)=O)C1 |a:15|,4.640164517660112,-7.89621,6.58011,-8.16054,6.47963,6.3831233978,-8.02052,5.8617148399,-7.05386
A71EV2A-x4689a,CSc1cnccc1CC(=O)N1CCC[C@H](C(N)=O)C1 |a:15|,4.407893372233542,-7.26853,6.26289,-7.54815,6.27456,6.2082533836,-7.73061,6.1070046425,-6.75785
A71EV2A-x4694a,CSc1ccccc1CN1C[C@H](C(N)=O)CCC1=O |o1:11|,4.6439741428068775,-7.67606,6.35092,-7.98781,6.38331,6.2395567894,-7.97002,5.2447838783,-6.79358
A71EV2A-x4701a,CSCC1(CC(=O)N2CCC[C@H](C(N)=O)C2)CC1 |a:11|,4.0270354434741735,-5.9785,5.56349,-6.88625,5.63665,5.4708099365,-6.41656,5.1542563438,-6.21702
A71EV2A-x4703a,CSc1cn(C)nc1NC(=O)N1CCC[C@H](C(N)=O)C1 |a:15|,3.761033004441306,-6.53802,5.91228,-7.37949,6.33834,6.049911499,-7.03147,5.6938247681,-7.05807
A71EV2A-x4706a,NC(=O)[C@H]1CCCN(C(=O)C2CCSCC2)C1 |a:3|,4.603800652904264,-6.58559,5.32539,-7.12464,5.37645,5.4287338257,-7.21932,4.7961630821,-6.97458
A71EV2A-x4707a,NC(=O)[C@H]1CCCN(C(=O)CC2CSC2)C1 |a:3|,4.607306606035202,-6.12294,5.78175,-6.90219,5.69024,5.6591038704,-6.83389,4.9355254173,-6.37526
A71EV2A-x4708a,NC(=O)[C@H]1CCCN(C(=O)C2(O)CCSCC2)C1 |a:3|,4.388276691992658,-6.59868,5.32676,-7.35038,5.30786,5.1031441689,-7.13715,4.4328026772,-7.13316
A71EV2A-x4710a,CSc1cccc(CN2C[C@H](C(N)=O)CCC2=O)c1 |o1:10|,4.610891805164698,-7.77886,6.07319,-8.24491,6.07571,6.0608100891,-8.18392,5.1316256523,-6.62641
A71EV2A-x4712a,CSc1ccccc1N(C)C(=O)N1CCC[C@H](C(N)=O)C1 |a:16|,4.601955140820748,-8.37528,6.53027,-8.6183,6.45713,6.1491971016,-7.57409,5.5013995171,-6.77802
A71EV2A-x4721a,CSc1ccccc1CC(=O)N1CCNC(=O)C1,4.006123085058789,-3.87172,4.74378,-5.2043,4.51107,5.5686454773,-6.75738,4.9360222816,-6.7116
A71EV2A-x4724a,CSc1ccccc1CC(=O)N1CCC(F)(F)[C@H](C(N)=O)C1 |&1:17|,4.92096962924201,-8.28642,6.40525,-8.75271,6.495,6.5071263313,-8.81763,6.2396893501,-7.09279
A71EV2A-x4727a,CSc1c(NC(=O)N2CCC[C@H](C(N)=O)C2)c(C)nn1C |a:11|,4.6073172842698655,-6.04671,6.13678,-7.42136,6.25161,6.2285046577,-7.56312,5.3361682892,-7.50769
A71EV2A-x4735a,CSc1ccccc1CC(=O)N1CCC[C@H]1c1cnc[nH]1 |&1:15|,4.853871964321762,-7.22784,6.11016,-7.5727,6.56064,6.0099487305,-7.74923,6.0977845192,-6.5966
A71EV2A-x4736a,"CSC[C@H]1C[C@H]1C(=O)N1CCC[C@H](C(N)=O)C1 |&1:3,5|",4.808721339045607,-6.4893,5.35882,-6.78113,5.40902,5.2647147179,-6.29179,5.3184685707,-6.45889
A71EV2A-x4739a,"CSc1ccccc1CC(=O)N1CC[C@H]2[C@H](C1)[C@H]2C(N)=O |&1:14,&2:15,&3:17|",4.558200508454535,-7.23999,6.3802,-7.87403,6.48192,6.5333652496,-7.50053,6.2582316399,-7.46414
A71EV2A-x4745a,CSc1ccccc1CC(=O)N1CCC[C@H](S(N)(=O)=O)C1 |&1:15|,4.603800652904264,-8.22903,6.72085,-8.65175,6.74069,6.652671814,-8.27711,4.369207859,-7.53726
A71EV2A-x4746a,CSc1ccccc1CC(=O)N1CCC[C@H](C(F)F)C1 |&1:15|,3.883316455303125,-2.0814,4.60831,-4.70382,4.58866,4.6948871613,-6.74105,4.1607952118,-7.12084
A71EV2A-x4751a,CSc1ccccc1CC(=O)N1CCC[C@H](CF)C1 |&1:15|,4.015189894778023,-6.79414,5.34467,-7.25838,5.26267,5.2832827568,-7.34402,4.5768089294,-6.6317
A71EV2A-x4753a,CSc1ccccc1CC(=O)N1CCC[C@](F)(C(N)=O)C1 |&1:15|,3.839782551369189,-7.30675,6.18533,-7.9375,6.29205,5.957763195,-7.57677,6.0559439659,-7.19073
A71EV2A-x4774a,CSc1nccnc1CC(=O)N1CCC[C@H](C(N)=O)C1 |a:15|,4.781195179900988,-7.51624,6.34912,-7.76972,6.38673,6.2213587761,-7.5296,5.3340148926,-6.88687
A71EV2A-x4778a,COc1ccc(C(F)(F)F)cc1CC(=O)N1CCS[C@H](C(N)=O)C1 |o1:19|,4.828494707777949,-7.37151,6.35651,-7.90055,6.45772,6.3046946526,-7.75106,5.5800213814,-7.80187
A71EV2A-x4784a,NC(=O)[C@H]1CCCN(C(=O)C[C@H]2CSCCS2)C1 |&1:11|,4.617982957425132,2.79375,5.50057,-3.18477,5.56057,4.5252494812,-6.81335,5.2364192009,-6.65408
A71EV2A-x4791a,"CSc1ccccc1CC(=O)N1CCC[C@H]2C(=O)NC[C@H]21 |&1:15,20|",4.035167674220528,-4.43107,4.61746,-5.74306,4.2876,4.5358176231,-5.77705,4.7972621918,-7.1215
A71EV2A-x4794a,CSc1ccccc1CC(=O)N1CCC[C@H](O)C1 |&1:15|,4.025488307262672,-5.71911,4.55917,-6.86919,4.5446,4.4958839417,-6.87092,4.3667197227,-6.97236
A71EV2A-x4798a,CSc1ccccc1CC(=O)N1CC[C@](O)(c2c[nH]nn2)C1 |&1:14|,4.017390444950877,-5.91542,6.76743,-7.45144,6.71394,6.242582798,-7.29245,4.0470371246,-7.06635
A71EV2A-x4809a,CSc1ccccc1CC(=O)N1CCC[C@H](CCO)C1 |&1:15|,3.7794804346789226,-7.18072,5.80819,-7.70316,5.89629,5.3583388329,-7.04316,5.0216236115,-7.09917
A71EV2A-x4812a,CSc1cncnc1CC(=O)N1CCC[C@H](C(N)=O)C1 |a:15|,4.176969771296364,-6.78425,6.08076,-7.46112,6.2215,6.1035041809,-7.47462,5.508746624,-6.87873
A71EV2A-x4824a,CSc1ccccc1OC(=O)N1CCC[C@H](C(N)=O)C1 |a:15|,5.826838634714068,-7.62464,5.85417,-8.02638,5.89277,5.9800925255,-7.68137,5.5112204552,-6.72475
A71EV2A-x4824b,CSc1ccccc1OC(=O)N1CCC[C@H](C(N)=O)C1 |a:15|,5.826838634714068,-7.58701,5.92049,-8.03323,5.95324,5.9906711578,-7.66013,5.3410263062,-6.71112
A71EV2A-x4826a,CSc1ccncc1NC(=O)N1CCC[C@H](C(N)=O)C1 |a:15|,5.452530294347775,-7.83342,6.67763,-8.33259,6.74698,6.6003818512,-7.91671,4.734105587,-7.16017
A71EV2A-x4826b,CSc1ccncc1NC(=O)N1CCC[C@H](C(N)=O)C1 |a:15|,5.452530294347775,-7.70327,6.36526,-8.15585,6.44736,6.3844590187,-7.74294,4.9238772392,-7.11937
A71EV2A-x4827a,CSc1ccncc1CC(=O)N1CCC[C@H](C(N)=O)C1 |a:15|,5.534026193176526,-7.52562,6.23332,-8.13676,6.24727,6.2253799438,-7.94433,6.0194587708,-7.07932
A71EV2A-x4827b,CSc1ccncc1CC(=O)N1CCC[C@H](C(N)=O)C1 |a:15|,5.534026193176526,-7.51075,6.15487,-8.00178,6.21825,6.086874485,-7.99351,5.9380249977,-7.10045
A71EV2A-x4829a,COc1ccc(Cl)cc1OC(=O)N1CCC[C@H](C(N)=O)C1 |a:16|,5.262803072736122,-7.94963,5.61728,-8.47485,5.68552,5.5567245483,-8.21874,5.0277385712,-7.36664
A71EV2A-x4829b,COc1ccc(Cl)cc1OC(=O)N1CCC[C@H](C(N)=O)C1 |a:16|,5.262803072736122,-7.81237,5.54681,-8.31117,5.56091,5.4776501656,-7.92179,5.1136269569,-7.37566
A71EV2A-x4840a,NC(=O)c1ccccc1CC(=O)N1CCC[C@H](C(N)=O)C1 |a:16|,3.660111973943557,-7.60302,6.6219,-8.53946,6.34014,6.3126907349,-7.38402,5.8864197731,-7.50774
A71EV2A-x4843a,COc1ccc(C(F)(F)F)cc1N(C)C(=O)N1CCC[C@H](C(N)=O)C1 |a:20|,4.561127532480804,-6.43316,5.97197,-8.1285,6.50351,6.4485054016,-8.13107,4.5695900917,-7.80729
A71EV2A-x4845a,COc1cc(Br)c(CC(=O)N2CCC[C@H](C(N)=O)C2)cc1OC |a:14|,3.720229830921272,-6.65078,6.12169,-7.78567,6.24775,6.0487294197,-7.79759,6.0731568336,-7.39802
A71EV2A-x4851a,CSc1c(F)cccc1NC(=O)N1CCC[C@H](C(N)=O)C1 |a:16|,4.319967775442991,-8.05245,6.8327,-8.36989,6.93723,6.2233791351,-7.56118,5.2701706886,-7.51694
A71EV2A-x4856a,CSc1ccc(Br)cc1CC(=O)N1CC[C@H](C(N)=O)C1 |a:15|,4.166573738364501,-7.58664,6.51369,-7.93224,6.5446,6.1457018852,-7.09002,5.2587666512,-6.89104
A71EV2A-x4873a,COc1cccc(NC(=O)N2CCC[C@H](C(N)=O)C2)c1Cl |a:14|,4.612661045864782,-7.29389,6.1255,-7.95999,6.30153,6.3639640808,-7.60835,6.0241584778,-7.50526
A71EV2A-x4873b,COc1cccc(NC(=O)N2CCC[C@H](C(N)=O)C2)c1Cl |a:14|,4.612661045864782,-7.61383,6.21104,-8.04365,6.33246,6.4528198242,-7.74504,6.000164032,-7.47462
A71EV2A-x4883a,CSc1ncccc1NC(=O)N1CCC[C@H](C(N)=O)C1 |a:15|,4.2209855861319525,-8.12405,6.46947,-8.50706,6.5041,6.3002648354,-7.80924,5.4633965492,-7.0667
A71EV2A-x4883b,CSc1ncccc1NC(=O)N1CCC[C@H](C(N)=O)C1 |a:15|,4.2209855861319525,-8.06881,6.31561,-8.53147,6.43801,6.3846831322,-7.78307,4.9063954353,-7.09436
A71EV2A-x4885a,"CSc1ccccc1CC(=O)N1C[C@H](C)C[C@H](C(N)=O)C1 |&1:13,&2:16|",4.1315895194873935,-7.95889,6.50061,-8.35778,6.44294,6.277443409,-7.34346,5.6863684654,-7.04057
A71EV2A-x4885b,"CSc1ccccc1CC(=O)N1C[C@H](C)C[C@H](C(N)=O)C1 |&1:13,&2:16|",4.1315895194873935,-6.86906,6.17982,-7.46828,6.12487,5.9999008179,-7.14076,5.7287936211,-7.0251
A71EV2A-x4894a,CSc1ccccc1CC(=O)N1CCC[C@](O)(C(N)=O)C1 |&1:15|,3.955966436496336,-7.69519,6.5626,-7.86567,6.66267,6.6438732147,-7.82944,5.9429297447,-7.10996
A71EV2A-x4895a,C[C@H](C(=O)N1CCC[C@H](C(N)=O)C1)c1nc(F)ccc1Cl |&1:1|,4.277445359017488,-7.42892,6.41749,-8.29698,6.50255,6.0255465508,-7.969,5.4379940033,-7.48081
A71EV2A-x4895b,C[C@H](C(=O)N1CCC[C@H](C(N)=O)C1)c1nc(F)ccc1Cl |&1:1|,4.277445359017488,-7.62571,6.43006,-8.27335,6.46887,6.1741156578,-7.89051,4.8991293907,-7.48377
A71EV2A-x4899a,COc1ncccc1NS(=O)(=O)N1CCC[C@H](C(N)=O)C1 |a:16|,4.601213898998983,-7.54376,6.05319,-8.00509,6.04677,6.2201514244,-7.64686,5.0804424286,-7.12986
A71EV2A-x4899b,COc1ncccc1NS(=O)(=O)N1CCC[C@H](C(N)=O)C1 |a:16|,4.601213898998983,-7.70917,6.08751,-8.10602,6.02863,5.8736572266,-7.89058,5.7618770599,-7.20648
A71EV2A-x4903a,COc1ccc(Cl)cc1OC(=O)N1CCC[C@H](C(N)=O)C1 |a:16|,5.262803072736122,-7.78152,5.54415,-8.34014,5.58906,5.4599099159,-8.19001,5.2318482399,-7.3699
A71EV2A-x4903b,COc1ccc(Cl)cc1OC(=O)N1CCC[C@H](C(N)=O)C1 |a:16|,5.262803072736122,-7.85888,5.57292,-8.32402,5.58176,5.4657764435,-8.01066,5.1067519188,-7.39098
A71EV2A-x4914a,CSc1cccnc1CC(=O)N1CCC[C@H](C(N)=O)C1 |a:15|,5.097431091411007,-6.71113,6.66269,-7.24527,6.67461,6.6530914307,-7.3508,6.1519088745,-6.71783
A71EV2A-x4918a,CSc1ncccc1CC(=O)N1CCC[C@H](C(N)=O)C1 |a:15|,5.072700933344527,-7.75131,6.23515,-8.37915,6.21137,6.1098189354,-7.7424,5.9122633934,-6.58562
A71EV2A-x4922a,CSc1ccccc1N1C[C@H](C(N)=O)CCC1=O |o1:10|,4.6020599913279625,-6.64282,5.95409,-7.17098,5.96041,5.7833609581,-7.19141,5.4402441978,-6.89522
A71EV2A-x4924a,NC(=O)[C@H]1CCC(=O)N(Cc2cccc(F)c2)C1 |&1:3|,4.255233465290414,-7.93787,5.94148,-8.39822,5.94192,5.8629021645,-8.28778,5.516067028,-7.69661
A71EV2A-x4963a,COC[C@]12C[C@@](C(N)=O)(CN1C(=O)Cc1ccccc1OC)C2 |o1:3|,4.028724151261895,-7.1241,6.40132,-7.49294,6.46123,6.4478049278,-7.47937,4.8057889938,-6.61882
A71EV2A-x4963b,COC[C@]12C[C@@](C(N)=O)(CN1C(=O)Cc1ccccc1OC)C2 |o1:3|,4.028724151261895,-7.3329,6.53966,-7.64805,6.63898,6.5257105827,-7.57832,5.2676849365,-6.60642
A71EV2A-x4974a,Cn1ncc2ccc(CN3C[C@H](C(N)=O)CCC3=O)cc21 |o1:11|,4.026655009457717,-8.85519,6.34548,-9.39018,6.38607,6.333878994,-9.42455,4.8340587616,-6.02157
A71EV2A-x4977a,CSc1ccc2ncccc2c1NC(=O)N1CCC[C@H](C(N)=O)C1 |a:19|,6.128863936621021,-8.42488,6.80855,-8.71303,6.89167,6.9719009399,-7.97032,4.7536716461,-8.11476
A71EV2A-x4977b,CSc1ccc2ncccc2c1NC(=O)N1CCC[C@H](C(N)=O)C1 |a:19|,6.128863936621021,-8.12302,6.89701,-8.61364,6.98664,6.9716267586,-7.95232,4.8784828186,-8.30218
A71EV2A-x4979a,NC(=O)[C@H]1CCCN(C(=O)Cc2ncncc2Cl)C1 |a:3|,4.03673794170959,-7.26837,6.2888,-7.6306,6.25219,6.4320645332,-7.8682,5.5393614769,-6.93266
A71EV2A-x4979b,NC(=O)[C@H]1CCCN(C(=O)Cc2ncncc2Cl)C1 |a:3|,4.03673794170959,-7.48189,6.16365,-8.03599,6.10009,5.979537487,-7.91194,5.0571827888,-7.12578
A71EV2A-x4986a,CSc1ccc(N2CCCC2=O)cc1NC(=O)N1CCC[C@H](C(N)=O)C1 |a:21|,5.06227649451538,-8.35529,7.21293,-8.82756,7.23123,7.0244846344,-7.92732,5.5121421814,-8.09659
A71EV2A-x4986b,CSc1ccc(N2CCCC2=O)cc1NC(=O)N1CCC[C@H](C(N)=O)C1 |a:21|,5.06227649451538,-8.45262,7.24716,-8.53867,7.20784,7.0696930885,-8.23997,6.513048172,-8.11835
A71EV2A-x4935a,CSc1cscc1CC(=O)N1CCC[C@H](C(N)=O)C1 |a:14|,5.073475651835252,-7.0496,6.14026,-7.45092,6.28724,6.2145180702,-7.26067,5.4680142403,-6.66205
A71EV2A-x4940a,CSc1ccccc1CC(=O)N1CCC[C@](O)(C(N)=O)C1 |&1:15|,3.955966436496336,-7.98637,6.54542,-8.40029,6.61163,6.5207061768,-7.96752,5.6210474968,-7.11568
A71EV2A-x4943a,NC(=O)[C@H]1CCCN(C(=O)[C@H]2CCSc3ccccc32)C1 |o1:10|,4.826813731587726,-8.50709,6.56378,-9.00106,6.48139,6.3295044899,-8.15713,6.2066683769,-7.9221
A71EV2A-x4943b,NC(=O)[C@H]1CCCN(C(=O)[C@H]2CCSc3ccccc32)C1 |o1:10|,4.826813731587726,-8.26837,6.53366,-8.87971,6.5307,6.402700901,-8.09887,6.2235107422,-7.95229
A71EV2A-x4954a,CCc1ccsc1CN1C[C@H](C(N)=O)CCC1=O |&1:10|,4.668737062060432,-6.9598,5.79794,-7.35142,5.95873,5.9679584503,-7.31772,5.5357666016,-6.5451
A71EV2A-x4992a,"Cn1cc(CC(=O)N2C[C@H](C(N)=O)C[C@@H]3C[C@@H]32)cn1 |&1:9,14,16|",4.608000737058194,-7.85797,6.08807,-8.30375,6.16133,5.6723618507,-7.48696,5.201941967,-6.96463
A71EV2A-x4994a,Cn1nc(CC(=O)N2CC(C(N)=O)C2)c2ccccc21,4.610833915635467,-4.76536,6.04162,-7.12233,5.89994,6.0147781372,-8.07994,5.9010410309,-6.64191
A71EV2A-x5015a,C=Cc1cccc(CC(=O)N2CCC[C@H](C(N)=O)C2)n1 |a:14|,5.099072631333438,-7.53615,5.67682,-8.13463,5.95683,6.017718792,-7.82979,5.9665985107,-7.56189
A71EV2A-x5015b,C=Cc1cccc(CC(=O)N2CCC[C@H](C(N)=O)C2)n1 |a:14|,5.099072631333438,-7.2834,5.58766,-7.83356,5.76434,5.9518113136,-7.56244,6.026869297,-7.35205
A71EV2A-x5022a,CSc1nc2c(cc1NC(=O)N1CCC[C@H](C(N)=O)C1)CCCC2 |a:15|,4.217527375833714,-8.47189,7.21761,-8.85621,7.11192,6.9657263756,-8.29239,5.7397155762,-8.18679
A71EV2A-x5022b,CSc1nc2c(cc1NC(=O)N1CCC[C@H](C(N)=O)C1)CCCC2 |a:15|,4.217527375833714,-8.37969,7.24433,-8.70359,7.27457,7.0031218529,-7.99334,5.0497040749,-8.18418
A71EV2A-x5036a,COc1cccc(CN2C[C@H](C(N)=O)CCC2=O)c1 |&1:10|,4.608183969818477,-7.12512,5.72735,-7.85813,5.81156,5.6435446739,-7.94709,5.013487339,-7.06938
A71EV2A-x5036b,COc1cccc(CN2C[C@H](C(N)=O)CCC2=O)c1 |&1:10|,4.608183969818477,-7.13803,5.71052,-7.76646,5.72365,5.7317204475,-7.70826,5.2894005775,-7.09402
A71EV2A-x5039a,CSc1ncncc1CC(=O)N1CCC[C@H](C(N)=O)C1 |a:15|,5.186217598084144,-7.46847,6.16404,-8.01469,6.20122,6.2365059853,-7.71003,5.7724795341,-7.15976
A71EV2A-x5039b,CSc1ncncc1CC(=O)N1CCC[C@H](C(N)=O)C1 |a:15|,5.186217598084144,-7.5878,6.33695,-7.87327,6.2896,6.3725304604,-7.76766,6.0695090294,-7.14684
A71EV2A-x5052a,NC(=O)[C@H]1CCC(=O)N([C@@H]2CCCc3ccccc32)C1 |o1:3|,4.5934598195660445,-8.06285,6.46308,-8.92402,6.50436,5.9749851227,-7.43241,5.6275997162,-7.59586
A71EV2A-x5079a,NC(=O)[C@H]1CCCN(C(=O)Cc2cccnc2Cl)C1 |a:3|,3.43690985073048,-7.87303,5.92769,-8.68226,6.04634,5.8643188477,-8.21284,5.4649124146,-6.8309
A71EV2A-x5079b,NC(=O)[C@H]1CCCN(C(=O)Cc2cccnc2Cl)C1 |a:3|,3.43690985073048,-7.98077,5.95149,-8.71111,6.02474,5.8619551659,-8.2971,5.556491375,-6.93869
A71EV2A-x5081a,NC(=O)[C@H]1CCCN(C(=O)Cc2cncnc2Cl)C1 |a:3|,4.037630664329979,-7.73888,6.18497,-8.49352,6.15653,6.1394400597,-7.59694,6.2605462074,-7.01626
A71EV2A-x5081b,NC(=O)[C@H]1CCCN(C(=O)Cc2cncnc2Cl)C1 |a:3|,4.037630664329979,-7.80068,6.03122,-8.50275,6.07326,6.0797309875,-7.62797,5.3412995338,-7.01653
A71EV2A-x5082a,N#Cc1cccc(CC(=O)N2CCC[C@H](C(N)=O)C2)n1 |a:14|,4.625197671079573,-7.13634,6.12016,-7.83217,6.20909,6.1953673363,-7.25812,5.7525134087,-7.22066
A71EV2A-x5082b,N#Cc1cccc(CC(=O)N2CCC[C@H](C(N)=O)C2)n1 |a:14|,4.625197671079573,-7.15325,6.09968,-7.85213,6.24504,5.6070919037,-7.6275,5.7118096352,-7.20912
A71EV2A-x5090a,Cn1cc(NS(=O)(=O)N2CCC[C@H](C(N)=O)C2)cn1 |a:12|,5.738140147629213,-7.5528,5.83989,-8.19277,6.05078,5.9894714355,-7.80014,5.537443161,-6.9508
A71EV2A-x5106a,"Cn1ccnc1[C@H](c1ccccc1)N1C[C@H](C(N)=O)CC1=O |&1:6,&2:15|",4.649751981665837,-7.59669,6.2227,-7.93723,6.29659,5.9198822975,-7.49504,5.9957976341,-6.20948
A71EV2A-x5150a,Cn1cc(NS(=O)(=O)N2CCC[C@H](C(N)=O)C2)cn1 |a:12|,5.738140147629213,-7.57247,5.82023,-8.05169,6.01812,5.9198889732,-7.68003,5.638481617,-6.89742
A71EV2A-x5151a,NC(=O)[C@H]1CCCN(C(=O)Cc2cccc3c2SCC3)C1 |a:3|,3.551812748385584,-7.20412,6.44726,-8.07136,6.5626,6.3887686729,-7.64837,5.5706748962,-7.92006
A71EV2A-x5171a,"CSc1ccccc1CC(=O)N1C[C@H](C(N)=O)C[C@H](C(N)=O)C1 |a:13,18|",5.207231875935455,-7.91534,6.68941,-8.48754,6.87605,6.7341361046,-7.97031,5.9535775185,-7.53407
A71EV2A-x5171b,"CSc1ccccc1CC(=O)N1C[C@H](C(N)=O)C[C@H](C(N)=O)C1 |a:13,18|",5.207231875935455,-7.56716,6.6438,-8.13295,6.82367,6.4560608864,-7.59157,5.4846687317,-7.51787
A71EV2A-x5177a,"CSc1ccccc1CC(=O)N1C[C@H](C(N)=O)C[C@H]2C[C@H]21 |o1:13,18,20|",5.676463453677816,-6.82153,6.19971,-7.23981,6.48521,6.3452658653,-7.59738,5.6083321571,-7.11987
A71EV2A-x5182a,CSc1ccncc1NS(=O)(=O)N1CCC[C@H](C(N)=O)C1 |a:16|,4.881756561812204,-6.99341,6.50378,-8.01573,6.75803,6.6015896797,-7.89104,5.9897041321,-6.93476
A71EV2A-x5200a,"CSc1ccccc1CC(=O)N1C[C@H](C)C[C@@H](C(N)=O)C1 |o1:13,16|",4.494060495927921,-7.67786,6.34639,-8.06571,6.36034,6.3078322411,-7.41463,5.4276232719,-6.86423
A71EV2A-x5203a,CSc1ccc(Br)cc1CC(=O)N1CCC[C@H](C(N)=O)CC1 |&1:16|,4.084730020129478,-7.88729,6.89453,-8.32862,6.95966,6.674987793,-7.45401,6.3271789551,-7.05016
A71EV2A-x5203b,CSc1ccc(Br)cc1CC(=O)N1CCC[C@H](C(N)=O)CC1 |&1:16|,4.084730020129478,-7.84245,6.81577,-8.12653,6.91486,6.6826319695,-7.19471,5.6868286133,-7.04152
A71EV2A-x5210a,NC(=O)[C@H]1CCC(=O)N([C@H]2CCCc3ccccc32)C1 |o1:3|,4.631937259138866,-7.90876,6.11554,-8.78857,6.33474,6.1698126793,-8.13248,5.7246279716,-7.54062
A71EV2A-x5210b,NC(=O)[C@H]1CCC(=O)N([C@H]2CCCc3ccccc32)C1 |o1:3|,4.631937259138866,-7.80337,6.13433,-8.75715,6.43216,6.3219313622,-7.97045,5.7325444221,-7.54085
A71EV2A-x5212a,N#Cc1ncncc1CC(=O)N1CCC[C@H](C(N)=O)C1 |a:15|,4.424812155072339,-6.72273,6.21241,-7.77967,6.12351,6.1932549477,-6.98259,5.6822543144,-7.32797
A71EV2A-x5213a,NC(=O)[C@H]1CCCN(C(=O)Cc2ccnc(Cl)n2)C1 |a:3|,4.653647025549361,-8.3131,6.00671,-8.65605,6.14624,6.1562724113,-8.06982,4.7529258728,-7.02408
A71EV2A-x5213b,NC(=O)[C@H]1CCCN(C(=O)Cc2ccnc(Cl)n2)C1 |a:3|,4.653647025549361,-8.32282,6.00693,-8.69399,6.05933,6.1253027916,-8.20639,5.247320652,-6.98314
A71EV2A-x5221a,NC(=O)[C@H]1CCCN(C(=O)Cc2cccc3ncsc23)C1 |a:3|,3.9648133085158968,-8.67429,6.78595,-9.03636,6.76442,6.6649565697,-8.5419,6.1146140099,-7.58883
A71EV2A-x5226a,CNC(=O)c1oc2ccccc2c1CN1C[C@H](C(N)=O)CCC1=O |&1:16|,4.027340564735919,-7.75005,6.32228,-8.31424,6.54049,6.2978625298,-7.61064,6.1621899605,-7.31782
A71EV2A-x5231a,"CS[C@@H]1CCCC[C@H]1OC(=O)N1CCC[C@H](C(N)=O)C1 |o1:2,7|",3.5961527992975952,-6.38374,5.61428,-7.52113,5.58805,5.9349608421,-6.90909,5.5729689598,-6.59948
A71EV2A-x5247a,"CSc1ccc(Br)cc1CC(=O)N1C[C@H](C(N)=O)CC[C@@H]1C |o1:14,20|",5.370420577541523,-7.91579,6.80741,-8.16637,6.79783,6.6213264465,-7.80168,6.0841298103,-7.9384
A71EV2A-x5247b,"CSc1ccc(Br)cc1CC(=O)N1C[C@H](C(N)=O)CC[C@@H]1C |o1:14,20|",5.370420577541523,-7.96239,6.65366,-8.2093,6.69233,6.6916947365,-8.04807,5.9839920998,-7.92687
A71EV2A-x5249a,CSc1cccc2c1N(C(=O)N1CCC[C@H](C(N)=O)C1)CCCO2 |a:15|,3.9795272089559,-8.94591,7.03598,-9.4112,6.92922,6.7743458748,-8.41049,4.0437202454,-8.03766
A71EV2A-x5261a,CSc1ccc2cnccc2c1NC(=O)N1CCC[C@H](C(N)=O)C1 |a:19|,5.772572568212773,-8.26345,7.00127,-8.53338,7.01401,6.9518761635,-7.84062,5.9975008965,-8.01918
A71EV2A-x5262a,CSc1ccccc1CC(=O)N1C[C@H]2C[C@@]1(CC(N)=O)C2 |&1:15|,4.051345937463026,-7.08914,6.51874,-7.47395,6.5196,6.4857411385,-7.31238,6.359544754,-6.45516
A71EV2A-x5262b,CSc1ccccc1CC(=O)N1C[C@H]2C[C@@]1(CC(N)=O)C2 |&1:15|,4.051345937463026,-6.62305,6.54395,-7.08711,6.5783,6.5023064613,-6.97992,5.8491415977,-6.47578
A71EV2A-x5268a,"CSc1ccccc1CC(=O)N1C[C@H](C)C[C@H](C(N)=O)C1 |o1:13,16|",4.006585256974127,-7.55087,6.36222,-7.94238,6.44715,6.4523301125,-7.4281,5.5949368477,-7.01392
A71EV2A-x5276a,CSc1ccc(C2CC2)cc1CC(=O)N1CCC[C@H](C(N)=O)C1 |a:18|,5.527677465814104,-7.07233,6.63524,-7.57406,6.8422,7.1001009941,-7.68838,5.9346833229,-7.6576
A71EV2A-x5277a,NC(=O)[C@]12CN(C(=O)Cc3ccccc3Cl)C[C@@H](C1)C2 |&1:3|,4.0045909104114665,-7.5639,6.48337,-7.90796,6.56356,6.733979702,-8.14028,6.6013236046,-8.1448
A71EV2A-x5278a,COc1ccc(Cl)cc1NS(=O)(=O)N1CCC[C@H](C(N)=O)C1 |a:17|,3.989247537499024,-7.45299,6.47864,-7.93456,6.63406,6.5204520226,-7.70738,5.2494449615,-7.37241
A71EV2A-x5283a,CSc1ccc2scnc2c1NC(=O)N1CCC[C@H](C(N)=O)C1 |a:18|,5.775683273773221,-8.1764,7.0241,-8.56719,7.16524,7.2073636055,-7.49052,5.711119175,-7.64279
A71EV2A-x5283b,CSc1ccc2scnc2c1NC(=O)N1CCC[C@H](C(N)=O)C1 |a:18|,5.775683273773221,-8.14743,7.05701,-8.53745,7.16918,7.1355514526,-7.58845,5.7515602112,-7.66472
A71EV2A-x5288a,CCCSc1cccc(OC)c1NC(=O)N1CCC[C@H](C(N)=O)C1 |a:19|,3.79526753551538,-7.50364,6.83573,-7.79832,6.90902,6.6073145866,-7.60512,4.3061237335,-7.38447
A71EV2A-x5288b,CCCSc1cccc(OC)c1NC(=O)N1CCC[C@H](C(N)=O)C1 |a:19|,3.79526753551538,-7.32558,7.01528,-7.49354,7.08691,6.861802578,-7.68711,4.5727033615,-7.34687
A71EV2A-x5289a,COc1cccc(SC(C)C)c1NC(=O)N1CCC[C@H](C(N)=O)C1 |a:19|,5.313218576201494,-7.58488,6.9996,-7.87407,6.90988,6.8724918365,-7.63834,6.2306480408,-7.30568
A71EV2A-x5289b,COc1cccc(SC(C)C)c1NC(=O)N1CCC[C@H](C(N)=O)C1 |a:19|,5.313218576201494,-7.64947,7.04929,-7.86498,7.09412,6.7794766426,-7.82037,6.2283673286,-7.21876
A71EV2A-x5317a,"CNC(=O)[C@@H](c1cccc(C)c1)N1C[C@H](C(N)=O)CC1=O |&1:4,14|",4.596879478824183,-7.52109,6.36131,-7.88277,6.44122,6.0733356476,-7.58403,6.1033082008,-7.68687
A71EV2A-x5339a,"CSc1ccc(Br)cc1CC(=O)N1C[C@H](C(N)=O)CC[C@H]1C |o1:14,20|",5.163175522827518,-7.47084,6.77166,-7.83365,6.81633,6.8214898109,-7.44072,5.61328125,-7.21777
A71EV2A-x5339b,"CSc1ccc(Br)cc1CC(=O)N1C[C@H](C(N)=O)CC[C@H]1C |o1:14,20|",5.163175522827518,-7.71317,6.70164,-7.98305,6.70645,6.7685723305,-7.42623,6.0379376411,-7.20756
A71EV2A-x5351a,NC(=O)[C@H]1CCCN(C(=O)OC2CCCCC2)C1 |a:3|,4.042264201974706,-6.94207,5.25895,-7.29064,5.26624,5.4176669121,-7.36521,5.164870739,-6.91869
A71EV2A-x5359a,C=Cc1ccccc1CS(=O)(=O)N1CCC[C@H](C(N)=O)C1 |a:16|,4.5951662833800615,-7.74071,6.11417,-8.27015,6.37122,6.2583565712,-7.88593,5.6051974297,-7.33276
A71EV2A-x5359b,C=Cc1ccccc1CS(=O)(=O)N1CCC[C@H](C(N)=O)C1 |a:16|,4.5951662833800615,-4.76381,4.45094,-4.99999,4.35336,6.3144569397,-7.87412,4.8514113426,-7.36456
A71EV2A-x5366a,"CSc1ccc(Br)cc1CC(=O)N1C[C@H](C(N)=O)CC[C@H]1C |o1:14,20|",5.163175522827518,-7.72996,6.73278,-7.92361,6.77496,6.9490199089,-7.24978,5.932144165,-7.89577
A71EV2A-x5366b,"CSc1ccc(Br)cc1CC(=O)N1C[C@H](C(N)=O)CC[C@H]1C |o1:14,20|",5.163175522827518,-7.72844,6.59204,-8.05668,6.63021,6.9792542458,-7.24024,5.866733551,-7.89689
A71EV2A-x5383a,CSc1ccccc1[C@H](NC(C)=O)C(=O)N1CC[C@H](C(N)=O)C1 |&1:8|,5.186061162833519,-8.06484,6.86612,-8.41301,6.96371,6.7814660072,-7.50011,5.8865265846,-7.4906
A71EV2A-x5387a,"CSc1ccccc1CC(=O)N1C[C@H](O)C[C@@H](C(N)=O)C1 |&1:13,16|",3.66094239119996,-8.27329,6.72229,-8.48943,6.7107,6.7489295006,-7.62122,5.8880267143,-7.25406
A71EV2A-x5387b,"CSc1ccccc1CC(=O)N1C[C@H](O)C[C@@H](C(N)=O)C1 |&1:13,16|",3.66094239119996,-7.05685,6.43436,-7.59419,6.44725,6.7384052277,-7.21434,5.8665108681,-7.25748
A71EV2A-x5389a,COc1cccc2c1N(C(=O)N1CCC[C@H](C(N)=O)C1)CCS2 |a:15|,4.29598340377612,-8.82175,6.64681,-9.16896,6.57592,6.3317751884,-8.47241,5.7465519905,-7.81534
A71EV2A-x5398a,"COC[C@@]1(C)C[C@H](C(N)=O)CN1C(=O)Cc1cc(Br)ccc1SC |&1:3,6|",5.510062512868513,-7.20311,6.87287,-8.12775,6.89375,6.8656258583,-6.91554,5.662127018,-6.66141
A71EV2A-x5403a,CSc1ccc(SC(C)(C)C)cc1CC(=O)N1CCC[C@H](C(N)=O)C1 |a:20|,5.111221489644668,-6.99381,6.28926,-7.30225,6.59968,6.5148434639,-7.02923,6.5194563866,-7.32187
A71EV2A-x5409a,NC(=O)CC1CCN(C(=O)c2cccc(F)c2)CC1,4.597746280949512,-7.44959,5.75116,-8.09722,5.97354,5.273665905,-7.82387,5.9445934296,-8.22073
A71EV2A-x5409b,NC(=O)CC1CCN(C(=O)c2cccc(F)c2)CC1,4.597746280949512,-7.81091,5.90499,-8.10708,5.97153,5.1389317513,-7.83671,5.9819159508,-8.29371
A71EV2A-x5424a,Cc1ccc(CC(=O)N2CCC[C@H](C(N)=O)C2)s1 |&1:12|,4.633044431676764,-7.26009,5.48622,-7.56144,5.69392,5.7019042969,-7.21526,5.3850235939,-6.64898
A71EV2A-x5424b,Cc1ccc(CC(=O)N2CCC[C@H](C(N)=O)C2)s1 |&1:12|,4.633044431676764,-7.08044,5.74292,-7.4083,5.81462,5.8432822227,-7.12581,5.4778442383,-6.69003
A71EV2A-x5425a,NC(=O)[C@H]1CCCN(C(=O)Cc2ccsc2)C1 |&1:3|,4.589713631215067,-6.72053,5.6159,-7.31872,5.59789,5.7839641571,-7.11946,4.9746956825,-6.56679
A71EV2A-x5425b,NC(=O)[C@H]1CCCN(C(=O)Cc2ccsc2)C1 |&1:3|,4.589713631215067,-6.31148,5.65971,-7.37602,5.70619,5.6894874573,-7.27357,4.9609999657,-6.56071
A71EV2A-x5427a,NC(=O)[C@H]1CCN(C(=O)Cc2c(Cl)cccc2Cl)C1 |&1:3|,4.7544873321858505,-7.50592,6.25434,-7.91545,6.37543,6.243396759,-7.50931,6.0105948448,-7.05948
A71EV2A-x5431a,"NC(=O)[C@H]1CCN(C(=O)[C@H]2SCCc3sccc32)C1 |&1:3,&2:9|",4.430090742898188,-7.71745,6.37122,-8.14707,6.39153,6.2594027519,-7.83203,5.3197999001,-6.99897
A71EV2A-x5431b,"NC(=O)[C@H]1CCN(C(=O)[C@H]2SCCc3sccc32)C1 |&1:3,&2:9|",4.430090742898188,-5.14849,4.92573,-5.69946,4.70611,4.4681549072,-6.18975,4.7786693573,-5.26233
A71EV2A-x5448a,N#Cc1nccc(CC(=O)N2CCC[C@H](C(N)=O)C2)n1 |a:14|,4.006352818021342,-6.34313,6.21081,-7.70816,6.12072,6.0543532372,-7.30418,5.8286571503,-7.24234
A71EV2A-x5449a,CSc1ccc(S(C)(=O)=O)cc1CC(=O)N1CCC[C@H](C(N)=O)C1 |a:19|,5.609697925694327,-7.7174,6.38146,-8.32363,6.37391,6.9222540855,-7.31151,5.8893280029,-7.54894
A71EV2A-x5449b,CSc1ccc(S(C)(=O)=O)cc1CC(=O)N1CCC[C@H](C(N)=O)C1 |a:19|,5.609697925694327,-7.82925,6.53334,-8.2137,6.54327,6.4743690491,-7.30701,5.7614426613,-7.49565
A71EV2A-x5466a,C#Cc1ccc(C)c(OC(=O)N2CCC[C@H](C(N)=O)C2)c1 |a:15|,3.896401506022064,-7.6311,5.85246,-8.2133,6.02276,6.1137218475,-7.75086,5.7074160576,-7.26355
A71EV2A-x5475a,CSc1ccc2c(c1)[C@H](C(=O)N1CCC[C@H](C(N)=O)C1)CCO2 |o1:8|,4.060454118763697,-7.87142,6.1912,-8.29406,6.22285,6.2589659691,-8.16494,5.9497737885,-7.48878
A71EV2A-x5475b,CSc1ccc2c(c1)[C@H](C(=O)N1CCC[C@H](C(N)=O)C1)CCO2 |o1:8|,4.060454118763697,-7.82299,6.30837,-8.35222,6.31928,6.3272805214,-8.35704,6.0028939247,-7.52723
A71EV2A-x5479a,Cc1ccc2cccnc2c1OC(=O)N1CCC[C@H](C(N)=O)C1 |a:18|,4.597502408486665,-8.0959,6.06448,-8.68637,6.28361,6.2275214195,-8.28781,5.6466369629,-8.423
A71EV2A-x5482a,Cc1cc2sccc2c(Cl)c1OC(=O)N1CCC[C@H](C(N)=O)C1 |a:18|,4.215114698485657,-8.41994,6.35827,-8.73207,6.46988,6.6431918144,-8.35198,5.830842495,-7.55741
A71EV2A-x5488a,"COC[C@H]1CC[C@H](C(N)=O)CN1C(=O)Cc1ccccc1SC |o1:3,6|",4.011460574435142,-7.69229,6.47352,-7.90114,6.59408,6.415661335,-7.29524,5.9642195702,-7.05309
A71EV2A-x5494a,"CSc1ccc(Br)cc1CC(=O)N1CCC[C@H](C(N)=O)[C@@H]1C |o1:16,20|",4.01122507362837,-6.92163,6.78539,-7.45227,7.04057,6.888256073,-7.56767,5.3994174004,-6.38005
A71EV2A-x5497a,CN(C)C(=O)[C@@H](c1ccccc1)N1C[C@H](C(N)=O)CC1=O |o1:14|,4.003097753980533,-7.33126,6.33016,-7.60063,6.3109,5.524204731,-7.59909,5.9702739716,-7.28863
A71EV2A-x5509a,CSc1ccc(-c2ccncc2)cc1CC(=O)N1CCC[C@H](C(N)=O)C1 |a:21|,5.983523026568097,-8.0166,7.06696,-8.58998,6.7874,6.9375476837,-8.04486,6.1465859413,-8.52647
A71EV2A-x5512a,CSc1ccc(C(=O)Nc2ccncc2)cc1CC(=O)N1CCC[C@H](C(N)=O)C1 |a:24|,6.058292496038209,-8.38089,7.16227,-8.5975,7.12436,6.9160590172,-7.84013,6.6041717529,-8.64631
A71EV2A-x5512b,CSc1ccc(C(=O)Nc2ccncc2)cc1CC(=O)N1CCC[C@H](C(N)=O)C1 |a:24|,6.058292496038209,-8.33895,7.26576,-8.62535,7.27666,7.046476841,-8.16057,6.5902695656,-8.62941
A71EV2A-x5525a,CSc1ccc(-c2cc[nH]n2)cc1CC(=O)N1CCC[C@H](C(N)=O)C1 |a:20|,5.955905430140241,-8.02282,6.79813,-8.49185,6.69608,6.9015522003,-8.46401,6.1407294273,-8.3715
A71EV2A-x5525b,CSc1ccc(-c2cc[nH]n2)cc1CC(=O)N1CCC[C@H](C(N)=O)C1 |a:20|,5.955905430140241,-8.01369,6.66838,-8.3272,6.64076,6.8615489006,-8.64565,6.124560833,-8.39938
A71EV2A-x5526a,CSc1ccc(-c2ccccc2)cc1CC(=O)N1CCC[C@H](C(N)=O)C1 |a:21|,5.7575850142068425,-7.89252,6.94987,-8.53359,6.84257,6.8892130852,-8.26865,5.654340744,-8.99592
A71EV2A-x5533a,CSc1ccc(OC2CC2)cc1NC(=O)N1CCC[C@H](C(N)=O)C1 |a:19|,4.674438823846753,-7.6217,6.73324,-7.92023,6.74252,6.486553669,-7.07502,5.2669887543,-7.44134
A71EV2A-x5544a,CSc1ncnc(-c2cn[nH]c2)c1CC(=O)N1CCC[C@H](C(N)=O)C1 |a:20|,5.579850424620521,-7.8546,6.9451,-8.15395,6.96297,6.4839820862,-7.64703,5.8826107979,-7.84409
A71EV2A-x5550a,"NC(=O)[C@H]1CCCN(C(=O)[C@H]2CC[C@H]2c2ccc(Cl)cc2)C1 |&1:10,&2:13|",4.000869458712629,-8.18245,6.6121,-8.62879,6.65167,6.6857533455,-7.71024,6.2043356895,-7.63333
A71EV2A-x5556a,"C[C@H](c1ccc(Cl)c(Br)c1)N1C[C@H](C(N)=O)CCC1=O |&1:1,&2:12|",4.041436116778033,-7.48807,6.29242,-8.55641,6.59145,6.4746575356,-8.23761,5.3532371521,-6.78401
A71EV2A-x5559a,N#Cc1ccc(Br)cc1OC(=O)N1CCC[C@H](C(N)=O)C1 |a:16|,4.421371068072836,-7.59306,6.38903,-7.97351,6.24709,5.8725447655,-7.40635,6.0152931213,-7.21205
A71EV2A-x5570a,NC(=O)[C@H]1CCN(C(=O)[C@H]2CSc3ccccc32)C1 |&1:9|,4.129009644321656,-8.30809,6.4034,-8.60233,6.36882,6.199570179,-7.91725,5.5674171448,-7.34735
A71EV2A-x5572a,Cc1ccc2ccccc2c1N1C[C@H](C(N)=O)CCC1=O |&1:13|,3.942576835487996,-7.89514,6.32173,-8.52372,6.53938,6.5574188232,-8.45373,6.0827212334,-7.51248
A71EV2A-x5581a,CSc1ncnc(SC)c1CC(=O)N1CCC[C@H](C(N)=O)C1 |a:17|,5.699017277769941,-7.35498,6.60292,-7.83752,6.68771,6.5056495667,-7.53307,5.8414187431,-6.64978
A71EV2A-x5594a,N#Cc1ccncc1OC(=O)N1CCC[C@H](C(N)=O)C1 |a:15|,4.504331180271011,-7.41332,5.97878,-7.94895,5.93117,5.8102302551,-7.91729,5.3439831734,-7.00987
A71EV2A-x5594b,N#Cc1ccncc1OC(=O)N1CCC[C@H](C(N)=O)C1 |a:15|,4.504331180271011,-6.948,6.00143,-7.81022,5.99128,5.8878703117,-7.77475,4.7593231201,-6.94633
A71EV2A-x5598a,CSc1ccc(N2CCOCC2)cc1NC(=O)N1CCC[C@H](C(N)=O)C1 |a:21|,4.924868863339022,-8.23877,7.23238,-8.78541,7.16601,7.1326889992,-7.43634,5.7119312286,-7.79715
A71EV2A-x5598b,CSc1ccc(N2CCOCC2)cc1NC(=O)N1CCC[C@H](C(N)=O)C1 |a:21|,4.924868863339022,-8.15684,7.11111,-8.41318,6.93397,6.9140791893,-7.50331,5.7501177788,-7.7916
A71EV2A-x5599a,Cc1ccc2c(c1OC(=O)N1CCC[C@H](C(N)=O)C1)CCC2 |a:14|,4.479326279665005,-8.10543,6.19318,-8.90183,6.33867,6.6216678619,-8.58165,5.8118891716,-8.36329
A71EV2A-x5599b,Cc1ccc2c(c1OC(=O)N1CCC[C@H](C(N)=O)C1)CCC2 |a:14|,4.479326279665005,-7.89621,6.22205,-8.70693,6.41621,6.7478632927,-8.30422,5.9967918396,-8.33435
A71EV2A-x5604a,CSc1ccc(-n2cccn2)cc1CC(=O)N1CCC[C@H](C(N)=O)C1 |a:20|,6.017614181634599,-7.93981,6.8165,-8.66409,6.65014,6.6660609245,-8.19891,6.486436367,-7.73963
A71EV2A-x5608a,NC(=O)[C@H]1CCC(=O)N(Cc2ccsc2)C1 |&1:3|,3.774068781319247,-6.39914,5.34499,-7.29887,5.53241,5.4339785576,-6.99504,5.2048220634,-6.21431
A71EV2A-x5608b,NC(=O)[C@H]1CCC(=O)N(Cc2ccsc2)C1 |&1:3|,3.774068781319247,-6.40938,5.57538,-7.35692,5.61342,5.6400914192,-7.29341,5.1994929314,-6.19159
A71EV2A-x5635a,NC(=O)[C@H]1CCC(=O)N(Cc2cc(F)cnc2C(F)(F)F)C1 |&1:3|,4.315546325758652,-8.04339,6.48671,-8.46744,6.49106,6.4401345253,-8.20174,6.0424580574,-7.50813
A71EV2A-x5635b,NC(=O)[C@H]1CCC(=O)N(Cc2cc(F)cnc2C(F)(F)F)C1 |&1:3|,4.315546325758652,-7.74219,6.38527,-8.21539,6.37392,6.4361948967,-7.96652,6.1232476234,-7.51969
A71EV2A-x5665a,"NC(=O)[C@H]1CCC(=O)N([C@H](CC(F)(F)F)c2cc(Cl)cc(Cl)c2)C1 |&1:3,&2:9|",4.327996747928408,-8.08779,6.64671,-8.52131,6.89675,6.7129349709,-7.87574,6.7487487793,-7.77368
A71EV2A-x5666a,CSc1ncnc(N2CCc3ccsc3C2)c1CC(=O)N1CCC[C@H](C(N)=O)C1 |a:24|,5.794648268341138,-8.35081,7.2329,-8.83027,7.14785,7.0343995094,-7.94908,6.2258944511,-7.67922
A71EV2A-x5673a,"C[C@H](c1cccc(Cl)c1F)N1C[C@H](C(N)=O)CCC1=O |&1:1,&2:12|",4.632644078973981,-7.33315,6.25285,-8.31988,6.41658,6.3823504448,-8.39112,5.8944149017,-7.7383
A71EV2A-x5676a,"CC[C@H](c1ccc(Cl)c(Cl)c1)N1C[C@H](C(N)=O)CCC1=O |&1:2,&2:13|",4.012372581165862,-6.71358,6.47336,-8.27795,6.81175,6.6773757935,-8.12314,6.0660877228,-6.98021
A71EV2A-x5687a,CSc1cccc2c1[C@H](C(=O)N1CCC[C@H](C(N)=O)C1)CC2 |o1:8|,6.105065909655473,-7.94342,6.71801,-8.16526,6.64696,6.1557393074,-7.40756,6.0744080544,-7.53439
A71EV2A-x5699a,"CC[C@H](c1cc(F)cc(Br)c1)N1C[C@H](C(N)=O)CCC1=O |&1:2,&2:13|",4.7121982700697735,-7.41401,6.40531,-7.95167,6.50877,6.4216313362,-8.42571,6.3525314331,-7.56841
A71EV2A-x5705a,NC(=O)[C@H]1CCN(C(=O)[C@H]2CCCN2C(=O)c2cccs2)C1 |&1:9|,5.012334272309165,-7.94447,6.7346,-8.71801,6.74055,6.4828190804,-7.29899,5.433719635,-7.38539
A71EV2A-x5705b,NC(=O)[C@H]1CCN(C(=O)[C@H]2CCCN2C(=O)c2cccs2)C1 |&1:9|,5.012334272309165,-7.68836,6.6623,-8.21318,6.62032,6.2280182838,-7.54825,6.0471763611,-7.2591
A71EV2A-x5721a,Cn1ncc2ccc(CN3C[C@H](C(N)=O)CC(C)(C)C3=O)cc21 |&1:11|,4.005682847330363,-6.59203,6.60295,-8.92805,6.60921,6.6396832466,-8.78812,4.075150013,-6.79041
A71EV2A-x5721b,Cn1ncc2ccc(CN3C[C@H](C(N)=O)CC(C)(C)C3=O)cc21 |&1:11|,4.005682847330363,-7.07066,6.63954,-9.0914,6.72629,6.6787457466,-8.83597,5.2410950661,-6.82228
A71EV2A-x5728a,NC(=O)[C@H]1CCN(C(=O)[C@H]2CCOc3ccc(Cl)cc32)C1 |&1:9|,4.437172628708407,-8.55288,6.4174,-8.82108,6.43696,6.2292861938,-8.29462,5.802298069,-7.84406
A71EV2A-x5744a,"C[C@H](c1ccc2[nH]ncc2c1)N1C[C@H](C(N)=O)CCC1=O |&1:1,&2:13|",4.180071698767357,-8.55276,6.45958,-9.24559,6.67846,6.5226225853,-8.8221,5.3860487938,-7.69223
A71EV2A-x5747a,"C#C[C@H]1CCCC[C@@H]1OC(=O)N1CCC[C@H](C(N)=O)C1 |o1:2,7|",4.011869615687259,-6.8087,5.63351,-7.55419,5.59633,5.6047224998,-7.4681,5.7504901886,-7.07661
A71EV2A-x5758a,"CSc1ccc(Br)cc1CC(=O)N1[C@H]2CC[C@H](C(N)=O)[C@@H]1CC2 |o1:13,16,20|",4.022734028686543,-7.68431,6.83094,-8.18473,6.81906,6.6602058411,-7.06788,4.6330227852,-6.87635
A71EV2A-x5758b,"CSc1ccc(Br)cc1CC(=O)N1[C@H]2CC[C@H](C(N)=O)[C@@H]1CC2 |o1:13,16,20|",4.022734028686543,-8.34497,6.75543,-8.51735,6.76526,6.5854129791,-7.73716,4.5702300072,-6.61106
A71EV2A-x5766a,"C[C@H]1CC(=O)N(Cc2ccc3cnn(C)c3c2)C[C@H]1C(N)=O |o1:1,18|",4.207870191519494,-7.51842,6.27706,-8.50197,6.35642,6.2130589485,-8.43263,5.0486760139,-6.33301
A71EV2A-x5777a,"C[C@H]1CC(=O)N(Cc2ccc3cnn(C)c3c2)C[C@@H]1C(N)=O |o1:1,18|",4.76433957251824,-7.79057,6.43364,-8.92458,6.46709,6.5028324127,-8.55892,3.652620554,-6.33144
A71EV2A-x5777b,"C[C@H]1CC(=O)N(Cc2ccc3cnn(C)c3c2)C[C@@H]1C(N)=O |o1:1,18|",4.76433957251824,-7.48321,6.4071,-8.75252,6.3747,6.4804263115,-8.37816,4.3963608742,-6.32742
A71EV2A-x5779a,NC(=O)[C@H]1CCN(C(=O)Cn2cc(Br)cc(Cl)c2=O)C1 |a:3|,4.024899837282849,-6.2803,6.38506,-7.96106,6.60888,6.1162323952,-7.38299,5.7595572472,-7.0111
A71EV2A-x5788a,CSc1cccc(-n2ccnc2)c1CC(=O)N1CCC[C@H](C(N)=O)C1 |a:20|,5.508866053332301,-7.43729,6.76147,-7.84072,6.89678,5.9733581543,-7.23459,6.0473647118,-7.34548
A71EV2A-x5798a,"NC(=O)[C@H]1C[C@H]2C[C@H]2N(C(=O)Cc2ccccc2Cl)C1 |&1:3,5,7|",4.476253533188435,-8.37823,6.347,-8.81647,6.48101,6.5357012749,-7.99403,6.2898273468,-6.49932
A71EV2A-x5798b,"NC(=O)[C@H]1C[C@H]2C[C@H]2N(C(=O)Cc2ccccc2Cl)C1 |&1:3,5,7|",4.476253533188435,-8.17568,6.25098,-8.66993,6.3843,6.4455647469,-8.0108,5.5197768211,-7.5714
A71EV2A-x5802a,"NC(=O)[C@H]1C[C@@H]2C[C@@H]2N(C(=O)Cc2ccccc2Cl)C1 |&1:3,5,7|",4.5796822958876815,-8.21611,6.27075,-8.85091,6.41268,6.2972302437,-8.53919,6.2788262367,-7.69882
A71EV2A-x5802b,"NC(=O)[C@H]1C[C@@H]2C[C@@H]2N(C(=O)Cc2ccccc2Cl)C1 |&1:3,5,7|",4.5796822958876815,-8.10303,6.25733,-8.76111,6.40414,6.3668961525,-8.43338,6.512216568,-7.76686
A71EV2A-x5808a,CSc1ncnc(N2CC(c3nncn3C)C2)c1CC(=O)N1CCC[C@H](C(N)=O)C1 |a:25|,6.326170396191348,-8.05332,7.06642,-8.76922,7.28263,6.6113638878,-8.78998,6.924331665,-7.87771
A71EV2A-x5808b,CSc1ncnc(N2CC(c3nncn3C)C2)c1CC(=O)N1CCC[C@H](C(N)=O)C1 |a:25|,6.326170396191348,-7.91476,7.06428,-8.56532,7.22037,7.203315258,-8.64886,6.031496048,-7.91981
A71EV2A-x5819a,"CSc1ccc(Br)cc1OC(=O)N1C[C@H](C(N)=O)CC[C@@H]1C |o1:14,20|",4.757850080326607,-7.46486,6.33832,-7.9584,6.37106,6.3049373627,-8.00151,5.9043445587,-7.13744
A71EV2A-x5819b,"CSc1ccc(Br)cc1OC(=O)N1C[C@H](C(N)=O)CC[C@@H]1C |o1:14,20|",4.757850080326607,-7.69474,6.34845,-8.04637,6.38693,6.3120856285,-8.06687,5.8861918449,-7.17645
A71EV2A-x5824a,NC(=O)[C@H]1CCN(C(=O)Cn2c(=O)sc3ccc(Cl)cc32)C1 |a:3|,4.001740661576301,-7.8074,6.63542,-8.41782,6.6608,6.6244087219,-7.78116,6.0808634758,-7.93094
A71EV2A-x5824b,NC(=O)[C@H]1CCN(C(=O)Cn2c(=O)sc3ccc(Cl)cc32)C1 |a:3|,4.001740661576301,-7.55319,6.70741,-8.18364,6.68797,6.5895180702,-7.5462,6.2441043854,-7.92967
A71EV2A-x5830a,"CSc1ccc(Br)cc1OC(=O)N1C[C@H](C(N)=O)C[C@@H]2C[C@@H]21 |&1:14,19,21|",6.134970625328986,-8.16117,6.42417,-8.42841,6.42504,6.3914394379,-8.39455,4.830728054,-6.70548
A71EV2A-x5833a,CSc1ccc(-n2ccnc2)cc1CC(=O)N1CCC[C@H](C(N)=O)C1 |a:20|,5.816743356703912,-7.60342,6.5731,-8.39627,6.53964,6.2661933899,-7.85652,5.1046714783,-7.15416
A71EV2A-x5836a,"CSc1ccc(-c2cn[nH]c2)cc1CC(=O)N1C[C@H](C(N)=O)C[C@H]2C[C@H]21 |&1:18,23,25|",6.438312682607372,-8.10555,6.84293,-8.80887,6.91769,6.7620472908,-8.40389,7.0229225159,-7.85328
A71EV2A-x5850a,CSc1cccc2c1[C@H](C(=O)N1CCC[C@H](C(N)=O)C1)CCC2 |o1:8|,4.913179132164633,-8.51019,6.99636,-8.58289,6.9606,6.2962050438,-7.64614,6.2757492065,-7.60425
A71EV2A-x5854a,"CSc1ccc2ncccc2c1NC(=O)N1C[C@H](C(N)=O)C[C@H]2C[C@H]21 |&1:17,22,24|",6.155618588158782,-9.01415,7.17412,-9.30819,7.18121,7.2106938362,-9.11445,4.9830584526,-6.88134
A71EV2A-x5857a,CSc1cccc(-c2ccc(C(F)(F)F)o2)c1CC(=O)N1CCC[C@H](C(N)=O)C1 |a:24|,5.785803993839482,-7.55646,6.86639,-8.4902,7.27122,7.3950500488,-7.95375,6.5105500221,-8.15993
A71EV2A-x5864a,CSc1ccc(-c2csc(C(F)F)c2)cc1CC(=O)N1CCC[C@H](C(N)=O)C1 |a:23|,6.104588372500485,-7.72118,7.23127,-8.40476,7.17095,6.978823185,-8.0435,6.1005759239,-8.28067
A71EV2A-x5868a,"CC(C)[C@H](c1cc(Cl)cc(Br)c1)N1C[C@H](C(N)=O)CCC1=O |&1:3,&2:14|",4.564352412519983,-6.69367,6.59465,-8.44779,6.99009,6.8804144859,-8.4882,6.7682089806,-8.02257
A71EV2A-x5877a,COc1ncc(-c2ccc(SC)c(CC(=O)N3CCC[C@H](C(N)=O)C3)c2)cc1C#N |a:20|,5.612933991649193,-7.9764,7.40492,-8.28458,7.37428,7.2404785156,-7.96896,6.1193709373,-8.0469
A71EV2A-x5879a,CSc1ccc(-c2cc(C)c(=O)n(C)c2)cc1CC(=O)N1CCC[C@H](C(N)=O)C1 |a:24|,6.031014087429405,-8.51349,7.24165,-9.09126,7.25671,6.5749969482,-8.05376,6.1438179016,-8.36265
A71EV2A-x5879b,CSc1ccc(-c2cc(C)c(=O)n(C)c2)cc1CC(=O)N1CCC[C@H](C(N)=O)C1 |a:24|,6.031014087429405,-7.94748,6.93649,-8.22062,6.90248,6.445476532,-8.06078,6.2395920753,-8.33477
A71EV2A-x5884a,CSc1cccc(-c2ccc(C(F)(F)F)cc2C#N)c1CC(=O)N1CCC[C@H](C(N)=O)C1 |a:27|,5.656918950334414,-7.59444,7.24483,-8.19656,7.30111,7.010207653,-8.62647,6.1799492836,-8.03196
A71EV2A-x5891a,CSc1ccc(Br)cc1[C@H](NC(=O)OC(C)(C)C)C(=O)N1CC[C@H](C(N)=O)C1 |&1:9|,4.616253373468555,-6.82152,7.43098,-7.80865,7.53467,6.9639830589,-7.20314,5.2727775574,-7.07281
A71EV2A-x5992a,"CSc1ccccc1CC(=O)N1C[C@H](C(N)=O)CC[C@H]1CO |o1:13,19|",4.599655204790009,-7.71809,6.61344,-8.32889,6.75171,6.5122094154,-7.17034,6.0878367424,-7.34896
A71EV2A-x5992b,"CSc1ccccc1CC(=O)N1C[C@H](C(N)=O)CC[C@H]1CO |o1:13,19|",4.599655204790009,-7.92772,6.62197,-8.5045,6.74669,6.6391792297,-7.49981,6.0665478706,-7.30567
A71EV2A-x5995a,CSc1cccc2c1[C@H](C(=O)N1CCC[C@H](C(N)=O)C1)CCC2 |o1:8|,4.913179132164633,-8.38587,6.88332,-8.73592,6.90564,6.6954860687,-7.95276,6.9029006958,-7.32316
A71EV2A-x5995b,CSc1cccc2c1[C@H](C(=O)N1CCC[C@H](C(N)=O)C1)CCC2 |o1:8|,4.913179132164633,-8.404,6.93503,-8.7434,7.00702,6.5758538246,-8.20867,6.7772655487,-7.33184
A71EV2A-x6021a,CNc1ncnc(SC)c1CC(=O)N1CCC[C@H](C(N)=O)C1 |a:17|,5.471985787685622,-7.66479,6.47162,-8.28258,6.68984,6.4074110985,-7.18328,5.9643135071,-6.91324
A71EV2A-x6025a,CSc1ccc(-c2cccc3cnn(C)c23)cc1CC(=O)N1CCC[C@H](C(N)=O)C1 |a:25|,4.852511447271943,-9.15618,7.46574,-9.4147,7.39592,7.0705180168,-8.34533,6.8798294067,-8.78148
A71EV2A-x6027a,C=C(C)c1cccc(SC)c1CC(=O)N1CCC[C@H](C(N)=O)C1 |a:18|,5.435913722030655,-7.69913,6.90922,-7.96922,6.90418,6.681830883,-7.66517,6.0408167839,-7.31845
A71EV2A-x6028a,CSc1cccc(-c2cn(C)c(=O)c3ccccc23)c1CC(=O)N1CCC[C@H](C(N)=O)C1 |a:27|,6.086272291520818,-9.29626,7.31706,-9.37977,7.41201,7.254322052,-8.93478,6.8918671608,-8.27031
A71EV2A-x6032a,CSc1ccc(-c2cncc(C)c2C)cc1CC(=O)N1CCC[C@H](C(N)=O)C1 |a:23|,5.401951923140469,-8.92512,7.34475,-9.23406,7.31781,7.1685137749,-8.06842,6.9025840759,-8.62855
A71EV2A-x6035a,CSc1ccc(-c2cncc3ccccc23)cc1CC(=O)N1CCC[C@H](C(N)=O)C1 |a:25|,5.484126156288321,-9.08614,7.36611,-9.43613,7.3654,7.109597683,-9.04531,6.4208197594,-9.36758
A71EV2A-x6714a,NC(=O)[C@H]1CCC(=O)N(c2cc3cnccc3c(F)c2F)C1 |&1:3|,4.801706220928761,-8.6231,6.50137,-9.38625,6.54896,6.4845657349,-9.35157,6.1448512077,-8.15689
A71EV2A-x6726a,CSc1ccccc1[C@H](NC(=O)CC1CC1)C(=O)N1CC[C@H](C(N)=O)C1 |&1:8|,4.287343084176254,-7.06716,7.06598,-7.71683,7.11973,7.0255427361,-7.35007,5.8802075386,-7.26434
A71EV2A-x6730a,"Cc1sc([C@H](C)N2C[C@H](C(N)=O)CCC2=O)nc1-c1ccco1 |&1:4,&2:8|",4.604279969816917,-8.22349,6.53453,-8.73774,6.48235,6.5707240105,-8.32471,5.9379906654,-8.37528
A71EV2A-x6736a,COc1ncccc1-c1ccc(SC)c(CC(=O)N2CCC[C@H](C(N)=O)C2)c1 |a:22|,5.926316446103106,-8.35409,7.17917,-8.78187,7.11169,6.2215132713,-7.6864,6.4689121246,-8.40004
A71EV2A-x6738a,CCC1(CC)CCN(c2ncnc(SC)c2CC(=O)N2CCC[C@H](C(N)=O)C2)C1 |a:23|,6.266038858073333,-7.50148,7.13235,-8.0377,7.17863,7.0984635353,-7.80697,6.5057835579,-7.5072
A71EV2A-x6739a,CSc1ccc(C(=O)N2Cc3nccc(C)c3C2)cc1CC(=O)N1CCC[C@H](C(N)=O)C1 |a:27|,5.732131922180389,-9.40973,7.55451,-9.7629,7.60055,7.083594799,-9.116,6.9974522591,-8.77526
A71EV2A-x6746a,"CSc1ccc(-c2ccncc2)cc1NC(=O)N1C[C@H](C(N)=O)C[C@H]2C[C@H]21 |&1:19,24,26|",5.742028204896328,-9.22696,7.43488,-9.4928,7.36033,7.4671607018,-9.37168,5.503888607,-7.12496
A71EV2A-x6769a,CSc1ccc(-c2cc(C#N)ncc2F)cc1CC(=O)N1CCC[C@H](C(N)=O)C1 |a:24|,5.682717212000788,-8.50466,7.3044,-8.79972,7.30652,7.2305431366,-8.18305,6.4211096764,-8.18724
A71EV2A-x6778a,CSc1ccc(-c2cccnc2C(C)C)cc1CC(=O)N1CCC[C@H](C(N)=O)C1 |a:24|,5.633026106559719,-8.69309,7.50387,-9.14955,7.56731,5.590593338,-8.01319,6.4913158417,-8.84512
A71EV2A-x6791a,CSc1ccc(-c2ccnc(N(C)C)c2)cc1CC(=O)N1CCC[C@H](C(N)=O)C1 |a:24|,6.212710086334884,-8.41606,7.41622,-8.79441,7.39447,7.2949886322,-8.39669,6.9412388802,-8.82178
A71EV2A-x6794a,CSc1cccc(-c2sccc2C2CC2)c1CC(=O)N1CCC[C@H](C(N)=O)C1 |a:23|,5.508648103412354,-7.57705,7.28639,-8.19694,7.42973,7.2158679962,-7.80412,6.8391060829,-7.1659
A71EV2A-x6802a,CSc1ncnc(N2CCN(c3ccccn3)CC2)c1CC(=O)N1CCC[C@H](C(N)=O)C1 |a:27|,6.486226948852135,-8.13433,7.22207,-8.70822,7.28653,7.2789006233,-8.57957,6.7748436928,-7.97082
A71EV2A-x6808a,CSc1ncnc(N2Cc3ccccc3C2)c1CC(=O)N1CCC[C@H](C(N)=O)C1 |a:24|,6.006913143117045,-8.3503,7.01294,-8.96779,7.07811,6.9193797112,-8.60143,6.241985321,-8.56981
A71EV2A-x6816a,CSc1ccccc1[C@H](NC(=O)Cn1cccn1)C(=O)N1CC[C@H](C(N)=O)C1 |&1:8|,4.730497044785864,-7.93281,7.33849,-8.33281,7.32473,7.4465923309,-7.84787,6.826613903,-7.28595
A71EV2A-x6816b,CSc1ccccc1[C@H](NC(=O)Cn1cccn1)C(=O)N1CC[C@H](C(N)=O)C1 |&1:8|,4.730497044785864,-7.61232,7.32509,-8.05348,7.29407,7.3264350891,-7.67982,6.9959521294,-7.30057
A71EV2A-x6818a,CSc1ccccc1[C@H](NC(=O)CC(F)(F)F)C(=O)N1CC[C@H](C(N)=O)C1 |&1:8|,4.15694990903351,-7.83691,7.16841,-8.3065,7.08263,6.5383858681,-7.55411,5.8667087555,-7.37663
A71EV2A-x6819a,CSc1ccccc1[C@H](NC(=O)Cc1ccccc1)C(=O)N1CC[C@H](C(N)=O)C1 |&1:8|,4.505347154054938,-8.42729,7.28785,-8.60188,7.15972,7.3187294006,-8.1758,6.6559233665,-7.4034
A71EV2A-x6821a,CSc1ccccc1[C@H](NC(=O)CNC(C)=O)C(=O)N1CC[C@H](C(N)=O)C1 |&1:8|,5.199617314652804,-7.8425,7.2574,-8.31194,7.24332,6.4692463875,-7.63748,5.9010410309,-7.1651
A71EV2A-x6827a,CSc1ccc(C2=CCNCC2)cc1CC(=O)N1CCC[C@H](C(N)=O)C1 |a:21|,6.359785941635829,-8.09599,7.15137,-8.58833,7.13956,6.9639420509,-8.34536,5.732984066,-8.39542
A71EV2A-x6832a,CSc1ncnc(N2CCC[C@H]2C(N)=O)c1CC(=O)N1CCC[C@H](C(N)=O)C1 |&1:11|,7.714442690992226,-7.76145,7.01173,-8.47796,7.01196,7.216486454,-7.91009,5.5677733421,-7.6788
A71EV2A-x6838a,"CSc1ncnc(N2CCCC2)c1CC(=O)N1C[C@H](C(N)=O)C[C@H]2C[C@H]21 |&1:18,23,25|",6.5697284843589205,-8.54771,6.99058,-9.0363,7.13725,7.140894413,-8.31295,7.0842022896,-6.39562
A71EV2A-x6844a,CCOC(=O)N[C@H](C(=O)N1CC[C@H](C(N)=O)C1)c1ccccc1SC |o1:6|,4.606251898190906,-7.48771,6.6158,-7.8342,6.65768,6.2087745667,-7.50857,5.6039881706,-7.04893
A71EV2A-x6847a,CSc1ccccc1[C@H](NC(=O)OC(C)(C)C)C(=O)N1CC[C@H](C(N)=O)C1 |o1:8|,4.621638788259481,-7.47092,7.13112,-7.65399,7.12079,7.1582245827,-7.84374,6.1574320793,-7.15151
A71EV2A-x6851a,CSc1ccccc1[C@H](NC(=O)OC(C)(C)C)C(=O)N1CC[C@H](C(N)=O)C1 |o1:8|,4.621638788259481,-7.25541,6.88958,-8.0151,6.75603,7.075489521,-7.33595,6.7036499977,-6.9863
A71EV2A-x6853a,CCC(=O)N[C@H](C(=O)N1CC[C@H](C(N)=O)C1)c1ccccc1SC |&1:5|,4.556507378095548,-8.11243,7.09947,-8.34281,6.99623,6.8656497002,-7.50368,6.4387860298,-7.17163
A71EV2A-x6856a,CSc1ccccc1[C@H](NC(=O)Cc1cccnc1)C(=O)N1CC[C@H](C(N)=O)C1 |&1:8|,4.6077519100900055,-8.33208,7.33538,-9.05254,7.32114,6.8254566193,-7.91777,6.764775753,-7.50762
A71EV2A-x6877a,"CSc1ccc2ncccc2c1NC(=O)N1C[C@H](C(N)=O)C[C@@H]2C[C@@H]21 |o1:17,22,24|",5.669481598088156,-8.76972,6.87183,-9.30786,7.06169,6.577149868,-8.57736,4.9597206116,-6.88798
A71EV2A-x6895a,CSc1ncnc(N2CC(CC3CCC3)C2)c1CC(=O)N1CCC[C@H](C(N)=O)C1 |a:24|,5.692662147010851,-7.51068,7.17087,-8.44444,7.03249,6.9395661354,-8.3663,6.1945462227,-8.45449
A71EV2A-x6914a,CSc1ncnc(N(C)Cc2nn(C)cc2Cl)c1CC(=O)N1CCC[C@H](C(N)=O)C1 |a:25|,7.150528408418002,-7.69972,7.32703,-8.40286,7.35325,7.3782639503,-7.91404,6.5013413429,-7.5299
A71EV2A-x6920a,CSc1ncnc(N2CC(C)C2)c1CC(=O)N1CCC[C@H](C(N)=O)C1 |a:20|,6.526908295764941,-7.83106,6.75727,-8.45208,6.95443,6.6100392342,-7.34307,6.408305645,-7.57488
A71EV2A-x6925a,CSc1ccc(-c2cnnn2C)cc1CC(=O)N1CCC[C@H](C(N)=O)C1 |a:21|,5.437915347454481,-8.40265,7.16378,-8.88735,6.95796,6.6910462379,-7.98418,6.3991703987,-8.09214
A71EV2A-x6932a,"CSc1ccc(Br)cc1OC(=O)N1C[C@H](C(N)=O)C[C@H]2C[C@H]21 |&1:14,19,21|",6.442779415416162,-8.04344,6.55617,-8.43801,6.56741,6.2174377441,-7.85495,5.2373957634,-6.77586
A71EV2A-x6934a,CSc1ccccc1[C@H](NC(=O)C1CC1)C(=O)N1CC[C@H](C(N)=O)C1 |&1:8|,4.612020519224207,-7.97201,7.09701,-8.20988,7.1724,7.0563430786,-7.33091,5.6678090096,-7.00328
A71EV2A-x6938a,CSc1cccc(C2=CCCCC2)c1CC(=O)N1CCC[C@H](C(N)=O)C1 |a:21|,5.358458624958955,-7.95699,6.96333,-8.24102,7.1054,6.836933136,-8.22644,6.414504528,-8.19266
A71EV2A-x6945a,CCn1nccc1C(=O)N[C@H](C(=O)N1CC[C@H](C(N)=O)C1)c1ccccc1SC |&1:10|,4.197688573451602,-8.10546,7.55012,-8.6076,7.58696,7.2770485878,-8.16041,6.9029593468,-7.36961
A71EV2A-x6948a,CSc1ccc(-c2cncc(S(C)(=O)=O)c2)cc1CC(=O)N1CCC[C@H](C(N)=O)C1 |a:25|,5.687762124194347,-8.43339,7.45247,-8.90706,7.42252,7.3981890678,-8.48462,6.1930060387,-8.69344
A71EV2A-x6948b,CSc1ccc(-c2cncc(S(C)(=O)=O)c2)cc1CC(=O)N1CCC[C@H](C(N)=O)C1 |a:25|,5.687762124194347,-8.53868,7.2439,-8.9702,7.31949,7.1885352135,-8.47674,5.6063246727,-8.66682
A71EV2A-x6955a,CSc1cccc(-c2cc(C(F)(F)F)nn2C)c1CC(=O)N1CCC[C@H](C(N)=O)C1 |a:25|,5.150667872559956,-7.59992,7.13511,-8.16589,7.35177,6.8107528687,-8.09209,6.918533802,-8.24446
A71EV2A-x6955b,CSc1cccc(-c2cc(C(F)(F)F)nn2C)c1CC(=O)N1CCC[C@H](C(N)=O)C1 |a:25|,5.150667872559956,-7.78739,7.15881,-8.38714,7.34662,5.8028187752,-8.26449,7.1033401489,-8.30661
A71EV2A-x6980a,"CSc1ccc2ncccc2c1NC(=O)N1C[C@H](C(N)=O)C[C@@H]2C[C@@H]21 |o1:17,22,24|",5.669481598088156,-8.46424,7.02187,-8.75366,6.9769,4.9342331886,-8.14728,4.9256825447,-6.39908
A71EV2A-x6991a,CSc1ccccc1[C@H](NC(=O)C1(C)CCC1)C(=O)N1CC[C@H](C(N)=O)C1 |&1:8|,4.6108664765966765,-8.05651,7.20364,-8.5115,7.16784,7.3174057007,-8.03247,4.7909340858,-7.42424
A71EV2A-x7021a,"CSc1ccc(C2=CCOCC2)cc1OC(=O)N1C[C@H](C(N)=O)C[C@H]2C[C@H]21 |&1:19,24,26|",6.278226151900541,-8.30421,6.72875,-8.90084,6.70279,6.7301864624,-8.92927,6.4707489014,-8.46454
A71EV2A-x7002a,"CSc1ccc(-c2cnco2)cc1OC(=O)N1C[C@H](C(N)=O)C[C@H]2C[C@H]21 |&1:18,23,25|",6.622961397710664,-7.83896,6.75885,-8.76984,6.7336,6.4100689888,-8.04969,5.916973114,-8.07223
A71EV2A-x7008a,CSc1ncnc(N2CCC(N(C)S(C)(=O)=O)CC2)c1CC(=O)N1CCC[C@H](C(N)=O)C1 |a:27|,6.512183700381108,-7.43771,7.35002,-8.00521,7.24147,7.1230187416,-7.57016,5.9495220184,-7.41623
A71EV2A-x7011a,"CC[C@H]1CCCN1c1ncnc(SC)c1CC(=O)N1CCC[C@H](C(N)=O)C1 |a:2,22|",7.302627133357621,-7.80996,7.15659,-8.32959,6.9997,7.1030845642,-7.54126,6.3692603111,-7.52105
A71EV2A-x7015a,CSc1ncnc(N2CCc3ccccc3CC2)c1CC(=O)N1CCC[C@H](C(N)=O)C1 |a:26|,6.483018872150272,-8.63696,7.05009,-9.34516,7.38027,7.2347931862,-8.08908,6.477350235,-8.14049
A71EV2A-x7018a,COC(=O)N1CCCN(c2ncnc(SC)c2CC(=O)N2CCC[C@H](C(N)=O)C2)CC1 |a:24|,5.745487997043694,-8.64704,7.3864,-9.24698,7.31493,7.1250052452,-7.9927,6.5154309273,-7.99728
A71EV2A-x7024a,CSc1ncnc(N2CCC3(CCCC3)C2)c1CC(=O)N1CCC[C@H](C(N)=O)C1 |a:24|,6.462158164196289,-8.24313,7.21951,-8.70251,7.18918,6.7733454704,-8.42144,6.7395057678,-8.45607
A71EV2A-x7025a,"CSc1ncnc(N2CC[C@@H](OC(F)F)C2)c1CC(=O)N1CCC[C@H](C(N)=O)C1 |a:10,24|",6.048106607275539,-7.36823,6.91068,-7.91745,7.02349,6.8881134987,-7.61259,6.1843905449,-8.04782
A71EV2A-x7026a,"CSc1ncnc(N2CC[C@H](C)C2)c1CC(=O)N1CCC[C@H](C(N)=O)C1 |a:10,21|",6.293489458676176,-8.05716,6.88194,-8.48784,6.90278,7.052216053,-7.95148,6.1793632507,-7.50565
A71EV2A-x7026b,"CSc1ncnc(N2CC[C@H](C)C2)c1CC(=O)N1CCC[C@H](C(N)=O)C1 |a:10,21|",6.293489458676176,-8.06774,6.91682,-8.57509,6.96014,6.9487571716,-7.96497,6.2536773682,-7.466
A71EV2A-x7031a,"CSc1ncnc(N2CC[C@H](OC(F)F)C2)c1CC(=O)N1CCC[C@H](C(N)=O)C1 |a:10,24|",6.925751444530095,-7.69225,7.09631,-8.34042,7.0348,6.9625878334,-7.94528,5.9642829895,-7.93396
A71EV2A-x7032a,"CSc1ccc(-c2cccnc2)cc1OC(=O)N1C[C@H](C(N)=O)C[C@@H]2C[C@@H]21 |&1:19,24,26|",6.025403843721281,-8.13386,6.76191,-8.88055,6.67727,6.6300029755,-8.53226,6.352408886,-7.85746
A71EV2A-x7035a,CSc1ccccc1[C@H](NC(=O)C(C)C)C(=O)N1CC[C@H](C(N)=O)C1 |&1:8|,4.616633749466019,-7.75352,6.99964,-8.45505,6.98929,6.991209507,-7.7601,5.56498909,-6.73005
A71EV2A-x7038a,CSc1ccccc1[C@H](C(=O)N1CC[C@H](C(N)=O)C1)N1CCCC1=O |o1:8|,7.194299872872455,-8.34984,7.30546,-8.66058,7.15855,7.2057232857,-8.05619,6.4556946754,-7.07919
A71EV2A-x7043a,CSc1ncnc(N2CCn3nc4c(c3C2)CCC4)c1CC(=O)N1CCC[C@H](C(N)=O)C1 |a:27|,5.601864484742403,-8.35838,7.34134,-9.34922,7.5078,7.0027937889,-8.49884,6.5444273949,-8.30946
A71EV2A-x7043b,CSc1ncnc(N2CCn3nc4c(c3C2)CCC4)c1CC(=O)N1CCC[C@H](C(N)=O)C1 |a:27|,5.601864484742403,-8.04095,7.26754,-9.26302,7.36777,6.6380524635,-8.50414,6.7142891884,-7.81364
A71EV2A-x7044a,"CSc1ccc(-c2ccnn2C2CCC2)cc1OC(=O)N1C[C@H](C(N)=O)C[C@H]2C[C@H]21 |&1:22,27,29|",6.6437811411974925,-8.18751,7.32542,-9.01031,7.29717,6.9967689514,-7.97786,6.6646227837,-8.20248
A71EV2A-x7046a,"CSc1ccc(C2=CCN(C)CC2)cc1OC(=O)N1C[C@H](C(N)=O)C[C@@H]2C[C@@H]21 |&1:20,25,27|",6.4554495427646055,-8.18024,7.0845,-8.8425,6.95635,6.4727320671,-8.19091,5.983027935,-8.5789
A71EV2A-x7056a,CSc1ncnc(N2CCC3(CCC3)C2)c1CC(=O)N1CCC[C@H](C(N)=O)C1 |a:23|,6.131209779277596,-7.99145,7.11376,-8.70974,7.10108,7.0218634605,-7.90457,6.7738528252,-7.60786
A71EV2A-x7070a,"CSc1ccc(-c2cccnc2)cc1OC(=O)N1C[C@H](C(N)=O)C[C@H]2C[C@H]21 |&1:19,24,26|",6.615017621163278,-8.5418,6.82505,-9.15716,6.75672,6.8543763161,-9.02185,6.506289959,-8.11877
A71EV2A-x7093a,"CSc1ncnc(N2CC[C@H](SC)C2)c1CC(=O)N1CCC[C@H](C(N)=O)C1 |a:10,22|",6.9071041930964325,-7.77088,7.12356,-8.32057,7.1419,7.1000790596,-7.17817,6.4649887085,-7.32831
A71EV2A-x7095a,CSc1ncnc(N2CC(Oc3ccccc3Cl)C2)c1CC(=O)N1CCC[C@H](C(N)=O)C1 |a:27|,6.078663358532402,-7.95123,7.44346,-8.96267,7.52032,7.4700188637,-8.58368,6.7400727272,-8.90545
A71EV2A-x7096a,CSc1ncnc(N2CCC(C(=O)N(C(C)C)C(C)C)CC2)c1CC(=O)N1CCC[C@H](C(N)=O)C1 |a:30|,6.225268032740376,-7.52866,7.377,-8.17378,7.43095,7.4076213837,-7.63165,6.7594070435,-7.82198
A71EV2A-x7101a,CSc1ncnc(N2CCC3(CCCCC3)C2)c1CC(=O)N1CCC[C@H](C(N)=O)C1 |a:25|,6.388555177157266,-8.02216,7.12602,-8.8685,7.28489,7.3170247078,-8.88776,6.5741119385,-8.76592
A71EV2A-x7127a,"CSc1ncnc(N2CCC[C@@H]2Cn2cccn2)c1CC(=O)N1CCC[C@H](C(N)=O)C1 |a:11,26|",6.189334160880994,-7.82105,7.14318,-8.42649,7.31696,7.2613449097,-8.05701,6.6696681976,-7.49293
A71EV2A-x7130a,CSc1ncnc(N2CCn3ncc(C#N)c3C2)c1CC(=O)N1CCC[C@H](C(N)=O)C1 |a:26|,6.13113891891355,-7.98463,7.17712,-8.65125,7.21306,7.286588192,-8.30441,7.0254912376,-7.99018
A71EV2A-x7132a,"CSc1ncnc(N2CCC[C@@H]2Cc2ccnn2C)c1CC(=O)N1CCC[C@H](C(N)=O)C1 |a:11,27|",7.359361237098654,-7.52441,7.19007,-8.21176,7.33617,7.2290325165,-8.59948,6.6317920685,-8.22823
A71EV2A-x7135a,"CSc1ncnc(N2CCC[C@@H]2C(C)C)c1CC(=O)N1CCC[C@H](C(N)=O)C1 |a:11,23|",7.76022176714164,-7.86278,7.17379,-8.4726,7.11146,7.1073441505,-8.27792,6.4752850533,-7.1178
A71EV2A-x7147a,"CSc1ncnc(N2CCC[C@@H]2CC(C)C)c1CC(=O)N1CCC[C@H](C(N)=O)C1 |a:11,24|",7.199879115817523,-7.55902,7.15534,-8.1964,7.13999,7.036567688,-7.77698,6.5963153839,-7.43138
A71EV2A-x7151a,CSc1ncnc(N2CCc3cnc(C(C)C)nc3C2)c1CC(=O)N1CCC[C@H](C(N)=O)C1 |a:28|,5.912659591908459,-7.57937,7.243,-8.32326,7.38217,7.4311823845,-8.79777,6.80119133,-8.07467
A71EV2A-x7154a,CSc1ncnc(N2CCC(N3CCOC3=O)CC2)c1CC(=O)N1CCC[C@H](C(N)=O)C1 |a:27|,5.923489528000301,-8.31758,7.45733,-9.08835,7.44081,7.1601967812,-7.68195,5.7640843391,-7.55178
A71EV2A-x7161a,"COC[C@@H]1CCCN1c1ncnc(SC)c1CC(=O)N1CCC[C@H](C(N)=O)C1 |a:3,23|",5.028984985837811,-7.32005,7.00427,-8.08752,7.07046,6.6949648857,-7.37378,6.1783027649,-7.02843
A71EV2A-x7167a,CSc1ccc(-c2ccnn2C(C)(C)C)cc1OC(=O)N1CCC[C@H](C(N)=O)C1 |a:24|,4.912085112444354,-7.82605,6.93879,-8.32355,6.86141,6.7794623375,-8.00534,6.2324109077,-7.70069
A71EV2A-x7167b,CSc1ccc(-c2ccnn2C(C)(C)C)cc1OC(=O)N1CCC[C@H](C(N)=O)C1 |a:24|,4.912085112444354,-8.18962,6.8304,-8.48478,6.74932,6.6566557884,-7.97407,5.740884304,-7.76236
A71EV2A-x7169a,CCC1(CC)CN(c2ncnc(SC)c2CC(=O)N2CCC[C@H](C(N)=O)C2)CCS1(=O)=O |a:22|,6.0703717346625785,-8.17674,7.36927,-8.92797,7.46438,7.2564921379,-7.90271,6.5481133461,-7.85861
A71EV2A-x7170a,CSc1ncnc(N2CCC(C#N)(CC(C)C)CC2)c1CC(=O)N1CCC[C@H](C(N)=O)C1 |a:27|,6.265062352283818,-7.79323,7.44468,-8.33414,7.43075,7.3947482109,-7.55088,6.8611035347,-7.76588
A71EV2A-x7172a,CSc1ncnc(N(C)C2CCC2)c1CC(=O)N1CCC[C@H](C(N)=O)C1 |a:21|,6.323397411601913,-7.6029,6.81718,-8.23831,6.87728,6.9877533913,-7.45551,6.1092338562,-6.74654
A71EV2A-x7175a,"COC[C@H]1CCCN1c1ncnc(SC)c1CC(=O)N1CCC[C@H](C(N)=O)C1 |a:3,23|",7.197280846039433,-7.29893,7.03063,-8.04863,7.02279,6.8255820274,-7.67445,6.554913044,-7.44258
A71EV2A-x7176a,CSc1ncnc(N(C)Cc2cc(F)c(F)c(F)c2)c1CC(=O)N1CCC[C@H](C(N)=O)C1 |a:27|,6.244997927316081,-7.7862,7.25947,-8.54376,7.29495,7.5285663605,-8.76279,6.136341095,-8.46846
A71EV2A-x7184a,"CSc1ccc(-c2ccncc2)cc1OC(=O)N1C[C@H](C(N)=O)C[C@H]2C[C@H]21 |&1:19,24,26|",6.058389757043434,-7.94046,6.82608,-8.79847,6.93281,6.8625183105,-8.42363,6.0724730492,-8.59948
A71EV2A-x7190a,"CSc1ncnc(N2CC[C@H](C(=O)N3CCC(C)CC3)C2)c1CC(=O)N1CCC[C@H](C(N)=O)C1 |a:10,29|",6.08170819903569,-8.15028,7.26438,-9.03449,7.44022,7.322198391,-8.83974,7.4213557243,-8.92301
A71EV2A-x7238a,"CO[C@@H]1CCCN(c2ncnc(SC)c2CC(=O)N2CCC[C@H](C(N)=O)C2)C1 |a:2,22|",6.170052776781682,-7.80559,7.03509,-8.46158,7.12018,6.9725308418,-7.55654,6.4357800484,-7.75023
A71EV2A-x7246a,"CSc1ncnc(N2CCC[C@H](C(F)(F)F)C2)c1CC(=O)N1CCC[C@H](C(N)=O)C1 |a:11,25|",6.211100724659235,-7.61887,7.10966,-8.24995,7.15121,6.9195461273,-7.82073,6.724627018,-7.42871
A71EV2A-x7247a,"CSc1ncnc(N2CCC[C@H]2Cc2ccnn2C)c1CC(=O)N1CCC[C@H](C(N)=O)C1 |a:11,27|",5.214011302839139,-8.05737,7.5935,-8.72424,7.57767,7.679754734,-7.84557,6.7213401794,-8.24109
A71EV2A-x7250a,"CSc1ncnc(N2CCC[C@H](C)C2)c1CC(=O)N1CCC[C@H](C(N)=O)C1 |a:11,22|",6.173854131618843,-8.08917,7.16348,-8.77963,7.20883,7.1660084724,-8.05133,6.2577185631,-7.75418
A71EV2A-x7251a,CSc1ncnc(N(C)CC(C)(C)O)c1CC(=O)N1CCC[C@H](C(N)=O)C1 |a:22|,6.134728951225614,-7.34299,6.67487,-7.96608,6.83621,7.016644001,-7.45098,6.2952370644,-7.55416
A71EV2A-x7254a,CSc1ncnc(N(C)CC2CCCC2)c1CC(=O)N1CCC[C@H](C(N)=O)C1 |a:23|,6.3046606911348375,-7.21033,6.83435,-8.15341,7.09817,7.3209342957,-7.9651,6.4609007835,-7.6981
A71EV2A-x7256a,"CSc1ccc(-c2ccncc2)cc1CC(=O)N1C[C@H](C(N)=O)C[C@H]2C[C@H]21 |&1:19,24,26|",6.743785006270056,-8.36269,7.11196,-9.15605,7.12616,7.0228366852,-8.08066,5.0557632446,-8.85093
A71EV2A-x7257a,"CSc1ncnc(N2CCC[C@H]2CC(C)C)c1CC(=O)N1CCC[C@H](C(N)=O)C1 |a:11,24|",5.823789680118151,-7.93379,7.26614,-8.55385,7.33576,7.4543433189,-8.17272,6.3626770973,-7.4208
A71EV2A-x7259a,"CSc1ncnc(N2CCC[C@@H]2C2CC2)c1CC(=O)N1CCC[C@H](C(N)=O)C1 |a:11,23|",7.937951041727581,-7.87705,7.14364,-8.61465,7.08371,7.1207795143,-8.17415,6.4239726067,-7.28563
A71EV2A-x7260a,CSc1ccc(-c2cc(C)nn2C)cc1OC(=O)N1CCC[C@H](C(N)=O)C1 |a:22|,5.436862866226505,-8.49505,6.67743,-8.88755,6.60423,6.7301864624,-8.66042,6.5322494507,-8.53941
A71EV2A-x7261a,CSc1ccc(-c2ccc(N3CCN(C)CC3)nc2)cc1OC(=O)N1CCC[C@H](C(N)=O)C1 |a:28|,6.646304383229654,-8.22285,6.99591,-8.87959,7.04337,6.5544877052,-8.35982,5.910577774,-8.26637
A71EV2A-x7263a,CSc1ncnc(N2CC(C)(c3ccccc3F)C2)c1CC(=O)N1CCC[C@H](C(N)=O)C1 |a:27|,6.439151337818832,-8.63396,7.49749,-9.2817,7.59193,7.0397486687,-7.74082,5.9148831367,-8.76573
A71EV2A-x7284a,CSc1ncnc(N2CCC3(CCCO3)CC2)c1CC(=O)N1CCC[C@H](C(N)=O)C1 |a:25|,6.466683163263606,-8.56013,7.3333,-8.96322,7.16562,6.7988219261,-8.28756,5.9459457397,-8.20612
A71EV2A-x7287a,"CSc1ccc(-c2ocnc2C)cc1OC(=O)N1C[C@H](C(N)=O)C[C@H]2C[C@H]21 |&1:19,24,26|",5.964275769895213,-8.61977,6.7633,-9.16078,6.79407,6.7672748566,-8.79359,7.0232701302,-8.14886
A71EV2A-x7297a,"CNC(=O)[C@@H]1CCN1c1ncnc(SC)c1CC(=O)N1CCC[C@H](C(N)=O)C1 |a:4,23|",5.553061207453266,-7.9683,6.85423,-8.62415,7.01827,7.134282589,-7.7732,6.6859765053,-7.81538
A71EV2A-x7301a,CSc1ccc(-c2cccnc2N)cc1OC(=O)N1CCC[C@H](C(N)=O)C1 |a:22|,6.467825319983038,-8.00339,6.65199,-8.69139,6.56145,6.670358181,-8.15543,6.9108548164,-8.72879
A71EV2A-x7301b,CSc1ccc(-c2cccnc2N)cc1OC(=O)N1CCC[C@H](C(N)=O)C1 |a:22|,6.467825319983038,-8.29911,6.42192,-8.58583,6.41631,6.6922488213,-8.50262,6.8975219727,-8.92287
A71EV2A-x7307a,CSc1ccc(C(=O)N(C)C2CCC(C)(C)CC2)cc1CC(=O)N1CCC[C@H](C(N)=O)C1 |a:27|,4.8542464945359285,-8.31129,7.46639,-8.55579,7.42175,7.4859523773,-8.5647,7.1428031921,-8.74563
A71EV2A-x7309a,"CSc1ncnc(N2CCC[C@@H]2C(=O)N(C)C)c1CC(=O)N1CCC[C@H](C(N)=O)C1 |a:11,25|",6.66771737227654,-7.87197,7.17841,-8.48889,7.16696,7.0403323174,-7.86295,5.728705883,-7.60183
A71EV2A-x7316a,"CSc1ncnc(N2CC[C@@H](OC3CC3)C2)c1CC(=O)N1CCC[C@H](C(N)=O)C1 |a:10,24|",7.159468716081884,-7.76746,7.10481,-8.70327,7.25864,6.7798085213,-7.38163,6.6407356262,-7.73181
A71EV2A-x7317a,"CSc1ncnc(N2C[C@H]3C[C@H]3C2)c1CC(=O)N1CCC[C@H](C(N)=O)C1 |&1:9,&2:11|",6.558486174447746,-7.55606,6.86425,-8.41065,6.87675,6.5991044044,-7.79261,6.7500834465,-7.43497
A71EV2A-x7317b,"CSc1ncnc(N2C[C@H]3C[C@H]3C2)c1CC(=O)N1CCC[C@H](C(N)=O)C1 |&1:9,&2:11|",6.558486174447746,-7.80295,7.00409,-8.46225,7.00175,6.5733466148,-7.66215,6.2616248131,-7.54582
A71EV2A-x7318a,CSc1ccc(C(=O)N2CC=CCC23CCC3)cc1CC(=O)N1CCC[C@H](C(N)=O)C1 |a:26|,5.727326160448949,-8.29173,7.08927,-8.72985,7.03783,6.8841252327,-8.91735,6.1841278076,-9.19373
A71EV2A-x7321a,"CC[C@@H]1CS[C@H](C(N)=O)CN1C(=O)Oc1cc(Br)ccc1SC |o1:2,5|",4.170150986564742,-7.79835,6.67756,-8.04803,6.70284,6.6780295372,-7.22555,5.0747051239,-5.96481
A71EV2A-x7323a,"CSc1ccc(-c2cn[nH]c2)cc1OC(=O)N1C[C@H](C(N)=O)C[C@H]2C[C@H]21 |&1:18,23,25|",6.775141043530828,-8.41213,6.78852,-9.05801,6.75214,6.7990908623,-8.87443,5.957678318,-7.80651
A71EV2A-x7333a,CSc1ncnc(N(C)CC(C)(F)F)c1CC(=O)N1CCC[C@H](C(N)=O)C1 |a:22|,6.994328024624508,-7.46411,6.83851,-8.1552,7.13105,6.4978804588,-7.14397,6.6293349266,-7.0449
A71EV2A-x7334a,CSc1ncnc(N2CC(O)C2)c1CC(=O)N1CCC[C@H](C(N)=O)C1 |a:20|,6.426194047786621,-7.81525,6.68341,-8.66054,6.69986,6.6904358864,-7.34725,4.7595353127,-7.87614
A71EV2A-x7334b,CSc1ncnc(N2CC(O)C2)c1CC(=O)N1CCC[C@H](C(N)=O)C1 |a:20|,6.426194047786621,-8.13162,6.73264,-8.68485,6.72624,6.7172198296,-7.96439,5.6794400215,-7.76695
A71EV2A-x7338a,CSc1ncnc(N(C)CCC(F)(F)F)c1CC(=O)N1CCC[C@H](C(N)=O)C1 |a:23|,5.748786440007784,-7.25152,6.85515,-7.66143,6.98694,7.1059889793,-7.16861,6.7530174255,-7.17904
A71EV2A-x7339a,"CSc1ncnc(N2CC[C@H]2C)c1CC(=O)N1CCC[C@H](C(N)=O)C1 |a:10,20|",6.695497686202032,-8.0302,6.80975,-8.47901,7.00312,6.8502807617,-7.80985,6.3255515099,-7.26887
A71EV2A-x7350a,"CSc1ccc(-c2ccccn2)cc1OC(=O)N1C[C@H](C(N)=O)C[C@H]2C[C@H]21 |&1:19,24,26|",6.770247859071493,-8.49199,6.92684,-8.95372,6.92615,6.7864022255,-7.96801,6.377122879,-8.70347
A71EV2A-x7350b,"CSc1ccc(-c2ccccn2)cc1OC(=O)N1C[C@H](C(N)=O)C[C@H]2C[C@H]21 |&1:19,24,26|",6.770247859071493,-8.23334,6.91712,-8.96273,7.00079,6.8777370453,-7.99223,6.2615799904,-8.58516
A71EV2A-x7353a,"COC[C@@H]1CCN1c1ncnc(SC)c1CC(=O)N1CCC[C@H](C(N)=O)C1 |a:3,22|",5.357972475219064,-7.73706,7.0275,-8.35598,7.0849,6.5598373413,-7.19605,6.510073185,-7.05418
A71EV2A-x7353b,"COC[C@@H]1CCN1c1ncnc(SC)c1CC(=O)N1CCC[C@H](C(N)=O)C1 |a:3,22|",5.357972475219064,-7.30346,7.00825,-8.01149,6.97528,6.6091179848,-7.22696,6.4818305969,-7.04779
A71EV2A-x7359a,"CSc1ccc(Br)cc1CC(=O)N1C[C@H](C(N)=O)[C@H]2C[C@H]21 |o1:14,18,20|",4.590066876668706,-7.61366,6.43153,-8.40503,6.58691,6.0786995888,-7.37882,5.4102249146,-6.34481
A71EV2A-x7368a,"CSc1ccc(C2=CCN(C)CC2)cc1OC(=O)N1C[C@H](C(N)=O)C[C@H]2C[C@H]21 |&1:20,25,27|",6.616789569053188,-8.69765,7.0803,-9.05397,6.89941,6.7792782784,-8.71109,6.2279105186,-7.67046
A71EV2A-x7369a,"CSc1ccc(C2=CCN(C)CC2)cc1CC(=O)N1C[C@H](C(N)=O)C[C@H]2C[C@H]21 |o1:20,25,27|",6.217987758487747,-8.45666,7.39152,-9.10208,7.18576,7.1350312233,-8.81673,6.3632559776,-9.08407
A71EV2A-x7369b,"CSc1ccc(C2=CCN(C)CC2)cc1CC(=O)N1C[C@H](C(N)=O)C[C@H]2C[C@H]21 |o1:20,25,27|",6.217987758487747,-8.63688,7.40007,-9.06699,7.23639,7.1136307716,-8.55233,6.4083023071,-9.0688
A71EV2A-x7372a,"CSc1ncnc(N2C[C@H]3C[C@H]3C2)c1CC(=O)N1CCC[C@H](C(N)=O)C1 |&1:9,&2:11|",6.558486174447746,-7.80829,6.85779,-8.63778,6.94957,6.712618351,-7.85799,6.72813797,-7.41528
A71EV2A-x7379a,"CSc1ccc(-c2cn[nH]c2)cc1OC(=O)N1C[C@H](C(N)=O)C[C@@H]2C[C@@H]21 |&1:18,23,25|",5.626220997937759,-7.97809,6.77712,-8.75686,6.7555,6.6445217133,-8.40881,6.0593094826,-8.43193
A71EV2A-x7389a,CSc1ncnc(N2CC(O)C2)c1CC(=O)N1CCC[C@H](C(N)=O)C1 |a:20|,6.426194047786621,-7.78968,6.61404,-8.67338,6.74133,6.7411580086,-7.4404,5.6278643608,-7.85443
A71EV2A-x7410a,"CSc1ccc(-c2cnn[nH]2)cc1OC(=O)N1C[C@H](C(N)=O)C[C@H]2C[C@H]21 |&1:18,23,25|",6.821074156272469,-8.294,6.78485,-9.06202,6.71247,6.4014015198,-7.81101,6.5870666504,-8.30546
A71EV2A-x7420a,"CSc1ncnc(N2CCCC[C@@H]2C(C)C)c1CC(=O)N1CCC[C@H](C(N)=O)C1 |a:12,24|",6.372178760973441,-7.64506,7.21061,-8.49751,7.11312,7.2014346123,-8.11819,6.5464234352,-7.77962
A71EV2A-x7424a,CSc1ncnc(N(C)C2CCOCC2)c1CC(=O)N1CCC[C@H](C(N)=O)C1 |a:23|,5.7864475040867696,-7.64724,6.95549,-8.36493,6.98609,7.03002882,-7.56315,6.2010645866,-7.2603
A71EV2A-x7427a,"CSc1ncnc(N2CC[C@H](C(=O)N(C)C)C2)c1CC(=O)N1CCC[C@H](C(N)=O)C1 |a:10,25|",5.974361680056222,-7.64334,7.10704,-8.71219,7.28458,7.2558250427,-7.96259,6.4864406586,-7.73757
A71EV2A-x7430a,"CSc1ncnc(N2CCCC[C@H]2CO)c1CC(=O)N1CCC[C@H](C(N)=O)C1 |a:12,23|",5.867264623808438,-7.65648,7.05191,-8.41897,7.14901,7.0083861351,-7.7995,6.6750483513,-7.42818
A71EV2A-x7432a,CCN(c1ncnc(SC)c1CC(=O)N1CCC[C@H](C(N)=O)C1)C(C)C |a:18|,5.941351132986486,-7.28037,6.95076,-7.41517,7.04098,6.9519886971,-7.3649,6.3162403107,-6.89457
A71EV2A-x7433a,"CSc1ncnc(N2CCC[C@@H]2Cc2ccccc2)c1CC(=O)N1CCC[C@H](C(N)=O)C1 |a:11,27|",5.138183874676179,-8.0022,7.46623,-8.72109,7.46232,6.9990115166,-8.44206,6.5265440941,-8.0194
A71EV2A-x7436a,"CSc1ncnc(N(C)[C@@H](C)c2ccccc2)c1CC(=O)N1CCC[C@H](C(N)=O)C1 |a:9,25|",6.580678113068668,-7.83584,7.059,-8.05648,6.97278,7.3098721504,-8.08395,6.2507514954,-7.68709
A71EV2A-x7436b,"CSc1ncnc(N(C)[C@@H](C)c2ccccc2)c1CC(=O)N1CCC[C@H](C(N)=O)C1 |a:9,25|",6.580678113068668,-8.00734,7.21815,-8.42439,7.31037,7.2169747353,-8.01917,6.3223743439,-7.89149
A71EV2A-x7442a,CSc1ccc(-c2ccccn2)cc1OC(=O)N1CCC[C@H](C(N)=O)C1 |a:21|,6.363385275343752,-7.88853,6.42134,-8.5729,6.42631,6.1889204979,-8.1293,6.2948250771,-8.48126
A71EV2A-x7445a,"CSc1ccc(-c2ccncc2)cc1CC(=O)N1C[C@H](C(N)=O)C[C@H]2C[C@H]21 |o1:19,24,26|",4.917388969413124,-8.45852,7.01722,-8.91476,6.98465,6.6863651276,-8.30938,6.228749752,-8.77994
A71EV2A-x7446a,"CCS(=O)(=O)N1CCN(c2ncnc(SC)c2CC(=O)N2CCC[C@H](C(N)=O)C2)[C@H](C)C1 |a:24,29|",5.887521899626527,-8.03877,7.3587,-8.33489,7.34317,7.0538935661,-8.47222,6.6226677895,-7.42828
A71EV2A-x7448a,"CSc1cccc2c1[C@@H](C(=O)N1C[C@H](C(N)=O)C[C@H]3C[C@H]31)CC2 |&1:8,13,18,20|",6.317002294422829,-9.12294,6.9404,-9.38846,6.92682,6.605363369,-8.01257,4.4431729317,-7.66193
A71EV2A-x7459a,"CSc1ccc2ncccc2c1OC(=O)N1C[C@H](C(N)=O)C[C@@H]2C[C@@H]21 |o1:17,22,24|",6.223231835566202,-8.94422,6.67024,-9.33955,6.69411,6.6253504753,-9.03031,6.3946681023,-7.04177
A71EV2A-x7461a,"CSc1ccc2ncccc2c1OC(=O)N1C[C@H](C(N)=O)C[C@@H]2C[C@@H]21 |o1:17,22,24|",6.223231835566202,-8.38627,6.60111,-8.73011,6.61958,6.6566100121,-8.39866,5.8964095116,-8.40669
A71EV2A-x7465a,"CSc1ccc2ncccc2c1OC(=O)N1C[C@H](C(N)=O)C[C@H]2C[C@H]21 |o1:17,22,24|",6.55419279444554,-8.17769,6.75356,-8.54478,6.70809,6.5485291481,-8.5369,5.7855353355,-7.9597
A71EV2A-x7465b,"CSc1ccc2ncccc2c1OC(=O)N1C[C@H](C(N)=O)C[C@H]2C[C@H]21 |o1:17,22,24|",6.55419279444554,-8.14955,6.7111,-8.59973,6.73357,6.5520100594,-8.41442,6.4523615837,-7.91952
A71EV2A-x7475a,"CSc1ncnc(N2CCC[C@H]2C2CC2)c1CC(=O)N1CCC[C@H](C(N)=O)C1 |a:11,23|",5.262032975642954,-7.85928,7.1302,-8.42408,7.19353,7.142809391,-7.87816,6.4783778191,-7.35619
A71EV2A-x7475b,"CSc1ncnc(N2CCC[C@H]2C2CC2)c1CC(=O)N1CCC[C@H](C(N)=O)C1 |a:11,23|",5.262032975642954,-8.18556,7.1598,-8.69925,7.17819,7.1268935204,-7.81788,6.5486340523,-7.39045
A71EV2A-x7491a,"CSc1ncnc(N2CCC[C@H]2C(C)C)c1CC(=O)N1CCC[C@H](C(N)=O)C1 |a:11,23|",5.331449457260316,-7.69667,7.2188,-8.37334,7.34145,6.8326873779,-7.63125,6.4190039635,-7.30001
A71EV2A-x7491b,"CSc1ncnc(N2CCC[C@H]2C(C)C)c1CC(=O)N1CCC[C@H](C(N)=O)C1 |a:11,23|",5.331449457260316,-8.31728,7.21622,-8.79074,7.39139,7.0314655304,-8.01758,6.2432060242,-7.26899
A71EV2A-x7501a,"CSc1ncnc(N2CCC[C@H]2C)c1CC(=O)N1CCC[C@H](C(N)=O)C1 |a:11,21|",5.244486511545811,-7.73785,6.94243,-8.41273,7.04353,6.7917923927,-7.71062,6.1833052635,-7.48797
A71EV2A-x7501b,"CSc1ncnc(N2CCC[C@H]2C)c1CC(=O)N1CCC[C@H](C(N)=O)C1 |a:11,21|",5.244486511545811,-8.11818,6.95839,-8.68327,7.05116,6.9002323151,-8.25296,6.4742093086,-7.49747
A71EV2A-x7510a,"CC[C@@H]1CCCN1c1ncnc(SC)c1CC(=O)N1CCC[C@H](C(N)=O)C1 |a:2,22|",5.359471394334077,-7.29182,7.06719,-8.14271,7.17341,7.0501570702,-7.34296,6.5241179466,-7.62584
A71EV2A-x7510b,"CC[C@@H]1CCCN1c1ncnc(SC)c1CC(=O)N1CCC[C@H](C(N)=O)C1 |a:2,22|",5.359471394334077,-8.06806,7.06069,-8.52814,7.14057,7.019384861,-7.77737,6.1807217598,-7.54138
A71EV2A-x7515a,"CSc1ccc2ncccc2c1OC(=O)N1C[C@H](C(N)=O)C[C@H]2C[C@H]21 |o1:17,22,24|",6.55419279444554,-8.2469,6.62229,-9.11903,6.74601,6.7374095917,-9.29197,6.4767451286,-7.59131
A71EV2A-x7533a,"CSc1ncnc(N2CCC[C@@H]2C)c1CC(=O)N1CCC[C@H](C(N)=O)C1 |a:11,21|",6.616555737163779,-7.69122,6.90435,-8.33367,7.03651,6.9626927376,-8.02439,6.3698706627,-7.34832
A71EV2A-x7533b,"CSc1ncnc(N2CCC[C@@H]2C)c1CC(=O)N1CCC[C@H](C(N)=O)C1 |a:11,21|",6.616555737163779,-8.21938,6.91238,-8.65183,7.01655,6.9334864616,-8.38848,6.5486736298,-7.33442
A71EV2A-x7545a,CSc1ncnc(N(C)C)c1CC(=O)N1CCC[C@H](C(N)=O)C1 |a:18|,6.393012805332465,-7.45489,6.52577,-8.13983,6.74635,6.0041885376,-6.69068,5.8790068626,-6.72071
A71EV2A-x7545b,CSc1ncnc(N(C)C)c1CC(=O)N1CCC[C@H](C(N)=O)C1 |a:18|,6.393012805332465,-7.99774,6.49428,-8.39011,6.78268,6.0505156517,-6.78233,6.0234322548,-6.7517
A71EV2A-x7558a,"CSc1ccc(Br)cc1OC(=O)N1C[C@H](C(N)=O)CC[C@@H]1CO |&1:14,20|",5.994964027913848,-7.72469,6.50869,-7.9152,6.46735,6.5909562111,-7.80442,4.7918739319,-6.69873
A71EV2A-x7560a,CSc1ncnc(N2CCCCCC2)c1CC(=O)N1CCC[C@H](C(N)=O)C1 |a:22|,7.1865084765696,-7.8072,7.04331,-8.48635,7.1169,7.0003662109,-8.06007,6.9229588509,-7.44609
A71EV2A-x7560b,CSc1ncnc(N2CCCCCC2)c1CC(=O)N1CCC[C@H](C(N)=O)C1 |a:22|,7.1865084765696,-8.33002,7.09605,-8.6806,7.12888,6.9778327942,-8.38858,6.8816318512,-7.59728
A71EV2A-x7570a,"CSc1ncnc(N2CCC[C@@H]2c2ccccc2)c1CC(=O)N1CCC[C@H](C(N)=O)C1 |a:11,26|",7.13169634555566,-8.27333,7.17386,-8.93704,7.18496,7.2675004005,-8.56057,6.184191227,-8.11271
A71EV2A-x7576a,"CSc1ccc(-c2cc[nH]n2)cc1CC(=O)N1C[C@H](C(N)=O)C[C@H]2C[C@H]21 |&1:18,23,25|",6.340503680200894,-8.57571,7.15195,-9.11998,7.10975,6.9068799019,-8.9256,6.3240075111,-7.5597
A71EV2A-x7576b,"CSc1ccc(-c2cc[nH]n2)cc1CC(=O)N1C[C@H](C(N)=O)C[C@H]2C[C@H]21 |&1:18,23,25|",6.340503680200894,-8.5111,7.07197,-9.0145,7.04817,6.9480271339,-8.89454,6.0830116272,-7.91234
A71EV2A-x7580a,"CSc1ncnc(N(C)C)c1CC(=O)N1C[C@H](C(N)=O)C[C@@H]2C[C@@H]21 |&1:16,21,23|",6.073633599517659,-7.9169,6.67127,-8.5104,6.91561,6.8864197731,-8.01907,4.7106633186,-6.92887
A71EV2A-x7580b,"CSc1ncnc(N(C)C)c1CC(=O)N1C[C@H](C(N)=O)C[C@@H]2C[C@@H]21 |&1:16,21,23|",6.073633599517659,-8.30556,6.70886,-8.66399,6.97218,6.8965778351,-8.22386,5.681912899,-6.91849
A71EV2A-x7589a,"COC(=O)N[C@H]1CCN(c2ncnc(SC)c2CC(=O)N2CCC[C@H](C(N)=O)C2)C1 |a:5,24|",7.272545074821092,-7.99904,7.21771,-8.82445,7.25458,6.8247337341,-7.58054,6.7257843018,-6.51302
A71EV2A-x7597a,CSc1ccc(-c2cc[nH]n2)cc1OC(=O)N1CCC[C@H](C(N)=O)C1 |a:20|,6.343392058545723,-8.03585,6.39185,-8.51839,6.41391,6.5857181549,-8.21587,6.4272480011,-8.38534
A71EV2A-x7608a,"CSc1ncnc(N(C)CC(F)(F)F)c1CC(=O)N1C[C@H](C(N)=O)C[C@H]2C[C@H]21 |&1:20,25,27|",6.794695728715816,-7.6907,6.91998,-8.36302,7.21072,7.0116152763,-8.31191,6.6407546997,-7.26945
A71EV2A-x7613a,"CC[C@H]1CS[C@H](C(N)=O)CN1C(=O)Oc1cc(Br)ccc1SC |o1:2,5|",7.112683897314732,-6.95729,6.58762,-7.30241,6.54992,6.4992146492,-6.84304,4.4988102913,-6.20157
A71EV2A-x7622a,"CSc1ncnc(N2CCCC2)c1NC(=O)N1C[C@H](C(N)=O)C[C@H]2C[C@H]21 |&1:18,23,25|",5.928304705589599,-8.41238,6.97958,-9.17446,6.97837,6.9678721428,-8.73415,5.0609583855,-7.43874
A71EV2A-x7631a,"CSc1ccccc1CC(=O)N1C[C@H](C(N)=O)C[C@H]2C[C@H]21 |o1:13,18,20|",5.676463453677816,-8.34587,6.37046,-8.70975,6.50207,6.4679150581,-8.51939,6.0633602142,-7.04895
